#{"t_start": 1764235972.96094, "env_id": "None"}
r,l,t
-84.7,1000,0.945094
-81.6,1000,1.935892
-81.5,1000,2.912519
-79.4,1000,3.953747
-81.9,1000,4.946711
-80.3,1000,5.968909
-83.4,1000,7.014259
-82.1,1000,8.029464
-81.9,1000,9.06045
-80.0,1000,10.073326
-85.6,1000,11.080576
-82.9,1000,12.069263
-81.9,1000,13.05634
-83.6,1000,14.041084
-84.1,1000,15.072968
-83.3,1000,16.115991
-83.8,1000,17.196188
-83.1,1000,18.227429
-85.1,1000,19.240076
-86.7,1000,20.227527
-6.73,503,28.006405
-0.65,95,29.626725
-41.21,811,42.821841
-4.96,356,48.564438
-8.35,605,58.140646
-13.5,1000,73.424926
-3.66,356,79.13163
-5.44,574,87.596267
-8.74,844,100.366367
-3.16,386,106.090214
1.02,8,106.214194
-22.7,1000,120.723073
-7.13,513,128.432701
-0.31,91,130.048798
-6.23,533,138.195309
-3.81,361,143.566228
0.42,18,143.824251
-3.38,238,147.206212
-1.06,146,149.212085
-2.33,263,153.098335
-8.3,610,162.079439
-4.02,262,165.760054
-3.52,322,170.311433
0.99,11,170.483594
-0.19,49,171.179374
-11.22,912,183.538649
0.89,11,183.707488
-7.66,646,193.700851
-0.04,74,194.691452
-1.97,177,197.526237
-1.16,166,199.774721
-2.08,198,202.714266
-0.92,152,205.008707
-5.68,478,212.308922
0.2,60,213.269206
-10.09,839,225.056885
-0.61,141,226.935977
-1.69,199,229.436967
-7.67,717,238.976644
-3.62,362,243.888855
-0.77,157,246.046693
-6.62,572,253.871208
-1.34,204,256.578328
-4.71,411,261.755794
-6.27,587,269.556963
-0.04,64,270.442433
-1.99,209,273.361503
-10.8,850,284.504624
-2.25,225,287.578086
-4.04,384,292.57085
-4.59,449,298.452192
0.04,36,298.908206
-2.48,258,302.101392
-6.53,643,310.51217
-3.31,251,313.885019
-1.01,151,315.836873
-2.67,237,318.932182
-1.42,172,321.21213
-3.69,409,326.223653
-5.64,494,332.606069
-3.13,273,336.031283
-3.12,152,337.993299
-5.02,472,343.911993
-1.16,106,345.30366
0.86,14,345.481758
-5.96,576,352.789411
-6.45,555,359.885098
-5.0,460,365.882578
-6.15,535,372.810514
-5.25,445,378.632871
0.88,12,378.836762
-4.93,423,384.1055
-7.93,733,393.242821
-0.09,79,394.223482
-4.68,478,400.312682
-3.78,378,405.109701
-4.71,391,410.088885
-3.47,367,414.705537
-1.45,215,417.276972
-1.27,177,419.62501
-4.24,404,424.65576
-7.24,634,432.870059
-3.35,325,437.018459
0.01,59,437.812995
-12.3,1000,450.144325
-5.71,471,456.20175
-3.38,308,460.109973
-1.75,195,462.746947
-6.33,633,470.272367
-3.48,388,475.060766
-0.32,112,476.45064
-4.32,432,481.816372
-2.87,287,485.123871
-4.46,496,491.344005
-1.13,163,493.187733
-3.48,348,497.492049
-1.84,264,500.412467
-5.76,566,507.242859
-2.04,274,510.476045
-2.37,247,513.485562
-2.98,308,516.994679
-12.1,1000,528.984458
-2.72,282,532.386225
-0.77,127,533.830714
-0.94,144,535.46704
0.7,30,535.83603
-6.01,521,541.799652
0.78,12,541.950755
-4.11,171,543.929561
-0.41,101,545.096394
-6.02,142,546.752733
-1.45,215,549.255475
-0.17,87,550.249486
0.38,52,550.855345
-2.58,278,554.222877
-2.06,196,556.720731
-3.1,190,558.921366
-0.85,155,560.702406
-2.5,260,563.879081
-1.33,163,565.716333
-0.78,168,567.556027
-1.44,94,568.550949
-13.6,1000,580.125759
-7.73,653,587.505614
-12.84,804,596.840877
-9.07,817,606.160425
-2.33,303,609.827841
-1.34,44,610.358786
-6.84,644,617.85135
-0.2,120,619.388478
-3.01,321,623.245035
-0.91,161,625.107018
0.52,38,625.576297
0.53,37,626.034603
-3.21,301,629.618757
-7.7,600,636.47273
-1.04,154,638.335758
0.07,43,638.829428
-6.23,613,646.023768
-0.84,124,647.438776
-8.89,799,656.60334
-0.63,133,658.200308
0.53,57,658.875937
-6.4,550,665.233113
0.74,16,665.44524
0.29,61,666.101044
-0.68,148,667.77195
-1.42,182,669.972236
-0.88,98,671.042889
-6.08,528,677.118528
0.46,34,677.507034
-7.01,311,681.179972
0.57,23,681.446295
-5.15,515,687.099371
0.46,24,687.377765
0.71,39,687.799779
-5.96,576,694.463615
0.18,62,695.141329
-3.75,405,699.670063
-8.73,693,707.683751
-1.37,207,710.070893
-6.64,204,712.469808
-8.66,656,720.030516
-1.74,184,722.217042
-0.21,91,723.292576
-5.24,494,729.090004
-3.91,371,733.444089
0.08,52,733.993365
0.18,42,734.475906
-1.35,205,736.673367
0.41,59,737.368842
-12.0,1000,748.91403
-1.8,200,751.259944
-1.38,208,753.571159
-3.12,292,756.992779
-1.21,171,758.869418
-3.08,298,762.169383
-2.87,257,765.23157
-0.09,79,766.216292
-1.32,52,766.761893
0.54,56,767.347873
-11.18,878,777.29722
-7.2,570,783.704163
-2.14,224,786.465012
-3.2,350,790.902435
-0.5,120,792.352202
0.14,46,793.013391
0.75,15,793.215735
-1.39,189,795.572581
-0.21,81,796.545812
-0.67,67,797.416078
-2.34,224,800.112855
-8.94,694,808.000961
-2.62,272,811.554959
-2.87,247,814.719383
-2.48,238,817.852025
-2.9,280,821.069096
-5.25,505,826.79711
0.45,45,827.280238
0.65,35,827.722906
-1.42,162,829.605234
-1.02,142,831.26124
-6.99,629,838.320305
-0.07,107,839.555799
-2.71,251,842.294393
-0.33,113,843.592277
-1.47,187,845.801012
-0.83,93,846.868791
-5.64,494,852.49333
-1.32,162,854.256439
0.29,61,854.915825
0.6,30,855.235028
-2.26,116,856.584164
-1.01,161,858.375455
0.29,31,858.717247
0.82,28,859.028612
0.58,22,859.274501
-0.6,150,861.084115
-3.18,288,864.277559
-0.26,76,865.083069
-1.63,213,867.510915
-1.9,230,870.184784
0.21,39,870.64307
-2.32,312,874.137412
-0.09,89,875.172008
0.36,74,876.01752
-0.17,107,877.157745
-5.68,458,881.988005
-1.0,150,883.578641
-1.01,161,885.420758
-1.59,209,887.79789
-0.43,103,888.915279
0.19,61,889.567214
-3.11,141,891.068421
-1.1,170,892.921758
0.26,64,893.627856
0.3,30,893.952934
-0.13,43,894.42035
0.44,46,894.942642
0.41,39,895.370155
-3.52,392,899.634812
-1.05,145,901.287374
0.7,20,901.525205
-0.77,157,903.219281
-1.03,183,905.056405
-5.15,515,910.59626
0.03,97,911.729531
-1.24,134,913.228572
-2.47,317,916.604818
-0.32,92,917.562763
-0.95,155,919.278476
-4.36,456,924.080914
-0.43,93,925.01789
-0.56,126,926.346053
0.33,77,927.18405
0.42,38,927.574043
-1.6,210,929.889506
-2.04,264,932.720717
-1.64,264,935.517363
-0.95,135,936.968836
-0.56,116,938.229732
-1.96,146,939.755908
-2.17,277,942.744394
-1.9,120,944.133722
0.23,77,944.951739
-0.29,79,945.737902
-0.2,120,947.03734
-0.76,106,948.213755
-2.22,222,950.64741
-0.28,128,952.102972
0.48,52,952.67345
-7.44,654,959.557502
-4.33,253,962.298115
-2.73,333,965.792607
-0.23,103,966.888967
-2.76,216,969.254475
-1.83,223,971.683928
0.12,58,972.315564
-0.81,41,972.738134
-2.05,185,974.552034
-0.14,64,975.22463
0.33,67,975.960715
-6.47,627,982.333705
-1.04,144,983.899358
-0.12,122,985.177638
0.22,48,985.724727
-0.1,90,986.700094
-0.23,93,987.675452
-4.49,449,992.363983
0.16,74,993.116849
0.59,31,993.488644
0.18,92,994.554029
-0.9,130,995.937694
-0.58,108,997.003967
-1.49,199,999.06185
-3.39,369,1003.034651
-6.83,603,1009.3419
-6.17,557,1015.128905
-4.68,438,1019.714875
0.65,35,1020.123911
-0.5,110,1021.292399
-0.52,132,1022.7007
-2.89,289,1025.761507
-0.06,96,1026.800702
-2.3,280,1029.818812
0.72,38,1030.216552
-0.33,103,1031.281432
-0.07,97,1032.314602
-0.78,148,1033.89495
0.11,99,1034.914353
0.02,88,1035.876231
0.58,32,1036.195194
-0.61,111,1037.354461
-2.98,268,1040.063828
0.28,72,1040.835415
0.76,34,1041.192266
0.24,56,1041.779149
-1.26,176,1043.609699
0.29,31,1043.945022
-0.82,102,1045.014791
-1.46,166,1046.671207
-4.31,481,1051.675463
-0.44,94,1052.659719
0.22,78,1053.478491
-0.91,171,1055.152709
0.03,57,1055.704821
-0.2,80,1056.500678
-0.2,80,1057.253802
0.13,77,1057.999127
-0.45,115,1059.144648
0.42,48,1059.611476
0.27,43,1060.038525
-0.1,90,1060.930977
-2.81,291,1063.988699
-0.45,95,1064.980708
0.15,95,1065.952568
0.32,48,1066.412518
-0.7,100,1067.387264
0.26,34,1067.772031
0.57,33,1068.122938
-0.16,76,1068.945801
-0.67,87,1069.784685
0.34,36,1070.129029
0.08,42,1070.551036
-0.31,71,1071.247625
-1.57,147,1072.778465
-0.87,157,1074.339139
-0.02,72,1075.088598
-0.18,88,1075.925062
-0.51,91,1076.788823
0.44,56,1077.351781
-1.87,227,1079.797709
-0.42,112,1081.071917
-0.09,49,1081.57809
-0.27,57,1082.165964
-0.7,130,1083.504501
0.09,81,1084.350248
-1.07,67,1085.012884
0.15,35,1085.371266
0.6,30,1085.679381
0.27,63,1086.325518
0.22,48,1086.81751
-0.24,104,1087.867696
0.87,23,1088.092552
0.22,48,1088.61106
-0.4,70,1089.371464
-0.14,64,1090.02347
-2.75,125,1091.293255
0.31,29,1091.584284
-3.36,66,1092.25973
0.01,59,1092.820207
0.44,36,1093.185514
-0.46,96,1094.180758
-0.55,65,1094.840268
0.41,39,1095.253496
0.52,38,1095.61346
-1.36,86,1096.428556
0.58,32,1096.765761
0.29,51,1097.300532
0.07,43,1097.705995
-0.22,62,1098.340332
0.87,23,1098.573607
0.09,41,1098.962768
-0.07,87,1099.810142
0.34,56,1100.389226
0.4,50,1100.860642
-0.77,147,1102.228064
-1.06,86,1103.016739
0.17,63,1103.693023
0.2,60,1104.317185
-0.86,96,1105.36825
-0.01,61,1105.980155
-0.47,107,1107.067617
0.07,53,1107.601795
0.22,38,1107.949209
0.55,25,1108.176214
-0.22,92,1109.027845
-0.03,73,1109.703779
0.81,19,1109.889006
-0.57,117,1110.981546
0.2,60,1111.595756
-0.43,93,1112.526591
-0.0,70,1113.173482
-0.06,96,1114.162233
0.29,61,1114.761248
0.55,55,1115.318162
0.3,40,1115.686849
0.04,56,1116.216763
-0.01,51,1116.706855
-0.55,85,1117.493521
0.51,59,1118.072201
-0.85,55,1118.564732
-0.15,75,1119.330045
0.12,58,1119.968736
0.57,43,1120.401666
-0.47,67,1121.136939
-0.73,133,1122.558733
-0.29,79,1123.376559
-0.16,66,1124.003464
0.55,35,1124.377267
-1.7,160,1125.8585
-0.84,124,1126.963361
0.28,42,1127.335739
0.49,41,1127.710069
0.34,36,1128.038006
-0.06,66,1128.658749
-0.26,86,1129.456619
0.61,29,1129.756008
-0.23,73,1130.516693
0.29,61,1131.136221
-1.17,177,1132.892757
-0.14,84,1133.626819
0.59,31,1133.907265
-0.06,76,1134.566018
-0.78,118,1135.598799
0.29,61,1136.15281
-0.27,107,1137.179751
0.1,70,1137.82875
0.46,54,1138.352848
0.18,52,1138.852413
0.6,50,1139.337754
0.26,74,1140.097905
-0.0,90,1140.953641
0.18,82,1141.756652
-1.12,62,1142.369535
-2.24,74,1143.122936
-0.37,107,1144.162475
0.61,39,1144.530157
0.45,25,1144.770254
-1.29,49,1145.213797
0.62,38,1145.547197
-0.55,115,1146.621849
-0.55,75,1147.398121
-0.56,136,1148.718353
0.38,52,1149.246057
-1.78,208,1151.350375
-0.12,52,1151.856066
0.42,28,1152.140613
-1.15,165,1153.760953
0.19,61,1154.368916
0.51,49,1154.863112
-1.37,167,1156.542818
-0.31,131,1157.841792
0.64,26,1158.09721
0.33,67,1158.721184
-1.92,232,1160.892359
-0.98,128,1162.161954
-0.18,98,1163.092577
-0.18,88,1163.937076
-0.23,93,1164.90848
0.22,58,1165.493104
-0.91,161,1166.964058
-0.12,72,1167.624906
-0.03,93,1168.556311
-1.49,169,1170.212028
-0.14,74,1170.940333
-0.57,137,1172.24588
-0.37,117,1173.366175
0.64,36,1173.720765
-0.17,107,1174.74764
0.03,37,1175.102152
0.3,70,1175.80424
-0.08,98,1176.81379
-0.95,115,1177.97513
-0.43,73,1178.701058
0.68,32,1179.000228
-0.41,131,1180.269094
-0.5,140,1181.516194
-2.86,226,1183.750768
-0.0,70,1184.414811
-1.99,239,1186.712047
-1.61,201,1188.733699
-0.38,98,1189.608953
-5.73,213,1191.736534
0.63,27,1192.003156
-0.16,66,1192.622823
0.1,60,1193.250333
-0.6,70,1193.945967
0.85,15,1194.096441
-0.61,101,1195.101713
-0.17,67,1195.767668
0.28,52,1196.262082
0.05,65,1196.888986
-0.1,60,1197.495003
-0.24,54,1198.024788
-1.57,147,1199.520995
0.02,88,1200.389548
0.32,58,1201.017261
-0.11,71,1201.747125
-2.05,215,1203.877107
-0.08,48,1204.356151
-0.39,99,1205.27301
-1.49,149,1206.647686
-0.24,104,1207.598449
-1.11,151,1209.018468
0.4,60,1209.637782
-3.04,274,1212.323148
-0.02,72,1213.061391
-0.66,136,1214.380212
-0.73,123,1215.477348
-3.62,332,1218.687079
0.54,26,1218.937285
0.72,38,1219.298525
-2.58,198,1221.153244
-1.3,160,1222.628834
-0.57,77,1223.364213
-0.54,84,1224.211985
-0.24,94,1225.176106
-2.93,293,1228.020551
-0.98,148,1229.519474
-3.28,238,1231.862615
-2.59,119,1232.962315
-0.95,125,1234.250195
0.14,56,1234.809727
-0.01,101,1235.8523
-1.41,211,1237.855595
-0.65,115,1239.020874
-7.93,703,1245.909914
0.36,74,1246.621771
-3.34,344,1249.890624
0.4,30,1250.191793
0.43,47,1250.682578
-1.6,230,1253.013649
-4.22,432,1257.266221
0.24,66,1257.936984
-1.92,172,1259.683061
-5.94,514,1265.089528
0.32,48,1265.608798
-3.06,296,1268.568753
0.35,35,1269.003047
-2.57,207,1271.205662
-6.01,431,1275.260169
-3.44,284,1277.985299
-1.98,248,1280.653323
-0.13,73,1281.434508
-5.9,620,1287.741772
-2.03,263,1290.558164
-0.76,146,1292.033483
-0.14,84,1292.937481
-1.64,194,1295.005437
-7.21,661,1301.720848
-1.39,219,1304.130406
-1.06,196,1306.131051
-4.57,477,1311.145612
-1.23,173,1312.957777
-5.91,541,1318.246923
0.4,50,1318.774838
-0.49,129,1320.181282
-3.16,366,1324.008761
-2.1,260,1326.640845
0.85,15,1326.797094
0.75,25,1327.054675
0.57,23,1327.301961
0.24,66,1328.009207
0.35,55,1328.598095
0.49,41,1329.093114
0.25,85,1329.969392
0.06,74,1330.757353
0.55,25,1331.019102
0.8,20,1331.23862
-1.18,168,1333.012212
-1.17,207,1335.225546
-4.72,452,1339.83107
-1.64,224,1342.158799
-0.04,104,1343.274638
-0.73,143,1344.755963
0.33,57,1345.346211
0.28,62,1345.996736
-6.88,638,1352.327906
-1.42,202,1354.53288
-0.18,108,1355.703573
-0.66,156,1357.398765
-2.82,312,1360.775936
0.75,25,1361.070839
0.07,83,1362.00075
-3.22,262,1364.714783
0.03,77,1365.579279
0.42,48,1366.087369
0.44,46,1366.564115
-1.08,138,1368.044802
-0.15,105,1369.200264
0.42,48,1369.698775
-0.97,197,1371.749141
0.5,30,1372.060296
0.05,95,1373.150757
-0.55,125,1374.493069
-2.1,250,1377.143593
-1.37,177,1379.07732
-2.28,278,1381.983207
-0.38,128,1383.243429
-0.46,126,1384.562233
-3.5,310,1388.253462
-1.42,222,1390.94389
0.24,66,1391.769723
0.54,46,1392.322098
-0.98,198,1394.72053
0.19,51,1395.277933
-0.2,110,1396.446475
-0.63,143,1398.194794
0.06,64,1399.0048
-0.62,162,1400.846676
0.66,24,1401.087107
0.35,25,1401.343728
0.3,70,1402.029507
0.14,76,1402.905182
0.1,80,1403.892435
-0.06,86,1404.868835
0.91,19,1405.099605
0.36,64,1405.719873
0.37,63,1406.317786
0.15,85,1407.151797
-1.18,178,1409.02334
-0.02,82,1410.001496
0.48,42,1410.467512
-0.21,71,1411.265257
-2.71,251,1413.854039
-0.95,165,1415.757578
-0.13,113,1417.032578
0.39,71,1417.847669
0.67,43,1418.344746
-0.87,177,1420.227489
0.55,45,1420.696323
0.25,85,1421.584625
-0.89,119,1422.785699
-1.06,186,1424.74729
-2.21,301,1427.685084
0.38,42,1428.097057
0.45,65,1428.757855
-0.27,107,1429.853369
-0.4,150,1431.36687
-0.86,146,1432.795455
-0.28,118,1434.050542
-2.55,335,1437.350142
-1.65,255,1440.011652
-0.53,103,1441.097141
-0.55,135,1442.560371
0.9,20,1442.786613
-0.02,82,1443.647308
-1.3,180,1445.527781
0.18,82,1446.383596
0.31,69,1447.093707
-0.09,99,1448.124703
-0.5,130,1449.559474
0.14,76,1450.436783
-0.22,92,1451.328515
0.53,57,1451.899266
0.81,19,1452.091434
0.27,83,1452.922539
0.17,53,1453.415038
-1.58,198,1455.251076
-1.39,239,1457.544164
0.03,107,1458.688699
-0.72,152,1460.241072
-1.15,145,1461.684491
0.66,24,1461.941286
0.26,74,1462.644023
0.61,39,1463.03413
0.74,26,1463.277547
0.5,50,1463.7623
-0.42,122,1464.991761
-1.12,192,1466.880167
0.58,42,1467.293499
0.51,59,1467.847156
0.85,25,1468.086222
0.46,54,1468.598093
0.38,52,1469.120596
0.54,56,1469.644049
0.09,71,1470.299379
0.53,57,1470.884473
-0.36,136,1472.289293
0.26,34,1472.639707
0.08,52,1473.174691
-0.4,100,1474.216826
0.28,42,1474.629675
0.34,46,1475.068114
0.42,38,1475.42059
0.02,88,1476.254292
0.57,33,1476.561358
0.57,43,1476.986435
0.22,28,1477.288533
0.3,40,1477.689636
-0.49,99,1478.683454
0.09,61,1479.300165
0.15,45,1479.750482
0.22,68,1480.390504
0.41,29,1480.657127
0.75,25,1480.880683
0.2,70,1481.513442
0.8,30,1481.817528
-0.28,68,1482.479085
-0.31,61,1483.059157
0.56,44,1483.46745
-0.48,108,1484.531254
0.53,37,1484.924041
0.05,95,1485.911968
-0.34,104,1486.948972
0.2,60,1487.56117
-0.04,74,1488.276321
0.16,64,1488.889186
-0.41,101,1489.830417
0.79,31,1490.137707
0.5,60,1490.684877
-0.36,106,1491.680095
0.28,42,1492.082019
-0.16,96,1493.035079
0.71,39,1493.42795
0.18,72,1494.14585
-0.2,90,1494.954486
0.66,44,1495.375643
-1.11,131,1496.591897
0.1,70,1497.243758
0.39,41,1497.665079
-1.04,144,1499.04474
0.17,53,1499.606023
0.08,62,1500.197352
0.73,37,1500.542526
0.06,64,1501.194832
-0.15,65,1501.86783
0.67,33,1502.240397
0.52,48,1502.687773
0.31,49,1503.154607
0.06,54,1503.70959
0.5,30,1503.999821
0.11,59,1504.531587
0.46,54,1505.019915
-0.2,100,1505.976634
0.06,44,1506.400267
-0.85,135,1507.656374
0.56,24,1507.898039
-0.06,86,1508.755767
0.54,46,1509.203767
0.64,26,1509.467464
0.23,57,1510.036238
0.14,66,1510.674394
0.28,52,1511.165559
-0.07,77,1511.907258
-0.22,72,1512.574372
0.71,29,1512.860399
0.0,40,1513.228022
-0.33,83,1514.051357
-0.44,94,1514.959183
-0.56,116,1516.109954
0.71,19,1516.305347
0.06,84,1517.167528
0.02,78,1517.910968
-1.0,160,1519.449455
0.06,64,1520.100983
0.83,27,1520.358789
0.64,26,1520.613554
0.61,39,1520.961449
-0.36,76,1521.625654
0.15,65,1522.201271
0.38,52,1522.724076
0.76,34,1523.050086
-0.22,82,1523.840892
0.26,44,1524.259612
-0.98,148,1525.615904
-0.73,133,1526.828251
0.05,55,1527.370777
-0.11,91,1528.273816
0.75,25,1528.523586
-0.27,127,1529.824393
0.34,56,1530.329263
0.56,44,1530.720484
0.75,35,1531.057546
0.6,30,1531.363818
0.19,61,1531.958555
0.53,37,1532.292894
0.18,62,1532.893923
0.56,44,1533.342175
0.68,42,1533.740085
0.45,45,1534.169121
-0.29,99,1535.059086
0.7,40,1535.46811
0.37,63,1536.103214
0.12,68,1536.750726
0.65,35,1537.108634
0.91,19,1537.283321
-0.09,89,1538.144737
0.62,28,1538.419849
-0.71,91,1539.223463
0.52,48,1539.704685
0.34,56,1540.246075
0.78,32,1540.571463
0.82,28,1540.842562
0.03,87,1541.680234
-0.29,119,1542.801481
0.49,51,1543.289211
0.68,32,1543.609918
-1.28,208,1545.616258
-0.56,116,1546.817126
-0.02,102,1547.824615
0.88,22,1548.04591
-1.75,175,1549.774272
-0.91,121,1550.909512
0.37,43,1551.334565
0.62,48,1551.766055
0.2,70,1552.427514
0.47,33,1552.72683
0.1,60,1553.293741
0.52,48,1553.732686
0.22,68,1554.33888
0.48,52,1554.818243
0.27,63,1555.371337
-0.24,104,1556.319681
-0.52,122,1557.514681
-0.23,93,1558.352101
0.35,65,1558.92294
0.36,54,1559.427224
0.15,65,1560.05299
0.6,40,1560.451165
0.93,17,1560.626877
0.38,42,1561.053895
0.83,27,1561.333155
0.31,59,1561.943521
-0.49,99,1562.856944
-0.07,77,1563.644203
0.28,52,1564.147611
0.03,87,1564.998342
0.3,70,1565.696643
-0.03,73,1566.417387
0.22,58,1566.975163
-0.24,84,1567.775666
-0.56,116,1568.859745
-0.02,82,1569.736513
-0.33,73,1570.468476
0.89,11,1570.600643
0.17,63,1571.23192
0.53,47,1571.678563
0.46,24,1571.922122
0.38,42,1572.388143
0.41,39,1572.727479
0.17,63,1573.326706
-0.44,84,1574.078378
0.67,33,1574.387536
0.47,43,1574.770512
-0.09,59,1575.318519
0.67,23,1575.575977
0.03,87,1576.383056
0.17,83,1577.137586
-0.16,56,1577.742209
0.71,29,1578.03692
0.28,42,1578.472403
0.36,44,1578.899801
-1.35,195,1580.834105
-0.57,107,1581.832078
-0.01,51,1582.319774
0.51,39,1582.686714
0.46,44,1583.115577
0.56,44,1583.55188
0.57,53,1584.081798
0.36,54,1584.617689
-0.0,70,1585.317737
0.88,22,1585.525465
0.26,64,1586.09975
0.65,45,1586.514545
0.19,81,1587.287998
0.37,63,1587.890331
-0.02,62,1588.501081
0.07,63,1589.105386
0.28,52,1589.569775
0.86,24,1589.792046
0.18,62,1590.359212
0.7,30,1590.640042
0.05,85,1591.420614
0.74,26,1591.655467
0.91,19,1591.850198
0.79,31,1592.135712
0.79,21,1592.341195
0.31,59,1592.909204
0.07,53,1593.410361
0.25,55,1593.943585
0.23,67,1594.606634
0.58,22,1594.836015
-0.09,109,1595.947324
0.55,35,1596.290167
-1.15,155,1597.871378
0.01,69,1598.543473
0.38,52,1599.038362
0.67,33,1599.360953
0.44,56,1599.906616
0.41,39,1600.287017
0.73,27,1600.548513
0.22,48,1600.972957
-0.2,90,1601.835087
0.4,60,1602.435542
0.03,67,1603.060054
-0.13,103,1604.008253
0.23,47,1604.443003
0.2,70,1605.065827
0.44,46,1605.486104
0.32,58,1606.008354
0.56,44,1606.423502
0.48,42,1606.835588
0.01,79,1607.559627
0.26,54,1608.090892
0.23,57,1608.617398
0.55,35,1608.916217
-0.45,105,1609.901127
0.57,33,1610.232891
0.44,46,1610.685568
0.56,24,1610.923006
0.58,42,1611.313334
0.32,58,1611.843288
0.45,55,1612.343041
0.25,55,1612.849431
0.62,38,1613.188565
-0.23,93,1614.027782
-0.22,72,1614.674528
0.82,28,1614.94925
0.22,68,1615.600493
0.48,52,1616.106068
-1.57,197,1618.006109
-0.54,114,1619.021431
-0.03,53,1619.514256
0.45,55,1620.040354
0.58,32,1620.34165
0.85,25,1620.6042
0.19,61,1621.220988
0.44,46,1621.685144
0.34,66,1622.354657
-0.1,70,1623.035442
-0.34,84,1623.880624
0.08,62,1624.487389
0.44,56,1625.051131
-0.16,56,1625.623895
0.43,47,1626.07996
0.74,36,1626.431001
0.67,33,1626.730417
-0.09,89,1627.557432
0.44,36,1627.896504
-0.08,78,1628.660625
-0.67,107,1629.663243
0.29,51,1630.199719
0.55,35,1630.558038
0.84,16,1630.725147
0.03,67,1631.396888
0.16,64,1632.042345
0.52,38,1632.420443
-0.28,78,1633.188049
-0.1,110,1634.259588
-2.15,235,1636.543086
-0.0,70,1637.174996
-0.54,94,1638.092502
0.22,58,1638.677647
0.03,67,1639.362434
0.29,71,1640.01537
-0.72,152,1641.425194
-1.74,184,1643.200481
-0.1,90,1644.022026
0.44,46,1644.481708
0.41,39,1644.876819
0.63,37,1645.238425
0.37,53,1645.739741
0.84,26,1645.967897
0.23,67,1646.572276
0.2,70,1647.245365
0.39,51,1647.741921
-0.19,89,1648.61729
0.21,79,1649.381401
-0.8,140,1650.663835
0.43,47,1651.081219
0.51,49,1651.520583
0.5,30,1651.792825
0.63,37,1652.128675
0.61,29,1652.379771
-0.19,89,1653.153713
0.17,63,1653.718566
0.85,15,1653.883992
0.37,33,1654.236191
0.58,32,1654.574239
0.18,52,1655.11764
0.82,28,1655.412827
0.81,19,1655.59692
0.71,39,1655.990587
0.17,73,1656.684973
0.75,35,1656.998496
0.03,97,1657.860594
-18.78,218,1659.948611
0.63,37,1660.322665
0.51,39,1660.708633
-40.94,444,1664.947896
0.3,60,1665.571314
0.73,37,1665.952755
0.38,62,1666.572351
0.88,22,1666.785442
0.31,59,1667.37528
-0.3,130,1668.651379
0.24,76,1669.362947
0.73,37,1669.692168
-0.34,114,1670.749684
0.82,28,1671.014805
0.31,59,1671.564232
-18.9,240,1673.874609
0.44,26,1674.105045
0.3,70,1674.727222
0.7,40,1675.107519
0.68,22,1675.329901
0.58,42,1675.767115
0.78,32,1676.060136
-0.73,163,1677.583091
0.52,48,1678.002074
0.42,48,1678.429455
0.83,27,1678.709483
0.13,77,1679.484978
0.24,86,1680.262578
0.16,64,1680.897616
0.7,30,1681.230501
-0.04,104,1682.259031
0.68,22,1682.497849
-0.07,97,1683.461088
-1.05,175,1685.099882
0.07,33,1685.418684
0.79,21,1685.626709
0.07,83,1686.439444
0.81,29,1686.740782
0.69,31,1687.067787
0.06,84,1687.926223
0.66,34,1688.257732
-0.58,148,1689.746735
-0.44,94,1690.691813
-0.17,107,1691.757666
0.51,29,1692.054758
0.36,34,1692.347993
0.76,24,1692.579041
0.28,32,1692.891703
0.05,85,1693.697408
0.64,46,1694.137987
0.11,69,1694.794997
0.72,38,1695.147211
0.5,40,1695.545378
0.48,62,1696.220825
0.8,30,1696.528577
-0.75,105,1697.649307
0.79,31,1697.971848
0.66,34,1698.31691
0.79,31,1698.613594
0.29,71,1699.316692
0.84,16,1699.461066
0.74,36,1699.794732
0.49,51,1700.270589
0.52,48,1700.705352
0.04,96,1701.566378
-0.75,145,1702.885597
0.57,33,1703.218046
0.36,54,1703.705832
0.45,55,1704.231348
0.52,48,1704.681636
0.42,58,1705.248722
-0.93,113,1706.356168
0.73,37,1706.735864
0.56,44,1707.188781
0.68,32,1707.499436
-0.92,112,1708.613747
0.62,48,1709.087774
-0.91,161,1710.711768
-0.26,106,1711.7435
-0.15,105,1712.718076
0.17,73,1713.407519
0.92,18,1713.588444
-1.51,201,1715.513726
-1.21,191,1717.322212
0.42,68,1718.015321
0.57,33,1718.35081
0.35,55,1718.891806
-1.42,182,1720.750571
0.2,80,1721.536891
0.06,94,1722.366955
0.68,42,1722.752732
0.24,86,1723.535564
0.91,19,1723.709077
0.77,33,1724.010438
-0.64,124,1725.274674
0.68,42,1725.697263
0.48,62,1726.284935
0.94,16,1726.444613
-0.84,134,1727.719835
-0.17,87,1728.591448
0.26,84,1729.408459
-0.96,146,1730.897401
-5.66,576,1736.501207
0.2,60,1737.041145
0.73,17,1737.18917
-1.76,236,1739.592263
-0.13,103,1740.584021
0.23,87,1741.41621
-1.07,207,1743.326299
0.77,23,1743.552869
-0.27,127,1744.728423
0.28,82,1745.50173
-0.53,123,1746.674022
-1.06,216,1748.819727
-0.25,115,1749.999164
0.88,22,1750.206203
-0.1,80,1750.967972
0.38,32,1751.26143
0.22,68,1751.859708
0.05,85,1752.647702
0.28,82,1753.391745
-0.21,111,1754.413064
-0.49,129,1755.615142
0.35,65,1756.276704
0.07,43,1756.691803
0.63,47,1757.187911
-1.36,116,1758.338568
-1.18,168,1759.959439
-0.22,112,1761.059509
-1.16,186,1762.911516
0.01,99,1763.908782
0.53,47,1764.397285
0.68,32,1764.722569
0.57,43,1765.158603
0.57,53,1765.712978
-0.39,119,1766.924387
0.11,99,1767.869562
0.07,93,1768.750575
0.57,53,1769.274855
-0.23,123,1770.493296
-1.06,176,1772.212154
0.41,69,1772.836679
0.21,89,1773.684822
0.51,19,1773.869839
-0.49,109,1774.878598
-0.64,154,1776.414048
0.13,97,1777.360705
0.19,71,1778.02585
-0.01,81,1778.850301
0.13,57,1779.443918
-0.97,167,1781.111351
0.27,63,1781.698817
0.68,42,1782.083512
-0.28,58,1782.616986
0.78,32,1782.920329
0.54,46,1783.383543
0.46,54,1783.938431
0.05,75,1784.702767
0.27,83,1785.517654
0.58,32,1785.836123
-0.13,93,1786.730569
0.88,22,1786.9328
0.79,21,1787.146091
0.46,54,1787.695543
-0.05,95,1788.631254
0.72,38,1789.007648
0.89,21,1789.219177
-0.24,104,1790.234207
-0.2,100,1791.260789
0.57,53,1791.790999
0.14,86,1792.665899
0.64,46,1793.135108
0.02,98,1794.071796
0.29,81,1794.790548
0.63,47,1795.2535
-0.24,114,1796.310634
-0.01,111,1797.307334
0.38,72,1797.953681
-0.0,110,1799.080211
0.22,78,1799.892355
0.44,56,1800.420171
-0.51,151,1801.841431
-0.57,117,1802.920264
0.26,74,1803.647712
-0.14,104,1804.696263
0.03,87,1805.57192
0.65,45,1806.03265
0.6,40,1806.447348
-2.28,278,1809.348628
0.44,46,1809.791879
-0.77,177,1811.415676
-0.61,121,1812.60221
0.64,46,1813.015186
-0.26,106,1813.999258
0.16,84,1814.796092
0.34,66,1815.460544
0.68,42,1815.829183
0.1,100,1816.769216
0.28,72,1817.402527
-0.08,88,1818.245826
0.7,30,1818.535137
0.91,19,1818.720664
0.69,41,1819.120129
-0.96,186,1820.920854
-0.46,146,1822.376737
-0.6,130,1823.670301
0.55,55,1824.211521
0.01,39,1824.585993
0.4,50,1825.095837
-0.38,108,1826.203305
-0.34,104,1827.177749
0.58,52,1827.713637
-1.06,136,1829.111351
0.78,32,1829.430624
0.56,54,1829.956017
0.46,64,1830.574907
0.15,75,1831.303741
-0.13,103,1832.338244
0.06,94,1833.213622
-2.86,186,1834.929192
0.48,52,1835.471259
0.59,51,1836.003339
-1.57,187,1837.743387
-0.06,106,1838.724806
0.39,71,1839.375153
-0.04,104,1840.427307
-1.6,150,1841.948873
0.84,26,1842.213776
0.25,65,1842.855712
-1.05,185,1844.617316
0.37,63,1845.223555
0.67,43,1845.65127
0.04,86,1846.449179
0.66,34,1846.75352
0.21,79,1847.495664
0.19,91,1848.355227
-3.57,357,1851.839029
0.38,62,1852.491673
-0.35,135,1853.844141
0.01,99,1854.840507
0.75,35,1855.185789
-0.08,78,1855.947214
-1.2,200,1857.774098
0.31,79,1858.481695
0.41,59,1859.027183
0.56,44,1859.440922
-0.69,169,1861.183889
0.49,41,1861.576346
-0.17,107,1862.605257
-0.25,105,1863.601462
0.72,38,1863.952125
0.09,101,1864.869355
0.37,63,1865.439065
0.56,54,1865.945995
0.45,45,1866.407111
0.41,59,1866.999833
0.73,27,1867.28326
0.56,34,1867.598975
0.35,75,1868.306439
0.34,76,1869.078819
-0.36,106,1870.220409
0.61,49,1870.7322
-93.8,1000,1880.474995
0.69,31,1880.793519
0.92,18,1880.974339
0.45,35,1881.330829
0.3,70,1882.051255
-0.36,76,1882.747686
0.52,48,1883.190323
0.2,40,1883.571756
0.1,90,1884.509732
0.49,51,1885.044771
0.49,41,1885.478476
-0.89,129,1886.814117
0.13,37,1887.165347
0.33,57,1887.700998
-0.21,81,1888.483566
0.03,87,1889.388931
0.38,52,1889.890913
0.11,29,1890.183148
-1.24,164,1891.880374
-1.19,119,1893.033759
-0.48,48,1893.524276
0.48,32,1893.851652
-0.39,49,1894.369099
-1.14,114,1895.496122
0.24,36,1895.863777
-0.19,89,1896.734105
-0.7,120,1897.958085
0.21,39,1898.361693
0.06,64,1898.971291
-0.6,90,1899.841039
-0.64,124,1901.006329
0.27,33,1901.305828
0.29,61,1901.925484
0.25,65,1902.55665
-0.07,87,1903.418645
0.61,39,1903.80491
0.18,72,1904.530184
0.57,53,1905.095921
0.66,34,1905.424747
0.55,45,1905.88426
0.59,41,1906.262656
-0.27,87,1907.084398
-0.19,49,1907.55103
0.71,39,1907.93051
-0.07,67,1908.536612
0.4,60,1909.105732
-0.14,84,1909.864637
-0.73,143,1911.19995
0.63,47,1911.649321
0.47,43,1912.055014
0.17,63,1912.692903
0.59,51,1913.183039
0.76,34,1913.492534
-0.05,95,1914.391396
-0.13,43,1914.777606
0.18,72,1915.432559
0.13,77,1916.164121
0.75,35,1916.487213
-2.08,178,1918.130631
-0.85,115,1919.178396
-1.13,123,1920.415373
-1.47,187,1922.260774
0.46,64,1922.86378
-0.55,65,1923.477996
0.29,71,1924.244843
-0.06,36,1924.610321
0.4,40,1925.006626
-0.17,57,1925.554159
-1.63,123,1926.807225
0.76,34,1927.157313
0.38,62,1927.782182
-0.05,65,1928.42888
-0.1,110,1929.504708
0.58,42,1929.913404
0.59,51,1930.449469
0.42,48,1930.961411
-1.01,181,1932.723559
-1.14,164,1934.225421
0.33,67,1934.826396
-0.0,70,1935.436172
0.46,44,1935.83402
-0.42,122,1936.962746
0.61,39,1937.315283
0.49,41,1937.704908
0.28,62,1938.277584
0.04,86,1939.029668
-0.36,116,1940.11923
0.38,32,1940.43476
0.3,80,1941.244261
0.55,45,1941.724702
-0.97,157,1943.328165
-0.04,104,1944.344273
0.43,47,1944.810932
0.53,37,1945.168838
0.61,49,1945.603785
0.42,48,1946.034015
0.66,34,1946.366798
0.57,43,1946.80725
0.21,79,1947.582764
-0.13,103,1948.636695
0.38,62,1949.291621
0.71,29,1949.594755
0.62,28,1949.88015
-0.03,103,1950.906304
-0.09,109,1951.927824
0.45,45,1952.359375
0.79,31,1952.667993
-0.03,73,1953.396331
-0.24,44,1953.836038
-1.63,183,1955.639091
0.43,27,1955.924201
0.71,29,1956.222009
-0.35,75,1956.983597
0.02,48,1957.456927
-0.06,76,1958.143117
-1.27,217,1960.282858
-0.19,99,1961.280121
0.27,23,1961.508955
0.64,36,1961.896259
0.58,42,1962.316939
0.4,30,1962.604692
-0.41,101,1963.548133
0.62,38,1963.932454
0.68,42,1964.342348
0.74,36,1964.689785
-62.46,686,1971.319535
-0.21,61,1971.9567
-1.55,85,1972.77592
-0.6,80,1973.572577
0.4,50,1974.062464
0.16,64,1974.760639
0.53,37,1975.141571
0.41,49,1975.624248
-4.94,354,1978.98398
0.45,45,1979.435144
-0.27,107,1980.52442
0.33,37,1980.898755
-1.79,179,1982.555356
0.06,94,1983.522029
0.51,39,1983.921767
-28.3,1000,1994.297006
-0.93,143,1995.742801
-1.5,130,1997.232606
-0.23,103,1998.287726
-1.1,150,1999.768974
0.86,24,2000.06503
-13.15,565,2006.168477
-9.47,167,2008.010043
0.24,66,2008.796664
-0.52,112,2010.103584
0.69,41,2010.547972
0.34,56,2011.149335
0.13,57,2011.78598
-2.34,224,2014.186076
0.62,28,2014.527086
-0.53,113,2015.776947
-0.89,109,2016.980267
0.35,45,2017.431791
0.11,79,2018.19635
-0.35,85,2019.020023
-1.69,169,2020.612227
0.69,41,2021.004632
0.52,48,2021.466059
-1.19,149,2022.9058
0.3,60,2023.529271
-1.55,115,2024.673451
0.02,78,2025.440676
-0.63,113,2026.528897
0.18,42,2026.908581
-0.32,102,2027.882213
-1.76,146,2029.23246
0.49,41,2029.611717
-0.15,45,2030.020611
-1.09,69,2030.743142
0.54,36,2031.134311
0.65,35,2031.508546
0.63,47,2031.946623
-0.7,140,2033.270862
0.71,39,2033.663098
0.47,23,2033.906676
0.9,20,2034.107561
0.56,34,2034.438678
0.65,25,2034.678796
-0.06,96,2035.607995
0.78,22,2035.836527
-4.24,314,2038.98232
0.38,52,2039.517588
-1.14,64,2040.173507
-0.74,124,2041.380968
0.76,34,2041.735785
0.62,28,2041.998245
-2.78,218,2044.021019
0.51,49,2044.468839
0.31,49,2044.931954
0.54,36,2045.324959
0.7,30,2045.6339
-0.04,84,2046.49953
-0.38,118,2047.674145
0.89,21,2047.881596
-0.33,103,2049.004318
-0.44,114,2050.207913
-0.06,96,2051.178489
-0.67,137,2052.516588
0.33,47,2052.943511
0.55,55,2053.487173
0.72,38,2053.869774
0.45,35,2054.181298
-2.84,114,2055.344358
0.85,25,2055.571416
-0.75,95,2056.495815
-0.14,94,2057.538462
-0.58,128,2058.826919
-0.61,71,2059.544701
-1.02,162,2061.243377
-10.79,619,2067.534666
0.28,72,2068.264635
-13.35,815,2076.310614
0.8,30,2076.66217
0.77,23,2076.887967
-0.39,119,2078.070971
-0.57,137,2079.446611
-13.3,1000,2089.233636
-0.36,86,2090.217289
0.05,45,2090.728588
0.51,39,2091.187715
0.17,63,2091.89302
-1.76,216,2094.02358
0.66,34,2094.341919
0.37,33,2094.645392
-0.15,85,2095.458105
0.52,48,2095.940717
0.22,68,2096.612964
0.1,70,2097.258063
0.44,56,2097.774453
0.17,73,2098.460741
-0.91,121,2099.610348
-0.25,105,2100.630058
-0.18,68,2101.312075
-0.1,100,2102.331733
-1.61,221,2104.468644
0.18,72,2105.179317
0.79,31,2105.492683
-2.98,298,2108.467955
0.16,64,2109.192531
-0.53,73,2110.068016
0.59,21,2110.302778
-0.82,162,2111.997526
-0.6,110,2113.148048
0.52,38,2113.538151
0.24,76,2114.302073
-3.28,308,2117.474278
-0.18,108,2118.569464
-2.88,248,2121.015637
-0.65,115,2122.191418
-0.25,85,2123.082913
-1.84,204,2125.268466
-1.31,141,2126.675524
0.54,46,2127.115044
0.8,30,2127.417798
-1.61,231,2129.741623
0.72,28,2130.038739
0.59,41,2130.439441
-0.12,112,2131.535879
-0.1,100,2132.496264
0.39,61,2133.175434
0.3,50,2133.707098
0.32,78,2134.543469
-0.93,193,2136.438122
0.14,66,2137.101799
0.34,46,2137.555369
-1.45,205,2139.598351
-0.91,91,2140.509546
0.54,36,2140.85649
-0.75,105,2141.969975
-2.05,185,2143.890853
0.19,41,2144.3268
-0.41,91,2145.203626
0.69,31,2145.49401
0.29,61,2146.093143
0.2,80,2146.907683
0.21,39,2147.313366
0.61,29,2147.619409
-0.9,180,2149.29662
-0.17,77,2150.107102
0.49,61,2150.692545
-2.91,251,2153.278845
0.41,49,2153.782192
0.31,59,2154.372879
-1.8,230,2156.689219
-1.21,101,2157.723571
0.17,53,2158.259323
0.36,44,2158.721154
-0.26,96,2159.761681
-1.72,212,2161.825135
0.71,29,2162.100225
0.44,36,2162.446203
0.22,68,2163.077989
0.43,37,2163.426312
-0.23,73,2164.109306
-1.75,195,2166.075686
0.21,49,2166.552234
0.55,55,2167.124776
-0.33,83,2168.002979
-0.04,94,2168.999849
0.4,40,2169.423115
-0.61,131,2170.680943
-0.0,100,2171.640095
0.55,45,2172.102638
0.4,50,2172.615795
-0.08,88,2173.485816
-2.48,168,2175.185589
-0.71,91,2176.119264
0.66,34,2176.444001
-0.09,59,2177.025772
0.02,58,2177.581321
0.29,61,2178.195855
-0.35,65,2178.780536
0.07,83,2179.616696
-1.42,92,2180.522775
-1.43,153,2182.06389
-0.06,66,2182.732218
0.77,33,2183.074526
0.76,34,2183.426301
-1.21,101,2184.477536
0.19,51,2185.028069
-0.41,101,2186.143851
-0.06,66,2186.791697
0.16,54,2187.281909
0.81,29,2187.552809
0.65,45,2187.982795
-0.72,102,2188.939749
0.49,41,2189.320683
0.03,77,2190.097383
-0.01,101,2191.116774
-0.34,94,2192.073619
0.12,68,2192.778678
0.44,36,2193.144181
-0.01,71,2193.830667
0.23,67,2194.54996
-0.93,143,2195.845201
-1.34,114,2196.88556
0.14,46,2197.297491
0.08,42,2197.682267
-0.25,75,2198.357355
-0.12,52,2198.856438
-0.47,77,2199.559974
0.7,40,2199.936009
0.66,24,2200.158167
-0.06,66,2200.771966
0.13,47,2201.202763
-0.44,64,2201.870839
0.35,35,2202.235715
-0.1,80,2203.044723
0.48,42,2203.460887
-4.1,90,2204.380454
-0.48,118,2205.548521
0.14,56,2206.101176
0.74,36,2206.434959
-0.22,102,2207.349699
0.32,38,2207.723609
-0.0,90,2208.618269
-0.13,73,2209.345964
-1.0,190,2211.223317
0.05,85,2212.086353
0.49,51,2212.638923
0.33,77,2213.41312
-2.13,233,2215.777049
0.68,42,2216.198304
-0.59,79,2216.981249
-0.94,34,2217.318533
0.66,34,2217.667812
-0.35,85,2218.539803
0.19,51,2219.096909
0.42,38,2219.497392
0.12,48,2220.000031
0.16,54,2220.578029
0.06,54,2221.137569
0.4,60,2221.753895
-0.01,61,2222.376651
-0.41,61,2223.004931
0.44,46,2223.489704
0.87,13,2223.61496
0.49,51,2224.074228
0.63,27,2224.330958
-0.17,77,2225.097497
-1.06,106,2226.177495
-1.99,119,2227.421804
0.49,41,2227.858553
0.11,49,2228.376857
0.24,66,2229.026306
-0.49,69,2229.675961
-0.39,109,2230.732228
-5.69,209,2232.787174
0.72,28,2233.091955
0.12,68,2233.770417
0.07,83,2234.613241
-0.08,98,2235.567368
0.51,49,2236.029749
-0.24,74,2236.717834
-2.19,49,2237.173386
0.47,33,2237.507628
-0.14,54,2238.002471
0.41,49,2238.502242
0.22,48,2238.979617
0.48,42,2239.388641
-0.65,115,2240.462855
0.48,32,2240.782071
0.68,32,2241.095466
0.61,39,2241.470602
0.05,75,2242.147993
-0.22,92,2242.99798
0.05,55,2243.521763
0.68,42,2243.917179
-0.22,112,2244.953292
-0.84,104,2245.904849
-0.87,117,2247.008741
0.56,44,2247.403744
0.7,40,2247.794652
0.24,66,2248.456558
0.38,42,2248.919557
-1.02,162,2250.531227
0.02,88,2251.453274
0.65,25,2251.677797
-0.31,111,2252.785497
0.65,35,2253.089803
0.56,44,2253.511988
-0.11,71,2254.21686
0.39,51,2254.727882
0.45,35,2255.088353
0.44,46,2255.569248
-0.24,74,2256.321917
0.41,39,2256.679181
0.18,42,2257.056682
0.51,49,2257.547089
0.56,44,2257.98936
0.57,53,2258.504222
0.52,28,2258.755114
0.74,26,2258.98793
0.22,48,2259.484159
0.32,58,2260.085812
0.26,54,2260.619367
0.72,38,2260.967525
0.43,37,2261.356832
0.83,17,2261.538834
0.44,36,2261.904245
0.72,38,2262.276042
0.48,42,2262.654019
0.23,47,2263.118114
-1.47,147,2264.553776
0.66,24,2264.769642
0.39,61,2265.335575
-1.29,159,2266.834018
-0.11,91,2267.731886
0.96,14,2267.871776
-0.46,76,2268.607658
0.57,43,2269.03232
0.64,46,2269.481611
-0.14,44,2269.979126
-0.01,61,2270.605674
-0.27,97,2271.592874
0.22,48,2272.06389
0.37,73,2272.788033
0.05,45,2273.23262
-2.0,280,2275.841242
0.46,64,2276.476877
-0.49,129,2277.772123
-0.46,126,2279.07273
-1.05,105,2280.140431
-0.32,112,2281.254739
-0.51,111,2282.337757
-0.05,85,2283.129719
-0.6,90,2283.976833
0.11,69,2284.588884
0.13,77,2285.329289
-0.71,121,2286.551485
0.83,17,2286.722028
-0.92,152,2288.303003
0.45,55,2288.823921
-0.42,112,2289.914881
-0.06,106,2290.929561
0.8,20,2291.128229
0.58,42,2291.56315
0.34,56,2292.12703
-0.27,117,2293.316645
0.08,42,2293.747132
0.74,26,2294.010541
0.35,45,2294.471822
0.17,53,2294.950214
0.59,51,2295.402025
0.11,69,2296.13095
0.39,41,2296.531786
0.38,42,2296.960391
0.02,48,2297.463623
-0.12,82,2298.292319
-0.01,51,2298.807919
0.03,67,2299.467453
0.57,43,2299.887271
0.58,42,2300.293251
-1.26,136,2301.619508
0.28,42,2302.007983
0.25,45,2302.41042
0.33,47,2302.867001
0.66,34,2303.206414
0.54,36,2303.570503
0.04,56,2304.144456
0.74,26,2304.410479
0.48,42,2304.844053
0.52,48,2305.330821
0.56,34,2305.676834
0.15,45,2306.127772
0.12,58,2306.766427
0.27,53,2307.308967
-0.89,79,2308.062919
-0.36,66,2308.72386
-0.39,49,2309.163388
0.09,71,2309.802344
0.38,42,2310.184238
0.07,43,2310.573611
-0.2,50,2311.029524
0.39,51,2311.47575
0.22,48,2311.914912
0.69,31,2312.210798
-0.09,79,2312.991733
-0.13,53,2313.486568
0.19,61,2314.042969
0.59,41,2314.468817
-0.27,97,2315.415464
0.04,56,2315.969131
-0.83,133,2317.252505
-0.01,81,2317.99692
0.14,76,2318.725451
0.44,46,2319.178512
0.19,51,2319.664463
-0.2,90,2320.521179
-0.67,147,2322.036552
0.46,54,2322.556153
0.07,83,2323.402971
0.11,59,2323.985923
0.08,62,2324.625751
0.6,30,2324.937587
-0.17,47,2325.413203
0.1,60,2325.994312
-0.22,82,2326.807534
0.49,41,2327.216917
-0.36,56,2327.769134
0.19,61,2328.36594
-0.4,110,2329.494563
-0.44,84,2330.34525
-0.01,71,2331.110048
-1.0,100,2332.073842
0.04,66,2332.660542
0.04,56,2333.165298
-0.08,58,2333.701447
0.45,45,2334.123411
-0.36,76,2334.811311
-1.08,128,2336.034716
0.55,45,2336.481773
-0.38,98,2337.421884
0.12,68,2338.096963
0.31,69,2338.761327
0.62,38,2339.112684
0.3,60,2339.66536
0.92,18,2339.835052
0.19,61,2340.392358
0.11,69,2341.102638
0.67,33,2341.412289
0.04,76,2342.16145
0.64,46,2342.627459
0.01,79,2343.359526
0.28,62,2343.946575
0.52,48,2344.369971
0.06,54,2344.864236
0.44,46,2345.272189
0.49,51,2345.713234
-0.48,98,2346.633167
0.57,43,2347.079858
0.7,20,2347.258078
0.4,50,2347.725769
0.32,58,2348.29629
0.74,36,2348.72206
0.6,40,2349.148726
0.01,69,2349.816554
0.38,52,2350.307288
0.47,53,2350.81744
0.45,55,2351.339823
-0.19,79,2352.042528
-0.32,82,2352.765241
-0.06,106,2353.75149
-0.04,64,2354.332855
0.5,40,2354.691097
0.4,60,2355.25165
0.59,31,2355.562975
0.67,43,2355.984684
0.49,41,2356.38571
-0.28,108,2357.474261
0.33,37,2357.85921
-0.05,55,2358.4073
0.42,38,2358.79203
0.46,34,2359.119698
-0.25,105,2360.057406
0.76,24,2360.270341
0.04,76,2360.956953
0.09,81,2361.769504
0.59,31,2362.087235
-0.14,84,2362.920684
0.21,59,2363.550408
-1.2,160,2365.072092
0.33,47,2365.544383
0.12,48,2366.044611
-0.17,87,2366.860938
0.65,25,2367.116939
0.13,77,2367.823764
0.17,73,2368.526762
-0.54,114,2369.598441
-0.32,72,2370.230139
0.24,76,2370.90152
0.18,62,2371.458964
-1.8,240,2373.710822
0.52,38,2374.107544
0.45,55,2374.695986
0.77,23,2374.910706
-2.22,212,2377.040903
0.61,39,2377.445914
0.23,37,2377.816294
0.65,35,2378.170348
0.4,60,2378.784133
-0.87,137,2380.102332
0.61,49,2380.568258
0.15,75,2381.271049
0.28,72,2381.990747
-0.07,87,2382.870415
-1.06,176,2384.676087
-0.39,99,2385.60837
-3.02,282,2388.208921
-0.76,126,2389.394553
0.87,13,2389.531016
-1.07,147,2390.993501
-0.02,72,2391.703528
-0.05,65,2392.322286
0.66,44,2392.769316
-1.19,129,2394.078019
0.46,34,2394.421149
0.91,9,2394.515254
-0.3,140,2395.892143
0.88,22,2396.114005
0.19,71,2396.803738
-2.26,286,2399.480028
0.41,39,2399.891315
0.37,43,2400.285982
0.57,33,2400.588179
0.61,29,2400.886799
0.67,33,2401.191463
0.8,30,2401.492376
0.65,35,2401.840312
0.22,48,2402.333256
-87.1,1000,2412.102467
0.61,39,2412.487508
0.13,57,2413.006176
0.7,30,2413.278855
0.92,8,2413.354391
1.0,10,2413.44629
0.92,18,2413.620628
0.44,36,2413.989279
0.46,44,2414.421126
0.35,75,2415.118134
0.73,37,2415.488915
-0.73,113,2416.533825
1.0,10,2416.629201
0.27,43,2417.022837
0.36,44,2417.436738
0.29,41,2417.845797
0.36,44,2418.287621
0.74,26,2418.557222
-1.18,188,2420.393599
0.29,41,2420.773107
0.04,56,2421.275486
-0.13,93,2422.147142
0.16,44,2422.539863
0.59,31,2422.818531
0.35,55,2423.336973
0.28,52,2423.829649
0.58,52,2424.358948
0.69,21,2424.566743
0.47,43,2425.021963
-0.76,146,2426.481474
0.67,13,2426.61556
0.88,12,2426.732155
0.38,32,2427.055582
0.98,12,2427.167899
-0.54,84,2427.94568
-0.5,70,2428.581284
-0.55,115,2429.627476
0.21,69,2430.298707
0.71,39,2430.682593
0.47,43,2431.12048
0.58,32,2431.44039
-0.86,116,2432.575399
0.27,33,2432.920865
0.66,34,2433.286005
-0.01,81,2434.138194
0.62,28,2434.429089
0.24,46,2434.9048
0.62,28,2435.201917
0.01,69,2435.910706
0.45,45,2436.321666
-0.3,120,2437.476738
-0.03,43,2437.903533
0.85,15,2438.049269
-0.67,127,2439.319717
-0.06,106,2440.373756
0.82,18,2440.550734
0.06,44,2440.994561
-0.75,165,2442.677464
0.41,29,2442.995336
0.72,38,2443.421486
0.2,30,2443.72937
0.88,22,2443.972869
-0.32,132,2445.231563
-0.91,171,2446.842572
0.66,24,2447.08929
0.86,14,2447.234894
0.68,22,2447.44279
0.13,67,2448.051934
0.87,13,2448.165337
-0.79,119,2449.218096
0.8,20,2449.399245
0.3,50,2449.909161
0.48,52,2450.456836
0.38,42,2450.913115
0.5,50,2451.41401
0.32,48,2451.875122
0.56,44,2452.295531
0.55,35,2452.617917
0.39,31,2452.941921
-0.7,140,2454.382398
-0.25,105,2455.397754
0.52,38,2455.746193
0.69,21,2455.925736
0.27,73,2456.579136
0.72,28,2456.825796
-0.85,185,2458.464107
0.52,38,2458.81121
0.21,59,2459.33074
-1.18,118,2460.412303
0.62,28,2460.66813
-0.9,160,2462.166373
-0.47,147,2463.540535
0.68,22,2463.735392
0.06,84,2464.463884
0.68,22,2464.663262
-0.71,141,2465.987899
0.22,48,2466.418189
-0.6,60,2466.995478
0.45,25,2467.248589
0.3,40,2467.649332
0.53,37,2468.012446
-2.37,307,2470.937735
-10.41,341,2474.309242
0.13,77,2475.058091
0.96,14,2475.184587
0.13,57,2475.687233
0.26,44,2476.075248
-1.4,200,2477.893121
-0.43,113,2479.011731
0.06,84,2479.804549
-0.03,103,2480.76639
-0.59,149,2482.068687
-0.56,126,2483.182635
0.2,90,2484.05919
-0.41,61,2484.66602
-0.98,178,2486.432545
-1.31,221,2488.575167
-1.02,182,2490.314959
0.86,24,2490.578406
0.44,26,2490.832964
-0.2,90,2491.668816
-1.21,211,2493.636184
0.76,14,2493.785563
0.76,24,2494.034511
0.56,34,2494.366116
0.64,16,2494.512134
0.55,35,2494.830761
0.71,29,2495.105167
0.31,59,2495.690511
-2.53,293,2498.41225
0.93,17,2498.5697
0.09,31,2498.847441
-0.15,65,2499.432796
-0.97,177,2501.133814
0.51,29,2501.422886
-0.01,31,2501.723929
0.98,12,2501.835848
-0.72,122,2503.047341
-1.99,229,2505.302137
-0.91,171,2506.997257
-0.81,171,2508.518884
-0.4,120,2509.609496
0.46,54,2510.116338
-0.94,174,2511.977683
-11.0,1000,2521.279836
0.82,18,2521.478818
-3.8,380,2525.240182
0.32,58,2525.829815
0.81,29,2526.122318
-6.58,138,2527.520633
-0.77,157,2529.065973
0.39,41,2529.524308
0.78,12,2529.640517
0.57,23,2529.89193
-0.68,138,2531.403899
-0.03,93,2532.38
0.9,10,2532.483976
-1.02,152,2533.968268
0.14,76,2534.652911
-1.73,253,2537.112462
-0.07,107,2538.224028
-0.1,110,2539.255114
-0.63,143,2540.731142
-82.7,1000,2550.571837
0.99,11,2550.6932
0.35,65,2551.287011
-0.13,63,2551.908689
-0.78,138,2553.181497
-0.43,93,2554.036482
0.28,62,2554.689225
0.59,31,2555.023176
0.2,50,2555.549705
0.73,27,2555.842326
-2.9,380,2559.819238
-0.01,101,2560.863983
-1.1,130,2562.163495
-0.8,140,2563.631971
-0.82,172,2565.410542
-1.58,238,2567.680977
0.51,39,2568.062986
-1.38,158,2569.586739
-0.85,165,2571.130136
0.81,29,2571.399744
0.7,20,2571.605724
0.17,63,2572.282638
0.35,65,2572.943149
-0.1,90,2573.86886
0.66,34,2574.221836
-1.79,269,2576.782997
-1.07,167,2578.325055
0.01,49,2578.830139
-1.05,175,2580.537807
0.99,11,2580.648685
-1.33,193,2582.704645
-0.69,139,2584.144668
0.58,22,2584.379328
-2.21,211,2586.462045
-2.79,319,2589.927563
-0.18,118,2591.277546
0.18,52,2591.869227
0.22,68,2592.626589
-1.96,206,2594.645448
-0.41,111,2596.013812
-0.06,66,2596.799637
0.56,54,2597.440021
-0.63,153,2599.096122
0.7,40,2599.498348
-1.44,214,2602.000768
-0.28,118,2603.337019
-0.19,89,2604.329931
0.54,46,2604.767997
-0.81,161,2606.501231
-0.36,126,2607.895821
-0.29,109,2609.098295
0.73,37,2609.501279
-0.47,147,2611.105527
-0.58,48,2611.542857
-2.1,260,2614.216763
0.67,13,2614.389409
0.07,43,2614.922478
-2.9,330,2618.535782
-0.34,144,2620.083826
0.03,77,2620.881811
0.5,50,2621.411959
-1.01,151,2622.89639
0.71,39,2623.30203
0.06,64,2623.981715
-0.89,149,2625.472514
-0.79,149,2627.052885
-0.06,86,2627.949209
-0.0,110,2629.037812
0.77,33,2629.374299
-2.74,334,2632.546587
0.3,60,2633.122345
0.3,60,2633.766804
-0.18,98,2634.846294
0.16,44,2635.30065
0.32,78,2636.119893
-1.77,247,2638.698684
-0.14,94,2639.676076
0.34,76,2640.380102
0.83,17,2640.53844
0.19,51,2641.035743
0.78,22,2641.23973
0.42,48,2641.670625
-73.72,892,2650.592009
0.59,41,2651.050912
-0.65,85,2651.950413
0.07,73,2652.710233
0.46,54,2653.259771
-1.45,85,2654.13362
0.7,20,2654.343813
0.92,18,2654.516055
-0.19,49,2654.977699
-0.35,135,2656.239509
0.67,43,2656.645963
0.61,39,2657.042125
0.24,66,2657.725698
0.55,35,2658.091183
-0.52,162,2659.699461
0.22,78,2660.442451
0.59,31,2660.734865
0.31,69,2661.381264
0.75,25,2661.617709
-0.23,73,2662.386279
0.23,27,2662.672936
0.53,57,2663.255095
-0.02,62,2663.877535
0.26,64,2664.489044
0.67,33,2664.793942
-4.45,455,2669.136927
0.4,30,2669.428385
0.94,16,2669.578155
-4.05,355,2673.2105
-0.22,102,2674.287151
0.25,85,2675.165456
-1.43,193,2677.066934
0.07,73,2677.785035
0.72,38,2678.19354
0.67,23,2678.449951
0.42,48,2678.932167
-0.37,77,2679.736847
0.65,25,2679.972107
0.83,27,2680.235005
-0.33,113,2681.281548
0.43,57,2681.868158
0.9,20,2682.071424
-2.98,358,2685.568486
-0.24,84,2686.486187
0.54,46,2686.972625
-1.4,240,2689.317803
0.75,25,2689.557554
0.64,46,2689.98508
0.63,27,2690.240826
-0.63,133,2691.457676
-0.54,154,2692.945515
-5.41,581,2698.59196
0.77,33,2698.920686
-0.07,67,2699.613131
-0.46,96,2700.531325
-0.05,85,2701.398007
0.07,73,2702.13819
0.83,17,2702.318161
0.82,18,2702.502517
-0.22,92,2703.470629
0.57,43,2703.91155
0.13,37,2704.276706
-0.6,150,2705.855443
0.65,35,2706.193308
0.69,21,2706.387265
0.33,67,2707.01177
0.38,62,2707.588208
0.09,61,2708.172205
0.8,20,2708.369809
-0.1,120,2709.529379
0.86,24,2709.773206
-1.06,206,2711.718275
-1.3,160,2713.329125
-0.58,158,2714.983728
0.6,30,2715.287782
-0.31,131,2716.61323
0.89,11,2716.740886
0.46,44,2717.171871
0.66,24,2717.407607
-0.6,160,2718.883514
-0.72,172,2720.623487
0.09,91,2721.574034
0.44,46,2722.047686
0.73,37,2722.393292
0.15,75,2723.19148
0.04,76,2723.920789
0.41,49,2724.385978
0.96,14,2724.528754
0.43,57,2725.093639
0.83,17,2725.250309
0.64,36,2725.603232
0.09,101,2726.548207
-2.71,291,2729.345264
0.22,78,2730.133822
-0.41,91,2731.05356
-0.39,119,2732.251003
-0.48,128,2733.555347
0.81,19,2733.753175
0.69,21,2733.967191
0.07,83,2734.772036
0.87,23,2735.002982
0.57,43,2735.451452
-0.89,179,2737.133145
-0.6,130,2738.390556
0.47,53,2738.963939
0.12,78,2739.801255
-2.02,232,2742.131034
-1.02,182,2743.862054
0.63,37,2744.235637
-0.22,102,2745.274433
0.45,65,2745.947581
-0.29,89,2746.853057
-0.24,94,2747.831686
-0.11,71,2748.599638
0.72,38,2749.017307
0.62,28,2749.295082
0.15,95,2750.262021
-0.55,165,2751.865292
-2.57,317,2755.076633
0.36,34,2755.428138
0.39,31,2755.768698
0.56,24,2756.016599
0.32,48,2756.5239
0.48,52,2757.094026
-2.47,267,2759.695156
-2.05,235,2762.008276
0.46,34,2762.367347
0.27,63,2762.995539
-0.03,93,2763.977084
-0.42,122,2765.122298
-1.23,133,2766.381171
0.74,26,2766.640832
-0.23,123,2767.864134
-1.36,96,2768.882437
-0.01,71,2769.664184
0.59,41,2770.070897
-0.23,113,2771.167429
-0.24,94,2772.108928
0.67,23,2772.319174
0.89,11,2772.427213
0.17,63,2773.066629
0.63,37,2773.42922
-1.77,237,2775.856667
0.8,20,2776.061361
-0.68,158,2777.678682
-0.28,68,2778.350406
0.04,96,2779.204592
-0.13,113,2780.268573
0.54,36,2780.636654
0.77,33,2780.930993
-0.59,129,2782.123426
0.06,104,2783.210361
0.39,41,2783.656431
0.6,20,2783.85214
-0.77,147,2785.292316
0.38,32,2785.6108
0.36,54,2786.155067
-1.63,183,2787.995256
-4.86,496,2792.791414
0.49,31,2793.098594
0.24,86,2793.899084
-1.52,202,2795.856774
-2.03,223,2798.143425
-0.26,46,2798.649951
-0.24,104,2799.734398
0.34,66,2800.352888
-1.75,195,2802.333964
0.58,32,2802.650225
0.29,41,2803.049173
-1.06,126,2804.284228
-1.95,255,2806.863741
-0.44,104,2807.897792
0.65,15,2808.057243
-3.47,417,2812.115345
0.01,59,2812.664624
-1.24,174,2814.289694
0.61,39,2814.674235
0.09,61,2815.279355
0.59,41,2815.696849
-1.4,200,2817.711653
0.35,75,2818.494791
0.6,30,2818.790344
-0.0,80,2819.542078
0.26,74,2820.26227
0.09,51,2820.799363
0.82,18,2820.976877
0.18,82,2821.799906
-0.28,108,2822.911716
0.89,21,2823.12146
0.69,31,2823.407936
-0.0,70,2824.087866
0.44,46,2824.563744
-39.5,1000,2834.840893
-0.12,72,2835.629906
0.44,56,2836.177306
-0.08,78,2836.929584
0.61,49,2837.414774
-0.46,126,2838.77215
0.36,44,2839.223246
0.17,73,2839.920315
-0.84,174,2841.709796
0.63,37,2842.098564
0.29,61,2842.756085
-0.65,135,2844.09182
-2.45,245,2846.616711
-0.03,93,2847.547658
0.43,67,2848.186203
0.68,22,2848.403875
-0.69,109,2849.49516
-0.87,167,2851.144052
-0.88,158,2852.7179
0.45,45,2853.136997
0.27,63,2853.734898
-0.13,83,2854.509846
-0.23,73,2855.163417
-0.36,106,2856.148024
-1.34,214,2858.296656
-0.22,82,2859.137165
0.2,70,2859.889263
-0.06,56,2860.45851
-2.64,254,2863.070258
-1.11,181,2864.840104
-0.28,108,2865.870103
0.6,30,2866.168242
-0.07,97,2867.179663
-2.59,329,2870.438655
0.65,35,2870.803128
-0.22,62,2871.391383
-0.39,119,2872.519807
0.88,22,2872.745536
-2.11,231,2874.931517
-0.31,121,2876.150456
0.66,24,2876.391371
-3.45,395,2880.37383
0.6,30,2880.682784
-2.16,226,2882.937285
0.22,78,2883.734901
-3.01,341,2887.343954
0.61,39,2887.71535
-0.29,119,2888.832543
0.57,23,2889.075748
-0.48,128,2890.422191
0.81,29,2890.686837
-2.66,296,2893.732354
0.55,35,2894.077113
-3.46,316,2897.31482
-2.09,179,2899.087242
-0.35,115,2900.191428
0.43,27,2900.462324
-2.92,352,2903.995942
-0.32,92,2904.956919
-1.11,171,2906.675694
-2.99,339,2910.015748
0.31,39,2910.411606
0.68,32,2910.726532
-1.6,180,2912.624878
-0.12,72,2913.398024
-0.16,106,2914.467572
0.62,38,2914.823592
-0.61,111,2915.860093
-0.68,158,2917.415383
-0.43,93,2918.37135
0.63,47,2918.862487
-81.7,1000,2929.108969
0.37,63,2929.754153
-2.8,320,2933.113778
0.8,30,2933.44722
0.7,40,2933.863786
0.11,59,2934.465481
0.01,69,2935.117707
-0.19,69,2935.892924
-0.82,142,2937.36861
0.04,86,2938.206832
0.55,45,2938.65368
0.68,42,2939.041841
-3.7,370,2942.811137
0.55,45,2943.319885
0.52,38,2943.723062
-1.65,185,2945.752391
-0.81,151,2947.355481
-1.01,181,2949.237049
-1.34,154,2950.898068
-0.48,148,2952.307867
-0.31,91,2953.191641
0.1,60,2953.825999
-1.64,204,2955.781997
-0.83,163,2957.463861
-0.95,165,2959.151849
-0.03,93,2960.104249
0.44,26,2960.368385
-0.51,121,2961.624248
-2.1,210,2963.800747
0.19,61,2964.425835
-0.18,78,2965.211024
-0.2,90,2966.05855
0.81,19,2966.240514
-0.84,174,2967.937669
-1.13,163,2969.500734
-2.2,240,2971.91452
-1.57,167,2973.534621
0.2,50,2974.032782
-1.74,184,2975.897985
0.36,54,2976.437086
0.88,12,2976.557217
-1.61,251,2979.161566
-2.25,255,2981.751867
0.05,85,2982.583544
-0.54,114,2983.793623
-0.87,177,2985.596491
0.53,37,2985.970242
0.53,57,2986.548801
-1.71,171,2988.383945
0.47,53,2988.926283
-1.16,206,2991.005667
-0.52,82,2991.832504
0.51,49,2992.328239
-0.89,189,2994.21263
0.75,25,2994.479648
-1.67,227,2996.872825
0.55,45,2997.299319
-5.78,578,3003.129776
-2.22,252,3005.778826
0.36,54,3006.34177
-0.26,86,3007.220187
0.37,73,3007.983241
-5.31,551,3013.814823
-1.57,227,3016.152459
-6.69,659,3022.657036
-0.07,87,3023.561105
-0.73,153,3025.133885
-2.74,334,3028.571319
0.53,47,3029.039123
0.44,46,3029.513986
-2.6,310,3032.695954
-1.65,205,3034.739955
0.53,27,3034.999798
0.04,96,3035.926814
-2.89,319,3039.155833
-1.43,193,3041.091468
-2.01,251,3043.491136
-0.87,157,3045.042295
-1.19,169,3046.916633
0.68,22,3047.139735
-1.66,236,3049.542967
-1.41,211,3051.766643
0.35,65,3052.436552
0.6,30,3052.758687
-34.88,628,3059.118109
-1.91,161,3060.699399
-1.73,223,3062.995145
-0.01,101,3064.066197
-0.37,117,3065.30599
-8.48,578,3071.426663
0.63,27,3071.715527
-3.12,332,3075.359497
-1.42,152,3076.952951
-0.45,115,3078.111362
0.16,74,3078.930886
-2.01,241,3081.465132
-2.5,280,3084.317208
-0.95,115,3085.516366
0.65,35,3085.896748
-0.85,165,3087.610723
0.18,62,3088.308175
-0.94,164,3089.957078
-3.98,398,3094.064713
-0.06,86,3094.998821
-1.96,246,3097.472936
-1.9,180,3099.222143
0.55,45,3099.675022
-0.7,160,3101.330777
0.58,32,3101.650657
-0.19,109,3102.79878
0.78,12,3102.92654
-0.23,103,3103.998
-92.9,1000,3114.221751
-2.5,270,3117.098562
0.71,29,3117.409174
0.27,63,3118.047496
-1.66,226,3120.443613
-3.76,336,3123.908343
0.98,12,3124.050985
-0.28,88,3124.967313
0.63,47,3125.444794
-3.91,291,3128.300976
0.1,60,3128.898769
-7.02,592,3134.889558
-3.71,381,3138.756013
0.74,26,3139.037682
0.56,24,3139.2969
0.2,80,3140.168806
-0.84,174,3141.993283
-0.04,54,3142.522056
0.53,47,3143.000498
-0.01,81,3143.850608
-4.85,225,3146.244285
-1.58,198,3148.338262
0.41,49,3148.874979
-3.99,239,3151.338878
0.79,21,3151.549281
0.07,73,3152.360702
-3.35,225,3154.667914
0.25,75,3155.423644
-0.68,128,3156.739613
-0.25,85,3157.658481
-3.64,344,3161.121704
0.15,65,3161.769192
-3.16,326,3165.210922
0.83,27,3165.498438
-0.24,94,3166.470033
-2.16,246,3168.910273
0.04,66,3169.606299
0.69,41,3170.040392
-0.25,105,3171.118347
0.41,39,3171.52982
0.07,83,3172.402052
0.55,35,3172.782584
-0.93,153,3174.491145
-1.0,150,3176.081998
-5.69,529,3181.39646
-0.32,102,3182.458847
0.18,62,3183.183068
-0.51,71,3183.975519
0.27,63,3184.650472
-5.11,521,3190.962647
-0.01,71,3191.813904
-4.11,431,3197.147799
-0.55,135,3198.758693
-2.01,201,3201.09455
0.86,14,3201.251291
-1.82,252,3203.857003
-7.27,707,3211.950574
-3.46,366,3216.331992
0.88,22,3216.552436
-0.24,94,3217.612261
-1.2,180,3219.602447
-1.07,187,3221.494801
0.41,39,3221.8801
-2.45,315,3225.118068
-1.27,127,3226.49868
-8.36,766,3234.576575
0.44,26,3234.867881
-9.6,770,3243.165914
0.53,57,3243.816391
-0.0,80,3244.779097
-2.22,322,3248.075835
-0.15,95,3249.100935
-3.12,312,3252.405775
0.19,71,3253.139136
-0.48,148,3254.635212
0.83,17,3254.811699
-0.79,179,3256.653209
0.95,15,3256.808462
0.02,58,3257.462561
-1.44,204,3259.645127
-2.44,164,3261.356819
-0.09,89,3262.302751
-0.32,92,3263.319249
-0.08,88,3264.185428
-3.04,324,3267.463735
0.63,47,3267.981432
-4.9,530,3273.599137
0.27,63,3274.276995
-2.85,285,3277.17676
-3.06,316,3280.511335
0.32,78,3281.340516
0.26,74,3282.150255
-1.89,269,3284.910509
-1.79,219,3287.242999
-5.25,495,3292.270766
-2.03,253,3294.86686
0.45,65,3295.509204
0.64,26,3295.763127
-4.62,422,3299.996752
0.55,45,3300.449725
-7.57,807,3309.185138
-2.66,266,3311.986073
-2.45,305,3315.212275
-0.3,110,3316.362081
-3.36,376,3320.237399
-2.78,348,3324.067987
-1.66,266,3326.851652
0.36,64,3327.553427
0.44,56,3328.209556
-2.24,274,3331.192302
-0.49,139,3332.742941
-0.11,61,3333.364724
-1.34,104,3334.416604
-3.53,423,3338.930506
0.42,58,3339.493045
-2.19,239,3342.004319
-2.23,253,3344.690757
0.06,84,3345.629803
-1.54,174,3347.684456
-0.02,82,3348.49534
0.7,30,3348.813622
0.22,48,3349.381676
-0.42,152,3351.092629
0.33,47,3351.616987
0.76,14,3351.759643
0.72,38,3352.13207
-0.56,116,3353.332985
-1.76,226,3355.886961
0.17,73,3356.66776
-1.41,171,3358.564844
-7.1,710,3366.055406
-0.49,79,3366.900182
-0.49,119,3368.13486
-2.37,237,3370.755633
0.03,57,3371.360212
0.37,23,3371.619002
0.61,29,3371.931526
-2.46,316,3375.231034
0.79,21,3375.468094
-1.86,176,3377.391185
-0.36,66,3378.111984
-0.14,84,3379.001213
-3.61,381,3383.159559
0.79,21,3383.400711
-3.3,380,3387.404991
-0.27,97,3388.476362
0.03,37,3388.899376
-0.03,113,3390.092328
-2.36,296,3393.106569
-0.31,131,3394.533509
0.22,28,3394.874032
-0.35,85,3395.800482
0.41,69,3396.575186
-2.21,221,3398.902958
-2.29,269,3401.675598
-1.41,201,3403.815722
-2.87,347,3407.508497
-3.96,386,3411.406408
-0.45,105,3412.537797
-1.06,166,3414.359053
0.38,32,3414.691393
-0.17,87,3415.608206
-0.15,95,3416.617359
-5.31,561,3422.404362
-0.43,143,3423.893133
0.54,36,3424.250414
0.87,23,3424.474211
0.34,36,3424.823913
-0.69,149,3426.314332
-0.82,142,3427.816254
0.86,24,3428.082636
0.8,20,3428.296388
-2.77,297,3431.449619
-0.03,83,3432.319676
0.65,25,3432.584492
-0.63,163,3434.259574
0.04,56,3434.837602
0.13,77,3435.640101
-0.59,109,3436.758392
-0.96,186,3438.732436
0.22,48,3439.21776
0.51,39,3439.605838
-0.98,168,3441.25543
-0.28,118,3442.419903
-2.21,261,3445.132603
-2.4,290,3448.247121
0.44,46,3448.798683
-1.68,228,3451.197124
-0.01,71,3452.003118
-0.43,133,3453.413269
-0.23,53,3453.918351
0.79,31,3454.248719
0.13,87,3455.158744
-0.04,84,3456.004625
-0.53,103,3457.121507
0.17,73,3457.853112
0.09,81,3458.668243
-0.09,69,3459.372935
0.21,79,3460.157665
0.78,22,3460.372817
-4.45,485,3465.237987
-0.43,123,3466.443195
0.3,50,3466.937712
0.9,20,3467.129962
-0.38,88,3468.012087
0.28,72,3468.7423
0.67,23,3468.975832
0.35,65,3469.635282
0.38,42,3470.071995
-0.21,131,3471.479787
0.79,21,3471.71188
0.87,23,3471.934553
-2.82,322,3474.974126
-3.83,413,3478.960863
-1.22,182,3480.774691
-0.12,82,3481.64073
-2.52,222,3483.872714
0.04,86,3484.68397
-2.37,117,3485.799145
-8.85,805,3494.024719
-2.39,329,3497.408189
-0.05,95,3498.450888
-0.2,110,3499.646411
-0.26,96,3500.627152
-0.15,95,3501.643501
0.78,22,3501.851424
-3.05,325,3505.196302
0.73,27,3505.471018
0.04,36,3505.837158
-5.67,577,3511.874379
-5.15,565,3517.562063
0.42,38,3517.990553
-0.02,92,3518.900007
0.6,30,3519.188566
-1.16,206,3521.266219
-2.96,316,3524.516447
-0.12,92,3525.552142
-0.75,125,3526.900031
-0.11,81,3527.720748
-3.61,411,3531.71607
-0.56,146,3533.193768
0.65,35,3533.579264
0.88,22,3533.819136
-0.59,99,3534.888799
-1.0,150,3536.398614
-0.43,133,3537.717281
0.87,23,3537.963794
-0.09,79,3538.806523
0.04,86,3539.693699
0.14,76,3540.452806
0.45,65,3541.129958
-2.17,257,3543.80825
-0.96,136,3545.143718
-0.47,117,3546.348279
0.66,44,3546.786201
-3.95,425,3551.143993
-0.26,126,3552.395141
-1.46,196,3554.28551
0.37,43,3554.698609
0.87,23,3554.916647
-1.59,199,3556.845217
-0.54,124,3558.072899
-0.59,149,3559.687166
0.04,66,3560.413094
0.87,23,3560.643178
-0.54,104,3561.622266
0.8,20,3561.820932
-1.42,232,3564.15423
0.05,85,3565.036574
-1.67,237,3567.534034
-0.32,82,3568.390435
0.09,71,3569.137937
-0.09,89,3570.046078
0.28,72,3570.77301
0.64,26,3571.055996
-0.04,94,3572.032976
-1.09,179,3573.831703
-2.27,277,3576.832544
-5.0,110,3578.01615
-0.26,126,3579.342692
-2.5,260,3582.069763
0.51,49,3582.572411
0.74,26,3582.846227
0.76,14,3583.004181
-5.23,403,3587.073741
-1.27,197,3589.086
0.7,30,3589.397746
-2.1,250,3591.855366
0.51,39,3592.27565
-3.21,301,3595.319729
-2.11,281,3598.198549
-1.16,186,3600.156362
-0.2,80,3600.950349
-0.68,158,3602.571549
-1.68,228,3604.930877
-0.5,160,3606.492267
0.43,47,3606.935424
0.39,41,3607.325994
-0.29,59,3607.918507
-2.75,305,3611.048391
-2.18,238,3613.512318
-0.96,156,3615.062843
0.62,28,3615.358084
0.8,20,3615.546298
-4.84,444,3620.097684
-1.12,102,3621.150206
-1.83,223,3623.51484
-5.59,299,3626.576407
0.8,30,3626.926766
-0.38,108,3628.070062
-3.92,292,3631.170429
0.71,39,3631.550982
-1.3,170,3633.293601
0.59,51,3633.87468
0.15,85,3634.713041
-0.36,126,3636.005042
-2.1,230,3638.234656
-3.62,392,3642.037726
0.77,33,3642.365118
0.74,36,3642.748031
-3.21,341,3646.279433
-0.04,64,3646.915045
0.41,59,3647.544433
0.58,42,3648.006138
-1.69,239,3650.501297
-0.66,136,3652.007006
0.21,59,3652.646781
-0.14,74,3653.401244
-2.08,268,3656.094742
-0.13,123,3657.305925
-0.25,85,3658.113805
0.44,56,3658.676523
-2.33,283,3661.719007
-0.99,169,3663.411123
0.74,26,3663.683841
-0.34,114,3664.973258
-0.93,143,3666.389434
-0.97,137,3667.852254
0.06,74,3668.652401
0.14,76,3669.504714
0.06,84,3670.361441
-0.55,125,3671.691489
0.14,66,3672.314541
0.34,56,3672.844308
-1.75,175,3674.60635
0.09,71,3675.282547
-0.56,136,3676.750228
0.47,53,3677.272693
0.57,33,3677.622444
0.63,47,3678.13745
-1.68,218,3680.404027
0.66,24,3680.661691
0.77,33,3680.998745
0.63,37,3681.368568
0.06,104,3682.431913
0.58,32,3682.785784
0.09,81,3683.672721
0.19,91,3684.590143
0.35,65,3685.223674
0.31,59,3685.829994
-1.21,171,3687.657002
-1.13,183,3689.597178
0.26,44,3690.040163
-3.38,308,3693.146449
0.57,33,3693.491284
0.11,79,3694.305407
-0.43,113,3695.485492
0.7,40,3695.868881
-0.5,100,3697.00455
-0.2,100,3698.072823
-0.3,140,3699.435173
-3.38,308,3702.396861
-0.39,89,3703.301677
0.75,35,3703.66772
-0.99,149,3705.133573
0.45,45,3705.586573
0.72,28,3705.90023
-0.45,115,3707.028705
-0.22,132,3708.366895
-0.03,83,3709.221237
0.64,36,3709.606599
-1.29,139,3711.010499
-2.1,240,3713.325269
0.64,26,3713.575187
0.28,72,3714.337433
0.9,20,3714.552455
-2.64,294,3717.437106
0.17,73,3718.123834
0.01,79,3718.934291
0.61,49,3719.472775
0.44,56,3720.03519
-0.52,132,3721.377179
-3.22,312,3724.466691
0.61,29,3724.743812
0.32,58,3725.311214
0.69,31,3725.60933
-0.05,75,3726.370922
0.73,37,3726.730462
-0.51,131,3728.083131
-2.41,251,3730.674917
-0.52,102,3731.68065
-1.13,193,3733.632837
-0.18,108,3734.660898
0.24,56,3735.207414
-0.72,112,3736.276378
-0.19,89,3737.178435
0.62,38,3737.553553
0.85,25,3737.812398
-0.85,155,3739.340404
0.53,47,3739.800882
0.04,76,3740.576953
0.76,14,3740.72178
-0.9,110,3741.764032
0.09,71,3742.442781
0.87,23,3742.675023
0.88,22,3742.885533
-2.55,295,3745.697947
-1.15,175,3747.399015
0.24,86,3748.255202
-0.57,107,3749.250772
0.22,48,3749.69026
0.69,31,3749.969254
-0.67,157,3751.494814
-0.14,94,3752.374382
-0.49,89,3753.267023
0.04,76,3754.049626
-0.44,124,3755.237414
0.45,35,3755.567438
-1.1,200,3757.516796
-2.31,281,3760.266159
0.65,45,3760.689538
-0.25,115,3761.929455
0.41,59,3762.575098
0.67,33,3762.913467
0.5,50,3763.415515
-0.46,116,3764.514165
-0.24,84,3765.352292
-1.08,148,3766.805311
0.51,29,3767.117587
0.26,74,3767.884185
-0.17,77,3768.663899
-0.57,127,3769.95165
-2.55,285,3772.787662
-0.32,82,3773.669193
-0.15,95,3774.642149
-0.75,85,3775.516196
0.63,37,3775.889591
-0.29,119,3777.056485
-0.1,100,3778.066561
-4.82,352,3781.627029
-0.97,147,3783.145804
0.41,59,3783.748979
-0.72,152,3785.249624
-0.32,62,3785.894455
-2.92,342,3789.750373
0.37,43,3790.173697
-0.54,124,3791.524445
-0.79,149,3793.16949
-4.24,424,3797.584343
-0.56,116,3798.812654
-0.01,71,3799.518495
0.66,24,3799.741166
-3.51,401,3803.913354
-1.53,233,3806.383451
-0.1,80,3807.232995
0.59,41,3807.656678
-0.25,75,3808.4183
0.35,45,3808.910304
0.66,34,3809.269872
0.17,83,3810.140073
-1.73,223,3812.468374
-2.42,272,3815.208756
-0.06,66,3815.915396
-2.82,282,3818.87765
-0.2,60,3819.509124
-0.72,142,3821.025753
-0.01,101,3822.087741
-0.42,112,3823.218538
-0.63,133,3824.583467
-0.82,142,3825.976093
0.21,89,3826.907537
-0.85,145,3828.454668
-1.72,122,3829.695822
0.02,98,3830.637056
0.63,47,3831.068875
0.3,60,3831.66732
0.13,77,3832.38976
-0.53,73,3833.139942
0.12,38,3833.516331
-0.88,88,3834.399252
-1.55,195,3836.327317
-0.43,103,3837.42296
-13.0,1000,3847.471979
-0.89,139,3848.901852
-0.52,102,3849.9817
0.04,86,3850.85463
-0.55,135,3852.211367
-3.98,328,3855.536629
-0.76,156,3857.11412
-1.71,261,3859.672598
-11.13,443,3864.340586
-0.14,94,3865.268666
0.17,83,3866.099646
0.24,66,3866.774033
-0.79,129,3868.015308
0.52,48,3868.465355
-0.95,115,3869.592231
-0.25,105,3870.676318
-1.39,179,3872.539762
-0.88,108,3873.686807
0.32,48,3874.17691
0.16,54,3874.716804
0.52,38,3875.074403
-1.97,217,3877.177619
-1.52,162,3878.835841
-2.22,202,3880.822722
-1.28,158,3882.377159
-0.64,94,3883.334486
0.28,72,3884.054952
-0.37,87,3884.89235
-3.93,453,3889.232964
0.57,43,3889.683617
-2.19,279,3892.409305
0.5,30,3892.697507
0.05,35,3893.029655
-0.33,123,3894.228997
0.06,84,3895.135621
-1.69,219,3897.51673
-1.85,225,3899.810332
-1.25,175,3901.684969
-3.61,351,3905.297685
-2.23,223,3907.737728
-3.02,302,3911.098408
-3.6,360,3915.119919
0.01,89,3916.006834
-2.75,325,3919.352834
-7.96,806,3928.070592
-1.68,218,3930.435691
-0.38,88,3931.382072
-0.86,126,3932.772054
0.35,55,3933.318182
0.17,93,3934.272061
0.69,31,3934.575055
-3.05,355,3938.168601
-1.22,222,3940.702477
0.68,42,3941.195355
0.31,59,3941.869117
-3.92,372,3945.55477
-0.45,105,3946.676483
0.67,43,3947.186038
0.26,84,3948.130463
-0.91,151,3949.789463
-3.71,411,3954.026998
-3.97,357,3957.871712
-0.46,46,3958.378909
0.38,52,3958.989136
-3.72,432,3963.744468
0.28,52,3964.320656
-2.99,359,3968.413532
-0.53,153,3969.982459
0.14,86,3970.919186
0.23,67,3971.656296
-0.0,90,3972.58072
-3.33,103,3973.729073
-4.35,465,3978.792669
-0.49,89,3979.807674
-1.39,179,3981.6695
-1.27,177,3983.551305
-2.24,274,3986.636027
-0.08,78,3987.526413
-2.62,252,3990.104971
-3.64,334,3993.753766
-0.6,100,3994.814872
-3.64,354,3998.497505
0.66,44,3998.936023
0.42,58,3999.506551
0.06,84,4000.478964
-1.91,181,4002.470689
-2.82,262,4005.376513
-1.01,161,4007.166491
-6.44,514,4012.751076
-0.43,133,4014.216145
-11.6,1000,4024.734538
-1.55,245,4027.40008
-1.84,224,4029.765639
-0.14,54,4030.427792
-3.61,381,4034.424658
-1.1,180,4036.381365
-1.96,276,4039.57202
-4.03,423,4044.306348
-6.61,711,4052.108181
-0.87,127,4053.43568
-11.6,1000,4064.085818
-6.85,595,4070.63307
-0.94,174,4072.522877
-1.1,210,4074.817921
-5.73,473,4080.292038
-1.68,178,4082.332325
-6.08,638,4089.717179
-5.45,495,4095.422673
-2.03,163,4097.267726
-5.58,568,4103.558597
0.26,34,4103.921613
-2.97,347,4107.80104
-0.78,138,4109.337149
0.53,57,4109.943098
-5.1,540,4115.751813
-1.95,235,4118.308145
-4.63,453,4123.184461
-0.12,32,4123.560676
-5.14,494,4129.194768
0.08,72,4130.007205
0.36,64,4130.739571
0.65,25,4131.040335
0.67,43,4131.54236
-3.71,331,4135.340765
-0.41,141,4136.809713
-7.51,681,4144.197329
-0.52,122,4145.611269
0.61,29,4145.910021
-0.63,93,4146.89536
0.97,13,4147.047926
-0.08,98,4148.070471
0.21,79,4148.958466
0.04,66,4149.712146
0.27,33,4150.105451
0.31,49,4150.708929
0.72,28,4151.048944
0.37,53,4151.679639
0.76,24,4151.950485
-5.45,565,4158.214962
-2.83,323,4161.868892
-1.12,152,4163.566958
-13.1,1000,4174.746943
-12.9,1000,4185.706434
0.26,64,4186.435265
-9.68,838,4195.859202
0.75,25,4196.137326
0.66,34,4196.543621
0.71,29,4196.852728
-1.18,138,4198.378676
-2.54,274,4201.329663
0.24,66,4202.110515
0.27,63,4202.879993
0.47,33,4203.255788
-1.11,181,4205.152147
-0.66,126,4206.44986
0.06,74,4207.241129
-0.26,106,4208.349818
-1.72,222,4210.797934
-6.25,595,4217.390842
-0.97,177,4219.392865
-2.69,289,4222.810922
-1.18,128,4224.246404
-0.08,88,4225.243735
-1.07,167,4227.188445
-5.09,479,4232.811785
-1.79,259,4235.635815
0.88,22,4235.894866
-0.58,108,4237.212063
-0.5,110,4238.443597
-0.69,159,4240.193245
-1.32,172,4242.033359
-1.31,91,4242.981464
-2.59,349,4246.86696
0.52,28,4247.201108
0.27,63,4247.902046
0.82,28,4248.192718
0.49,31,4248.498673
-0.71,151,4250.154553
-0.0,80,4251.044
-5.37,517,4256.644856
0.22,88,4257.658752
-2.57,327,4261.497039
-5.4,560,4267.588655
-3.58,388,4272.081756
0.82,28,4272.400616
-2.34,284,4275.417242
0.33,37,4275.802776
-9.81,941,4286.252723
-1.24,194,4288.468949
-1.37,177,4290.596253
-3.54,444,4295.888358
0.69,31,4296.25127
0.24,66,4297.018552
-5.0,520,4302.807935
-8.22,762,4311.368663
0.68,32,4311.741068
0.82,18,4311.965015
-11.7,1000,4323.037688
0.66,24,4323.353212
-10.1,940,4333.718665
0.83,17,4333.926288
-6.52,602,4340.614129
-3.71,461,4345.806327
-1.35,175,4347.733557
-0.98,188,4349.815255
-2.06,236,4352.546594
0.29,41,4352.998005
-2.82,332,4356.825579
0.1,70,4357.656861
0.55,25,4357.957265
-2.22,262,4361.046896
0.76,24,4361.301718
-0.93,183,4363.293018
-0.14,114,4364.595857
-2.78,258,4367.484304
-0.1,90,4368.525323
-2.79,379,4372.740148
-1.37,147,4374.392123
0.72,38,4374.827
-0.84,124,4376.238827
-9.78,888,4386.268248
-1.71,231,4389.238887
-1.29,179,4391.560294
-6.28,568,4398.416466
0.17,63,4399.264805
-0.16,66,4400.121927
-1.34,244,4402.997596
0.42,38,4403.456695
-0.9,150,4405.196684
-0.31,81,4406.122656
-1.31,161,4407.934406
-0.3,90,4408.97221
-0.47,117,4410.456681
-4.57,377,4415.103869
0.35,45,4415.58344
-8.93,683,4423.439881
0.63,37,4423.853417
0.45,25,4424.136964
-2.35,295,4427.419605
-2.8,320,4431.114284
-2.86,336,4434.67874
-0.77,137,4436.262074
0.18,62,4436.961625
0.63,37,4437.435077
-1.22,172,4439.339619
-0.15,105,4440.512756
-1.04,94,4441.509199
-0.57,117,4442.797485
-0.55,105,4443.960225
-0.5,130,4445.431633
-0.18,68,4446.206639
0.24,36,4446.634937
-3.44,374,4450.894584
-2.27,207,4453.205521
-0.82,142,4454.744294
-2.25,255,4457.602999
-2.02,212,4459.96578
0.56,44,4460.459099
-1.07,97,4461.545072
0.42,38,4461.981128
0.15,75,4462.770777
-0.47,117,4464.133617
-0.74,104,4465.259624
-0.13,83,4466.141684
-0.2,90,4467.053679
-0.4,110,4468.262194
-1.5,60,4468.928818
0.28,32,4469.274158
-2.68,238,4471.883619
-1.09,149,4473.620046
-0.14,104,4474.794831
-1.02,132,4476.220679
-0.55,125,4477.480277
-0.07,77,4478.297613
-0.13,73,4479.041198
-0.04,94,4480.036488
-0.16,106,4481.15943
-1.12,142,4482.64661
0.74,26,4482.927073
-0.52,112,4484.051426
-0.04,94,4485.06781
-1.46,196,4487.135498
0.19,51,4487.662811
-0.03,93,4488.723572
0.87,23,4488.970614
-0.27,97,4490.023369
-0.05,95,4491.062421
0.42,38,4491.478967
-1.17,167,4493.196365
-0.39,69,4493.98824
0.03,97,4494.939798
-1.05,185,4496.955167
-1.52,192,4499.083868
-1.77,207,4501.291077
-0.9,130,4502.560378
-3.2,360,4506.373914
-0.51,101,4507.501693
0.07,43,4507.994176
-9.75,805,4516.687846
-2.34,254,4519.341752
0.6,40,4519.777472
0.46,54,4520.371641
-0.0,80,4521.190559
-2.63,233,4523.583725
-4.34,384,4527.921048
-0.46,56,4528.499424
-0.48,78,4529.316881
-0.41,71,4530.077522
-6.58,678,4537.347867
-1.19,129,4538.702711
0.2,70,4539.413354
0.14,56,4539.996572
0.69,31,4540.299595
-4.75,495,4545.531704
0.26,34,4545.895674
-3.66,306,4549.03858
-5.31,541,4554.595794
-0.16,86,4555.452632
-3.35,355,4559.012724
-0.23,93,4559.984815
-2.41,271,4562.845707
0.39,51,4563.405294
-0.57,107,4564.559705
0.17,43,4565.035532
-4.38,458,4569.878338
-4.75,465,4574.699908
-1.92,222,4577.048993
0.87,23,4577.277211
-0.93,113,4578.40568
-3.1,320,4581.876278
-1.43,223,4584.159744
-4.63,443,4588.856157
0.09,81,4589.733701
-5.38,508,4595.176588
0.7,30,4595.501554
0.69,21,4595.716146
-2.09,239,4598.192167
0.4,30,4598.52287
-0.39,109,4599.646682
-1.69,239,4602.053324
-2.23,243,4604.714919
-1.65,235,4607.057484
-1.2,140,4608.579375
-1.47,127,4609.838788
-2.44,284,4612.811045
-1.44,234,4615.288067
-4.51,421,4620.012509
0.43,57,4620.594532
-0.47,87,4621.488171
0.01,69,4622.173769
-0.01,41,4622.5871
-0.11,71,4623.270006
0.52,28,4623.556355
0.34,26,4623.803614
-6.08,498,4628.804576
0.13,67,4629.530506
-1.86,256,4632.21222
0.49,31,4632.531166
-0.82,152,4634.036568
-1.63,183,4635.865841
-3.66,376,4639.554586
0.86,24,4639.802631
-1.04,174,4641.656171
-0.03,73,4642.455799
-1.09,179,4644.317704
0.28,42,4644.757766
-1.21,171,4646.532771
0.11,39,4646.916535
-0.11,91,4647.855962
0.44,26,4648.140153
-0.06,96,4649.187275
0.03,77,4649.946049
-0.75,155,4651.57301
-1.11,141,4653.029345
-1.67,177,4654.875563
-8.21,811,4663.065406
-0.24,84,4663.912805
-1.34,204,4666.069309
-4.14,414,4670.487953
0.37,43,4670.961102
-5.18,478,4676.196909
-1.36,156,4677.748134
-0.64,124,4679.095566
-1.44,174,4680.905885
0.13,67,4681.591523
0.29,41,4682.017694
-0.59,99,4683.078307
0.28,72,4683.810969
-0.33,103,4684.824039
-2.58,298,4687.735956
-4.07,337,4691.5501
-0.09,79,4692.414809
-1.62,212,4694.58041
0.51,49,4695.055248
-0.74,124,4696.270243
-7.04,654,4703.170928
0.54,26,4703.444181
-0.06,86,4704.288607
-2.13,203,4706.407852
-0.7,120,4707.660794
-3.94,374,4711.732468
-1.52,92,4712.759968
0.24,66,4713.487619
0.25,35,4713.874011
-0.28,108,4715.054493
-0.88,138,4716.481159
-2.05,265,4719.304583
-1.09,169,4721.118819
-0.8,120,4722.408258
-1.28,198,4724.497154
-5.78,578,4730.566356
-2.4,270,4733.32066
-3.19,339,4736.870136
0.17,73,4737.653111
-0.53,103,4738.768168
0.2,70,4739.466029
-0.47,107,4740.56417
-1.73,223,4743.0382
-7.5,610,4749.608293
-0.66,136,4751.130533
-3.13,283,4754.121604
0.71,19,4754.32788
-7.41,481,4759.537803
-4.49,449,4764.288235
-5.85,505,4769.590053
-5.3,520,4775.025416
-0.79,119,4776.235245
-0.61,151,4777.933201
-0.64,154,4779.693556
0.72,28,4780.001977
-0.42,122,4781.209721
-0.25,135,4782.562185
-1.01,191,4784.590721
0.51,39,4784.997569
-0.01,91,4785.943917
0.56,34,4786.313635
0.45,45,4786.788749
-0.1,100,4787.896314
-0.12,72,4788.617996
-1.99,229,4791.084132
-0.21,111,4792.255234
-4.96,496,4797.631817
-1.74,234,4800.117391
-4.37,407,4804.465633
-2.41,291,4807.338503
-2.58,328,4811.168683
-0.8,160,4812.997814
0.12,58,4813.607913
-5.61,531,4819.260449
0.17,93,4820.271218
-1.89,269,4823.104535
-1.13,133,4824.468111
-0.04,94,4825.495971
-2.46,316,4828.852643
-1.27,187,4830.909882
-1.46,226,4833.457448
-4.88,538,4839.07936
-4.79,519,4844.577714
-1.06,146,4846.178225
-1.42,152,4847.833333
-5.52,582,4853.966967
-1.04,164,4855.702709
0.66,34,4856.108417
-3.39,369,4860.229575
-1.05,105,4861.389429
-1.42,222,4863.882719
-3.19,329,4867.533082
-0.61,171,4869.534894
-0.39,139,4871.037416
-0.9,160,4872.751015
-4.77,427,4877.551555
0.52,28,4877.87012
-2.06,246,4880.626044
-5.17,437,4885.507484
-0.96,146,4887.109913
-4.83,393,4891.467899
-3.97,427,4896.026678
-0.76,166,4897.774451
-1.39,149,4899.381103
-0.36,96,4900.424361
-1.16,136,4901.861572
-0.49,129,4903.20541
-0.67,157,4904.897248
-0.51,71,4905.679484
-2.38,148,4907.299405
-3.94,234,4909.918436
0.78,22,4910.158945
-3.17,147,4911.697428
-8.77,277,4914.731947
-0.14,44,4915.225104
0.35,35,4915.605137
-7.52,682,4922.952843
-1.08,108,4924.054955
0.87,23,4924.293795
-3.44,364,4928.172729
-1.88,238,4930.943178
-1.89,119,4932.269075
-2.2,280,4935.389618
-1.06,96,4936.425587
0.53,37,4936.800134
-0.68,128,4938.162605
-11.52,632,4945.030587
-9.61,381,4949.055876
-1.48,138,4950.439884
0.73,27,4950.739553
0.48,62,4951.455712
0.41,39,4951.911858
-2.83,163,4953.802188
-5.05,545,4959.723669
0.25,55,4960.369407
-2.82,172,4962.305206
-3.87,197,4964.338021
-0.63,133,4965.742746
0.31,59,4966.353364
-12.2,1000,4977.270547
-1.56,236,4979.938011
-3.42,392,4984.039397
-0.52,52,4984.59521
-99.5,1000,4997.236252
-0.32,92,4998.30021
-20.47,647,5005.625493
-12.49,529,5012.011098
0.7,30,5012.350098
-6.27,157,5014.076632
-0.08,88,5015.150303
0.28,52,5015.73958
-1.86,186,5017.842601
-84.8,1000,5028.987112
-2.87,297,5032.181043
-4.5,120,5033.59114
-1.71,61,5034.290382
-3.16,286,5037.538315
-0.16,76,5038.409514
-1.64,234,5040.924215
-0.6,120,5042.333245
-2.46,176,5044.50004
-1.25,175,5046.380671
-1.36,196,5048.569309
-0.31,61,5049.253318
-0.19,99,5050.403518
-1.09,149,5052.042689
-0.16,66,5052.730783
0.42,58,5053.358274
0.36,54,5053.925374
-0.79,119,5055.119538
0.11,79,5055.982698
-4.63,383,5060.085418
-1.23,173,5061.928393
-1.86,196,5064.07486
0.1,70,5064.858846
0.24,56,5065.476817
-0.4,80,5066.370334
-0.88,148,5068.02723
0.32,38,5068.464639
0.61,39,5068.909433
-1.9,240,5071.592037
-0.48,138,5073.169305
-0.33,103,5074.306614
-0.01,51,5074.869672
0.08,42,5075.328998
-2.16,246,5078.025736
-2.53,253,5080.771026
0.1,70,5081.578949
-1.48,188,5083.533552
0.1,50,5084.043846
-0.12,82,5084.918497
0.32,48,5085.481331
0.21,79,5086.389033
-0.18,48,5086.930234
0.83,27,5087.214435
-2.66,216,5089.601075
-0.19,69,5090.372509
0.7,20,5090.59453
-0.1,80,5091.469629
-1.06,116,5092.74874
-0.34,74,5093.594199
-3.06,296,5096.868308
-0.73,103,5098.022761
0.19,51,5098.569621
-0.47,127,5099.963707
0.59,41,5100.402758
-1.16,176,5102.310381
0.48,32,5102.672743
-0.67,97,5103.745642
-1.78,218,5106.147266
0.29,51,5106.642763
0.36,44,5107.077004
-0.47,107,5108.231979
-0.49,139,5109.778396
0.21,39,5110.178201
-0.51,91,5111.138858
0.02,68,5111.878524
0.53,37,5112.283838
-1.6,190,5114.363557
0.17,63,5115.032809
0.29,51,5115.596734
0.18,52,5116.111515
0.15,95,5117.130303
0.6,30,5117.42305
0.06,84,5118.244761
0.75,25,5118.491343
-0.29,69,5119.169903
-2.66,216,5121.499871
0.47,43,5121.975768
-97.1,1000,5132.423481
-0.53,113,5133.580566
0.58,32,5133.918629
-0.38,68,5134.655837
-0.47,117,5135.926787
-0.09,109,5137.113739
-1.69,189,5139.197006
-1.0,170,5141.046737
0.51,29,5141.363504
-2.1,300,5144.467621
0.18,62,5145.087159
-0.81,151,5146.666145
0.78,22,5146.92591
0.39,51,5147.476591
-0.13,83,5148.380048
-1.36,196,5150.44927
-0.09,79,5151.330055
0.43,27,5151.616372
-0.56,66,5152.315396
-0.28,98,5153.314206
-1.54,174,5155.113498
-0.33,103,5156.213497
-2.16,256,5158.910387
-0.38,88,5159.794929
-0.38,78,5160.59487
0.79,21,5160.799206
0.1,90,5161.679374
-1.74,244,5164.20037
-2.65,265,5166.968613
0.25,55,5167.528869
-2.93,353,5171.087012
-0.82,142,5172.591763
-1.29,149,5174.020033
0.02,108,5175.154799
0.03,87,5176.044796
-0.66,136,5177.353725
-0.63,113,5178.498024
-1.53,173,5180.185979
-0.22,52,5180.710768
0.4,40,5181.087616
-1.78,208,5183.186667
-1.31,161,5184.782637
-0.43,93,5185.724887
-0.44,134,5187.080196
-0.92,142,5188.481698
0.09,41,5188.882844
-0.24,94,5189.823489
-0.31,121,5191.111701
0.69,31,5191.438177
-0.44,94,5192.436243
0.72,28,5192.754766
-0.33,103,5193.792377
-0.81,121,5194.935833
-1.0,150,5196.372336
0.2,60,5196.992508
-1.48,198,5198.952906
-0.85,105,5200.049816
-3.19,379,5203.841968
0.54,36,5204.22153
-1.78,178,5205.942513
-0.52,62,5206.564249
0.25,75,5207.335188
-3.57,277,5210.055739
0.35,45,5210.485357
0.03,77,5211.235903
-1.61,171,5212.872361
-0.49,129,5214.154381
0.13,57,5214.741928
-1.65,175,5216.443296
-0.14,114,5217.629547
-0.55,75,5218.36098
0.24,56,5218.906075
-0.14,64,5219.541427
-0.17,97,5220.506235
-1.29,159,5222.007975
0.55,45,5222.432099
-0.62,112,5223.584874
-0.19,69,5224.230097
-0.31,131,5225.484977
-0.29,79,5226.343745
-0.1,60,5226.965828
-1.12,182,5228.779658
0.31,49,5229.383665
-0.45,105,5230.483321
-0.24,74,5231.167486
0.09,61,5231.748422
-0.26,86,5232.578235
0.91,19,5232.777478
-0.78,98,5233.761991
0.39,51,5234.29485
-1.05,145,5235.859906
-0.35,75,5236.68304
0.62,28,5236.985901
-0.6,140,5238.452238
0.54,46,5238.911743
0.14,66,5239.600204
0.32,48,5240.079384
0.38,32,5240.408216
0.25,55,5240.969194
0.54,36,5241.345832
0.13,57,5241.932655
0.19,51,5242.497773
-0.04,54,5243.084895
-1.58,158,5244.748186
-0.01,51,5245.267437
-0.22,62,5245.926638
0.02,68,5246.587723
0.31,49,5247.051964
-1.56,156,5248.645483
-1.27,157,5250.132514
0.68,32,5250.448826
-0.56,116,5251.586277
-0.3,90,5252.531542
-0.96,96,5253.573916
-0.84,94,5254.59046
-0.71,141,5256.068953
-0.6,90,5257.00625
-0.18,48,5257.520017
-1.5,150,5259.090714
-0.25,85,5259.982097
0.6,40,5260.410857
0.33,57,5261.004517
-0.07,87,5261.886467
-0.66,86,5262.82225
0.34,46,5263.314807
0.46,34,5263.674136
0.5,60,5264.329837
-1.43,193,5266.336473
0.18,52,5266.884399
-0.07,87,5267.801986
-2.09,149,5269.34102
0.14,56,5269.923062
0.35,55,5270.537148
0.44,56,5271.139232
0.12,88,5272.071194
0.2,60,5272.725609
-1.33,103,5273.820856
-1.14,114,5274.995103
-0.24,94,5275.980047
0.07,83,5276.800701
0.5,60,5277.41236
0.39,61,5278.037804
0.32,58,5278.646569
0.35,45,5279.137243
-0.59,89,5280.116711
-0.05,85,5281.063342
0.18,72,5281.853493
-0.02,62,5282.502795
-1.45,85,5283.391424
-2.28,138,5284.832818
-1.02,112,5286.020545
-0.66,106,5287.135574
0.4,50,5287.663016
-0.11,61,5288.321116
0.09,81,5289.175734
0.48,52,5289.834958
-0.56,66,5290.557748
-0.07,107,5291.655357
0.31,59,5292.220302
-0.1,110,5293.292222
-0.3,90,5294.222335
0.31,69,5294.94095
0.33,67,5295.627371
0.3,50,5296.130799
-0.61,81,5296.945325
-0.54,94,5297.963251
0.01,69,5298.692389
0.14,56,5299.265815
0.93,17,5299.430089
0.44,56,5299.97436
-0.35,105,5300.982378
-0.66,86,5301.884033
0.21,29,5302.16636
0.49,41,5302.535062
-1.19,139,5303.826621
0.29,61,5304.407026
-0.07,67,5305.048191
0.29,41,5305.453768
-0.08,58,5306.005118
0.64,36,5306.353412
-0.24,54,5306.928538
0.09,51,5307.434747
-0.66,106,5308.533441
-1.37,137,5309.858683
0.35,55,5310.406575
0.21,59,5310.990695
0.11,99,5311.953701
-0.56,96,5312.925751
-0.16,76,5313.687111
0.38,32,5314.010968
0.56,44,5314.45373
0.21,59,5315.056577
-0.46,66,5315.731654
-1.73,123,5316.945649
0.57,33,5317.295815
-0.95,105,5318.38272
-0.25,75,5319.137656
-0.0,50,5319.654119
0.34,36,5320.03449
0.44,46,5320.468741
-0.85,95,5321.358085
-0.12,72,5322.030977
0.45,45,5322.496594
0.92,18,5322.673979
0.42,28,5322.95955
0.22,58,5323.563981
-1.58,118,5324.790232
-0.27,67,5325.483639
-0.24,64,5326.149351
-0.12,62,5326.768888
0.24,66,5327.436091
-0.34,74,5328.199123
-0.13,53,5328.681597
0.64,36,5329.010556
0.29,51,5329.494752
0.01,69,5330.182823
-0.3,70,5330.86046
0.45,45,5331.279817
-0.07,57,5331.855564
0.27,43,5332.284323
0.13,57,5332.848311
0.09,51,5333.343437
-0.33,63,5333.945343
0.22,78,5334.695079
0.04,46,5335.13727
-0.06,56,5335.711289
0.36,34,5336.065883
-0.14,54,5336.570815
0.21,59,5337.165486
-1.37,97,5338.142714
-0.96,96,5339.035381
-0.25,95,5340.007352
-0.01,61,5340.605085
0.27,63,5341.214823
-0.43,83,5342.080713
0.2,50,5342.590582
-0.52,72,5343.284237
-0.25,65,5343.895323
-2.12,62,5344.488801
0.9,20,5344.679822
-0.13,73,5345.371063
0.45,45,5345.819625
-0.18,58,5346.354502
-91.8,1000,5356.48613
-0.45,85,5357.315045
-93.7,1000,5367.718386
-0.46,96,5368.732836
-0.63,83,5369.609834
-98.2,1000,5379.360155
0.76,24,5379.606316
-78.4,1000,5389.402758
-0.56,66,5390.155993
-1.21,101,5391.184164
-0.16,86,5392.052498
-0.08,68,5392.702302
0.52,48,5393.160078
-94.5,1000,5403.077985
0.39,61,5403.711004
-85.4,1000,5414.178321
-96.1,1000,5424.681853
-93.4,1000,5435.04777
-94.5,1000,5445.316302
0.75,25,5445.604867
-95.9,1000,5456.037717
-86.7,1000,5466.779618
-94.7,1000,5477.795679
0.29,61,5478.481717
-0.63,93,5479.500693
-0.25,85,5480.442535
0.04,56,5481.099178
-1.03,93,5482.148722
-0.46,86,5483.056973
0.29,61,5483.748773
0.27,43,5484.219429
0.09,61,5484.894339
-0.55,65,5485.579777
-93.8,1000,5496.57264
0.36,64,5497.279618
-0.68,78,5498.12148
-0.45,65,5498.879888
-0.57,77,5499.676737
0.27,63,5500.310035
-0.77,87,5501.288052
0.06,74,5502.101089
0.03,47,5502.65381
-0.55,95,5503.731867
-0.83,73,5504.527882
0.18,42,5504.98155
0.18,52,5505.561072
0.11,49,5506.111045
0.48,32,5506.473568
0.16,44,5506.987408
0.4,70,5507.745148
-0.14,74,5508.491183
0.54,46,5508.96481
-0.03,63,5509.65497
0.34,56,5510.231875
0.17,53,5510.773398
0.59,41,5511.225089
-0.16,76,5512.055028
0.35,45,5512.570166
0.51,39,5512.95525
-0.08,58,5513.540251
0.46,44,5513.990612
0.3,50,5514.512776
-2.59,99,5515.539126
-0.34,74,5516.267844
0.47,43,5516.695564
0.18,52,5517.297164
0.29,51,5517.870932
-0.53,83,5518.795289
-91.2,1000,5529.589729
0.16,54,5530.155788
-0.26,76,5530.921883
-0.92,102,5531.93189
0.01,49,5532.418038
0.6,40,5532.82032
-0.5,70,5533.523517
0.47,63,5534.146159
-0.59,69,5534.853137
-0.56,76,5535.64933
0.26,54,5536.2336
-0.17,77,5537.130969
-0.3,80,5538.059888
0.01,59,5538.718597
0.15,55,5539.336095
-0.33,73,5540.205835
0.1,50,5540.771896
-0.14,64,5541.533326
0.55,45,5542.004393
0.12,58,5542.58813
0.58,52,5543.116277
0.3,60,5543.802924
0.21,59,5544.484968
-0.73,83,5545.409198
0.37,63,5546.132026
-0.46,86,5547.048323
0.24,56,5547.660363
-0.18,78,5548.542957
0.06,64,5549.203928
-0.32,52,5549.786693
0.39,51,5550.301465
-0.52,122,5551.584791
-0.67,77,5552.46783
-0.26,66,5553.16296
0.36,44,5553.632397
-0.48,108,5554.845454
-0.99,139,5556.337028
-0.04,64,5557.010083
-1.0,80,5557.871181
0.11,59,5558.515296
-0.11,61,5559.155594
0.07,53,5559.674357
0.07,63,5560.281156
0.11,49,5560.791669
0.48,42,5561.261658
-0.03,73,5562.077143
0.14,56,5562.675723
0.26,74,5563.442259
-0.25,55,5564.02382
0.08,62,5564.61525
-0.09,69,5565.317814
0.06,54,5565.86971
-0.48,138,5567.255428
-0.65,75,5568.001173
0.27,53,5568.551718
-0.0,50,5569.038803
-0.39,99,5569.97344
-0.06,96,5570.971648
-0.23,53,5571.518651
0.35,65,5572.207958
-0.4,90,5573.108956
0.1,60,5573.712428
0.03,77,5574.471177
-0.33,73,5575.198522
0.44,46,5575.659213
0.32,68,5576.308999
-0.04,84,5577.096567
0.02,58,5577.654189
-0.02,92,5578.520262
0.59,41,5578.935941
0.05,55,5579.494966
-1.07,157,5581.063909
-0.22,62,5581.695809
0.74,36,5582.084938
0.32,68,5582.75035
0.02,68,5583.41695
0.22,68,5584.083543
0.14,56,5584.62215
-1.42,142,5586.172616
-0.13,63,5586.857473
-0.4,100,5587.945485
-0.14,84,5588.884031
-0.56,86,5589.88059
0.13,57,5590.519399
-0.23,83,5591.470603
0.39,61,5592.150065
-3.65,295,5595.259408
0.04,66,5595.994101
0.19,71,5596.801477
-1.48,178,5598.737797
-0.89,159,5600.480065
0.25,55,5601.103113
-2.3,140,5602.72984
-0.58,108,5603.951492
-0.34,94,5604.884376
0.08,42,5605.382153
-0.49,89,5606.287809
-24.92,332,5609.707615
0.3,50,5610.190012
-0.39,89,5611.201023
-1.63,103,5612.439058
0.27,63,5613.163276
-0.72,112,5614.296456
-0.28,78,5615.035887
-0.56,106,5616.144711
-1.28,168,5617.950017
-0.3,90,5618.862007
0.04,66,5619.544987
-1.23,73,5620.28298
0.31,59,5620.864285
-2.21,211,5622.86676
0.31,49,5623.360301
0.46,54,5623.904994
-0.83,113,5624.975416
-0.15,65,5625.599257
-0.95,105,5626.605998
-0.7,110,5627.651987
-0.21,91,5628.522529
-0.92,122,5629.717572
-0.62,102,5630.751575
-1.46,126,5632.01145
0.76,24,5632.257723
-0.11,81,5633.123966
-0.23,83,5633.937157
-0.55,95,5634.934447
0.05,65,5635.578242
-0.58,108,5636.659978
0.27,43,5637.121812
0.44,46,5637.581849
0.14,76,5638.333085
-0.21,71,5639.014091
-0.09,49,5639.487298
0.35,35,5639.849679
-0.17,77,5640.608475
0.5,40,5641.019018
-1.44,124,5642.196656
-0.18,98,5643.137433
-0.07,57,5643.756577
0.78,32,5644.090032
0.5,40,5644.487605
-0.26,86,5645.333236
0.05,55,5645.890354
-0.22,72,5646.641299
-1.12,142,5648.004332
-0.2,80,5648.799341
0.5,40,5649.26217
0.21,39,5649.697176
-1.51,161,5651.285804
0.31,59,5651.837801
-0.38,98,5652.847082
0.08,62,5653.477964
0.71,39,5653.875666
-0.17,67,5654.552078
0.3,70,5655.278024
0.25,35,5655.62844
-0.82,112,5656.724752
-0.72,122,5657.909341
-0.08,68,5658.588142
0.68,32,5658.897021
-0.97,77,5659.624315
-2.51,261,5662.223795
-0.08,48,5662.741681
-0.11,51,5663.261582
0.35,35,5663.616177
0.18,72,5664.35449
0.24,46,5664.808116
-0.65,85,5665.695797
0.22,68,5666.424593
-1.41,121,5667.603203
-10.93,183,5669.409688
-0.8,100,5670.463011
0.19,61,5671.050862
0.23,47,5671.499963
-0.15,95,5672.398456
0.14,56,5672.968312
-0.27,117,5674.139121
-0.35,85,5674.980106
0.43,47,5675.448323
-1.51,161,5677.025506
-0.62,82,5677.860997
-2.44,174,5679.632693
0.16,64,5680.297726
-0.57,97,5681.280729
-0.69,99,5682.311976
0.34,56,5682.870943
-1.78,128,5684.084236
-2.15,205,5686.111698
-0.73,103,5687.133734
-1.14,164,5688.810951
-0.62,102,5689.924598
-1.27,147,5691.517241
-0.24,74,5692.254316
0.42,48,5692.726146
0.79,21,5692.934688
-0.0,60,5693.509919
0.12,58,5694.076194
-0.61,101,5695.068828
-0.61,81,5695.850766
-0.05,75,5696.580814
-0.1,80,5697.368274
-1.32,172,5699.115767
0.88,22,5699.341927
0.77,23,5699.573521
0.54,26,5699.841246
-4.04,374,5703.490957
-0.93,103,5704.474228
-0.23,63,5705.096185
-0.17,87,5705.950022
0.59,51,5706.494601
0.26,44,5706.919436
-0.99,139,5708.376648
-1.07,157,5710.0347
0.03,77,5710.807888
0.75,25,5711.082332
0.37,43,5711.514947
-0.64,84,5712.3772
0.84,26,5712.653402
-0.98,168,5714.401103
-0.84,164,5716.066651
-0.0,60,5716.658134
0.08,82,5717.509194
-0.67,97,5718.486908
0.08,72,5719.220403
-0.19,79,5720.003986
0.42,48,5720.481817
-0.46,116,5721.637918
0.74,26,5721.908538
0.22,58,5722.497768
-1.04,174,5724.301532
0.14,56,5724.872573
0.19,71,5725.562355
-0.76,116,5726.721195
0.7,30,5727.020882
0.55,45,5727.438525
-0.62,92,5728.292926
0.01,69,5728.946297
-0.1,80,5729.711427
0.72,38,5730.060895
-0.43,103,5731.075225
0.82,28,5731.338772
-0.33,133,5732.705807
0.43,57,5733.267726
0.67,23,5733.492239
-0.39,89,5734.33922
0.7,30,5734.628561
0.26,44,5735.052245
-0.99,129,5736.310856
-0.28,118,5737.427359
0.74,26,5737.701804
0.81,29,5737.999296
0.11,89,5738.87545
0.75,25,5739.110095
-0.11,61,5739.700019
-0.69,119,5740.831486
-2.23,163,5742.473486
0.67,33,5742.806926
0.53,37,5743.19021
-0.79,99,5744.180539
0.7,40,5744.568076
0.64,36,5744.937271
-0.15,95,5745.886228
0.56,34,5746.226859
-2.81,301,5749.116307
-4.42,312,5752.177507
-0.57,107,5753.252073
0.06,64,5753.860968
-0.28,88,5754.707424
0.32,28,5754.980053
0.25,45,5755.430023
0.31,49,5755.910949
-0.05,95,5756.867791
-1.22,162,5758.529462
0.46,54,5759.089742
-0.19,89,5760.001818
-0.09,59,5760.619691
-0.74,134,5761.922772
-2.45,205,5763.923621
0.59,41,5764.320389
-0.4,100,5765.261592
-0.24,84,5766.073757
-0.52,112,5767.223761
0.63,47,5767.726777
0.81,29,5768.017981
0.26,44,5768.480479
0.11,79,5769.341424
-1.14,124,5770.610044
0.07,73,5771.33479
0.28,32,5771.644478
0.69,31,5771.952828
-0.45,115,5773.065487
0.24,66,5773.73672
0.58,32,5774.060377
-2.57,257,5776.536192
-0.56,96,5777.469959
0.26,54,5777.99517
0.25,65,5778.653472
-1.03,153,5780.133245
0.2,50,5780.628415
0.61,39,5781.019308
0.59,41,5781.418056
0.72,28,5781.686074
-1.89,189,5783.497834
-0.83,83,5784.317317
0.47,43,5784.747997
-1.07,147,5786.271055
-0.33,103,5787.315228
-1.26,166,5788.990068
-1.09,169,5790.646482
-0.86,126,5791.902933
-1.05,155,5793.509835
-0.75,95,5794.439536
0.68,42,5794.858921
-0.27,97,5795.804571
-0.01,61,5796.40114
-1.31,141,5797.787507
-0.85,135,5799.080578
-7.13,293,5801.940567
-0.75,135,5803.365458
0.62,38,5803.751425
0.4,40,5804.149351
0.59,41,5804.570829
0.18,52,5805.089822
-2.24,154,5806.581505
0.65,45,5807.014814
-0.04,54,5807.554487
-0.16,106,5808.589972
0.49,51,5809.092914
-0.06,76,5809.8447
0.74,36,5810.194282
-0.13,83,5810.989595
-0.56,106,5812.084795
-2.33,163,5813.716207
0.21,69,5814.428711
0.58,42,5814.891965
-0.39,79,5815.6477
-2.91,161,5817.217565
-1.73,123,5818.494926
-2.13,163,5820.106905
-0.81,131,5821.465656
-4.79,359,5825.083238
-2.66,286,5827.79298
-2.82,242,5830.38997
0.4,60,5831.049922
-0.13,103,5832.122967
-1.17,127,5833.394254
0.37,63,5834.033543
0.57,43,5834.480755
-1.12,142,5835.922654
-2.13,163,5837.496545
0.08,72,5838.228825
-3.04,174,5840.008932
-0.41,61,5840.665959
-4.5,380,5844.479842
0.55,45,5844.930131
0.47,53,5845.441805
0.31,49,5845.900108
-2.14,204,5847.982681
-0.05,85,5848.84435
0.17,73,5849.621068
-5.88,448,5854.15622
-0.76,96,5855.153993
-0.58,98,5856.129789
-1.87,217,5858.440407
-0.9,100,5859.449471
-1.71,181,5861.209685
0.42,58,5861.807509
-0.79,139,5863.166203
0.63,27,5863.453105
0.47,43,5863.925282
-0.67,137,5865.344636
0.73,27,5865.630907
-0.29,99,5866.665151
-1.45,195,5868.664113
-0.67,137,5870.036934
-0.01,81,5870.834289
-13.17,887,5879.660602
-3.06,256,5882.233832
0.55,45,5882.688809
-4.08,318,5885.842476
-7.68,488,5890.900386
0.28,52,5891.437359
-0.33,63,5892.125143
-0.98,158,5893.746931
-0.05,75,5894.470035
-1.16,106,5895.557165
0.45,45,5896.018178
-0.62,92,5896.995171
-1.47,147,5898.578368
0.31,39,5899.012203
-2.48,228,5901.437757
-6.02,462,5906.140317
-5.48,378,5910.094522
-3.88,318,5913.192472
-2.82,212,5915.388391
-0.07,57,5916.019857
-0.84,114,5917.264617
-0.03,53,5917.842257
0.02,68,5918.583271
0.07,83,5919.443169
-0.57,127,5920.665764
-4.91,361,5924.271873
-4.29,279,5927.26022
-0.53,73,5928.026323
0.79,31,5928.355041
-1.47,147,5929.820625
-1.17,157,5931.363857
-3.23,283,5934.426663
-3.51,291,5937.6387
0.53,47,5938.136506
-1.99,179,5939.965739
0.68,42,5940.38229
-0.18,108,5941.557954
-0.59,79,5942.441623
-2.96,276,5945.409847
-0.5,90,5946.383967
-0.06,66,5947.036704
0.02,68,5947.751998
-2.2,210,5949.903515
-0.66,116,5951.096462
-1.85,175,5952.869683
-0.41,81,5953.743989
-0.1,70,5954.438419
0.7,30,5954.721005
0.75,25,5954.962214
-0.19,99,5955.908186
-0.57,127,5957.145633
0.13,57,5957.70413
0.3,80,5958.565744
-1.98,188,5960.530387
-4.1,330,5963.878461
0.81,29,5964.161988
-0.22,72,5964.880338
-1.92,252,5967.334978
0.26,44,5967.819613
0.54,46,5968.360788
0.17,53,5968.924903
-0.17,117,5970.100065
-0.18,58,5970.705012
-0.12,92,5971.694789
0.38,62,5972.331651
0.33,47,5972.797367
0.34,36,5973.154074
0.16,44,5973.577073
0.78,22,5973.78857
-0.43,113,5974.941111
-1.56,216,5977.285201
-0.39,129,5978.679037
-2.17,207,5980.902223
-0.03,73,5981.66824
0.68,42,5982.092218
-0.88,128,5983.332084
-1.17,117,5984.548209
0.1,60,5985.184901
-0.08,88,5986.089384
-0.5,130,5987.456619
0.54,46,5987.955824
0.38,62,5988.621132
-0.06,76,5989.373577
-1.04,124,5990.67482
0.64,36,5991.058866
-0.03,63,5991.70611
-0.55,115,5992.892698
-1.01,131,5994.254857
-3.33,313,5997.481929
-0.05,95,5998.470181
-0.47,97,5999.484469
0.41,49,5999.991893
-0.76,116,6001.190939
0.39,51,6001.724618
-0.55,115,6002.940052
-1.43,173,6004.884434
0.26,64,6005.60285
-0.54,114,6006.824801
-0.91,101,6007.898527
-0.81,81,6008.760274
-2.56,216,6011.183664
-0.14,114,6012.325431
0.42,38,6012.699217
-0.13,83,6013.56579
-0.1,100,6014.60372
0.24,66,6015.334883
-2.8,310,6018.471267
-0.46,116,6019.616543
-1.89,219,6021.826339
-0.39,99,6022.898031
-0.4,140,6024.428502
-1.92,242,6027.007922
-0.82,132,6028.372567
0.57,43,6028.830799
-0.31,101,6029.8403
-2.14,174,6031.674889
-0.0,70,6032.468026
0.21,59,6033.08719
0.79,31,6033.393039
-0.8,160,6035.025238
-0.15,75,6035.803774
-1.13,153,6037.355802
-0.35,115,6038.495928
0.54,56,6039.042381
0.19,71,6039.747965
-0.1,80,6040.576848
0.16,84,6041.45349
0.02,68,6042.160113
0.51,29,6042.456967
-0.7,130,6043.850135
0.1,90,6044.767027
-0.07,117,6045.912138
0.3,60,6046.541814
-0.72,102,6047.56152
-0.27,107,6048.686634
-0.98,108,6049.864151
0.65,25,6050.139798
-1.27,87,6051.047591
-0.31,51,6051.536771
0.24,76,6052.26227
-1.52,202,6054.239927
-0.05,65,6054.886615
-1.0,160,6056.549498
0.36,64,6057.177991
-2.88,278,6060.080137
0.47,33,6060.412397
0.5,50,6060.890363
-0.52,82,6061.684892
0.51,39,6062.068505
-0.32,62,6062.675581
0.5,50,6063.154232
-23.95,325,6066.322799
-1.42,92,6067.29214
-0.41,131,6068.629702
-2.14,114,6069.821891
0.12,58,6070.430828
-0.56,76,6071.205651
0.4,70,6071.904824
0.13,67,6072.579499
-0.25,65,6073.230675
-0.99,159,6074.905221
0.04,76,6075.740384
-0.43,123,6077.055845
0.28,82,6077.898087
-0.55,115,6078.991627
-1.79,199,6081.046124
0.3,60,6081.686191
-0.28,108,6082.82156
-0.22,62,6083.511945
-0.49,109,6084.697042
-0.3,60,6085.412125
0.11,79,6086.265384
-0.47,107,6087.366056
-0.45,65,6087.994859
-0.87,167,6089.62262
-0.22,72,6090.337199
-1.75,215,6092.515152
-2.08,198,6094.543731
-0.53,153,6096.116669
0.15,75,6096.84765
-0.24,114,6097.942841
0.02,68,6098.605153
0.45,45,6099.039582
-0.08,78,6099.803279
-1.06,156,6101.326967
-0.45,95,6102.289798
-0.49,89,6103.210446
-0.17,117,6104.418999
-1.55,195,6106.336684
-0.46,106,6107.371868
0.01,79,6108.130225
0.35,55,6108.685178
-1.36,136,6110.052177
0.04,66,6110.779505
0.13,67,6111.489478
-0.18,88,6112.372563
-0.13,103,6113.443058
-0.01,51,6113.958257
0.23,67,6114.636763
0.43,57,6115.229593
0.12,68,6115.932209
0.13,57,6116.472626
0.57,33,6116.785085
-1.38,178,6118.511019
-0.76,136,6119.94957
0.02,88,6120.830366
-0.12,102,6121.845716
0.47,53,6122.371432
0.04,66,6122.999099
0.38,42,6123.395947
0.24,76,6124.108798
-2.26,266,6126.614824
-0.31,121,6127.795715
-1.06,146,6129.235208
-0.87,157,6130.894744
-0.79,159,6132.554571
-0.32,92,6133.473017
0.53,47,6133.984476
-0.68,138,6135.3787
-0.59,119,6136.617547
-0.23,93,6137.550514
-2.75,305,6140.593405
0.37,63,6141.208813
-4.55,395,6145.178552
0.54,36,6145.55502
-0.67,117,6146.798383
-0.2,120,6148.087626
-4.31,401,6152.259565
-6.69,599,6158.443037
0.1,80,6159.274008
0.31,59,6159.881686
0.24,56,6160.471741
0.71,29,6160.76127
-0.18,108,6161.804527
-1.26,206,6163.88657
-0.28,98,6164.914798
-3.69,459,6169.356899
-0.08,78,6170.128058
0.12,78,6170.887768
0.23,67,6171.528632
0.43,57,6172.092583
-1.58,198,6174.201187
-1.8,180,6176.108074
0.38,62,6176.727939
-0.46,106,6177.738151
0.2,90,6178.606385
-0.31,111,6179.676652
-0.3,100,6180.645738
0.25,65,6181.286887
-1.06,116,6182.423897
-0.93,113,6183.595563
-2.08,168,6185.317422
0.23,57,6185.860594
0.18,52,6186.347619
0.48,52,6186.85936
-0.32,92,6187.74094
-0.05,75,6188.560937
-0.08,88,6189.45702
0.59,31,6189.812598
0.16,74,6190.681727
0.67,23,6190.955826
-2.06,206,6193.283087
-1.89,259,6196.317276
-0.5,80,6197.282215
0.29,51,6197.92086
-1.6,90,6198.914219
-0.05,65,6199.62048
0.14,66,6200.332768
-0.65,85,6201.258019
-0.2,70,6202.060891
-2.4,240,6204.920282
-1.13,153,6206.779724
-0.43,93,6207.843796
-1.11,151,6209.463879
-1.76,136,6210.864637
-0.69,79,6211.765609
-0.66,126,6213.149905
0.42,58,6213.753719
-2.41,311,6217.07302
-0.7,110,6218.269662
-1.62,212,6220.470608
0.06,94,6221.477601
-0.55,85,6222.367367
-0.1,60,6222.998394
0.4,30,6223.311054
-1.14,154,6224.834403
0.05,95,6225.789931
-0.53,133,6227.173121
0.23,47,6227.627612
0.76,24,6227.868669
0.6,50,6228.357511
-1.15,165,6230.004941
-0.16,66,6230.647777
-0.4,90,6231.519028
-1.47,227,6233.807273
-2.84,294,6236.813604
-0.33,63,6237.494444
0.71,39,6237.904555
0.17,63,6238.562531
-0.12,112,6239.644957
-1.62,162,6241.306094
-1.2,200,6243.310961
-1.86,266,6245.955542
-4.53,463,6250.726465
0.19,61,6251.397634
0.34,46,6251.88078
-3.2,320,6255.261542
-0.69,129,6256.523831
-5.26,556,6261.989449
-0.49,89,6262.975516
-2.42,282,6265.90549
-0.06,76,6266.741129
0.28,52,6267.303688
-2.79,249,6269.790823
0.29,71,6270.505108
0.29,71,6271.209357
-2.98,298,6274.289943
-0.02,112,6275.499852
0.06,64,6276.152723
-3.47,317,6279.479405
-0.19,69,6280.246106
0.05,75,6281.061634
-0.07,87,6281.935166
0.24,36,6282.30067
-0.41,71,6283.010178
0.25,65,6283.642195
-2.92,252,6286.084063
-0.26,116,6287.247161
0.39,41,6287.683489
0.55,45,6288.182552
-0.08,68,6288.906442
-0.26,106,6290.028485
-0.3,120,6291.270935
-0.23,123,6292.553268
-0.01,71,6293.322431
-0.17,77,6294.117296
-0.46,136,6295.538973
-0.16,76,6296.415462
-2.46,216,6298.571753
-0.99,159,6300.171571
0.49,51,6300.667489
0.45,45,6301.131443
0.21,79,6301.953528
0.22,68,6302.66631
-1.58,218,6304.956816
-0.05,75,6305.803617
-0.12,112,6307.014436
-0.18,68,6307.717705
-0.57,107,6308.835283
0.11,69,6309.584659
0.36,74,6310.354549
-1.11,161,6311.931911
0.63,47,6312.386186
0.46,44,6312.815547
-31.03,523,6318.292139
-0.12,92,6319.183604
-0.06,46,6319.620339
-0.33,103,6320.616073
-0.36,106,6321.738889
-0.03,53,6322.279968
0.79,31,6322.596422
-0.63,93,6323.507842
-0.04,64,6324.135251
-0.81,71,6324.826334
-0.05,85,6325.699708
0.1,60,6326.31436
0.33,57,6326.952044
0.18,52,6327.525224
0.33,67,6328.170033
0.12,48,6328.647162
0.15,45,6329.07972
0.38,52,6329.603484
0.02,68,6330.341146
0.5,40,6330.764713
0.09,71,6331.50903
-0.27,77,6332.332763
0.51,39,6332.748375
0.07,53,6333.317014
-0.01,61,6333.9654
0.16,54,6334.496843
0.23,67,6335.167809
0.05,65,6335.802791
0.22,68,6336.498588
-0.49,59,6337.102343
0.4,50,6337.620793
0.53,47,6338.066743
0.7,30,6338.358566
0.21,49,6338.844859
0.32,58,6339.462674
-0.57,117,6340.696342
0.32,48,6341.200633
0.7,40,6341.64447
0.44,46,6342.131255
-0.57,67,6342.78717
0.66,34,6343.116614
0.03,47,6343.596244
0.13,57,6344.154536
0.2,60,6344.742872
0.47,53,6345.315882
0.63,37,6345.707406
0.05,45,6346.170123
0.53,57,6346.741328
0.3,50,6347.255565
0.69,31,6347.557905
-0.61,71,6348.298748
0.84,26,6348.587637
0.4,50,6349.117799
0.05,55,6349.687703
0.42,48,6350.18088
-0.61,101,6351.166893
0.17,63,6351.844879
0.52,38,6352.215235
0.43,27,6352.470216
-0.15,55,6352.997941
0.27,43,6353.421013
0.24,56,6353.967102
0.17,53,6354.477996
0.06,44,6354.885319
0.53,27,6355.153621
0.36,54,6355.667394
0.58,42,6356.060694
0.47,43,6356.461699
0.26,44,6356.901033
0.23,47,6357.372763
-0.82,122,6358.623077
0.29,51,6359.157104
0.32,58,6359.724181
0.27,43,6360.145932
0.44,46,6360.616815
0.75,35,6360.951617
0.28,42,6361.381092
0.38,42,6361.771186
0.16,44,6362.174875
-0.13,63,6362.764321
0.6,40,6363.154997
0.5,40,6363.553772
0.51,39,6363.939739
0.24,46,6364.385435
0.79,31,6364.681316
0.56,44,6365.086111
-23.71,381,6368.913033
-0.07,47,6369.454827
0.4,40,6369.846624
0.74,26,6370.085439
-0.37,87,6370.901299
-0.43,93,6371.73835
0.61,39,6372.094211
0.49,31,6372.382016
0.45,45,6372.828575
-1.16,106,6373.839411
0.03,77,6374.590579
0.15,45,6375.01878
-0.35,65,6375.661736
0.33,57,6376.23473
0.57,43,6376.669835
0.1,50,6377.191112
0.18,42,6377.617539
-0.32,62,6378.249044
0.68,32,6378.555539
0.72,28,6378.823717
0.26,44,6379.243693
0.4,30,6379.530417
-0.34,64,6380.154167
0.57,43,6380.547359
-0.12,72,6381.205271
-0.07,67,6381.825784
0.36,44,6382.236761
0.25,55,6382.751341
-1.74,124,6383.940328
0.77,33,6384.286513
-0.17,87,6385.180198
0.32,48,6385.695162
-0.54,104,6386.790483
-0.26,96,6387.742472
-2.43,283,6390.458902
-0.81,151,6391.93214
0.01,99,6392.903245
-1.34,174,6394.629435
-0.53,133,6395.953237
-94.1,1000,6405.455896
0.34,56,6406.032308
0.36,34,6406.36714
0.2,60,6406.934754
-0.07,57,6407.490133
0.45,45,6407.95497
0.03,77,6408.756515
-2.6,260,6411.447087
0.16,54,6412.00082
0.11,49,6412.524282
-0.91,111,6413.598884
0.45,45,6414.025383
0.09,61,6414.603355
0.11,39,6414.963877
0.05,65,6415.588316
0.87,23,6415.805706
0.72,28,6416.070107
0.59,41,6416.462571
-0.01,41,6416.890231
-0.06,66,6417.522451
-0.53,133,6418.819577
0.04,66,6419.461943
0.48,32,6419.793916
-0.83,173,6421.504215
0.4,50,6422.002701
0.16,54,6422.550218
-0.67,77,6423.323662
0.24,56,6423.856828
0.67,33,6424.164616
0.48,52,6424.646952
-0.18,58,6425.209655
0.32,48,6425.677917
0.58,42,6426.079704
0.07,83,6426.900212
-2.46,246,6429.415249
0.85,25,6429.711109
-0.93,123,6430.991534
0.31,59,6431.611315
0.59,31,6431.914989
0.61,39,6432.292143
-0.21,71,6432.975552
-0.55,125,6434.144562
0.9,20,6434.33977
-0.22,72,6435.05033
0.14,56,6435.634014
0.32,48,6436.110614
0.58,42,6436.523385
-1.28,178,6438.290913
0.48,62,6438.956964
-2.26,236,6441.356071
0.52,48,6441.854397
-37.55,435,6446.086268
-0.54,114,6447.229441
0.77,23,6447.45823
-1.05,85,6448.356706
-0.17,77,6449.134845
-0.01,61,6449.740303
-2.02,92,6450.655394
0.7,30,6450.962927
-0.09,69,6451.649538
-0.76,116,6452.804174
-1.66,76,6453.564968
-0.01,61,6454.170262
-0.35,65,6454.803663
0.33,37,6455.177974
-0.07,67,6455.833511
0.5,30,6456.127909
-0.6,70,6456.84634
-0.4,80,6457.65695
0.26,44,6458.098739
-0.37,67,6458.774169
-0.67,117,6459.917462
0.12,68,6460.626323
-1.93,203,6462.601532
0.11,49,6463.064963
-0.05,75,6463.773014
-0.58,98,6464.733822
0.16,54,6465.308788
0.44,46,6465.789319
0.31,39,6466.166841
0.16,74,6466.91082
0.63,37,6467.285483
-0.23,113,6468.433066
-0.61,131,6469.717559
-2.29,269,6472.399075
-0.3,90,6473.330334
0.14,66,6474.04319
0.13,77,6474.859073
-0.95,125,6476.186106
0.33,27,6476.454686
-1.32,162,6478.11725
0.32,58,6478.708109
-1.41,181,6480.511188
-1.2,140,6481.927759
-0.97,147,6483.423425
0.56,54,6483.961815
-0.19,59,6484.557409
-0.11,71,6485.283272
-3.02,272,6488.046655
-2.32,232,6490.322875
-1.29,169,6491.991613
-1.79,169,6493.691283
-0.68,128,6494.998551
-0.28,88,6495.874991
-1.41,201,6497.811923
-1.25,155,6499.310628
-0.59,109,6500.381603
-0.74,94,6501.352068
0.33,47,6501.846072
0.11,79,6502.649078
0.26,64,6503.329187
-1.23,153,6504.912622
-0.45,95,6505.83936
0.5,30,6506.138736
-6.98,598,6511.959365
-0.7,130,6513.298599
0.37,53,6513.823613
-4.22,302,6516.720817
-0.15,65,6517.376332
-0.47,107,6518.443947
-0.26,86,6519.346072
0.39,71,6520.129318
-1.29,149,6521.690946
-0.5,100,6522.713721
0.27,73,6523.417226
-1.63,213,6525.587097
-0.74,104,6526.572608
0.38,42,6526.976748
-0.32,82,6527.783997
0.47,43,6528.231129
0.28,62,6528.905461
-0.16,96,6529.955253
-0.57,107,6531.107987
0.6,40,6531.539485
-0.16,96,6532.536208
0.29,51,6533.042663
-3.41,281,6535.793998
0.08,102,6536.826682
-0.14,94,6537.814969
-0.27,77,6538.614413
-0.38,58,6539.190912
-1.54,164,6540.822301
-0.49,99,6541.769139
0.77,23,6541.999329
-0.24,84,6542.81882
0.13,57,6543.365989
0.39,41,6543.760487
-1.11,121,6544.923767
0.12,38,6545.296596
0.8,30,6545.60317
-0.41,101,6546.643946
-0.12,62,6547.284402
-1.01,121,6548.552574
-0.61,91,6549.626941
0.52,28,6549.956564
0.02,88,6550.829014
0.32,58,6551.455204
-0.42,102,6552.456544
0.03,57,6553.004846
-0.53,93,6553.924204
0.15,55,6554.470607
-1.06,106,6555.58638
0.16,64,6556.277156
-0.14,94,6557.244393
-0.07,97,6558.262352
-1.21,131,6559.594568
0.47,53,6560.113698
0.29,41,6560.521538
0.46,44,6560.968616
-0.41,101,6561.98894
-0.41,111,6563.059768
-0.48,88,6563.977754
0.58,32,6564.318974
-21.01,841,6572.760364
-0.96,116,6573.985461
0.33,57,6574.620407
0.12,68,6575.280408
0.32,38,6575.678749
0.65,45,6576.152525
-0.04,74,6576.860118
-93.2,1000,6587.004072
-2.12,132,6588.371406
-0.79,79,6589.13475
-83.4,1000,6599.581082
-97.0,1000,6609.902803
-96.6,1000,6620.656242
-95.7,1000,6631.252783
-76.13,863,6640.469366
-0.5,60,6641.099199
-97.3,1000,6651.825492
-0.0,80,6652.719023
-97.9,1000,6663.767228
-76.7,1000,6674.575747
-80.1,1000,6685.557832
-41.26,756,6693.976789
-0.82,72,6694.782019
0.44,36,6695.191252
-7.95,175,6697.219166
-3.65,125,6698.641644
-4.63,193,6700.759993
0.67,43,6701.204106
-3.63,213,6703.540697
0.45,55,6704.146302
-3.0,190,6706.282474
-0.73,73,6707.144992
0.21,59,6707.79154
-0.89,89,6708.719914
-5.51,251,6711.449365
-2.13,143,6713.00753
-2.33,173,6714.938671
0.53,37,6715.365677
0.41,39,6715.809723
-0.69,69,6716.611301
0.42,48,6717.175886
-4.93,283,6720.133319
-1.68,68,6720.859904
-2.77,237,6723.431594
-5.75,375,6727.629546
0.42,38,6728.047007
0.32,58,6728.722969
-8.61,601,6735.598568
0.45,45,6736.091722
-2.76,246,6738.84444
-0.38,88,6739.827653
0.01,49,6740.386653
-2.09,149,6742.060852
-0.26,76,6742.929964
0.27,53,6743.529666
-0.19,79,6744.327304
-0.74,134,6745.788004
0.64,26,6746.055422
-0.18,98,6747.14043
-0.7,130,6748.603191
-8.39,569,6754.887268
-1.48,118,6756.168277
-0.92,132,6757.524062
0.62,38,6757.966058
-1.22,152,6759.710542
0.4,40,6760.130585
-3.08,278,6763.048208
-0.37,87,6763.99043
0.77,23,6764.228534
-1.98,218,6766.48114
-2.79,209,6768.876384
-0.55,105,6770.13798
-0.16,76,6770.925964
-1.9,130,6772.233413
0.31,49,6772.780363
-0.13,53,6773.340749
0.35,65,6774.030356
0.71,29,6774.328676
0.16,44,6774.797061
-4.29,299,6778.175424
0.03,67,6778.956223
-0.7,110,6780.225259
-0.84,124,6781.518235
-0.13,93,6782.486813
-0.45,105,6783.720568
-2.69,229,6786.510152
-2.39,199,6789.203417
-0.28,88,6790.35468
-1.19,169,6792.417951
-1.17,97,6793.677127
-0.57,87,6794.728902
0.37,53,6795.435086
-1.53,153,6797.342325
-0.54,74,6798.090346
-3.57,267,6801.526498
-0.86,126,6803.098905
0.15,75,6804.019324
-1.4,140,6805.812055
0.72,38,6806.292212
-1.72,182,6808.347452
0.57,43,6808.808248
-0.41,91,6809.788619
-0.57,127,6811.474407
-0.33,93,6812.656431
-0.41,71,6813.399581
-0.69,119,6814.832187
0.61,49,6815.399755
0.31,49,6815.995565
0.68,32,6816.401232
0.24,66,6817.208966
0.62,28,6817.59217
-0.19,59,6818.370368
-2.39,199,6820.632564
-3.21,251,6823.346024
-8.92,622,6830.081717
0.7,30,6830.431432
-4.32,352,6834.266442
-1.26,166,6836.052047
0.75,35,6836.427289
-0.67,87,6837.369249
-0.95,125,6838.704578
-1.73,173,6840.453515
-4.84,104,6841.578457
-0.51,121,6842.879029
-1.29,149,6844.427077
0.09,71,6845.1688
-3.06,226,6847.472218
-0.88,128,6848.744612
-1.74,174,6850.725338
-1.52,162,6852.421027
0.35,45,6852.852211
-0.96,116,6854.057426
-4.47,427,6858.563737
0.27,53,6859.111016
-4.52,402,6863.303393
0.81,29,6863.611409
-0.44,104,6864.679765
-0.6,100,6865.715161
0.08,62,6866.351976
-4.11,401,6870.496655
-2.24,214,6872.760157
-6.64,464,6877.497006
-4.47,387,6881.581054
0.54,46,6882.046026
-4.22,302,6885.11508
-5.0,430,6889.739829
-2.95,295,6892.697597
-4.84,454,6897.572873
-18.3,1000,6908.17288
-1.33,163,6909.939613
-0.29,59,6910.569098
-1.5,220,6912.805353
-3.74,264,6915.593472
-48.26,656,6922.326648
-0.89,159,6923.960853
0.09,71,6924.636384
0.7,30,6924.929085
-1.17,177,6926.681681
-7.09,479,6931.804637
0.2,50,6932.332207
-0.33,103,6933.40832
-4.38,258,6936.089366
0.26,44,6936.581538
-1.26,176,6938.583745
0.34,46,6939.120532
0.83,27,6939.412376
0.01,69,6940.137655
-6.9,460,6944.867808
-1.32,152,6946.515998
-0.37,87,6947.397834
-0.3,50,6947.912805
-5.99,399,6951.870082
0.12,58,6952.436571
-2.03,163,6954.093558
0.59,31,6954.408967
0.69,31,6954.725971
0.38,32,6955.063943
-0.24,84,6956.015929
0.53,37,6956.434372
-0.05,65,6957.112831
-3.28,268,6959.998368
-1.85,185,6961.925016
-1.69,169,6963.691932
-1.14,134,6965.228656
-1.02,112,6966.45152
0.69,41,6966.861813
0.09,41,6967.275167
0.42,58,6967.890993
-1.21,111,6969.179092
-0.59,79,6970.056783
0.79,31,6970.380766
-0.22,62,6971.055472
0.27,43,6971.560015
0.22,48,6972.116517
-1.04,84,6972.978546
0.12,58,6973.583127
0.29,51,6974.085109
-2.87,187,6975.994473
0.71,29,6976.30668
-0.59,79,6977.141907
0.17,43,6977.595727
-0.29,109,6978.736216
-0.35,75,6979.536331
0.04,66,6980.262161
0.65,35,6980.644836
0.92,18,6980.828043
0.16,74,6981.64309
0.33,57,6982.213115
-0.49,89,6983.146276
-0.17,77,6983.93425
-0.67,87,6984.791092
-0.22,72,6985.51672
-0.61,101,6986.497963
0.66,34,6986.828487
0.08,62,6987.432037
-0.1,50,6987.914876
-2.51,171,6989.640441
-0.27,57,6990.267379
-0.18,78,6991.100786
0.14,36,6991.451945
0.68,42,6991.870219
-0.86,106,6992.998213
-2.19,179,6994.812249
-8.36,466,6999.698352
-1.99,149,7001.293205
0.31,59,7001.932265
-0.49,79,7002.766845
-11.56,496,7007.754542
0.67,33,7008.115888
-8.47,387,7012.052693
-0.09,59,7012.680291
0.19,51,7013.185161
-1.26,126,7014.438749
-3.02,212,7016.732301
-3.52,202,7018.735999
-2.77,187,7020.626903
-2.42,182,7022.474252
0.11,49,7022.999836
-1.14,104,7024.021136
-0.63,93,7024.949132
-3.05,195,7026.894726
0.13,47,7027.359957
0.04,56,7027.921993
-0.5,80,7028.71687
0.91,19,7028.918313
0.57,33,7029.299352
-0.77,87,7030.253085
0.67,33,7030.57193
0.59,41,7030.971056
0.03,67,7031.676428
0.56,44,7032.166424
0.45,35,7032.53929
-0.42,102,7033.621978
-0.28,88,7034.567249
0.47,33,7034.913742
0.56,34,7035.250036
0.48,32,7035.573293
-1.04,94,7036.532805
0.75,35,7036.870466
0.6,30,7037.156257
0.37,43,7037.576731
0.32,38,7037.961723
0.46,44,7038.399914
0.29,61,7038.995528
-0.14,64,7039.675332
-0.49,79,7040.498903
-0.29,49,7041.017999
0.25,55,7041.591046
-0.1,60,7042.195833
-0.01,81,7043.029765
-0.65,65,7043.660021
-2.56,166,7045.316684
-0.31,101,7046.276914
0.35,35,7046.603661
-1.03,93,7047.510278
-0.09,59,7048.100887
0.62,38,7048.469159
0.32,38,7048.841513
0.77,23,7049.086177
0.38,42,7049.518999
0.25,45,7049.98506
0.49,51,7050.500969
0.2,40,7050.91166
-0.62,102,7051.954859
-0.18,68,7052.651836
0.24,66,7053.286992
-1.07,147,7054.687512
0.52,48,7055.161309
0.18,72,7055.867071
-0.31,71,7056.54131
0.79,31,7056.840276
-3.08,128,7058.088253
0.29,51,7058.62082
0.58,32,7058.970045
0.75,35,7059.341991
-0.61,81,7060.187247
0.51,49,7060.653984
0.3,40,7061.029237
-0.64,64,7061.632458
0.33,37,7061.98909
0.04,56,7062.516846
0.07,73,7063.23557
-0.68,68,7063.881704
0.05,65,7064.489733
-0.04,64,7065.07934
-1.71,171,7066.704201
-0.59,89,7067.635305
0.58,52,7068.169736
0.29,61,7068.77299
-0.33,73,7069.53221
-0.1,90,7070.398597
-14.41,401,7074.204941
-1.1,110,7075.319136
-0.06,86,7076.188654
-3.46,236,7078.511706
0.94,16,7078.673633
-0.85,125,7079.933653
-0.31,91,7080.799409
-0.68,118,7081.921843
-8.8,640,7088.208106
-3.14,294,7091.200803
-3.45,355,7094.764466
0.21,59,7095.395642
0.31,49,7095.88672
0.57,53,7096.406529
-4.54,354,7099.895978
-2.74,304,7102.997128
-0.86,136,7104.376962
-4.02,322,7107.600629
-1.0,140,7108.975598
0.18,72,7109.673287
-0.61,151,7111.212156
-0.05,95,7112.196732
0.34,56,7112.756544
0.01,59,7113.329057
-3.09,279,7116.071123
0.02,88,7116.938854
-2.06,206,7118.905484
-8.29,529,7124.180404
-2.82,222,7126.396284
-5.53,423,7130.65514
-1.61,181,7132.496968
0.4,70,7133.19189
-1.65,175,7134.940611
-5.77,397,7139.013405
-2.2,210,7141.171595
-1.92,202,7143.228393
-2.12,182,7145.141458
-1.12,152,7146.710404
-5.28,308,7149.96659
-3.99,359,7153.429717
-3.76,306,7156.491349
-0.54,124,7157.779084
-2.46,216,7159.851774
-0.28,128,7161.104458
-0.67,127,7162.403892
-0.99,119,7163.583969
-2.54,224,7165.932298
-2.81,271,7168.707649
-0.52,102,7169.800067
-0.19,99,7170.835912
-0.41,91,7171.800205
-0.88,108,7172.992369
-0.54,114,7174.259771
-1.06,146,7175.711177
-0.53,93,7176.597916
-1.7,120,7177.802168
-0.27,77,7178.578783
0.06,74,7179.304167
-2.57,217,7181.487932
-0.58,88,7182.469286
-0.05,75,7183.271367
-1.79,179,7185.130574
-0.53,103,7186.227634
-3.09,289,7189.256693
-1.2,160,7191.018192
0.68,32,7191.35141
0.6,30,7191.655468
0.37,43,7192.072874
-1.19,109,7193.160429
-0.36,86,7194.034908
-0.19,69,7194.764576
0.06,54,7195.327353
0.08,72,7196.081973
-0.86,126,7197.428233
0.42,48,7197.951876
-1.14,94,7198.974476
-0.45,105,7200.134874
-0.9,120,7201.425686
-0.16,76,7202.199297
-1.79,189,7204.156716
0.23,67,7204.828816
0.25,65,7205.507401
-1.25,165,7207.265763
-0.2,80,7208.153145
0.12,78,7209.007062
0.28,62,7209.681458
-0.78,88,7210.650959
0.31,49,7211.139977
0.11,89,7212.035907
-1.15,145,7213.578264
0.25,55,7214.108102
-4.75,355,7217.798603
0.77,33,7218.160515
-0.0,70,7218.902325
-0.1,90,7219.853351
-1.07,187,7221.780099
-1.75,185,7223.756243
-1.13,143,7225.226591
-0.43,103,7226.336852
-2.89,169,7228.189033
-1.76,196,7230.261523
-4.11,301,7233.441187
-1.48,188,7235.545502
0.74,36,7235.949516
-1.37,137,7237.407902
-1.01,141,7238.872009
-0.86,136,7240.172807
0.76,34,7240.511568
-0.01,51,7240.999473
-0.33,73,7241.733812
-2.09,179,7243.582728
-0.76,126,7244.84308
-0.14,64,7245.473994
-0.99,119,7246.714691
-0.17,57,7247.274707
-0.36,76,7248.047574
-0.26,106,7249.091454
0.68,32,7249.403617
-0.26,86,7250.289193
0.43,57,7250.89
-1.46,146,7252.446002
-0.66,116,7253.705625
0.64,36,7254.074608
-1.16,146,7255.588142
0.07,73,7256.361063
-0.37,97,7257.387781
0.39,51,7257.902497
0.4,40,7258.319598
-0.69,89,7259.28544
0.75,35,7259.672557
0.54,36,7260.04524
-0.6,70,7260.734163
0.07,73,7261.497581
0.38,52,7262.08612
-1.54,164,7263.706985
0.02,68,7264.395265
0.22,58,7264.954105
0.44,26,7265.205294
-3.78,308,7268.188334
0.19,51,7268.693749
-0.42,72,7269.417149
0.41,29,7269.725369
-4.15,245,7272.122372
-2.09,239,7274.559685
0.28,42,7274.981003
-0.41,71,7275.652201
-0.45,85,7276.446411
-5.66,266,7279.145272
0.2,80,7279.989279
-0.3,70,7280.701672
0.5,40,7281.098847
0.38,52,7281.595562
0.43,37,7281.966026
-0.49,79,7282.712112
-0.99,119,7283.909606
-0.85,105,7284.922129
-0.11,41,7285.320579
-0.23,73,7286.040458
-1.99,119,7287.24182
-1.31,91,7288.185286
-1.56,116,7289.345742
-1.19,99,7290.329301
-0.23,63,7290.979916
-0.3,90,7291.918326
0.04,56,7292.485127
-0.57,87,7293.336737
-0.14,84,7294.221721
0.07,43,7294.675655
0.21,49,7295.239439
0.21,49,7295.727723
-0.05,75,7296.493946
-0.14,74,7297.245098
-0.5,70,7297.976308
0.4,60,7298.572881
-0.32,72,7299.268882
-0.71,91,7300.132856
0.65,35,7300.469011
-0.78,68,7301.116307
0.86,24,7301.341776
-0.02,52,7301.845891
-0.3,70,7302.550088
-0.53,83,7303.40107
0.16,34,7303.73967
0.47,33,7304.06587
-0.33,53,7304.593222
-0.79,79,7305.349277
-0.04,44,7305.776557
0.19,41,7306.202585
-0.04,44,7306.625026
0.23,57,7307.172314
0.13,47,7307.635573
0.27,33,7307.970964
0.86,24,7308.209734
0.22,38,7308.580309
0.29,31,7308.920119
0.54,36,7309.275778
-0.31,51,7309.770871
0.26,44,7310.203304
0.61,39,7310.604177
0.29,41,7311.009379
0.44,36,7311.361608
0.41,29,7311.634949
0.05,45,7312.079202
-0.11,61,7312.689497
-0.85,85,7313.5096
0.28,52,7314.008936
-0.65,75,7314.7831
0.11,29,7315.073533
0.18,42,7315.501193
0.38,42,7315.918379
0.2,50,7316.413469
-0.47,87,7317.236418
0.01,49,7317.683688
0.42,38,7318.033546
-0.78,68,7318.710624
-0.06,66,7319.37731
0.68,32,7319.68756
-0.05,55,7320.286222
0.44,46,7320.756943
0.41,49,7321.264939
0.19,41,7321.65661
0.17,63,7322.256212
-0.76,76,7323.040908
0.52,38,7323.406131
0.77,33,7323.710196
0.27,53,7324.189987
0.15,45,7324.604354
-1.1,100,7325.53925
-1.22,72,7326.236293
-1.92,162,7327.792708
0.21,49,7328.251616
0.7,30,7328.551364
-0.38,58,7329.1356
-0.62,72,7329.885532
0.28,52,7330.402017
-0.36,86,7331.275412
0.05,75,7331.995531
-0.2,60,7332.58005
-0.12,52,7333.092192
-1.49,129,7334.406998
0.67,33,7334.722373
-0.34,74,7335.410724
-0.41,71,7336.087049
0.43,47,7336.547415
0.36,34,7336.890061
0.16,54,7337.404275
-0.17,37,7337.759497
0.06,54,7338.294568
-0.43,73,7338.987013
0.44,46,7339.433038
0.46,44,7339.875104
0.36,64,7340.543606
0.55,35,7340.908729
0.5,30,7341.224012
-0.25,95,7342.173493
0.52,48,7342.658415
0.33,57,7343.225122
0.15,55,7343.77585
-0.17,87,7344.608305
0.57,43,7345.006656
0.12,48,7345.442461
0.47,43,7345.84381
0.69,31,7346.131346
0.65,45,7346.546789
-0.02,82,7347.317122
-0.87,107,7348.333122
0.57,43,7348.770798
-0.45,105,7349.782046
0.44,36,7350.135275
0.48,52,7350.659306
0.59,31,7350.979786
0.2,50,7351.472569
0.78,22,7351.691119
-0.33,83,7352.531783
-0.46,106,7353.569719
-0.61,111,7354.635873
0.55,35,7354.955864
-0.32,112,7356.071344
-0.72,142,7357.452644
-0.25,105,7358.509016
0.12,58,7359.070515
-1.4,170,7360.737752
-0.18,88,7361.62957
-0.74,164,7363.175515
-0.51,111,7364.249493
-0.71,101,7365.188161
0.69,31,7365.480635
-1.88,198,7367.407376
-3.65,355,7370.798809
-93.6,1000,7380.33473
-0.49,109,7381.427504
-0.11,61,7382.038075
0.42,48,7382.52617
-0.42,142,7384.005912
-7.44,554,7389.891634
0.3,50,7390.403263
-3.23,333,7394.005692
-90.6,1000,7404.903113
-0.19,89,7405.938765
-0.29,109,7407.195298
-0.24,104,7408.351494
-3.97,377,7412.06976
-0.08,78,7412.951596
-1.47,177,7414.909848
-97.8,1000,7425.102503
-0.16,76,7425.85486
-1.21,111,7426.911291
-0.3,90,7427.840051
0.77,33,7428.156334
-0.56,116,7429.326581
0.26,44,7429.780673
-5.36,406,7433.929189
-0.25,95,7434.895145
0.36,34,7435.242109
-0.04,64,7435.919736
-0.09,79,7436.743525
0.77,33,7437.089262
-0.37,97,7438.120739
0.4,50,7438.626215
-0.09,69,7439.338727
0.34,36,7439.736286
-1.39,149,7441.341669
0.44,26,7441.623605
-27.59,369,7445.34273
0.68,32,7445.657664
0.06,74,7446.357522
-1.94,144,7447.813382
-2.37,117,7449.148675
0.7,30,7449.460145
0.5,30,7449.792744
0.26,74,7450.52731
-4.29,229,7452.721724
-1.46,106,7453.723992
-88.3,1000,7463.855121
-0.65,65,7464.560033
0.51,39,7464.975925
0.33,57,7465.587348
0.69,31,7465.91608
-0.15,65,7466.655138
0.71,29,7466.988921
-96.5,1000,7477.294803
-0.32,82,7478.103492
-2.81,121,7479.350764
0.41,39,7479.762852
0.4,40,7480.181109
-0.23,73,7480.928925
0.08,52,7481.473479
-6.72,142,7482.961068
0.07,53,7483.494429
0.02,58,7484.070116
-0.2,50,7484.563866
-0.4,60,7485.216707
0.66,34,7485.549045
0.33,47,7486.017265
0.12,58,7486.620589
0.54,36,7487.007266
0.34,46,7487.507908
0.22,48,7488.008808
-0.46,96,7489.043705
-1.01,51,7489.566092
0.59,41,7489.961263
0.28,52,7490.463238
0.7,30,7490.773932
0.61,39,7491.158592
0.4,60,7491.778799
0.67,33,7492.116542
0.49,41,7492.525887
-0.41,81,7493.348583
0.57,33,7493.689481
0.08,62,7494.367066
-0.96,96,7495.406584
0.17,63,7496.070174
0.84,26,7496.335542
0.71,39,7496.75317
0.77,33,7497.104293
-0.23,73,7497.898787
0.61,29,7498.196693
0.64,36,7498.577034
0.74,36,7498.961533
-2.23,163,7500.72419
0.44,46,7501.197294
0.74,36,7501.582659
0.4,50,7502.122691
-1.5,90,7503.078259
-1.32,112,7504.18019
-0.14,74,7504.944324
0.57,33,7505.259423
-0.01,61,7505.844896
-0.31,91,7506.727511
-2.53,103,7507.721321
-81.7,1000,7518.103089
0.36,54,7518.683476
0.54,46,7519.175962
-2.32,122,7520.478869
-0.17,47,7520.963372
0.43,37,7521.305748
0.38,42,7521.697499
-0.3,80,7522.470879
-91.2,1000,7532.377141
0.34,46,7532.872031
0.24,56,7533.428906
-0.56,86,7534.321587
0.12,58,7534.939652
-0.27,57,7535.505562
0.2,50,7535.996803
-0.11,71,7536.721464
0.17,43,7537.196556
0.5,40,7537.594427
-0.01,71,7538.296726
-0.11,61,7538.899047
-0.02,52,7539.399348
-0.21,61,7539.972053
-0.65,75,7540.677228
-0.76,96,7541.567737
0.47,43,7542.011072
-0.34,104,7543.112546
0.62,38,7543.509705
0.27,53,7544.039795
-11.05,155,7545.547949
-1.76,226,7547.773767
-1.01,131,7549.086005
-0.02,62,7549.690204
0.24,56,7550.245059
-0.52,102,7551.255556
-0.41,61,7551.864674
-4.02,252,7554.455299
0.3,50,7555.008194
-0.68,98,7556.063981
0.07,63,7556.699309
-0.8,60,7557.297168
-0.01,71,7558.034243
0.22,38,7558.40879
0.44,46,7558.855413
0.52,28,7559.137067
-94.8,1000,7569.167512
0.38,52,7569.744716
0.05,55,7570.316617
0.74,36,7570.672241
0.4,40,7571.099509
0.75,35,7571.461727
0.58,42,7571.905061
0.25,45,7572.373148
-0.75,95,7573.316698
0.26,54,7573.826649
-1.74,114,7574.881519
-2.14,194,7576.705901
-1.15,105,7577.693222
0.83,27,7577.953205
-0.11,41,7578.349344
-0.98,118,7579.497961
0.16,44,7579.931281
0.42,48,7580.450055
-0.71,121,7581.703893
-0.32,72,7582.433766
-20.59,289,7585.198529
-0.43,73,7585.902511
0.08,62,7586.49239
-0.72,72,7587.228617
0.2,60,7587.834579
-0.0,80,7588.636594
0.18,52,7589.163059
-5.87,107,7590.318391
-0.28,88,7591.232713
-0.01,71,7591.958154
0.14,56,7592.542023
0.35,55,7593.080457
-1.15,125,7594.266169
0.14,66,7594.895086
-0.0,60,7595.469849
0.3,50,7595.978461
0.51,39,7596.387167
0.55,35,7596.733379
0.1,70,7597.430642
-0.09,69,7598.10202
-0.28,88,7599.002224
-0.58,88,7599.868652
0.63,37,7600.231361
0.51,39,7600.607286
-0.17,57,7601.187078
-0.0,50,7601.661744
0.52,48,7602.116109
-0.09,79,7602.875557
-0.06,56,7603.405782
-0.07,67,7604.050067
-0.03,93,7604.980162
0.22,58,7605.601801
-0.09,59,7606.215755
0.22,48,7606.723326
-0.11,51,7607.228224
-0.6,110,7608.331257
-0.35,95,7609.306172
0.44,46,7609.798162
-1.94,174,7611.53949
-0.2,70,7612.199373
-0.1,70,7612.864215
-0.07,67,7613.537953
0.14,66,7614.15781
-1.27,127,7615.520315
-0.04,74,7616.291767
-1.41,131,7617.636854
0.09,71,7618.375875
-0.86,116,7619.515844
-0.68,118,7620.695851
-0.55,85,7621.553056
-0.69,79,7622.367474
-0.61,101,7623.417377
-1.0,100,7624.435988
0.28,52,7624.970039
-0.02,72,7625.686177
-7.3,170,7627.311104
-0.29,69,7627.967983
-0.33,83,7628.818901
0.3,50,7629.441405
0.49,41,7629.869039
-1.03,93,7630.758003
-0.03,63,7631.366951
0.36,54,7631.921154
0.06,64,7632.594862
0.08,62,7633.2491
-0.29,69,7633.979521
-0.06,66,7634.654163
0.01,69,7635.347538
0.13,77,7636.100942
-1.35,135,7637.39832
-0.35,75,7638.119239
-0.21,71,7638.808959
-0.21,61,7639.409562
-0.89,119,7640.614795
-0.09,59,7641.226207
0.19,71,7641.939561
-0.25,85,7642.802944
0.46,54,7643.337851
-1.28,118,7644.50309
0.82,18,7644.694315
-1.08,118,7645.863314
-0.53,83,7646.679711
-0.25,75,7647.42703
-2.51,161,7648.990841
-2.31,161,7650.677556
-1.14,124,7651.960502
-0.33,113,7653.04002
-1.49,129,7654.308616
-2.17,147,7655.754832
-2.3,190,7657.652629
-0.0,70,7658.412606
-0.81,91,7659.428103
-2.37,217,7661.721101
-4.4,290,7664.588796
-7.65,435,7668.988407
-5.35,325,7672.143398
-5.54,274,7674.734512
-2.75,195,7676.748146
-1.45,125,7678.033333
-2.23,133,7679.323501
-2.39,129,7680.613499
-2.97,187,7682.446786
-2.65,125,7683.740692
-9.12,532,7689.139742
0.66,24,7689.390621
-4.02,202,7691.393393
-2.18,168,7692.995249
-47.73,643,7699.247841
-0.85,105,7700.292804
-2.54,164,7701.947471
-0.91,81,7702.823452
-0.97,117,7704.000491
-1.18,108,7705.031756
-0.25,75,7705.758992
-0.5,70,7706.438901
-1.12,162,7708.010917
-1.99,99,7708.974237
-0.85,85,7709.787093
0.45,35,7710.126889
0.65,25,7710.367731
-1.1,110,7711.482257
-0.22,82,7712.322817
0.26,34,7712.659591
-0.68,88,7713.495262
-1.45,155,7714.980529
-0.15,85,7715.862443
-0.63,93,7716.818642
-0.18,78,7717.631391
-2.36,166,7719.412205
-0.1,70,7720.167575
0.8,30,7720.489658
-0.63,83,7721.383357
-0.1,80,7722.141846
-33.21,391,7725.859726
-0.21,61,7726.456537
-0.17,87,7727.46124
-0.73,93,7728.40397
-1.88,148,7729.930251
-0.74,94,7730.881763
-2.86,186,7732.673993
-12.27,357,7736.3796
-59.72,642,7742.933928
-69.76,846,7751.55919
-1.21,121,7752.72443
-1.66,86,7753.579909
0.53,47,7754.038296
-1.44,114,7755.275628
-1.53,83,7756.138505
-10.0,170,7757.772233
-1.2,110,7758.839354
-0.78,88,7759.694701
-2.28,178,7761.400833
-2.21,171,7763.162688
-0.77,107,7764.325847
-5.22,372,7768.161603
-1.25,135,7769.577378
0.83,27,7769.862417
0.03,87,7770.737824
-1.25,65,7771.406178
-0.08,68,7772.115477
0.83,27,7772.420817
-0.1,60,7773.092464
0.33,67,7773.800401
0.54,26,7774.062696
-0.53,93,7774.940564
-1.23,103,7775.928477
-5.95,285,7778.68927
0.53,47,7779.177546
-1.11,101,7780.269985
0.14,66,7780.937787
0.22,68,7781.60957
-0.93,123,7782.910461
0.56,44,7783.35929
0.55,45,7783.835679
-2.85,195,7785.910965
0.32,28,7786.220873
0.59,41,7786.648559
-0.36,56,7787.241791
0.64,26,7787.504682
-4.68,158,7789.155082
0.74,26,7789.456426
0.59,41,7789.908874
-0.41,71,7790.612397
0.31,49,7791.097101
-0.43,93,7792.065711
0.17,43,7792.497405
-0.06,56,7793.067422
-10.28,258,7795.655109
-2.88,118,7796.857041
0.87,23,7797.090614
0.28,52,7797.618608
-1.13,153,7799.323822
0.67,23,7799.579483
0.42,28,7799.873643
-8.21,221,7802.145834
0.07,63,7802.760636
-0.87,137,7804.133888
-0.29,79,7804.943809
-1.04,124,7806.211147
-0.34,54,7806.776047
-1.41,141,7808.353824
0.64,26,7808.641156
0.2,50,7809.186841
0.46,64,7809.826409
-0.61,111,7810.856529
-1.25,135,7812.228566
0.84,26,7812.49251
-1.31,151,7813.988953
0.55,45,7814.42515
-0.25,95,7815.348793
0.63,27,7815.609223
0.35,65,7816.258408
0.23,77,7817.001486
0.52,48,7817.473235
0.41,49,7817.966049
-0.69,89,7818.831015
-0.22,82,7819.685568
0.26,64,7820.307235
0.15,85,7821.104002
-2.28,218,7823.175506
-0.53,113,7824.347169
0.19,71,7825.071623
0.36,34,7825.427133
0.44,46,7825.902711
0.54,26,7826.176671
0.67,33,7826.510698
-1.54,154,7828.067448
0.15,85,7828.93786
0.75,25,7829.182074
-0.65,125,7830.431259
0.57,33,7830.786099
-1.03,133,7832.133105
-0.58,108,7833.266379
0.2,70,7833.98453
0.34,56,7834.513242
0.66,34,7834.860692
-0.97,107,7835.919706
-0.67,77,7836.671273
0.37,53,7837.16036
-0.24,74,7837.874005
0.51,49,7838.35242
0.79,31,7838.676534
-0.26,76,7839.437274
0.15,75,7840.164772
0.78,22,7840.377077
-0.07,87,7841.20162
-0.03,53,7841.760135
-0.12,102,7842.804397
-0.8,80,7843.558695
0.36,34,7843.87488
0.2,60,7844.423348
-0.56,96,7845.387403
-1.47,177,7847.127015
0.45,45,7847.570842
0.28,62,7848.164071
-1.89,189,7850.049096
-0.0,60,7850.628894
-0.94,94,7851.57462
-1.6,180,7853.380881
-0.44,84,7854.210161
-1.4,170,7855.829765
0.37,53,7856.33039
-1.32,172,7857.979454
-0.75,135,7859.288342
-0.39,99,7860.235412
0.38,42,7860.635901
-0.96,136,7861.913748
-0.12,62,7862.490323
-0.02,72,7863.164259
0.62,28,7863.421257
-0.07,87,7864.234364
-0.06,66,7864.841926
-3.19,289,7867.624166
0.67,23,7867.842816
-3.34,244,7870.275837
-3.62,322,7873.349245
-0.38,88,7874.18128
-0.74,144,7875.673274
0.21,59,7876.296014
-0.17,97,7877.288895
-0.25,105,7878.345591
0.19,61,7878.946572
0.1,80,7879.734266
0.02,78,7880.507676
-0.62,112,7881.604182
0.15,55,7882.119558
-1.26,126,7883.385821
-0.22,112,7884.490461
-0.08,98,7885.489205
-0.31,91,7886.420764
0.01,69,7887.098993
0.54,56,7887.63478
-1.24,164,7889.222143
-0.57,107,7890.227057
0.07,83,7890.992398
-0.5,90,7891.850047
0.05,65,7892.538943
0.24,66,7893.223664
-0.01,71,7893.968174
0.13,57,7894.540657
-0.13,83,7895.39378
-0.46,106,7896.437481
-0.02,72,7897.146062
-1.12,102,7898.096093
-0.45,85,7898.866665
0.48,52,7899.358371
-1.39,159,7900.88617
0.34,56,7901.444811
0.17,73,7902.177149
0.31,49,7902.666613
-1.48,148,7904.152341
-1.39,139,7905.496784
-1.09,129,7906.773713
-0.72,122,7907.990583
-1.0,130,7909.267416
-0.84,124,7910.571239
-0.53,103,7911.704422
0.22,38,7912.092592
-10.29,409,7916.372119
-3.64,234,7918.80825
-3.02,242,7921.335978
-0.2,100,7922.356293
-2.47,157,7923.969592
-3.76,306,7927.159923
-4.22,302,7930.444818
-2.66,266,7933.066173
-0.62,102,7934.156683
-10.5,640,7940.852786
-0.85,115,7942.03256
-7.89,179,7943.995286
-6.64,184,7946.017782
-1.51,191,7948.168852
-6.35,185,7950.121897
-10.28,248,7952.70131
-1.59,179,7954.595133
0.41,59,7955.230945
-1.49,189,7957.120762
-18.88,308,7960.155451
-0.48,98,7961.18932
-0.86,156,7962.769652
-1.21,141,7964.254869
-9.09,239,7966.774256
-7.12,332,7970.080905
0.65,25,7970.372191
-5.0,190,7972.372391
-0.23,83,7973.217145
-3.52,112,7974.336774
-4.31,341,7977.69137
-0.53,83,7978.497996
-1.1,80,7979.275499
-2.89,219,7981.605262
-0.03,73,7982.360469
-1.1,130,7983.70903
0.5,50,7984.236852
0.75,25,7984.486958
0.2,60,7985.097209
-2.55,105,7986.411515
-0.84,124,7987.845554
-0.7,120,7989.248384
0.4,30,7989.625009
-0.14,84,7990.61279
-1.8,150,7992.215799
-0.73,143,7993.837178
-0.54,124,7995.236012
-3.91,301,7998.719771
-1.28,108,8000.068592
0.08,52,8000.652615
-2.6,140,8002.291034
-1.52,122,8003.826073
0.5,40,8004.28035
-0.35,35,8004.704705
0.5,50,8005.228685
0.07,73,8006.098774
-0.56,116,8007.423097
-0.79,99,8008.452122
-0.09,69,8009.282347
-0.52,122,8010.672606
0.13,77,8011.599706
0.66,34,8012.019747
-1.08,118,8013.295348
-0.17,77,8014.195285
0.42,58,8014.898478
-14.41,761,8023.115144
-2.43,213,8025.305348
-1.76,156,8026.927299
-4.95,285,8030.125564
0.01,69,8030.893479
0.83,27,8031.194975
-3.15,235,8033.582039
-1.46,136,8034.973779
-0.85,95,8035.964176
-1.8,150,8037.477601
-3.64,204,8039.595515
-9.52,402,8043.742107
0.39,51,8044.28769
0.41,49,8044.806741
-2.86,146,8046.419111
-0.07,67,8047.154841
-2.21,161,8048.955981
0.16,74,8049.914843
0.46,44,8050.427481
-0.13,113,8051.597976
-0.86,116,8052.790048
0.6,30,8053.090695
-0.74,94,8054.055207
-0.27,87,8055.034678
0.09,71,8055.804095
0.22,48,8056.33059
0.5,50,8056.882293
0.19,51,8057.434383
0.44,46,8057.927876
-0.55,85,8058.826182
-0.47,87,8059.757843
0.05,75,8060.6026
-0.39,99,8061.673947
0.36,44,8062.127292
0.4,40,8062.531632
-4.82,222,8064.958882
0.62,38,8065.38898
0.16,54,8065.924614
0.44,46,8066.422898
0.73,37,8066.819018
-0.95,95,8067.838833
0.48,52,8068.404616
0.45,45,8068.858717
0.39,41,8069.250495
-0.17,67,8069.868245
0.02,68,8070.573748
-0.18,98,8071.654853
-0.52,112,8072.859228
-2.68,168,8074.595501
0.55,45,8075.051813
0.19,51,8075.582282
0.11,69,8076.289541
0.5,50,8076.795367
-4.63,203,8078.869796
-2.59,169,8080.714202
-0.04,84,8081.665026
-0.19,79,8082.451278
0.08,72,8083.154829
-0.9,90,8084.012232
-0.69,99,8084.94493
-7.57,247,8087.502738
-2.08,168,8089.278471
-0.65,85,8090.178649
-1.82,182,8092.031975
0.46,44,8092.507874
-0.31,61,8093.172076
-0.94,94,8094.16688
-6.05,205,8096.219629
-1.19,109,8097.33644
-6.32,142,8098.870475
-3.64,234,8101.266194
-1.16,136,8102.572525
0.34,56,8103.169962
-0.15,65,8103.868263
-0.35,85,8104.766633
-0.28,68,8105.466738
0.4,40,8105.88664
0.38,32,8106.232497
0.16,54,8106.820376
-0.04,54,8107.379639
0.42,48,8107.890816
-0.67,77,8108.691586
-0.98,108,8109.825187
0.39,51,8110.330739
-0.99,109,8111.436687
0.15,55,8111.984554
0.3,60,8112.550639
0.38,42,8112.979692
-0.05,55,8113.551509
0.48,62,8114.197417
0.37,53,8114.712337
0.08,72,8115.451827
0.56,34,8115.825257
0.56,44,8116.305585
0.07,63,8116.969984
0.27,53,8117.551733
0.41,49,8118.06201
0.27,53,8118.609696
-0.42,92,8119.536666
-2.8,160,8121.172837
0.36,34,8121.526187
0.33,47,8121.990225
0.11,49,8122.484756
0.52,38,8122.879778
0.5,50,8123.352848
0.4,40,8123.737704
0.41,49,8124.203224
0.32,48,8124.671405
0.3,50,8125.184866
-3.78,188,8127.088199
0.4,50,8127.564326
0.34,56,8128.088742
0.09,61,8128.652799
0.43,37,8128.999913
0.63,37,8129.335774
-3.53,293,8132.228076
-3.2,190,8134.217766
0.3,50,8134.736148
-0.74,94,8135.649663
-0.83,103,8136.647738
-0.48,118,8137.776508
-0.48,68,8138.430146
-0.7,120,8139.629669
0.28,32,8139.955888
-0.59,79,8140.73202
0.23,57,8141.273565
0.1,60,8141.893446
-0.07,57,8142.506664
0.53,47,8143.001266
0.37,53,8143.503578
-0.1,60,8144.066041
-0.7,120,8145.168411
0.24,66,8145.818025
0.3,50,8146.289215
0.37,43,8146.686537
-0.26,76,8147.38849
-0.63,93,8148.246711
-0.0,70,8148.916676
-0.49,99,8149.921964
0.45,55,8150.480453
-0.89,99,8151.428285
-0.59,79,8152.187371
0.04,46,8152.630128
0.38,42,8153.045996
0.54,46,8153.473374
0.24,66,8154.131205
0.13,47,8154.629754
-0.4,70,8155.351896
-0.84,94,8156.255209
0.52,38,8156.613521
-0.35,55,8157.128855
0.33,57,8157.671173
0.31,59,8158.285551
-0.24,74,8159.088523
-1.11,91,8160.038213
0.32,28,8160.335479
0.21,59,8160.913144
-0.08,58,8161.506645
0.49,51,8162.017782
-0.31,61,8162.591354
-0.0,60,8163.199836
-1.56,136,8164.522645
0.28,62,8165.139944
-0.93,83,8165.967652
-0.26,86,8166.785659
0.55,45,8167.22725
0.68,32,8167.530589
-0.71,71,8168.242689
0.46,44,8168.743919
-0.18,68,8169.508093
-0.0,60,8170.141389
0.34,36,8170.495658
-0.15,45,8170.942627
0.22,58,8171.515036
0.3,30,8171.798631
-0.37,77,8172.535085
0.71,29,8172.826686
-2.04,154,8174.358107
-0.36,106,8175.416118
0.26,64,8176.04719
0.25,55,8176.569896
-0.38,78,8177.327911
0.3,60,8177.943968
-0.07,67,8178.64903
-0.84,104,8179.629678
-0.01,41,8180.017159
0.72,28,8180.272961
0.27,53,8180.763604
0.7,30,8181.03837
0.42,48,8181.479086
0.7,40,8181.856279
-1.42,132,8183.176537
0.27,43,8183.620767
-0.75,95,8184.616606
0.64,26,8184.897362
-4.25,215,8187.095955
-1.02,72,8187.785553
-0.33,83,8188.568663
-0.52,82,8189.321274
-1.77,127,8190.534178
-0.13,53,8191.029943
0.71,29,8191.303749
0.32,58,8191.878312
-1.92,122,8193.040226
0.03,67,8193.756778
-0.11,71,8194.485416
-0.12,72,8195.215971
0.25,45,8195.688808
-2.47,157,8197.261714
-1.14,104,8198.245248
-1.29,109,8199.273061
0.46,44,8199.691202
-0.13,63,8200.275569
0.42,38,8200.658326
-0.96,106,8201.675828
-1.28,108,8202.710191
0.05,55,8203.234834
0.53,37,8203.62722
0.33,37,8204.014505
-0.25,55,8204.567279
0.72,28,8204.846405
0.12,58,8205.393717
-0.02,62,8205.967938
0.4,50,8206.450772
0.64,26,8206.703966
0.52,38,8207.074038
0.79,31,8207.394798
0.38,42,8207.793904
-0.29,89,8208.628622
0.43,47,8209.067788
0.03,67,8209.735088
-0.64,74,8210.442399
0.13,57,8210.994009
0.06,64,8211.603829
0.16,74,8212.324911
-1.45,115,8213.433496
-0.01,61,8214.027532
0.25,75,8214.711688
0.3,40,8215.084784
0.16,54,8215.591279
0.58,32,8215.88866
-0.58,78,8216.60392
-0.21,71,8217.265379
0.37,43,8217.664623
0.2,70,8218.337317
-0.37,97,8219.22737
0.37,43,8219.681571
-3.52,222,8221.793146
-0.22,92,8222.710218
0.27,63,8223.316124
0.37,43,8223.708445
-0.02,62,8224.298622
0.25,65,8224.905053
0.24,56,8225.411287
0.65,35,8225.731944
-0.02,72,8226.37799
0.25,65,8226.974101
-0.48,88,8227.775745
-1.21,111,8228.924829
0.48,32,8229.317797
-0.85,95,8230.311059
0.2,50,8230.823108
0.64,36,8231.188824
0.51,49,8231.718946
0.39,31,8232.018156
0.58,32,8232.328412
0.57,33,8232.670067
0.17,53,8233.17076
-0.75,105,8234.174377
0.29,61,8234.733372
0.11,69,8235.378238
-0.58,118,8236.4559
0.66,34,8236.769754
-0.1,80,8237.567367
-0.04,64,8238.241293
0.75,35,8238.600347
-1.28,118,8239.814577
0.63,37,8240.186088
0.21,59,8240.768063
-0.09,59,8241.31677
-1.24,134,8242.603476
-0.59,79,8243.351774
0.7,30,8243.648115
0.07,63,8244.250487
-1.4,130,8245.560733
0.65,35,8245.914503
0.74,36,8246.28578
0.66,34,8246.652246
0.37,53,8247.198769
-1.11,91,8248.109959
-0.33,83,8248.910369
0.65,35,8249.255516
0.4,50,8249.707838
0.28,52,8250.195726
-0.85,75,8250.921104
-0.12,52,8251.436482
0.22,58,8251.99184
-0.11,101,8252.92182
0.68,42,8253.330403
0.14,66,8253.958314
-1.7,170,8255.59444
0.64,26,8255.861634
0.09,61,8256.470107
0.15,55,8257.014122
0.1,70,8257.752563
-0.18,78,8258.524634
-2.04,184,8260.178707
-0.12,52,8260.695451
0.27,43,8261.108023
0.23,77,8261.858916
-1.65,165,8263.393173
0.77,33,8263.718389
-1.95,175,8265.402197
-1.87,137,8266.709065
0.03,77,8267.454767
-1.72,162,8269.00791
-0.19,109,8270.100997
-1.02,52,8270.607209
0.42,48,8271.047161
-0.37,77,8271.785742
0.35,55,8272.30954
-0.29,39,8272.705045
0.35,75,8273.48781
-0.23,53,8274.025825
0.57,33,8274.382882
0.32,38,8274.770283
-3.98,198,8276.688336
-3.94,214,8278.7703
0.15,65,8279.40639
0.09,41,8279.803841
-0.35,105,8280.832877
-1.38,128,8282.044396
0.62,48,8282.511188
-1.22,102,8283.54848
0.67,33,8283.903804
-1.34,124,8285.142748
0.83,27,8285.415297
0.37,43,8285.825915
0.23,57,8286.370232
0.47,43,8286.783758
-24.27,787,8294.505322
-41.22,972,8303.964225
0.72,28,8304.278886
0.46,44,8304.709623
0.65,35,8305.040179
0.72,28,8305.307137
0.62,28,8305.580366
0.67,33,8305.896583
-13.41,551,8311.554274
0.29,51,8312.065368
-1.29,139,8313.434822
0.51,39,8313.827603
0.5,40,8314.225354
0.35,55,8314.768815
-38.0,1000,8324.582411
-45.2,1000,8334.668362
-70.4,1000,8344.781811
-71.8,1000,8355.0353
-89.9,1000,8365.324998
-67.4,1000,8375.42554
-55.4,1000,8385.886935
-58.9,1000,8396.218415
0.35,25,8396.494494
-97.5,1000,8407.287011
