#{"t_start": 1764403682.1557913, "env_id": "None"}
r,l,t
-19.24,874,1.933204
-14.5,800,8.393268
-12.82,682,12.369179
-2.34,124,12.633098
-21.7,1000,18.961278
-14.4,800,23.155213
-8.92,432,24.126106
-20.3,1000,30.74734
-21.4,1000,35.688493
-4.27,347,36.425267
-2.84,144,41.339907
-10.79,539,42.492182
-0.86,96,42.698967
-12.86,596,49.600661
-3.66,206,50.045733
-20.2,1000,56.619795
-7.89,399,57.472067
-15.9,680,63.315949
-17.56,966,68.375854
-0.53,103,68.600719
-6.18,498,69.770828
-6.42,412,76.042832
-10.4,540,77.19526
-19.8,1000,83.482536
-5.49,349,86.86665
-1.72,122,87.121799
-5.97,357,87.872319
-4.51,331,94.846405
-3.83,213,95.310643
-19.1,1000,101.409086
-10.44,664,102.901617
-12.89,839,108.840028
-10.16,566,112.761183
-6.74,434,113.686802
-7.25,445,119.150006
-1.04,144,119.453313
-4.95,395,120.328297
-8.96,486,127.776085
-12.56,776,129.466722
-15.45,895,135.783798
-16.4,1000,140.594919
-0.81,131,140.872176
-3.16,286,146.142444
-6.49,369,146.941605
-1.75,115,147.180077
-5.88,448,154.428779
-12.54,874,156.308931
-14.14,804,162.069442
-8.26,516,165.704037
-4.69,359,166.499748
-17.5,1000,172.530572
-15.03,993,177.250068
-10.57,867,181.760843
-15.8,1000,186.486983
-12.16,766,190.594505
-9.65,665,192.022961
-9.86,646,197.656452
-11.65,675,199.084136
-15.1,1000,205.427443
-14.7,1000,209.952898
-1.17,167,212.769656
-15.6,1000,217.617432
-0.6,90,217.806112
-14.4,1000,223.807532
-14.4,1000,228.572017
-14.9,1000,233.284963
-7.79,529,234.405648
-13.5,1000,240.9307
-16.6,1000,245.766289
-12.3,1000,250.520213
-13.1,1000,255.025714
-13.5,1000,259.587663
-7.42,612,263.502157
-3.09,319,264.223696
-12.3,1000,270.728415
-13.9,1000,275.544917
-7.25,595,276.786152
-6.34,554,282.27968
-7.38,608,286.336809
-5.71,461,287.306331
-12.8,1000,293.749892
-12.6,1000,298.568463
-12.8,1000,303.491136
-2.55,285,304.10452
-4.15,415,309.742556
-13.1,1000,314.450149
-3.03,293,315.100909
-13.5,1000,321.633666
-13.6,1000,326.247832
-9.7,890,330.715635
-12.6,1000,335.270236
-6.27,617,336.552943
-12.6,1000,343.247443
-12.4,1000,347.857878
-13.6,1000,352.73358
-12.7,1000,357.495087
-14.1,1000,362.148228
-11.3,1000,366.934278
-12.8,1000,371.361136
-12.7,1000,375.912851
-12.8,1000,380.46811
-3.29,309,381.117373
-12.1,1000,387.418731
-13.7,1000,391.710961
-12.5,1000,396.476551
-9.73,873,400.710016
-7.8,730,404.716038
-11.46,966,409.418929
-12.3,1000,414.129377
-14.2,1000,418.501829
-12.7,1000,423.255811
-9.87,877,427.90695
-5.21,491,428.948663
-2.28,288,429.569619
-10.03,793,436.893091
-4.52,442,440.414808
-12.2,1000,444.877662
-5.4,440,445.77289
-12.6,1000,452.064646
-13.0,1000,456.631226
-12.5,1000,461.283747
-12.8,1000,466.103415
-11.5,990,470.830148
-12.0,1000,475.54527
-12.1,1000,480.489796
-12.6,1000,485.603119
-12.5,1000,490.322451
-12.2,1000,495.220901
-6.61,681,496.669576
-12.6,1000,502.923819
-11.6,1000,507.516622
-11.6,1000,512.330728
-12.3,1000,517.198245
-0.92,152,517.51961
-12.2,1000,523.511358
-12.6,1000,528.171739
-12.3,1000,532.767714
-11.7,1000,537.379036
-11.5,1000,541.970282
-11.8,1000,546.478365
-11.5,1000,551.339914
-12.1,1000,556.008387
-12.1,1000,560.778319
-10.96,936,565.356996
-12.5,1000,570.002015
-10.51,991,574.735909
-6.69,629,578.627317
-11.0,1000,583.231042
-12.1,1000,587.880848
-11.6,1000,592.544934
-12.5,1000,597.316702
-11.6,1000,602.01169
-12.1,1000,606.458535
-12.9,1000,611.01352
-11.5,1000,615.613908
-11.9,1000,620.188342
-11.9,1000,622.28442
-11.3,1000,626.966698
-2.62,322,630.176139
-11.8,1000,634.992693
-11.9,1000,639.857055
-11.7,1000,644.621628
-6.58,678,646.058238
-11.7,1000,652.644857
-12.2,1000,657.35531
-11.4,1000,662.137257
-11.0,1000,666.908851
-11.0,1000,671.49493
-12.1,1000,676.157716
-11.3,1000,680.90864
-11.6,1000,685.680472
-11.4,1000,690.376691
-11.5,1000,694.932782
-11.9,1000,699.496209
-12.1,1000,704.245485
-11.8,1000,708.986058
-11.1,1000,713.774508
-12.2,1000,718.386719
-11.6,1000,722.914666
-11.0,1000,727.406429
-12.0,1000,731.994865
-2.68,318,732.663487
-11.7,1000,738.952993
-11.5,1000,743.611692
-11.0,1000,747.922135
-10.8,1000,752.540349
-11.4,1000,757.442163
-11.1,1000,762.128662
-11.6,1000,766.78832
-11.1,1000,771.296308
-3.96,456,774.889637
-11.3,1000,776.935543
-11.5,1000,781.727058
-11.1,1000,785.877482
-11.1,1000,790.188428
-10.8,1000,794.93268
-11.4,1000,799.739719
-11.9,1000,804.352822
-11.8,1000,808.887676
-11.1,1000,813.560742
-11.7,1000,818.185729
-11.7,1000,822.857614
-10.7,1000,827.641912
-11.3,1000,832.205537
-10.6,1000,836.645087
-11.0,1000,841.425418
-3.77,437,844.97445
-11.8,1000,849.484801
-11.5,1000,853.7678
-11.4,1000,857.969646
-11.3,1000,860.043705
-11.9,1000,864.853859
-11.2,1000,869.320789
-11.9,1000,873.618651
-11.4,1000,878.020172
-11.0,1000,882.779959
-11.4,1000,887.482859
-11.9,1000,892.170442
-11.2,1000,896.643668
-11.5,1000,901.39357
-3.85,455,904.994115
-11.9,1000,909.459344
-10.9,1000,913.930719
-11.2,1000,918.400109
-11.4,1000,923.185803
-11.5,1000,927.743238
-10.7,1000,932.347699
-11.2,1000,937.05577
-11.5,1000,941.369159
-11.2,1000,945.668564
-10.8,1000,947.847797
-11.9,1000,952.318332
-11.5,1000,956.700716
-11.3,1000,961.021935
-11.6,1000,965.31543
-11.4,1000,969.939112
-3.88,438,973.532229
-11.5,1000,978.029821
-11.7,1000,982.800379
-10.9,1000,987.437259
-5.58,598,988.662432
-10.5,1000,994.885627
-4.4,510,998.59167
-11.9,1000,1003.230082
-11.4,1000,1007.782996
-11.4,1000,1012.411344
-11.2,1000,1017.280964
-10.7,1000,1022.017696
-11.2,1000,1026.663966
-11.2,1000,1031.402087
-11.4,1000,1036.034141
-10.9,1000,1040.631979
-11.0,1000,1045.124389
-10.8,1000,1049.335641
-10.8,1000,1053.716706
-11.0,1000,1055.689749
-11.1,1000,1060.885975
-11.3,1000,1065.09343
-11.1,1000,1069.618026
-11.8,1000,1074.131135
-4.05,435,1077.598297
-11.1,1000,1082.605828
-11.1,1000,1087.677251
-10.9,1000,1092.571198
-11.2,1000,1097.153282
-10.8,1000,1101.580316
-11.1,1000,1106.13013
-10.6,1000,1110.61345
-10.9,1000,1114.989576
-4.11,491,1115.974464
-3.28,358,1116.695115
-11.0,1000,1124.398705
-11.2,1000,1128.645007
-10.9,1000,1133.098953
-11.3,1000,1137.605395
-10.6,1000,1142.216835
-10.8,1000,1146.697601
-10.7,1000,1151.404556
-10.6,1000,1156.063817
-10.7,1000,1160.423653
-11.2,1000,1165.036514
-11.6,1000,1169.637518
-8.96,906,1174.037374
-10.8,1000,1178.914095
-10.9,1000,1183.564728
-11.9,1000,1188.241057
-11.2,1000,1192.63935
-10.7,1000,1197.36826
-10.4,1000,1201.946191
-11.3,1000,1206.314322
-11.3,1000,1211.019447
-10.5,1000,1215.730349
-11.1,1000,1220.337946
-10.7,1000,1224.924192
-6.22,692,1228.825718
-3.72,422,1229.655588
-11.7,1000,1235.864425
-9.96,996,1240.349617
-10.7,1000,1244.920251
-11.0,1000,1249.594723
-7.5,820,1253.897917
-10.7,1000,1258.541011
-11.2,1000,1263.34328
-11.0,1000,1267.883867
-10.6,1000,1272.422201
-10.7,1000,1277.090243
-10.6,1000,1279.187426
-10.8,1000,1283.904032
-11.4,1000,1288.320216
-11.1,1000,1293.08525
-8.57,817,1297.293174
-10.8,1000,1301.822861
-10.5,1000,1306.596641
-11.4,1000,1311.255208
-10.3,1000,1315.920016
-10.8,1000,1320.67994
-10.5,1000,1325.581795
-10.7,1000,1330.2603
-10.6,1000,1334.906131
-10.5,1000,1339.492579
-10.2,1000,1344.437691
-10.7,1000,1349.023171
-10.8,1000,1353.746615
-10.8,1000,1358.427664
-11.5,1000,1363.044377
-11.0,1000,1367.601369
-10.9,1000,1372.120632
-10.8,1000,1376.592721
-10.6,1000,1381.211519
-11.4,1000,1385.985692
-10.3,1000,1390.85508
-10.7,1000,1395.60798
-10.4,1000,1400.446477
-11.1,1000,1405.13151
-10.9,1000,1409.664812
-8.99,909,1414.11344
-10.3,1000,1418.713894
-10.5,1000,1420.772976
-10.5,1000,1425.690373
-10.5,1000,1430.144632
-11.0,1000,1434.63462
-11.0,1000,1439.257339
-10.9,1000,1444.092142
-3.39,409,1447.723145
-10.7,1000,1452.326257
-11.1,1000,1457.040024
-10.4,1000,1461.616931
-10.4,1000,1466.416509
-11.1,1000,1471.122415
-10.3,1000,1475.81357
-10.9,1000,1480.476535
-11.2,1000,1485.291674
-10.4,1000,1489.79174
-10.6,1000,1494.045228
-11.1,1000,1498.42219
-10.6,1000,1500.486408
-10.9,1000,1505.265952
-10.7,1000,1509.703535
-10.7,1000,1513.930447
-10.7,1000,1518.411932
-10.7,1000,1523.031234
-10.5,1000,1527.619366
-10.8,1000,1532.175903
-5.39,609,1535.897012
-10.8,1000,1540.51593
-10.1,1000,1545.158002
-10.7,1000,1549.88186
-10.4,1000,1554.387866
-10.9,1000,1559.254579
-10.5,1000,1563.671505
-10.2,1000,1568.113287
-11.2,1000,1572.805849
-10.3,1000,1577.324413
-10.5,1000,1582.042912
-10.9,1000,1586.589463
-10.7,1000,1591.15786
-10.8,1000,1595.893124
-10.6,1000,1600.390493
-10.3,1000,1604.878348
-10.5,1000,1609.426038
-11.2,1000,1613.95776
-10.7,1000,1616.05776
-10.6,1000,1621.52288
-10.8,1000,1625.872292
-10.4,1000,1629.954663
-10.8,1000,1634.624208
-11.1,1000,1639.381481
-10.5,1000,1643.951731
-11.3,1000,1648.497449
-10.3,1000,1653.318984
-10.7,1000,1658.157478
-10.5,1000,1662.943502
-10.6,1000,1667.548561
-10.6,1000,1672.228349
-10.6,1000,1676.851602
-10.9,1000,1681.569709
-10.7,1000,1686.426935
-11.0,1000,1691.008427
-11.0,1000,1695.748763
-10.1,1000,1700.389843
-10.4,1000,1705.022627
-10.2,1000,1709.543175
-10.7,1000,1714.243453
-10.6,1000,1718.846167
-10.6,1000,1723.659165
-10.4,1000,1728.358681
-10.6,1000,1732.948871
-10.6,1000,1737.74399
-10.9,1000,1742.53004
-10.7,1000,1747.344851
-11.1,1000,1752.116482
-11.0,1000,1757.008275
-10.5,1000,1761.870315
-10.3,1000,1766.525442
-10.3,1000,1771.152269
-4.73,543,1772.252411
-10.7,1000,1778.668501
-10.2,1000,1783.187865
-10.6,1000,1788.082465
-10.6,1000,1792.936525
-10.6,1000,1797.76429
-10.9,1000,1802.352305
-10.9,1000,1807.124499
-10.7,1000,1811.887171
-11.1,1000,1816.581673
-10.2,1000,1821.239386
-10.3,1000,1826.229689
-11.0,1000,1830.79987
-10.5,1000,1835.7521
-11.1,1000,1840.498296
-10.7,1000,1845.181067
-6.56,676,1849.378712
-10.8,1000,1853.761422
-10.6,1000,1858.480359
-10.8,1000,1860.576498
-10.7,1000,1865.335152
-10.3,1000,1869.725793
-11.0,1000,1874.284382
-10.3,1000,1878.837057
-10.8,1000,1883.459652
-11.1,1000,1887.983551
-10.5,1000,1892.705342
-7.03,783,1896.860669
-10.8,1000,1901.643426
-10.8,1000,1906.46519
-10.8,1000,1911.080088
-11.0,1000,1915.799831
-10.5,1000,1920.980317
-10.2,1000,1925.750599
-10.2,1000,1930.439493
-10.1,1000,1935.076065
-10.4,1000,1939.542592
-10.7,1000,1943.95966
-9.48,988,1948.66594
-10.4,1000,1953.439926
-10.8,1000,1958.158968
-10.6,1000,1962.723234
-10.4,1000,1967.283356
-10.8,1000,1971.800027
-10.9,1000,1976.681725
-10.2,1000,1981.168166
-10.8,1000,1985.855597
-10.6,1000,1990.504185
-11.3,1000,1994.969264
-10.8,1000,1999.487713
-11.0,1000,2003.827059
-10.5,1000,2008.127758
-10.2,1000,2010.188769
-6.89,749,2014.411644
-4.07,487,2018.114641
-10.9,1000,2022.703264
-10.6,1000,2027.528144
-10.6,1000,2032.051841
-3.51,421,2032.968635
-10.6,1000,2039.2816
-10.9,1000,2044.185771
-11.1,1000,2048.843251
-3.52,442,2049.726195
-10.1,1000,2055.964679
-10.9,1000,2060.572944
-10.7,1000,2065.030509
-10.2,1000,2069.592715
-10.3,1000,2074.115865
-10.6,1000,2078.530655
-10.4,1000,2083.06588
-10.4,1000,2087.478923
-7.94,874,2091.691257
-10.2,1000,2096.163418
-10.1,1000,2100.894107
-10.9,1000,2105.269079
-10.5,1000,2110.0134
-10.7,1000,2114.686273
-10.4,1000,2119.189039
-10.9,1000,2123.827626
-10.7,1000,2128.396393
-10.2,1000,2133.055857
-10.5,1000,2137.767623
-10.8,1000,2142.314838
-10.4,1000,2146.856085
-10.4,1000,2151.570506
-10.1,1000,2156.11712
-10.5,1000,2160.958975
-10.8,1000,2165.647997
-10.3,1000,2170.320763
-10.2,1000,2175.158054
-10.8,1000,2179.821155
-10.6,1000,2184.564476
-10.4,1000,2189.301216
-10.5,1000,2194.00819
-10.7,1000,2198.296129
-10.3,1000,2202.999613
-10.3,1000,2205.062848
-10.4,1000,2209.946042
-10.4,1000,2214.223283
-10.5,1000,2218.679573
-5.79,649,2222.569489
-10.5,1000,2227.354659
-3.73,423,2228.218317
-10.7,1000,2234.389184
-10.5,1000,2239.000221
-10.0,1000,2243.816006
-10.5,1000,2248.572862
-10.2,1000,2253.088119
-10.2,1000,2257.924382
-10.5,1000,2262.548773
-10.3,1000,2267.092479
-10.6,1000,2271.627932
-10.3,1000,2276.174376
-10.7,1000,2281.17997
-10.9,1000,2286.006712
-10.4,1000,2290.848712
-10.4,1000,2295.720893
-10.3,1000,2300.356394
-10.6,1000,2304.921106
-10.8,1000,2309.564099
-10.5,1000,2314.33783
-10.4,1000,2319.111279
-10.1,1000,2324.046032
-3.87,487,2325.119546
-10.7,1000,2331.612377
-10.3,1000,2336.112152
-10.4,1000,2340.922221
-10.2,1000,2345.809809
-10.3,1000,2350.751918
-10.7,1000,2355.413815
-10.1,1000,2360.048071
-10.4,1000,2364.633835
-10.4,1000,2369.567044
-10.6,1000,2374.349023
-10.3,1000,2378.989946
-10.7,1000,2383.688514
-10.3,1000,2388.360072
-10.5,1000,2392.999716
-10.4,1000,2397.896814
-10.0,1000,2402.561621
-10.3,1000,2407.269387
-10.2,1000,2411.986534
-10.5,1000,2416.703721
-10.3,1000,2421.461776
-10.4,1000,2426.158535
-10.4,1000,2431.062226
-10.6,1000,2435.856335
-10.4,1000,2440.637698
-11.1,1000,2445.403768
-10.6,1000,2450.043351
-10.7,1000,2454.792757
-10.6,1000,2459.496004
-10.6,1000,2464.407974
-10.3,1000,2469.10216
-10.5,1000,2473.794426
-10.5,1000,2478.618627
-10.5,1000,2483.330078
-10.4,1000,2487.941813
-10.1,1000,2492.675608
-10.5,1000,2497.674375
-10.5,1000,2502.40271
-10.7,1000,2507.130387
-10.4,1000,2511.439574
-10.3,1000,2515.858565
-10.0,1000,2518.202722
-11.3,1000,2522.863952
-10.6,1000,2527.399914
-10.1,1000,2531.6854
-10.0,1000,2536.278828
-10.5,1000,2540.812377
-10.5,1000,2545.842496
-10.2,1000,2550.635857
-10.4,1000,2555.374364
-10.6,1000,2560.154593
-10.4,1000,2564.725909
-10.3,1000,2569.494667
-10.3,1000,2574.062305
-10.3,1000,2578.640793
-10.9,1000,2583.331166
-10.2,1000,2588.043182
-10.4,1000,2592.68133
-10.4,1000,2597.341244
-10.1,1000,2601.791774
-10.6,1000,2606.835652
-10.7,1000,2611.779192
-10.5,1000,2616.420123
-10.2,1000,2621.086059
-10.6,1000,2626.00616
-10.1,1000,2630.749491
-10.9,1000,2635.512834
-10.5,1000,2640.162427
-10.5,1000,2644.85927
-10.3,1000,2649.519949
-10.4,1000,2654.233244
-10.2,1000,2659.085425
-10.8,1000,2663.783984
-10.1,1000,2668.489569
-10.3,1000,2673.108028
-10.5,1000,2677.8405
-10.0,1000,2682.726091
-10.5,1000,2687.747481
-10.4,1000,2692.594417
-11.1,1000,2697.338922
-10.2,1000,2702.08617
-10.5,1000,2706.838607
-10.3,1000,2711.295347
-10.3,1000,2713.446628
-10.1,1000,2718.976831
-10.5,1000,2723.723055
-10.2,1000,2728.260227
-9.9,1000,2732.841058
-10.4,1000,2737.434951
-10.3,1000,2742.032329
-10.6,1000,2746.764475
-10.6,1000,2751.469129
-10.4,1000,2756.200781
-10.1,1000,2761.048315
-11.0,1000,2766.037579
-10.6,1000,2770.811965
-10.4,1000,2775.568535
-10.8,1000,2780.310744
-10.3,1000,2785.044414
-10.5,1000,2789.758352
-10.3,1000,2794.241233
-10.0,1000,2798.951054
-10.1,1000,2803.654508
-10.1,1000,2808.429438
-10.4,1000,2813.265531
-10.5,1000,2817.982101
-10.7,1000,2822.764256
-10.3,1000,2827.42071
-10.7,1000,2832.310131
-10.5,1000,2837.259144
-10.4,1000,2842.089853
-10.2,1000,2846.999857
-10.1,1000,2851.994243
-10.1,1000,2857.142567
-10.1,1000,2861.887305
-10.2,1000,2866.724036
-10.7,1000,2871.449497
-10.1,1000,2876.305254
-10.2,1000,2881.77022
-10.2,1000,2886.775598
-10.4,1000,2891.799589
-10.4,1000,2896.602111
-10.5,1000,2901.388176
-10.3,1000,2905.965852
-10.6,1000,2909.986754
-10.2,1000,2914.781749
-10.5,1000,2916.940844
-10.5,1000,2922.364045
-10.8,1000,2926.878546
-10.2,1000,2931.261815
-10.2,1000,2935.617218
-10.1,1000,2940.178677
-10.3,1000,2944.815917
-10.4,1000,2949.573082
-10.3,1000,2954.456465
-10.6,1000,2959.12425
-10.1,1000,2963.823059
-10.1,1000,2968.533134
-10.6,1000,2973.431623
-10.0,1000,2978.124136
-10.0,1000,2982.758321
-10.3,1000,2987.426662
-10.2,1000,2992.054402
-10.4,1000,2996.723183
-10.0,1000,3001.389189
-10.0,1000,3006.136631
-10.7,1000,3010.745169
-10.3,1000,3015.564997
-10.0,1000,3020.453185
-10.1,1000,3025.097002
-10.2,1000,3029.805332
-10.5,1000,3034.541558
-10.3,1000,3039.237683
-10.0,1000,3043.941853
-10.1,1000,3048.720287
-10.3,1000,3053.492865
-10.1,1000,3058.420616
-10.1,1000,3063.154623
-10.2,1000,3068.098934
-10.2,1000,3072.624246
-10.2,1000,3077.291445
-10.4,1000,3082.102945
-10.2,1000,3086.850149
-10.1,1000,3091.413615
-10.2,1000,3096.002032
-10.5,1000,3100.628139
-10.5,1000,3105.02253
-10.4,1000,3109.124829
-10.2,1000,3113.591722
-10.0,1000,3115.654019
-10.7,1000,3120.440673
-10.3,1000,3124.771432
-10.4,1000,3129.069151
-10.4,1000,3133.527437
-10.2,1000,3138.033984
-10.2,1000,3142.673251
-10.2,1000,3147.354694
-10.3,1000,3151.786511
-10.4,1000,3156.216466
-10.1,1000,3160.708212
-10.4,1000,3165.318268
-10.2,1000,3170.215861
-10.4,1000,3174.914029
-10.0,1000,3179.541047
-10.3,1000,3184.300291
-10.3,1000,3188.948779
-10.2,1000,3193.712295
-10.0,1000,3198.377845
-10.3,1000,3203.054519
-10.6,1000,3207.661819
-10.3,1000,3212.46886
-10.4,1000,3217.040064
-10.4,1000,3221.704333
-10.1,1000,3226.274332
-10.0,1000,3231.163376
-10.2,1000,3235.9668
-10.1,1000,3240.67438
-10.3,1000,3245.303748
-10.1,1000,3250.039397
-10.3,1000,3254.981327
-10.2,1000,3259.712746
-10.2,1000,3264.601637
-10.2,1000,3269.380417
-10.1,1000,3274.11889
-10.3,1000,3278.74283
-10.1,1000,3283.486757
-10.3,1000,3288.170642
-10.2,1000,3293.072148
-10.2,1000,3297.788191
-10.4,1000,3302.464259
-10.4,1000,3306.936109
-10.7,1000,3309.078544
-10.4,1000,3313.942058
-10.4,1000,3318.721083
-10.6,1000,3323.116595
-10.3,1000,3327.544854
-10.1,1000,3332.367827
-10.2,1000,3336.982369
-10.4,1000,3341.608497
-10.2,1000,3346.228498
-10.7,1000,3350.842935
-10.5,1000,3355.462096
-10.6,1000,3360.103348
-10.2,1000,3364.789481
-10.1,1000,3369.500736
-10.3,1000,3374.225956
-10.0,1000,3378.748314
-10.0,1000,3383.342488
-10.2,1000,3387.966112
-10.1,1000,3392.597761
-10.0,1000,3397.293908
-10.2,1000,3401.941507
-10.0,1000,3406.54742
-10.2,1000,3411.132139
-10.3,1000,3415.824985
-10.3,1000,3420.422853
-10.3,1000,3425.254268
-10.0,1000,3429.930891
-10.1,1000,3434.584793
-10.5,1000,3439.538324
-10.1,1000,3444.384384
-10.2,1000,3449.038293
-10.6,1000,3453.740007
-10.2,1000,3458.505737
-10.4,1000,3463.571388
-11.0,1000,3468.149687
-10.1,1000,3472.714109
-10.3,1000,3477.30718
-10.3,1000,3482.29366
-10.6,1000,3487.131883
-9.9,1000,3491.8452
-10.3,1000,3496.527997
-10.5,1000,3500.814831
-10.3,1000,3505.416399
-10.5,1000,3507.533408
-10.6,1000,3512.961706
-10.1,1000,3517.506818
-10.1,1000,3521.89005
-10.3,1000,3526.477005
-10.1,1000,3531.276866
-10.1,1000,3536.170791
-10.5,1000,3541.009245
-10.8,1000,3545.942853
-10.3,1000,3550.624892
-10.2,1000,3555.545778
-10.2,1000,3560.313188
-10.1,1000,3565.067639
-10.2,1000,3569.813696
-10.0,1000,3574.559891
-10.3,1000,3578.96067
-10.1,1000,3583.46822
-10.2,1000,3588.402099
-10.6,1000,3593.149251
-10.6,1000,3597.925269
-10.3,1000,3602.582036
-10.3,1000,3607.103163
-10.1,1000,3611.778511
-10.5,1000,3616.548141
-10.2,1000,3621.483163
-10.3,1000,3626.128117
-10.1,1000,3631.00477
-10.1,1000,3635.597179
-10.1,1000,3640.3364
-10.4,1000,3644.988204
-10.0,1000,3649.702223
-10.0,1000,3654.229716
-10.7,1000,3658.927436
-10.6,1000,3663.719488
-10.0,1000,3668.351172
-10.2,1000,3672.95323
-10.6,1000,3677.645576
-10.2,1000,3682.155992
-10.7,1000,3686.668448
-10.2,1000,3691.355054
-10.4,1000,3695.873369
-10.1,1000,3700.142206
-10.4,1000,3704.736818
-10.2,1000,3706.931579
-10.2,1000,3711.64437
-10.1,1000,3716.381685
-10.0,1000,3720.820169
-10.6,1000,3725.339919
-10.6,1000,3729.802587
-10.4,1000,3734.278169
-10.3,1000,3738.812518
-10.7,1000,3743.38782
-10.3,1000,3748.203432
-10.1,1000,3752.698532
-10.3,1000,3757.238565
-10.0,1000,3761.836805
-10.3,1000,3766.445167
-10.1,1000,3770.990456
-10.3,1000,3775.528664
-10.1,1000,3780.091762
-10.4,1000,3784.816937
-10.1,1000,3789.441526
-10.2,1000,3794.242454
-10.2,1000,3798.766725
-10.3,1000,3803.518744
-10.2,1000,3808.093127
-10.7,1000,3813.103171
-10.4,1000,3817.536489
-10.3,1000,3822.15474
-10.2,1000,3826.563184
-10.3,1000,3831.295371
-10.1,1000,3835.767859
-10.3,1000,3840.148622
-10.0,1000,3844.743553
-10.2,1000,3849.370594
-10.5,1000,3854.114927
-10.2,1000,3858.707311
-10.2,1000,3863.210169
-10.4,1000,3867.864544
-10.6,1000,3872.620431
-10.2,1000,3877.115693
-10.2,1000,3881.934994
-10.4,1000,3886.760085
-10.7,1000,3891.257046
-10.3,1000,3895.728713
-10.4,1000,3897.818271
-10.1,1000,3903.269236
-10.0,1000,3907.843934
-10.4,1000,3911.971809
-10.1,1000,3916.674815
-10.2,1000,3921.224962
-10.3,1000,3925.797441
-10.4,1000,3930.576288
-10.8,1000,3935.105172
-10.5,1000,3939.793006
-10.4,1000,3944.31806
-10.4,1000,3949.031354
-10.2,1000,3953.795229
-10.0,1000,3958.430799
-10.1,1000,3963.085577
-10.3,1000,3967.761045
-10.2,1000,3972.550109
-10.4,1000,3977.074794
-10.3,1000,3981.963444
-10.0,1000,3986.456524
-10.1,1000,3990.928873
-10.2,1000,3995.616937
-10.6,1000,4000.244317
-10.6,1000,4005.0725
-10.3,1000,4010.008968
-10.1,1000,4014.632527
-10.2,1000,4019.319741
-10.1,1000,4024.166064
-10.2,1000,4028.689698
-10.3,1000,4033.414814
-10.1,1000,4038.051839
-9.9,1000,4042.8965
-10.5,1000,4047.420675
-10.0,1000,4052.09666
-10.7,1000,4056.626969
-10.1,1000,4061.315047
-10.3,1000,4066.031771
-10.4,1000,4070.71214
-10.0,1000,4075.363628
-10.0,1000,4080.391461
-10.2,1000,4085.18978
-10.0,1000,4090.226333
-10.3,1000,4094.784712
-10.3,1000,4097.202553
-10.1,1000,4102.903655
-10.4,1000,4107.721199
-10.3,1000,4112.060161
-10.2,1000,4116.680852
-10.5,1000,4121.484349
-10.1,1000,4126.19698
-10.0,1000,4130.904066
-10.1,1000,4135.634102
-10.2,1000,4140.129478
-10.2,1000,4144.91897
-10.3,1000,4149.93387
-10.0,1000,4154.862098
-10.3,1000,4159.515405
-10.1,1000,4164.166935
-10.2,1000,4169.017809
-10.1,1000,4173.741488
-10.3,1000,4178.548168
-10.4,1000,4183.199153
-10.3,1000,4188.207673
-10.2,1000,4193.143634
-10.2,1000,4197.910631
-10.2,1000,4202.730332
-10.2,1000,4207.48673
-10.1,1000,4212.175377
-10.4,1000,4216.836426
-10.0,1000,4221.615802
-10.1,1000,4226.406482
-10.1,1000,4231.053627
-10.3,1000,4235.491266
-10.1,1000,4240.132657
-10.1,1000,4244.793201
-10.1,1000,4249.329177
-10.4,1000,4253.978485
-10.1,1000,4258.74082
-10.1,1000,4263.576411
-10.0,1000,4268.448268
-10.1,1000,4273.191934
-10.1,1000,4277.84304
-10.2,1000,4282.401184
-10.1,1000,4287.036695
-10.3,1000,4291.349547
-10.2,1000,4295.939427
-10.5,1000,4298.289188
-10.4,1000,4302.939539
-10.3,1000,4307.367436
-10.4,1000,4311.874792
-10.1,1000,4316.594118
-10.4,1000,4321.549864
-10.1,1000,4326.445272
-10.3,1000,4331.191541
-10.1,1000,4335.992975
-10.1,1000,4341.004123
-10.1,1000,4346.027454
-10.0,1000,4350.820957
-10.0,1000,4355.472071
-10.0,1000,4360.258008
-10.2,1000,4364.898849
-10.0,1000,4369.774025
-10.2,1000,4374.811864
-10.5,1000,4379.569369
-10.2,1000,4384.626426
-10.0,1000,4389.372961
-10.0,1000,4394.329386
-10.3,1000,4399.231928
-10.2,1000,4404.028762
-10.4,1000,4408.65997
-10.1,1000,4413.251888
-10.2,1000,4418.072487
-10.2,1000,4422.749754
-10.0,1000,4427.676313
-10.1,1000,4432.493015
-10.0,1000,4437.114136
-10.2,1000,4442.091246
-10.4,1000,4446.765553
-10.1,1000,4451.604661
-10.2,1000,4456.413841
-10.2,1000,4461.348298
-10.1,1000,4466.106281
-10.3,1000,4470.874601
-10.2,1000,4475.482947
-10.2,1000,4480.120494
-10.1,1000,4484.846045
-10.5,1000,4489.42742
-10.2,1000,4493.682191
-10.0,1000,4495.793371
-10.1,1000,4501.036583
-10.1,1000,4505.566282
-10.1,1000,4509.945156
-10.0,1000,4514.580977
-10.5,1000,4519.046255
-10.5,1000,4523.831589
-10.3,1000,4528.604501
-10.0,1000,4533.296717
-10.1,1000,4538.16276
-10.1,1000,4542.740241
-10.2,1000,4547.384185
-10.1,1000,4552.232852
-10.2,1000,4556.690835
-3.35,445,4560.167971
-10.1,1000,4564.79569
-10.1,1000,4569.337144
-10.2,1000,4574.068247
-10.1,1000,4578.404924
-10.1,1000,4582.884109
-10.0,1000,4584.959812
-10.1,1000,4589.648051
-10.3,1000,4594.185847
-10.1,1000,4598.390575
-10.2,1000,4602.737294
-10.1,1000,4607.283133
-10.3,1000,4611.752558
-10.2,1000,4616.283641
-10.1,1000,4620.929546
-10.1,1000,4625.631967
-10.1,1000,4630.331038
-10.1,1000,4635.140653
-10.4,1000,4639.685295
-10.2,1000,4644.349758
-10.6,1000,4649.056759
-10.3,1000,4653.780578
-10.3,1000,4658.462123
-10.5,1000,4663.315932
-10.1,1000,4668.074461
-10.1,1000,4672.901809
-10.2,1000,4677.769689
-10.4,1000,4683.034196
-10.2,1000,4688.057742
-10.1,1000,4692.827593
-10.4,1000,4697.502042
-10.2,1000,4702.479676
-10.2,1000,4707.177119
-10.0,1000,4712.007251
-10.2,1000,4716.740842
-10.0,1000,4721.496812
-10.1,1000,4726.002048
-10.3,1000,4730.676483
-10.0,1000,4735.394065
-10.3,1000,4740.128379
-10.4,1000,4744.852598
-10.2,1000,4749.607815
-10.0,1000,4754.547231
-10.0,1000,4759.342674
-10.2,1000,4764.300645
-10.1,1000,4768.774315
-10.0,1000,4773.350266
-10.4,1000,4777.740548
-10.1,1000,4782.206003
-10.2,1000,4784.340713
-10.1,1000,4789.452366
-10.5,1000,4793.859927
-10.0,1000,4798.341066
-10.0,1000,4803.202131
-10.1,1000,4808.015191
-10.2,1000,4812.855774
-10.2,1000,4817.694796
-10.0,1000,4822.354412
-10.0,1000,4827.128683
-10.2,1000,4831.874217
-10.2,1000,4836.641191
-10.2,1000,4841.29976
-10.3,1000,4845.905731
-10.3,1000,4850.714098
-10.4,1000,4855.534014
-10.2,1000,4860.577037
-10.4,1000,4865.290482
-10.2,1000,4870.184119
-10.2,1000,4875.213348
-10.4,1000,4879.977132
-10.0,1000,4884.856426
-10.3,1000,4889.457563
-10.2,1000,4894.03453
-10.4,1000,4898.661405
-10.2,1000,4903.23763
-10.3,1000,4907.876684
-10.1,1000,4912.330628
-10.1,1000,4916.865293
-10.2,1000,4921.356506
-10.1,1000,4925.850469
-10.2,1000,4930.566385
-10.2,1000,4935.293553
-10.1,1000,4940.011093
-10.4,1000,4944.707363
-10.3,1000,4949.337025
-10.4,1000,4954.269609
-10.2,1000,4959.075325
-10.2,1000,4963.706908
-10.2,1000,4968.089044
-10.1,1000,4972.516375
-10.2,1000,4976.927935
-10.3,1000,4979.128935
-10.5,1000,4984.020382
-10.7,1000,4988.366931
-10.0,1000,4992.5411
-10.3,1000,4996.976816
-10.2,1000,5001.71296
-10.1,1000,5006.455343
-10.2,1000,5011.434025
-10.2,1000,5015.903082
-10.3,1000,5020.717203
-10.5,1000,5025.374233
-10.0,1000,5029.849957
-10.3,1000,5034.328722
-10.4,1000,5038.911948
-10.3,1000,5043.509091
-10.4,1000,5048.231607
-10.3,1000,5053.015987
-10.0,1000,5057.41959
-10.1,1000,5061.93079
-10.1,1000,5066.546667
-10.0,1000,5070.992455
-10.3,1000,5075.646485
-10.2,1000,5080.457279
-10.3,1000,5085.003352
-10.9,1000,5089.622247
-10.2,1000,5094.308935
-10.2,1000,5098.836496
-10.2,1000,5103.428128
-10.5,1000,5107.925806
-10.0,1000,5112.659206
-10.3,1000,5117.504777
-10.3,1000,5122.094549
-10.4,1000,5126.609093
-10.1,1000,5131.09615
-10.3,1000,5135.736753
-10.3,1000,5140.245555
-10.3,1000,5144.937812
-10.0,1000,5149.465916
-10.0,1000,5153.907399
-10.1,1000,5158.516832
-10.1,1000,5163.056062
-10.3,1000,5167.293832
-10.3,1000,5171.5024
-10.0,1000,5173.630507
-10.2,1000,5178.394038
-10.3,1000,5182.776805
-10.0,1000,5186.965645
-10.0,1000,5191.28157
-10.1,1000,5196.08968
-10.2,1000,5200.698995
-10.5,1000,5205.12092
-10.0,1000,5209.877474
-10.1,1000,5214.781492
-10.2,1000,5219.55671
-10.2,1000,5224.038309
-10.0,1000,5228.491888
-10.3,1000,5233.067716
-10.3,1000,5237.730688
-10.3,1000,5242.397842
-10.1,1000,5246.997068
-10.1,1000,5251.689133
-10.0,1000,5256.48648
-10.2,1000,5261.071702
-10.2,1000,5265.472163
-10.7,1000,5270.011186
-10.3,1000,5274.317164
-10.2,1000,5279.075484
-10.6,1000,5283.870755
-10.5,1000,5288.563177
-10.1,1000,5293.237583
-10.2,1000,5297.804966
-10.2,1000,5302.683253
-10.5,1000,5307.509307
-10.1,1000,5312.390723
-10.6,1000,5317.234439
-10.1,1000,5321.757639
-10.1,1000,5326.224581
-10.3,1000,5330.693663
-10.3,1000,5335.291966
-10.2,1000,5339.882896
-10.1,1000,5344.365931
-10.2,1000,5349.00705
-10.3,1000,5353.470827
-10.1,1000,5357.633283
-10.1,1000,5361.945173
-10.2,1000,5366.126657
-10.3,1000,5368.142526
-10.1,1000,5372.596888
-10.2,1000,5376.863638
-10.3,1000,5381.415802
-10.3,1000,5385.98628
-10.1,1000,5390.408464
-10.4,1000,5394.933222
-10.2,1000,5399.629733
-10.7,1000,5404.366472
-10.1,1000,5408.788831
-10.2,1000,5413.143249
-10.2,1000,5417.751927
-10.4,1000,5422.321603
-10.3,1000,5426.938315
-10.2,1000,5431.441138
-10.6,1000,5436.016039
-10.4,1000,5440.572633
-10.0,1000,5445.048952
-10.3,1000,5449.704841
-10.2,1000,5454.349877
-10.3,1000,5458.833743
-10.2,1000,5463.467919
-10.3,1000,5468.008163
-10.2,1000,5472.626007
-10.0,1000,5477.594439
-10.1,1000,5482.177397
-10.4,1000,5486.633296
-10.0,1000,5491.11148
-10.2,1000,5495.660083
-10.2,1000,5500.362164
-10.2,1000,5504.84206
-10.3,1000,5509.606385
-10.2,1000,5514.411453
-10.5,1000,5519.17573
-10.2,1000,5523.969996
-10.4,1000,5528.89192
-10.3,1000,5533.680232
-10.0,1000,5538.351751
-10.2,1000,5543.234292
-10.0,1000,5547.689511
-6.36,656,5549.065293
-10.1,1000,5555.436353
-10.3,1000,5560.22914
-10.1,1000,5564.869334
-10.4,1000,5569.595781
-10.2,1000,5574.258349
-10.4,1000,5579.158427
-10.4,1000,5583.903888
-10.2,1000,5588.575643
-10.1,1000,5593.313934
-10.3,1000,5597.95904
-10.4,1000,5602.67636
-10.3,1000,5607.554107
-10.1,1000,5612.221035
-10.1,1000,5617.054328
-10.3,1000,5621.814637
-10.2,1000,5626.594869
-10.4,1000,5631.308556
-10.0,1000,5636.135543
-10.0,1000,5640.956092
-10.1,1000,5645.373384
-10.0,1000,5649.952661
-10.1,1000,5654.521218
-10.0,1000,5658.969737
-10.3,1000,5663.544024
-10.3,1000,5668.260441
-10.4,1000,5673.002158
-10.2,1000,5677.606112
-10.4,1000,5682.174986
-10.2,1000,5686.505341
-10.1,1000,5690.848762
-10.5,1000,5692.925747
-10.4,1000,5698.32813
-10.2,1000,5702.491192
-10.1,1000,5706.884739
-10.4,1000,5711.475961
-10.2,1000,5716.063157
-10.0,1000,5720.925682
-10.3,1000,5725.692455
-10.6,1000,5730.240915
-10.6,1000,5734.945697
-10.3,1000,5739.435424
-10.3,1000,5744.112571
-10.2,1000,5748.815797
-10.4,1000,5753.63178
-10.1,1000,5758.214668
-10.2,1000,5763.102264
-10.2,1000,5767.528147
-10.1,1000,5772.514574
-10.0,1000,5777.43392
-10.2,1000,5782.259562
-10.1,1000,5787.010182
-10.2,1000,5791.718396
-10.0,1000,5796.504322
-10.4,1000,5801.303798
-10.6,1000,5805.931715
-10.6,1000,5810.678005
-10.0,1000,5815.359078
-10.0,1000,5820.147837
-10.2,1000,5825.013771
-10.2,1000,5829.820514
-10.1,1000,5834.748034
-10.5,1000,5839.279121
-10.1,1000,5844.292037
-10.4,1000,5849.266321
-10.2,1000,5853.986977
-10.3,1000,5858.585675
-10.3,1000,5863.48584
-10.2,1000,5868.139902
-10.3,1000,5872.809427
-10.2,1000,5877.277097
-10.0,1000,5881.748401
-10.3,1000,5886.402041
-10.3,1000,5888.545901
-10.0,1000,5893.017036
-10.0,1000,5897.684667
-10.1,1000,5902.112547
-10.3,1000,5906.665016
-10.1,1000,5911.455473
-10.1,1000,5916.177115
-10.2,1000,5921.010806
-10.2,1000,5925.827077
-10.3,1000,5930.707332
-10.1,1000,5935.281066
-10.0,1000,5940.198418
-10.1,1000,5944.860112
-10.5,1000,5949.368329
-10.3,1000,5954.006678
-10.1,1000,5958.645385
-10.1,1000,5963.324681
-10.2,1000,5968.057465
-10.1,1000,5972.878295
-10.1,1000,5977.556656
-10.3,1000,5982.304649
-10.1,1000,5986.91744
-10.1,1000,5991.469924
-10.2,1000,5995.993261
-10.0,1000,6001.034201
-10.1,1000,6005.85082
-10.1,1000,6010.424596
-10.2,1000,6015.40451
-10.0,1000,6020.420185
-10.2,1000,6025.462532
-10.1,1000,6030.419968
-10.0,1000,6035.359551
-10.3,1000,6040.16431
-10.1,1000,6044.947126
-10.7,1000,6049.799082
-10.2,1000,6054.630613
-10.0,1000,6059.514086
-10.1,1000,6064.086024
-10.2,1000,6068.929296
-10.0,1000,6073.851973
-10.4,1000,6078.581338
-10.1,1000,6083.153903
-10.0,1000,6088.047396
-10.5,1000,6090.272268
-10.1,1000,6095.005789
-10.0,1000,6099.569507
-10.1,1000,6104.369579
-10.4,1000,6108.778659
-10.2,1000,6113.498381
-10.0,1000,6118.292017
-10.3,1000,6123.232042
-10.4,1000,6128.24319
-10.2,1000,6133.163165
-10.1,1000,6137.886849
-10.1,1000,6142.582394
-10.3,1000,6147.211952
-10.0,1000,6151.876507
-10.0,1000,6156.650037
-10.4,1000,6161.222897
-10.4,1000,6165.919624
-10.2,1000,6170.643363
-10.8,1000,6175.334803
-10.4,1000,6180.068689
-10.4,1000,6184.731147
-10.3,1000,6189.588846
-10.1,1000,6194.605248
-10.0,1000,6199.366142
-10.1,1000,6204.32057
-10.3,1000,6209.015961
-10.1,1000,6213.770389
-10.3,1000,6218.348112
-10.1,1000,6223.184169
-10.2,1000,6228.009665
-10.1,1000,6233.086229
-10.0,1000,6237.940835
-10.3,1000,6242.732495
-10.0,1000,6247.558913
-10.1,1000,6252.621464
-10.0,1000,6257.494864
-10.0,1000,6262.121045
-10.2,1000,6266.849606
-7.27,797,6268.69243
-10.0,1000,6275.476149
-10.0,1000,6280.160343
-8.8,960,6284.781708
-10.4,1000,6289.520852
-10.0,1000,6294.179784
-10.0,1000,6299.02487
-10.2,1000,6303.648119
-10.1,1000,6308.167512
-10.0,1000,6313.026561
-10.1,1000,6317.68846
-10.4,1000,6322.452752
-10.2,1000,6327.272576
-10.3,1000,6332.237357
-10.2,1000,6337.165719
-10.2,1000,6341.860563
-10.5,1000,6346.74561
-10.2,1000,6351.717041
-10.0,1000,6356.558766
-10.1,1000,6361.495328
-10.3,1000,6366.293896
-10.1,1000,6371.334057
-10.2,1000,6376.14314
-10.5,1000,6381.019925
-10.2,1000,6385.911404
-10.2,1000,6390.859267
-10.3,1000,6395.605142
-10.1,1000,6400.176431
-10.5,1000,6405.140664
-10.1,1000,6409.812297
-10.2,1000,6414.485133
-10.0,1000,6419.203376
-10.1,1000,6424.233712
-10.2,1000,6428.912075
-10.2,1000,6433.75996
-10.2,1000,6438.231354
-10.2,1000,6442.778231
-10.2,1000,6444.926491
-10.1,1000,6450.543603
-10.7,1000,6455.198503
-10.0,1000,6459.766704
-10.1,1000,6464.267738
-10.2,1000,6469.129704
-10.1,1000,6474.187612
-10.0,1000,6479.495999
-10.3,1000,6484.647412
-10.2,1000,6489.729114
-10.3,1000,6494.748719
-10.1,1000,6499.435562
-10.0,1000,6504.405899
-10.2,1000,6509.084171
-10.2,1000,6513.952074
-10.2,1000,6518.811145
-10.0,1000,6523.614737
-10.2,1000,6528.301539
-10.3,1000,6533.058144
-10.1,1000,6537.941525
-10.0,1000,6542.797113
-10.2,1000,6547.66663
-10.1,1000,6552.534201
-10.0,1000,6557.341435
-10.0,1000,6562.305392
-10.1,1000,6567.046673
-10.3,1000,6571.794769
-10.0,1000,6576.569158
-10.0,1000,6581.236075
-10.0,1000,6585.952444
-10.0,1000,6590.622107
-10.2,1000,6595.523839
-10.1,1000,6600.246164
-10.1,1000,6604.947096
-10.1,1000,6609.492858
-10.2,1000,6614.356878
-10.1,1000,6619.007692
-10.0,1000,6623.607229
-10.1,1000,6628.32825
-10.2,1000,6632.974921
-10.1,1000,6637.599272
-10.0,1000,6641.847225
-10.2,1000,6646.501682
-10.1,1000,6648.607395
-10.0,1000,6652.975996
-10.4,1000,6657.81698
-10.1,1000,6662.308972
-10.3,1000,6667.126777
-10.1,1000,6671.889015
-10.1,1000,6676.660578
-10.0,1000,6681.338761
-10.0,1000,6685.991315
-10.2,1000,6690.803668
-10.0,1000,6695.784315
-10.0,1000,6700.418332
-10.3,1000,6705.271713
-10.2,1000,6709.88361
-10.1,1000,6714.64349
-10.2,1000,6719.332681
-10.2,1000,6723.933267
-10.1,1000,6728.647353
-10.0,1000,6733.579409
-10.2,1000,6738.478676
-10.2,1000,6743.268125
-10.2,1000,6748.145494
-10.2,1000,6752.88226
-10.0,1000,6757.643463
-10.2,1000,6762.597623
-10.0,1000,6767.310717
-10.0,1000,6772.184606
-10.0,1000,6777.047429
-10.2,1000,6781.885264
-10.1,1000,6786.672047
-10.1,1000,6791.339039
-10.1,1000,6796.164615
-10.2,1000,6800.960695
-10.1,1000,6805.884122
-10.0,1000,6810.589954
-10.1,1000,6815.280998
-10.0,1000,6820.119471
-10.1,1000,6824.522085
-10.1,1000,6829.417956
-10.0,1000,6834.171928
-10.2,1000,6838.998255
-10.2,1000,6843.182287
-10.0,1000,6845.303631
-10.0,1000,6850.129797
-10.1,1000,6854.842675
-10.4,1000,6859.340185
-10.3,1000,6864.303809
-10.1,1000,6869.253867
-10.0,1000,6874.031953
-10.0,1000,6878.625177
-10.1,1000,6883.500934
-10.1,1000,6888.359627
-10.1,1000,6893.27044
-10.1,1000,6897.927282
-10.0,1000,6902.684682
-10.0,1000,6907.311621
-10.0,1000,6912.308215
-10.2,1000,6917.067734
-10.1,1000,6921.634434
-10.1,1000,6926.271044
-10.2,1000,6931.124612
-10.0,1000,6936.11106
-10.1,1000,6941.070339
-10.2,1000,6945.687152
-10.2,1000,6950.381557
-10.3,1000,6955.137565
-10.0,1000,6960.030983
-10.0,1000,6964.935262
-10.0,1000,6969.509679
-10.0,1000,6974.268574
-10.1,1000,6979.309952
-10.0,1000,6984.238929
-10.0,1000,6989.066166
-10.3,1000,6993.793554
-10.0,1000,6998.430088
-10.1,1000,7003.197058
-10.0,1000,7007.980479
-10.0,1000,7012.665615
-10.0,1000,7017.431367
-10.1,1000,7022.462195
-10.0,1000,7027.292443
-10.1,1000,7032.127996
-10.0,1000,7036.762192
-10.1,1000,7041.081071
-10.0,1000,7045.273226
-10.1,1000,7047.347643
-10.0,1000,7051.99479
-10.2,1000,7056.336225
-10.1,1000,7060.731931
-10.2,1000,7065.332834
-10.0,1000,7070.160302
-10.2,1000,7075.288913
-10.1,1000,7080.089617
-10.0,1000,7085.10188
-10.3,1000,7090.017547
-10.0,1000,7095.074878
-10.0,1000,7099.973703
-10.1,1000,7104.9137
-10.2,1000,7109.738403
-10.0,1000,7114.420488
-10.1,1000,7119.022351
-10.2,1000,7123.928566
-10.1,1000,7128.455403
-10.2,1000,7133.538906
-10.1,1000,7138.247215
-10.0,1000,7142.93813
-10.0,1000,7147.694124
-10.1,1000,7152.586299
-10.2,1000,7157.45016
-10.2,1000,7162.388701
-10.4,1000,7167.261492
-10.1,1000,7171.901704
-10.2,1000,7176.612042
-10.0,1000,7181.260585
-10.2,1000,7186.117008
-10.1,1000,7190.754899
-10.2,1000,7195.568953
-10.1,1000,7200.347076
-10.1,1000,7205.217514
-10.1,1000,7209.888119
-10.0,1000,7214.71015
-10.3,1000,7219.411692
-10.1,1000,7224.166536
-10.2,1000,7229.169632
-10.1,1000,7234.00832
-10.0,1000,7238.65393
-10.1,1000,7243.209138
-10.1,1000,7247.891348
-10.2,1000,7250.062989
-10.1,1000,7255.144148
-10.0,1000,7259.710623
-10.2,1000,7264.433025
-10.3,1000,7269.036958
-10.2,1000,7273.733023
-10.2,1000,7278.601335
-10.3,1000,7283.48561
-10.2,1000,7288.328746
-10.0,1000,7292.958827
-10.4,1000,7297.722317
-10.1,1000,7302.554591
-10.0,1000,7307.325412
-10.1,1000,7312.221658
-10.1,1000,7316.79678
-10.1,1000,7321.621058
-10.1,1000,7326.423491
-10.1,1000,7331.140231
-10.0,1000,7335.982168
-10.0,1000,7340.929009
-10.2,1000,7345.752076
-10.0,1000,7350.677245
-10.1,1000,7355.339355
-10.1,1000,7360.50733
-10.1,1000,7365.234117
-10.1,1000,7370.143504
-10.2,1000,7375.013697
-10.1,1000,7379.763305
-10.0,1000,7384.481974
-10.2,1000,7389.079381
-10.3,1000,7393.794895
-10.1,1000,7398.523361
-10.1,1000,7403.1812
-10.2,1000,7408.019153
-10.0,1000,7412.747377
-10.1,1000,7417.475737
-10.1,1000,7422.413186
-10.1,1000,7427.196877
-10.1,1000,7431.864396
-10.1,1000,7436.566325
-10.1,1000,7441.046746
-10.0,1000,7445.474743
-10.1,1000,7447.581102
-10.3,1000,7452.671206
-10.0,1000,7457.234383
-10.0,1000,7461.572493
-10.1,1000,7466.023091
-10.1,1000,7470.6821
-10.1,1000,7475.577065
-10.1,1000,7480.254243
-10.2,1000,7484.999858
-10.1,1000,7489.567482
-10.1,1000,7494.427708
-10.1,1000,7499.314698
-10.1,1000,7504.322281
-10.0,1000,7509.169269
-10.1,1000,7513.777078
-10.0,1000,7518.329707
-10.1,1000,7522.966281
-10.0,1000,7527.721564
-10.0,1000,7532.572595
-10.0,1000,7537.14667
-10.2,1000,7541.913377
-10.2,1000,7546.672734
-10.0,1000,7551.699712
-10.0,1000,7556.447085
-10.0,1000,7561.140123
-10.0,1000,7565.849017
-10.1,1000,7570.388814
-10.2,1000,7575.135468
-10.2,1000,7579.806821
-10.1,1000,7584.371837
-10.0,1000,7588.943469
-10.1,1000,7593.496736
-10.1,1000,7598.059196
-10.0,1000,7602.778124
-10.3,1000,7607.609133
-10.0,1000,7612.385153
-10.1,1000,7617.074092
-10.2,1000,7621.966659
-10.2,1000,7626.821576
-10.1,1000,7631.595052
-10.3,1000,7636.408917
-10.2,1000,7640.745885
-10.0,1000,7645.465188
-10.1,1000,7647.720931
-10.1,1000,7653.048646
-10.2,1000,7657.538884
-10.0,1000,7661.839242
-10.1,1000,7666.46707
-10.2,1000,7671.092891
-10.0,1000,7675.886441
-10.0,1000,7680.642933
-10.3,1000,7685.465528
-10.2,1000,7690.27355
-10.1,1000,7695.415845
-10.4,1000,7700.191783
-10.2,1000,7705.005562
-10.1,1000,7709.964263
-10.4,1000,7714.958928
-10.3,1000,7719.817316
-10.1,1000,7724.593957
-10.1,1000,7729.49869
-10.0,1000,7734.359243
-10.0,1000,7739.318136
-10.1,1000,7744.137601
-10.1,1000,7748.939949
-10.1,1000,7753.783845
-10.1,1000,7758.683348
-10.0,1000,7763.528658
-10.2,1000,7768.354636
-10.1,1000,7773.054784
-10.2,1000,7777.966392
-10.2,1000,7782.856805
-10.1,1000,7787.561955
-10.1,1000,7792.4935
-10.2,1000,7797.427814
-10.0,1000,7802.214966
-10.1,1000,7807.074445
-10.1,1000,7811.842671
-10.1,1000,7816.786855
-10.0,1000,7821.764881
-10.1,1000,7826.570302
-10.0,1000,7831.390239
-10.0,1000,7836.390031
-10.1,1000,7841.138401
-10.0,1000,7845.370236
-10.0,1000,7850.252509
-10.1,1000,7852.460855
-10.0,1000,7857.846821
-10.0,1000,7862.468653
-10.1,1000,7867.180517
-10.2,1000,7872.007461
-10.0,1000,7876.767751
-10.1,1000,7881.586564
-10.0,1000,7886.533832
-10.0,1000,7891.486456
-10.0,1000,7896.549776
-10.1,1000,7901.613348
-10.3,1000,7906.514976
-10.2,1000,7911.188449
-10.4,1000,7916.102775
-10.3,1000,7921.055654
-10.1,1000,7925.78333
-10.0,1000,7930.527792
-10.0,1000,7935.224278
-10.0,1000,7940.142824
-10.1,1000,7945.279414
-10.0,1000,7950.034332
-10.0,1000,7954.897491
-10.1,1000,7959.490304
-10.2,1000,7963.999222
-10.2,1000,7968.735935
-10.1,1000,7973.625244
-10.0,1000,7978.339531
-10.0,1000,7983.051614
-10.0,1000,7987.796875
-10.1,1000,7992.792807
-10.2,1000,7997.342685
-10.1,1000,8002.221569
-10.1,1000,8006.997001
-10.0,1000,8011.815711
-10.1,1000,8016.705352
-10.2,1000,8021.385552
-10.0,1000,8026.127943
-10.1,1000,8031.276904
-10.1,1000,8036.284552
-10.3,1000,8041.222446
-10.0,1000,8045.891634
-10.1,1000,8050.397155
-10.0,1000,8052.76755
-10.0,1000,8057.472015
-10.1,1000,8062.042139
-10.1,1000,8067.023953
-10.0,1000,8071.728448
-10.1,1000,8076.427507
-10.3,1000,8081.257374
-10.1,1000,8085.88326
-10.0,1000,8090.538057
-10.1,1000,8095.114438
-10.2,1000,8099.801429
-10.5,1000,8104.627948
-10.1,1000,8109.33913
-10.2,1000,8114.038336
-10.0,1000,8118.784394
-10.1,1000,8123.77174
-10.2,1000,8128.298556
-10.3,1000,8132.970662
-10.4,1000,8137.746977
-10.6,1000,8142.495114
-10.2,1000,8147.265275
-10.4,1000,8152.10177
-10.1,1000,8156.945334
-10.2,1000,8161.973754
-10.3,1000,8166.835794
-10.2,1000,8171.400525
-10.4,1000,8176.100961
-10.1,1000,8180.674065
-10.3,1000,8185.612302
-10.3,1000,8190.589123
-10.2,1000,8195.459712
-10.4,1000,8200.118093
-10.1,1000,8204.938494
-10.2,1000,8209.724914
-10.1,1000,8214.540842
-10.0,1000,8219.165066
-10.1,1000,8224.089094
-10.2,1000,8228.964516
-10.1,1000,8234.027774
-10.1,1000,8238.966497
-10.1,1000,8243.586578
-10.1,1000,8248.111092
-10.1,1000,8252.455493
-10.3,1000,8254.588289
-10.2,1000,8259.593265
-10.3,1000,8264.031719
-10.3,1000,8268.686037
-10.0,1000,8273.304672
-10.2,1000,8278.015285
-10.1,1000,8283.758887
-10.2,1000,8288.766675
-10.1,1000,8293.467526
-10.2,1000,8298.284421
-10.2,1000,8303.234092
-10.1,1000,8308.038329
-10.0,1000,8312.801928
-10.1,1000,8317.718807
-10.3,1000,8322.562897
-10.1,1000,8327.223788
-10.0,1000,8331.951988
-10.1,1000,8336.827792
-10.1,1000,8341.920596
-10.0,1000,8346.726765
-10.1,1000,8351.702097
-10.1,1000,8356.603054
-10.1,1000,8361.480404
-10.0,1000,8366.30022
-10.1,1000,8371.076466
-10.0,1000,8375.948106
-10.0,1000,8380.636052
-10.1,1000,8385.17802
-10.1,1000,8389.833919
-10.0,1000,8394.509407
-10.1,1000,8399.201104
-10.1,1000,8404.018709
-10.0,1000,8408.755369
-10.0,1000,8413.739125
-10.0,1000,8418.586287
-10.1,1000,8423.53891
-10.0,1000,8428.332171
-10.0,1000,8433.217313
-10.0,1000,8438.137158
-10.2,1000,8442.812442
-10.0,1000,8447.281731
-10.3,1000,8451.725078
-10.0,1000,8456.278969
-10.0,1000,8458.435971
-10.2,1000,8463.861474
-10.1,1000,8468.156424
-10.0,1000,8472.584503
-10.0,1000,8477.20291
-10.2,1000,8481.922031
-10.3,1000,8486.646558
-10.2,1000,8491.238243
-10.1,1000,8496.063848
-10.1,1000,8500.786276
-10.0,1000,8505.376876
-10.1,1000,8510.042203
-10.0,1000,8514.895169
-10.0,1000,8519.649764
-10.3,1000,8524.403307
-10.0,1000,8529.135406
-10.0,1000,8533.672679
-10.0,1000,8538.501282
-10.1,1000,8543.223933
-10.1,1000,8548.089951
-10.0,1000,8552.706402
-10.2,1000,8557.368665
-10.2,1000,8561.903497
-10.0,1000,8566.775154
-10.0,1000,8571.854114
-10.2,1000,8576.694015
-10.1,1000,8581.641397
-10.2,1000,8586.572948
-10.0,1000,8591.375097
-10.2,1000,8596.224454
-10.1,1000,8600.92939
-10.2,1000,8605.530432
-10.4,1000,8610.178583
-10.1,1000,8614.879149
-10.2,1000,8619.298203
-10.0,1000,8623.977887
-10.1,1000,8628.737954
-10.2,1000,8633.523166
-10.5,1000,8638.32179
-10.0,1000,8643.189539
-10.1,1000,8647.640635
-10.0,1000,8652.051649
-10.1,1000,8654.097653
-10.2,1000,8658.76677
-10.2,1000,8663.278177
-10.3,1000,8667.920851
-10.3,1000,8672.341483
-10.3,1000,8676.883683
-10.2,1000,8681.479085
-10.0,1000,8685.859679
-10.1,1000,8690.412053
-10.0,1000,8695.003959
-10.4,1000,8699.756589
-10.5,1000,8704.408512
-10.0,1000,8709.133077
-10.2,1000,8713.933949
-10.0,1000,8718.621343
-10.1,1000,8723.262278
-10.2,1000,8727.992184
-10.1,1000,8732.457317
-10.0,1000,8736.940251
-10.3,1000,8741.49682
-10.2,1000,8746.128826
-10.1,1000,8750.731285
-10.1,1000,8755.276536
-10.1,1000,8759.930706
-10.1,1000,8764.537883
-10.1,1000,8769.12046
-10.1,1000,8773.897777
-10.0,1000,8778.885244
-10.1,1000,8783.772732
-10.1,1000,8788.50965
-10.0,1000,8793.029237
-10.0,1000,8797.827774
-10.0,1000,8802.430496
-10.4,1000,8807.235602
-10.1,1000,8811.86536
-10.3,1000,8816.458675
-10.1,1000,8821.24356
-10.2,1000,8825.813488
-10.1,1000,8830.42622
-10.1,1000,8835.015801
-10.0,1000,8839.786374
-10.4,1000,8844.009022
-2.42,342,8844.71126
-10.1,1000,8850.797374
-10.2,1000,8855.467564
-10.5,1000,8860.362637
-10.1,1000,8864.985099
-10.2,1000,8869.531429
-10.0,1000,8874.098959
-10.0,1000,8878.915229
-10.0,1000,8883.782055
-10.1,1000,8888.503942
-10.1,1000,8893.168316
-10.4,1000,8897.735382
-10.1,1000,8902.570875
-10.1,1000,8906.958718
-10.2,1000,8911.519974
-10.4,1000,8915.679565
-10.0,1000,8917.727748
-10.5,1000,8922.659176
-10.3,1000,8927.325248
-10.3,1000,8931.81413
-10.1,1000,8936.405828
-10.1,1000,8941.08371
-10.0,1000,8946.01428
-10.4,1000,8950.756249
-10.2,1000,8955.490154
-10.1,1000,8960.132337
-10.0,1000,8964.810341
-10.1,1000,8969.470274
-10.1,1000,8974.132973
-10.0,1000,8978.694091
-10.4,1000,8983.261035
-10.1,1000,8987.908377
-10.1,1000,8992.825938
-10.2,1000,8997.540644
-10.1,1000,9002.012992
-10.2,1000,9006.742938
-10.2,1000,9011.403321
-10.2,1000,9015.92682
-10.1,1000,9020.55057
-10.1,1000,9025.200018
-10.0,1000,9029.801069
-10.1,1000,9034.442311
-10.1,1000,9038.93429
-10.0,1000,9043.816306
-10.1,1000,9048.552672
-10.0,1000,9053.472276
-10.1,1000,9058.32608
-10.0,1000,9062.943111
-10.2,1000,9067.977452
-10.1,1000,9072.704705
-10.2,1000,9077.492225
-10.3,1000,9082.460801
-10.1,1000,9087.255683
-10.2,1000,9092.201422
-10.2,1000,9096.930348
-10.2,1000,9101.64285
-10.1,1000,9106.446719
-10.3,1000,9110.823389
-10.0,1000,9115.320855
-10.1,1000,9117.443844
-10.1,1000,9122.205776
-10.4,1000,9126.50798
-10.1,1000,9130.798195
-10.0,1000,9135.330995
-10.2,1000,9140.080391
-10.2,1000,9144.846874
-10.0,1000,9149.576283
-10.0,1000,9154.26289
-10.0,1000,9158.922904
-10.3,1000,9163.637744
-10.1,1000,9168.33871
-10.1,1000,9172.939851
-10.1,1000,9177.821549
-10.1,1000,9182.735111
-10.1,1000,9187.660578
-10.0,1000,9192.575109
-10.2,1000,9197.393629
-10.2,1000,9202.080755
-10.0,1000,9206.80142
-10.1,1000,9211.789756
-10.0,1000,9216.518562
-10.0,1000,9221.218533
-10.1,1000,9225.963157
-10.1,1000,9230.817869
-10.1,1000,9235.366435
-10.2,1000,9239.936548
-10.1,1000,9244.905127
-10.1,1000,9249.883843
-10.2,1000,9254.653919
-10.2,1000,9259.654632
-10.1,1000,9264.641402
-10.2,1000,9269.458895
-0.48,158,9269.797708
-10.1,1000,9276.319744
-10.2,1000,9281.094334
-10.1,1000,9286.121121
-10.1,1000,9290.852765
-10.3,1000,9295.742612
-10.2,1000,9300.559818
-10.0,1000,9305.587745
-10.0,1000,9310.373806
-10.1,1000,9315.117068
-10.1,1000,9319.808263
-10.0,1000,9324.542011
-10.3,1000,9329.363602
-10.0,1000,9334.125506
-10.2,1000,9339.083946
-10.3,1000,9343.210375
-10.2,1000,9347.294837
-10.2,1000,9349.636697
-10.2,1000,9354.235952
-10.1,1000,9358.601284
-10.2,1000,9363.104741
-10.1,1000,9367.678442
-10.2,1000,9372.320394
-10.2,1000,9377.038343
-10.1,1000,9381.730648
-10.1,1000,9386.427007
-10.0,1000,9390.896277
-10.5,1000,9395.850584
-10.5,1000,9400.812982
-10.2,1000,9405.461951
-10.1,1000,9410.352065
-10.2,1000,9415.19591
-10.0,1000,9420.03899
-10.0,1000,9425.074041
-10.0,1000,9429.714542
-10.1,1000,9434.308271
-10.0,1000,9438.910716
-10.2,1000,9443.566592
-10.1,1000,9448.489731
-10.1,1000,9453.18438
-10.1,1000,9457.869662
-10.3,1000,9462.546767
-10.0,1000,9467.349186
-10.1,1000,9472.375824
-10.1,1000,9477.1129
-10.1,1000,9482.053199
-10.3,1000,9486.732834
-10.2,1000,9491.656991
-10.1,1000,9496.567071
-10.0,1000,9501.679921
-10.4,1000,9506.430749
-10.3,1000,9511.14586
-10.2,1000,9516.128456
-10.0,1000,9520.951788
-10.0,1000,9525.874133
-10.2,1000,9531.050644
-10.0,1000,9535.979337
-10.0,1000,9540.861871
-10.0,1000,9545.40105
-10.0,1000,9549.76651
-10.2,1000,9551.925794
-10.0,1000,9556.955275
-10.4,1000,9561.894444
-10.1,1000,9566.360641
-10.0,1000,9570.874965
-10.0,1000,9575.705963
-10.2,1000,9580.676703
-10.0,1000,9585.403801
-10.1,1000,9589.985142
-10.3,1000,9594.739246
-10.0,1000,9599.276575
-10.2,1000,9604.168351
-10.1,1000,9608.932587
-10.2,1000,9614.190833
-10.1,1000,9619.030515
-10.1,1000,9623.901258
-10.3,1000,9628.651627
-10.1,1000,9633.409799
-10.1,1000,9638.323708
-10.0,1000,9643.098097
-10.3,1000,9648.208154
-10.2,1000,9652.91917
-10.0,1000,9657.746799
-10.1,1000,9662.788904
-10.1,1000,9667.66719
-10.1,1000,9672.45422
-10.3,1000,9677.283525
-10.0,1000,9682.024778
-10.2,1000,9686.962635
-10.0,1000,9691.762914
-10.1,1000,9696.483781
-10.2,1000,9701.25583
-10.0,1000,9706.058745
-10.1,1000,9710.846395
-10.3,1000,9715.643538
-10.2,1000,9720.430177
-10.1,1000,9725.2422
-10.2,1000,9729.865356
-10.1,1000,9734.728003
-10.1,1000,9739.425254
-10.0,1000,9744.020993
-10.1,1000,9748.474726
-10.1,1000,9753.127518
-10.0,1000,9755.323287
-10.1,1000,9760.529481
-10.3,1000,9764.933812
-10.1,1000,9769.442397
-10.4,1000,9773.927707
-10.1,1000,9778.470412
-10.2,1000,9783.441337
-10.1,1000,9788.085618
-10.1,1000,9793.012524
-10.2,1000,9797.665753
-10.1,1000,9802.436772
-10.2,1000,9807.01812
-10.1,1000,9811.732944
-10.2,1000,9816.250698
-10.2,1000,9820.978326
-10.4,1000,9825.526402
-10.2,1000,9830.621665
-10.3,1000,9835.330871
-10.0,1000,9840.150819
-10.0,1000,9845.035982
-10.0,1000,9849.780309
-10.0,1000,9854.789689
-10.1,1000,9859.694101
-10.2,1000,9864.649867
-10.0,1000,9869.557556
-10.2,1000,9874.572782
-10.2,1000,9879.465839
-10.1,1000,9884.416287
-10.2,1000,9889.176126
-10.6,1000,9893.76619
-10.0,1000,9898.289644
-10.0,1000,9903.293818
-10.1,1000,9908.026653
-10.4,1000,9912.849357
-10.4,1000,9917.740401
-10.0,1000,9922.724902
-10.2,1000,9927.58854
-10.1,1000,9932.544187
-10.0,1000,9937.381307
-10.2,1000,9942.088718
-10.3,1000,9946.632792
-10.2,1000,9951.544328
-10.0,1000,9953.725743
-10.0,1000,9958.666434
-10.0,1000,9963.537012
-10.3,1000,9967.95844
-10.2,1000,9972.533352
-10.0,1000,9977.152622
-10.0,1000,9982.048585
-10.0,1000,9987.045017
-10.1,1000,9991.7446
-10.0,1000,9996.838887
-10.1,1000,10001.600948
-10.2,1000,10006.424941
-10.0,1000,10011.13898
-10.0,1000,10015.894506
-10.1,1000,10020.941834
-10.2,1000,10025.788978
-10.1,1000,10030.494614
-10.0,1000,10035.271331
-10.0,1000,10039.903788
-10.1,1000,10044.787215
-10.0,1000,10049.471777
-10.1,1000,10054.474078
-10.1,1000,10059.323315
-10.1,1000,10064.268504
-10.5,1000,10069.047093
-10.1,1000,10073.786286
-10.2,1000,10079.211606
-10.1,1000,10084.676302
-10.7,1000,10089.445413
-10.4,1000,10094.404482
-10.0,1000,10099.241716
-10.2,1000,10104.319415
-10.1,1000,10109.215418
-10.0,1000,10113.927532
-10.0,1000,10118.787514
-10.2,1000,10123.597103
-10.0,1000,10128.525353
-10.0,1000,10133.430279
-10.1,1000,10138.24668
-10.1,1000,10143.2386
-10.2,1000,10147.914932
-10.2,1000,10152.288156
-10.1,1000,10156.71744
-10.2,1000,10158.901829
-10.2,1000,10164.037512
-10.2,1000,10168.590381
-10.0,1000,10172.957307
-10.1,1000,10177.532742
-10.1,1000,10182.189657
-10.0,1000,10186.979237
-10.1,1000,10191.670226
-10.0,1000,10196.435576
-10.0,1000,10201.326754
-10.1,1000,10206.17282
-10.1,1000,10211.066277
-10.0,1000,10215.784331
-10.3,1000,10220.667172
-10.2,1000,10225.434852
-10.1,1000,10229.96695
-10.0,1000,10234.49015
-10.1,1000,10239.115544
-10.2,1000,10243.727507
-10.0,1000,10248.393686
-10.0,1000,10253.220689
-10.1,1000,10257.962603
-10.2,1000,10263.015869
-10.0,1000,10268.040567
-10.0,1000,10272.800318
-10.0,1000,10277.795504
-10.1,1000,10282.651204
-10.1,1000,10287.554153
-10.1,1000,10292.509609
-10.3,1000,10297.195648
-10.0,1000,10302.06358
-10.0,1000,10306.897184
-10.1,1000,10311.722224
-10.1,1000,10316.76926
-10.0,1000,10321.603773
-10.0,1000,10326.599715
-10.1,1000,10331.349312
-10.1,1000,10336.413256
-10.0,1000,10340.928315
-10.1,1000,10345.672024
-10.1,1000,10350.312541
-10.0,1000,10354.814404
-10.1,1000,10359.39718
-10.1,1000,10361.588479
-10.3,1000,10366.027879
-10.3,1000,10370.711275
-10.1,1000,10375.531962
-10.2,1000,10380.246061
-10.0,1000,10385.024982
-10.2,1000,10389.735787
-10.0,1000,10394.603091
-10.1,1000,10399.673998
-10.1,1000,10404.441985
-10.1,1000,10409.35497
-10.2,1000,10414.02645
-10.1,1000,10418.796739
-10.2,1000,10423.629507
-10.0,1000,10428.393051
-10.0,1000,10433.292271
-10.0,1000,10438.229245
-10.0,1000,10443.118517
-10.0,1000,10447.822327
-10.2,1000,10452.643351
-10.2,1000,10457.410799
-10.0,1000,10462.1049
-10.1,1000,10467.371696
-10.0,1000,10472.329031
-10.1,1000,10477.101252
-10.3,1000,10482.13835
-10.0,1000,10486.974348
-10.1,1000,10491.765324
-10.0,1000,10496.491444
-10.1,1000,10501.298531
-10.2,1000,10506.327525
-10.1,1000,10511.217278
-10.0,1000,10515.954799
-10.0,1000,10520.821384
-10.0,1000,10525.472173
-10.0,1000,10530.118545
-10.0,1000,10534.806668
-10.0,1000,10539.687695
-10.2,1000,10544.496617
-10.2,1000,10548.991769
-10.1,1000,10553.507425
-10.3,1000,10557.960851
-10.2,1000,10560.121251
-10.1,1000,10565.016877
-10.0,1000,10569.492841
-10.1,1000,10574.018684
-10.0,1000,10578.408821
-10.2,1000,10583.089808
-10.2,1000,10588.075119
-10.0,1000,10593.020644
-10.0,1000,10597.906423
-10.1,1000,10602.554637
-10.2,1000,10607.52747
-10.1,1000,10612.320555
-10.0,1000,10616.971383
-10.2,1000,10621.71259
-10.2,1000,10626.339216
-10.1,1000,10630.8988
-10.0,1000,10635.611555
-10.1,1000,10640.374728
-10.0,1000,10645.140471
-10.0,1000,10649.839897
-10.1,1000,10654.963401
-10.1,1000,10659.984679
-10.0,1000,10664.791472
-10.2,1000,10669.534698
-10.0,1000,10674.253244
-10.2,1000,10679.118684
-10.1,1000,10684.005336
-10.0,1000,10688.750014
-10.0,1000,10693.602409
-10.0,1000,10698.519907
-10.0,1000,10703.696775
-10.1,1000,10708.131156
-10.0,1000,10712.982556
-10.1,1000,10717.637401
-10.0,1000,10722.466475
-10.0,1000,10727.205082
-10.1,1000,10731.905593
-10.0,1000,10736.586682
-10.3,1000,10741.627691
-10.0,1000,10746.496145
-10.0,1000,10751.23669
-10.0,1000,10755.965953
-10.4,1000,10760.377037
-10.1,1000,10762.515754
-10.0,1000,10767.968464
-10.1,1000,10772.465294
-10.0,1000,10777.245622
-10.1,1000,10781.73402
-10.0,1000,10786.547299
-10.2,1000,10791.35996
-10.2,1000,10796.131162
-10.0,1000,10800.968688
-10.0,1000,10805.626438
-10.2,1000,10810.541664
-10.0,1000,10815.219871
-10.2,1000,10820.010503
-10.1,1000,10824.896494
-10.0,1000,10829.618915
-10.3,1000,10834.231471
-10.1,1000,10838.893103
-10.1,1000,10843.769872
-10.0,1000,10848.398172
-10.0,1000,10853.265011
-10.1,1000,10857.892074
-10.0,1000,10862.631481
-10.1,1000,10867.264651
-10.0,1000,10871.953167
-10.1,1000,10876.645473
-10.3,1000,10881.328605
-10.1,1000,10886.011678
-10.3,1000,10890.93091
-10.0,1000,10895.82499
-10.2,1000,10900.687654
-10.0,1000,10905.515002
-10.2,1000,10910.208069
-10.2,1000,10914.863646
-10.3,1000,10919.576632
-10.0,1000,10924.465499
-10.0,1000,10929.223328
-10.0,1000,10934.058621
-10.3,1000,10938.931662
-10.2,1000,10943.846295
-10.2,1000,10948.510074
-10.0,1000,10953.130903
-10.1,1000,10957.334921
-10.2,1000,10961.820745
-10.0,1000,10963.956352
-10.3,1000,10969.638435
-10.5,1000,10973.937817
-10.0,1000,10978.745552
-10.0,1000,10983.610366
-10.0,1000,10988.558383
-10.2,1000,10993.118635
-10.4,1000,10997.925647
-10.1,1000,11002.761451
-10.1,1000,11007.606902
-10.1,1000,11012.411043
-10.1,1000,11017.261659
-10.2,1000,11021.896795
-10.0,1000,11026.604906
-10.0,1000,11031.283738
-10.1,1000,11036.015635
-10.0,1000,11040.973027
-10.0,1000,11045.833249
-10.0,1000,11050.600696
-10.1,1000,11055.420489
-10.0,1000,11060.15242
-10.0,1000,11064.820849
-10.2,1000,11069.487124
-10.1,1000,11074.172461
-10.1,1000,11079.050071
-10.0,1000,11083.664311
-10.1,1000,11088.330184
-10.1,1000,11093.255985
-10.1,1000,11098.201703
-10.2,1000,11103.403681
-10.0,1000,11108.229346
-10.1,1000,11112.860401
-10.2,1000,11117.701056
-10.2,1000,11122.653338
-10.1,1000,11127.584848
-10.2,1000,11132.383389
-10.1,1000,11137.457829
-10.0,1000,11142.307432
-10.0,1000,11146.99226
-10.1,1000,11151.539565
-10.1,1000,11156.104899
-10.0,1000,11160.639364
-10.2,1000,11162.783268
-10.0,1000,11167.382036
-10.0,1000,11171.940844
-10.0,1000,11176.367183
-10.1,1000,11180.778787
-10.1,1000,11185.440921
-10.1,1000,11190.447074
-10.2,1000,11195.18416
-10.2,1000,11199.760059
-10.2,1000,11204.51407
-10.2,1000,11209.180274
-10.0,1000,11213.716578
-10.2,1000,11218.285707
-10.0,1000,11223.06364
-10.2,1000,11228.000844
-10.1,1000,11232.838499
-10.1,1000,11237.740368
-10.1,1000,11242.47673
-10.1,1000,11247.144868
-10.2,1000,11251.915224
-10.1,1000,11257.006148
-10.0,1000,11261.846774
-10.2,1000,11266.612637
-10.1,1000,11271.311215
-10.1,1000,11276.262606
-10.2,1000,11280.984567
-10.0,1000,11285.715761
-10.0,1000,11290.499456
-10.1,1000,11295.379585
-10.1,1000,11300.26523
-10.0,1000,11305.02204
-10.1,1000,11309.775791
-10.0,1000,11314.657341
-10.0,1000,11319.329247
-10.0,1000,11324.240291
-10.0,1000,11329.212989
-10.1,1000,11334.126212
-10.0,1000,11338.798667
-10.0,1000,11343.667747
-10.0,1000,11348.37865
-10.0,1000,11353.092571
-10.1,1000,11357.633474
-10.2,1000,11362.143187
-10.0,1000,11364.286567
-10.1,1000,11369.375226
-10.0,1000,11373.693342
-10.1,1000,11377.941516
-10.1,1000,11382.514795
-10.0,1000,11387.307856
-10.0,1000,11391.955497
-10.0,1000,11396.667817
-10.3,1000,11401.343589
-10.0,1000,11406.328347
-10.0,1000,11411.207627
-10.0,1000,11416.106372
-10.0,1000,11421.031913
-10.0,1000,11425.858636
-10.0,1000,11430.572118
-10.1,1000,11435.453561
-10.1,1000,11440.33309
-10.1,1000,11445.178394
-10.0,1000,11449.92828
-10.0,1000,11454.675441
-10.1,1000,11459.300725
-10.1,1000,11464.165308
-10.0,1000,11468.9699
-10.2,1000,11473.827571
-10.1,1000,11478.608823
-10.0,1000,11483.457456
-10.0,1000,11488.192698
-10.1,1000,11493.0178
-10.2,1000,11497.720039
-10.1,1000,11502.495991
-10.0,1000,11507.413302
-10.0,1000,11512.00236
-10.2,1000,11516.807678
-10.0,1000,11521.647711
-10.2,1000,11526.543117
-10.1,1000,11531.549888
-10.2,1000,11536.299412
-10.1,1000,11540.783278
-10.1,1000,11545.480177
-10.4,1000,11550.233301
-10.1,1000,11554.623486
-10.0,1000,11558.981748
-10.0,1000,11563.429728
-10.1,1000,11565.514431
-10.0,1000,11570.792085
-10.1,1000,11574.993632
-10.0,1000,11579.441851
-10.0,1000,11584.053868
-10.0,1000,11588.816869
-10.1,1000,11593.472012
-10.0,1000,11598.220174
-10.1,1000,11602.757516
-10.2,1000,11607.418663
-10.2,1000,11612.031696
-10.2,1000,11616.644055
-10.1,1000,11621.334535
-10.1,1000,11626.216084
-10.0,1000,11631.176754
-10.0,1000,11635.651408
-10.2,1000,11640.363634
-10.1,1000,11645.017894
-10.0,1000,11649.750818
-10.0,1000,11654.657921
-10.0,1000,11659.135261
-10.1,1000,11663.732049
-10.1,1000,11668.457258
-10.1,1000,11673.404138
-10.2,1000,11678.272869
-10.0,1000,11682.892744
-10.0,1000,11687.781071
-10.1,1000,11692.78593
-10.1,1000,11697.704619
-10.0,1000,11702.476001
-10.0,1000,11707.445857
-10.1,1000,11712.462382
-10.5,1000,11717.194727
-10.0,1000,11722.157361
-10.0,1000,11726.79437
-10.1,1000,11731.783487
-10.1,1000,11736.717289
-10.0,1000,11741.471656
-10.2,1000,11746.168694
-10.0,1000,11750.933783
-10.0,1000,11755.47906
-10.0,1000,11759.824777
-10.0,1000,11761.97137
-10.1,1000,11767.320425
-10.0,1000,11771.651785
-10.0,1000,11775.782264
-10.1,1000,11780.261656
-10.0,1000,11784.905645
-10.1,1000,11789.412726
-10.1,1000,11794.095298
-10.1,1000,11798.765296
-10.2,1000,11803.360268
-10.0,1000,11808.045052
-10.0,1000,11812.435281
-10.0,1000,11817.002082
-10.0,1000,11821.777995
-10.0,1000,11826.310091
-10.1,1000,11830.854167
-10.1,1000,11835.29683
-10.2,1000,11839.924114
-10.1,1000,11844.297041
-10.0,1000,11848.890626
-10.0,1000,11853.419673
-10.1,1000,11858.187792
-10.1,1000,11862.826357
-10.1,1000,11867.441258
-10.1,1000,11872.032652
-10.1,1000,11876.629538
-10.1,1000,11881.939197
-10.0,1000,11886.836908
-10.0,1000,11891.425833
-10.0,1000,11895.902391
-10.2,1000,11900.520143
-10.0,1000,11905.3412
-10.0,1000,11909.875954
-10.1,1000,11914.394228
-10.0,1000,11918.731394
-10.0,1000,11923.215614
-10.0,1000,11927.598305
-10.1,1000,11932.270182
-10.0,1000,11936.875696
-10.0,1000,11941.520141
-10.1,1000,11945.834059
-10.0,1000,11949.96296
-10.0,1000,11954.081021
-10.1,1000,11956.058668
-10.0,1000,11960.929852
-10.0,1000,11965.01098
-10.4,1000,11969.176172
-10.2,1000,11973.580136
-10.1,1000,11978.215759
-10.2,1000,11982.902895
-10.0,1000,11987.401584
-10.0,1000,11991.763435
-10.1,1000,11996.310276
-10.1,1000,12001.172948
-10.1,1000,12005.737906
-10.0,1000,12010.554529
-10.1,1000,12015.311592
-10.2,1000,12020.445264
-10.1,1000,12025.110085
-10.1,1000,12029.929338
-10.0,1000,12034.651707
-10.0,1000,12039.24155
-10.1,1000,12043.787678
-10.0,1000,12048.533194
-10.0,1000,12053.09524
-10.1,1000,12057.658135
-10.1,1000,12062.576394
-10.1,1000,12067.078151
-10.1,1000,12071.750064
-10.1,1000,12076.529504
-10.0,1000,12081.505673
-10.0,1000,12086.207277
-10.0,1000,12090.925925
-10.0,1000,12095.856916
-10.1,1000,12100.460768
-10.0,1000,12105.214317
-10.0,1000,12109.884248
-10.0,1000,12114.427667
-10.2,1000,12119.067991
-10.0,1000,12123.832968
-10.2,1000,12128.545449
-10.0,1000,12133.662792
-10.4,1000,12138.47096
-10.1,1000,12143.469603
-10.0,1000,12148.040556
-10.0,1000,12152.428194
-10.0,1000,12154.55645
-10.1,1000,12160.120178
-10.0,1000,12164.546437
-10.0,1000,12169.047368
-10.0,1000,12173.688366
-10.0,1000,12178.116576
-10.5,1000,12182.735209
-10.1,1000,12187.139868
-10.2,1000,12192.096468
-10.0,1000,12196.911675
-10.2,1000,12201.672032
-10.0,1000,12206.313586
-10.0,1000,12211.089829
-10.0,1000,12215.599194
-10.0,1000,12220.392065
-10.0,1000,12225.271475
-10.1,1000,12230.135845
-10.1,1000,12234.617702
-10.1,1000,12239.327119
-10.0,1000,12244.154695
-10.1,1000,12249.035651
-10.0,1000,12253.665493
-10.0,1000,12258.251503
-10.3,1000,12262.906229
-10.2,1000,12267.930658
-10.3,1000,12272.600785
-10.1,1000,12277.265244
-10.0,1000,12281.927287
-10.2,1000,12286.448159
-10.1,1000,12291.334474
-10.0,1000,12295.863288
-10.0,1000,12300.739273
-10.0,1000,12305.551978
-10.3,1000,12310.532815
-10.0,1000,12315.105742
-10.0,1000,12319.613771
-10.0,1000,12324.11326
-10.1,1000,12328.909967
-10.0,1000,12333.63239
-10.0,1000,12338.078135
-10.6,1000,12342.473356
-10.1,1000,12347.097549
-10.2,1000,12349.146594
-10.2,1000,12354.019998
-10.1,1000,12358.650496
-10.1,1000,12363.426893
-10.0,1000,12367.902675
-10.1,1000,12372.547765
-10.2,1000,12377.425329
-10.3,1000,12382.239369
-10.1,1000,12386.830962
-10.1,1000,12391.629029
-10.0,1000,12396.329223
-10.0,1000,12400.923009
-10.0,1000,12405.835846
-10.1,1000,12410.70681
-10.0,1000,12415.466998
-10.2,1000,12420.179254
-10.1,1000,12424.976084
-10.0,1000,12429.823984
-10.0,1000,12434.267836
-10.1,1000,12438.963831
-10.0,1000,12443.751417
-10.1,1000,12448.384124
-10.2,1000,12453.221879
-10.1,1000,12458.068547
-10.0,1000,12462.993069
-10.1,1000,12467.843752
-10.1,1000,12472.990285
-10.1,1000,12477.560386
-10.1,1000,12482.370102
-10.2,1000,12487.150318
-10.1,1000,12491.982595
-10.2,1000,12496.992317
-10.1,1000,12501.817705
-10.0,1000,12506.723582
-10.0,1000,12511.549653
-10.2,1000,12516.318336
-10.0,1000,12521.275727
-10.3,1000,12526.226014
-10.3,1000,12531.148205
-10.0,1000,12535.917721
-10.0,1000,12540.587139
-10.0,1000,12545.098828
-10.0,1000,12549.283448
-10.1,1000,12551.448802
-10.3,1000,12556.343325
-10.0,1000,12560.767424
-10.0,1000,12565.304452
-10.4,1000,12569.971977
-10.0,1000,12574.605162
-10.0,1000,12579.244461
-10.1,1000,12584.139985
-10.0,1000,12589.061047
-10.0,1000,12594.03248
-10.0,1000,12599.048514
-10.0,1000,12603.964102
-10.1,1000,12608.650196
-10.0,1000,12613.587245
-10.1,1000,12618.212514
-10.0,1000,12622.756113
-10.0,1000,12627.268101
-10.0,1000,12631.981212
-10.0,1000,12636.653203
-10.2,1000,12641.38571
-10.1,1000,12646.175324
-10.1,1000,12650.887149
-10.0,1000,12655.575589
-10.0,1000,12660.226185
-10.0,1000,12664.931608
-10.1,1000,12669.643198
-10.0,1000,12674.556867
-10.0,1000,12679.314744
-10.0,1000,12684.187756
-10.2,1000,12688.852547
-10.0,1000,12693.417325
-10.0,1000,12698.021765
-10.0,1000,12702.714424
-10.0,1000,12707.455542
-10.0,1000,12712.092914
-10.3,1000,12716.739264
-10.1,1000,12721.44509
-10.0,1000,12726.327938
-10.2,1000,12731.167505
-10.0,1000,12735.784592
-10.0,1000,12740.420261
-10.0,1000,12744.930629
-10.0,1000,12749.64885
-10.4,1000,12751.818048
-10.0,1000,12757.906832
-10.1,1000,12762.302607
-10.0,1000,12767.167066
-10.0,1000,12772.209838
-10.1,1000,12776.879201
-10.0,1000,12781.754853
-10.0,1000,12786.362427
-10.2,1000,12791.261493
-10.2,1000,12796.094131
-10.2,1000,12800.704087
-10.0,1000,12805.478183
-10.0,1000,12810.286861
-10.0,1000,12815.392583
-10.0,1000,12820.276397
-10.0,1000,12825.208068
-10.3,1000,12829.968853
-10.0,1000,12834.847275
-10.1,1000,12839.51156
-10.1,1000,12844.232832
-10.2,1000,12849.04512
-10.1,1000,12853.672326
-10.0,1000,12858.481234
-10.1,1000,12863.26231
-10.0,1000,12868.118732
-10.1,1000,12873.004204
-10.0,1000,12877.944973
-10.2,1000,12882.462529
-10.0,1000,12887.061205
-10.1,1000,12891.761463
-10.3,1000,12896.494532
-10.0,1000,12901.402667
-10.0,1000,12906.290589
-10.1,1000,12910.975788
-10.0,1000,12915.76665
-10.1,1000,12920.421486
-10.1,1000,12925.20911
-10.0,1000,12930.308982
-10.1,1000,12935.243901
-10.0,1000,12939.874404
-10.1,1000,12944.492486
-10.1,1000,12948.897855
-10.3,1000,12951.2011
-10.0,1000,12955.715274
-10.1,1000,12960.315132
-10.2,1000,12964.813828
-10.0,1000,12969.723421
-10.1,1000,12974.223297
-10.1,1000,12979.061752
-10.0,1000,12983.990295
-10.1,1000,12988.934994
-10.3,1000,12993.663577
-10.0,1000,12998.568549
-10.0,1000,13003.30669
-10.0,1000,13008.270376
-10.1,1000,13013.01064
-10.0,1000,13017.793333
-10.0,1000,13022.420965
-10.0,1000,13026.958256
-10.1,1000,13031.732531
-10.0,1000,13036.394442
-10.1,1000,13041.141139
-10.1,1000,13045.825868
-10.0,1000,13050.769409
-10.0,1000,13055.586241
-10.0,1000,13060.186091
-10.2,1000,13064.916333
-10.1,1000,13069.65975
-10.0,1000,13074.25476
-10.0,1000,13079.381043
-10.0,1000,13084.082714
-10.0,1000,13088.928028
-10.1,1000,13093.751229
-10.0,1000,13098.757698
-10.0,1000,13103.605416
-10.1,1000,13108.317721
-10.0,1000,13113.052415
-10.1,1000,13117.804875
-10.0,1000,13122.692949
-10.0,1000,13127.198586
-10.0,1000,13131.890602
-10.0,1000,13136.723603
-10.0,1000,13141.527714
-10.1,1000,13145.999896
-10.0,1000,13150.787917
-10.1,1000,13152.977904
-10.0,1000,13158.095514
-10.0,1000,13162.647113
-10.2,1000,13167.266578
-10.1,1000,13172.306493
-10.0,1000,13177.093065
-10.0,1000,13182.015096
-10.1,1000,13186.893459
-10.0,1000,13192.062517
-10.0,1000,13196.948646
-10.3,1000,13201.825729
-10.0,1000,13206.50987
-10.1,1000,13211.280863
-10.0,1000,13215.787333
-10.3,1000,13220.59106
-10.1,1000,13225.369684
-10.0,1000,13230.41771
-10.1,1000,13235.205048
-10.2,1000,13240.180495
-10.2,1000,13244.965559
-10.0,1000,13249.679545
-10.1,1000,13254.496149
-10.1,1000,13259.325379
-10.2,1000,13264.036919
-10.1,1000,13268.952973
-10.1,1000,13273.979113
-10.0,1000,13278.661979
-10.0,1000,13283.960409
-10.1,1000,13288.919469
-10.0,1000,13293.609068
-10.1,1000,13298.573453
-10.0,1000,13303.673217
-10.1,1000,13308.462146
-10.1,1000,13313.430128
-10.1,1000,13318.310187
-10.1,1000,13323.245835
-10.0,1000,13328.142455
-10.0,1000,13332.885943
-10.0,1000,13337.887187
-10.1,1000,13342.61839
-10.0,1000,13347.171761
-10.0,1000,13351.813455
-10.0,1000,13356.595817
-10.0,1000,13358.888693
-10.0,1000,13364.335128
-10.0,1000,13369.315948
-10.3,1000,13374.027822
-10.1,1000,13378.6759
-10.0,1000,13383.674703
-10.1,1000,13388.387816
-10.2,1000,13393.251483
-10.0,1000,13398.360646
-10.2,1000,13403.382113
-10.0,1000,13408.22726
-10.3,1000,13413.178867
-10.1,1000,13418.049993
-10.0,1000,13422.82583
-10.1,1000,13427.525484
-10.0,1000,13432.527316
-10.2,1000,13437.395682
-10.1,1000,13442.121456
-10.0,1000,13447.062787
-10.0,1000,13451.835194
-10.1,1000,13456.869374
-10.0,1000,13461.725388
-10.1,1000,13466.333064
-10.1,1000,13471.436622
-10.1,1000,13476.198419
-10.1,1000,13480.971685
-10.0,1000,13485.898408
-10.0,1000,13490.818232
-10.3,1000,13495.677317
-10.0,1000,13500.406666
-10.0,1000,13505.184853
-10.0,1000,13510.038154
-10.0,1000,13514.865652
-10.0,1000,13519.644637
-10.2,1000,13524.733275
-10.0,1000,13529.47516
-10.2,1000,13534.380955
-10.0,1000,13539.396139
-10.0,1000,13544.66687
-10.1,1000,13549.424524
-10.2,1000,13554.129739
-10.0,1000,13558.623625
-10.0,1000,13560.828912
-10.1,1000,13565.522948
-10.0,1000,13570.303878
-10.0,1000,13574.682677
-10.0,1000,13579.437932
-10.0,1000,13584.401429
-10.1,1000,13589.316742
-10.0,1000,13594.20062
-10.0,1000,13598.907556
-10.1,1000,13603.725419
-10.0,1000,13608.394044
-10.0,1000,13613.10375
-10.0,1000,13618.014797
-10.0,1000,13623.012615
-10.0,1000,13627.962345
-10.0,1000,13632.883883
-10.0,1000,13637.634832
-10.0,1000,13642.372063
-10.1,1000,13647.259766
-10.4,1000,13652.124252
-10.0,1000,13656.776913
-10.1,1000,13661.68276
-10.2,1000,13666.373785
-10.0,1000,13671.263301
-10.0,1000,13676.154498
-10.0,1000,13681.455519
-10.0,1000,13686.715695
-10.0,1000,13691.461651
-10.1,1000,13696.419791
-10.0,1000,13701.34273
-10.0,1000,13706.515725
-10.0,1000,13711.41096
-10.0,1000,13716.263794
-10.0,1000,13721.151875
-10.1,1000,13726.130664
-10.0,1000,13730.859046
-10.2,1000,13735.556943
-10.0,1000,13740.474439
-10.0,1000,13745.256437
-10.1,1000,13750.025696
-10.0,1000,13754.737396
-10.0,1000,13759.429177
-10.0,1000,13764.134118
-10.0,1000,13766.306454
-10.2,1000,13771.489251
-10.0,1000,13775.958128
-10.1,1000,13780.588109
-10.0,1000,13785.137863
-10.1,1000,13789.910989
-10.1,1000,13794.977487
-10.1,1000,13799.80553
-10.1,1000,13804.606151
-10.0,1000,13809.324884
-10.0,1000,13814.252843
-10.1,1000,13819.089842
-10.0,1000,13823.796044
-10.1,1000,13828.632365
-10.0,1000,13833.678636
-10.0,1000,13838.530519
-10.0,1000,13843.210818
-10.0,1000,13847.988404
-10.1,1000,13852.779229
-10.0,1000,13857.599414
-10.0,1000,13862.425422
-10.1,1000,13867.33336
-10.0,1000,13872.140676
-10.0,1000,13876.987246
-10.2,1000,13881.954692
-10.0,1000,13886.897944
-10.0,1000,13891.894561
-10.0,1000,13896.979751
-10.2,1000,13902.155902
-10.0,1000,13907.228519
-10.1,1000,13912.159963
-10.0,1000,13917.118584
-10.2,1000,13922.051823
-10.1,1000,13927.008798
-10.0,1000,13932.032843
-10.1,1000,13936.883481
-10.1,1000,13941.78465
-10.2,1000,13946.879678
-10.1,1000,13951.565535
-10.0,1000,13956.334239
-10.1,1000,13961.207796
-10.2,1000,13965.803355
-10.3,1000,13970.524148
-10.3,1000,13972.733296
-10.2,1000,13978.882982
-10.0,1000,13983.375106
-10.0,1000,13987.918767
-10.1,1000,13992.603324
-10.0,1000,13997.504526
-10.0,1000,14002.25218
-10.2,1000,14006.912403
-10.0,1000,14011.848643
-10.0,1000,14016.669137
-10.1,1000,14021.453716
-10.1,1000,14026.278986
-10.1,1000,14031.136765
-10.1,1000,14035.76773
-10.0,1000,14040.524721
-10.2,1000,14045.315582
-10.1,1000,14049.924189
-10.0,1000,14054.67164
-10.0,1000,14059.377685
-10.0,1000,14064.054415
-10.1,1000,14068.791948
-10.1,1000,14073.591214
-10.0,1000,14078.462637
-10.0,1000,14083.438428
-10.1,1000,14088.276819
-10.2,1000,14092.803399
-10.2,1000,14097.513677
-10.0,1000,14102.320818
-10.0,1000,14107.085818
-10.1,1000,14111.807233
-10.0,1000,14116.738511
-10.1,1000,14121.479146
-10.0,1000,14126.288382
-10.1,1000,14130.980595
-10.0,1000,14135.636309
-10.0,1000,14140.485105
-10.0,1000,14145.201429
-10.1,1000,14149.942219
-10.0,1000,14154.717788
-10.1,1000,14159.277091
-10.0,1000,14163.821193
-10.0,1000,14168.535136
-10.2,1000,14170.681438
-10.3,1000,14176.188342
-10.1,1000,14180.938931
-10.0,1000,14185.738457
-10.1,1000,14190.270847
-10.2,1000,14194.970517
-10.0,1000,14200.020873
-10.2,1000,14205.077578
-10.1,1000,14210.017808
-10.1,1000,14214.979746
-10.3,1000,14219.79266
-10.0,1000,14224.520971
-10.1,1000,14229.37664
-10.1,1000,14234.563976
-10.1,1000,14239.298284
-10.1,1000,14244.137475
-10.1,1000,14248.932539
-10.2,1000,14253.702658
-10.0,1000,14258.25951
-10.0,1000,14262.796829
-10.0,1000,14267.511116
-10.1,1000,14272.234254
-10.0,1000,14277.070346
-10.1,1000,14282.0428
-10.0,1000,14286.859742
-10.0,1000,14291.985269
-10.1,1000,14297.141445
-10.0,1000,14302.225904
-10.1,1000,14307.115157
-10.1,1000,14312.016744
-10.2,1000,14316.592479
-10.1,1000,14321.288146
-10.1,1000,14326.214812
-10.0,1000,14331.30332
-10.1,1000,14336.347851
-10.3,1000,14341.166917
-10.0,1000,14345.77929
-10.1,1000,14350.501048
-10.1,1000,14355.276521
-10.0,1000,14360.132175
-10.0,1000,14364.823315
-10.2,1000,14369.387629
-10.1,1000,14374.309669
-10.1,1000,14376.42804
-10.0,1000,14381.404945
-10.0,1000,14385.757164
-10.0,1000,14390.58313
-10.0,1000,14395.110241
-10.1,1000,14399.705078
-10.0,1000,14404.413419
-10.1,1000,14409.090181
-10.1,1000,14414.079551
-10.0,1000,14418.855099
-10.0,1000,14423.401935
-10.1,1000,14428.067677
-10.0,1000,14432.960912
-10.0,1000,14437.946583
-10.0,1000,14442.743775
-10.1,1000,14447.433955
-10.0,1000,14452.04292
-10.1,1000,14456.758619
-10.0,1000,14461.721423
-10.0,1000,14466.518127
-10.1,1000,14471.238728
-10.1,1000,14476.053053
-10.0,1000,14480.612297
-10.0,1000,14485.355897
-10.0,1000,14489.988849
-10.1,1000,14494.522185
-10.1,1000,14499.195763
-10.0,1000,14503.985702
-10.0,1000,14508.72799
-10.0,1000,14513.413595
-10.1,1000,14518.138975
-10.0,1000,14523.084841
-10.0,1000,14527.97065
-10.0,1000,14532.683921
-10.1,1000,14537.593279
-10.1,1000,14542.224653
-10.1,1000,14547.132756
-10.0,1000,14551.837529
-10.0,1000,14556.638101
-10.1,1000,14561.537597
-10.0,1000,14566.261804
-10.0,1000,14570.490994
-10.0,1000,14575.123405
-10.1,1000,14577.24438
-10.0,1000,14582.164557
-10.1,1000,14586.55453
-10.0,1000,14591.264009
-10.0,1000,14596.028722
-10.0,1000,14600.806185
-10.5,1000,14605.69658
-10.0,1000,14610.440813
-10.0,1000,14615.060977
-10.1,1000,14619.850582
-10.2,1000,14624.81146
-10.0,1000,14629.571406
-10.0,1000,14634.464696
-10.0,1000,14639.344441
-10.2,1000,14644.019569
-10.0,1000,14648.667057
-10.0,1000,14653.197245
-10.0,1000,14657.561527
-10.0,1000,14662.07188
-10.0,1000,14666.897559
-10.1,1000,14671.772115
-10.0,1000,14676.710857
-10.0,1000,14681.558439
-10.0,1000,14686.146415
-10.1,1000,14690.910317
-10.0,1000,14695.768636
-10.0,1000,14700.717024
-10.1,1000,14705.341053
-10.0,1000,14709.954863
-10.1,1000,14714.763821
-10.0,1000,14719.367454
-10.0,1000,14724.108839
-10.0,1000,14728.870432
-10.1,1000,14733.737009
-10.1,1000,14738.492483
-10.1,1000,14743.38079
-10.0,1000,14748.14827
-10.1,1000,14752.789626
-10.0,1000,14757.456449
-10.0,1000,14762.175157
-10.0,1000,14766.666807
-10.0,1000,14770.711665
-10.0,1000,14772.826451
-10.0,1000,14777.832322
-10.0,1000,14782.346064
-10.0,1000,14786.57717
-10.0,1000,14790.923457
-10.0,1000,14795.576757
-10.1,1000,14800.434461
-10.0,1000,14805.294113
-10.1,1000,14809.942401
-10.0,1000,14814.66127
-10.0,1000,14819.444516
-10.0,1000,14824.447805
-10.0,1000,14829.217001
-10.0,1000,14833.886996
-10.0,1000,14838.502623
-10.2,1000,14843.403504
-10.0,1000,14848.02407
-10.1,1000,14852.63028
-10.1,1000,14857.335487
-10.0,1000,14862.195109
-10.1,1000,14866.858513
-10.3,1000,14871.68011
-10.0,1000,14876.429779
-10.2,1000,14881.489787
-10.0,1000,14886.097142
-10.1,1000,14890.9999
-10.1,1000,14895.826439
-10.0,1000,14900.676123
-10.1,1000,14905.617455
-10.2,1000,14910.370006
-10.1,1000,14915.205795
-10.0,1000,14919.89868
-10.0,1000,14924.695053
-10.1,1000,14929.385055
-10.0,1000,14934.437895
-10.0,1000,14939.297576
-10.0,1000,14943.930142
-10.0,1000,14948.536897
-0.83,183,14948.910807
-10.1,1000,14955.408755
-10.1,1000,14960.035383
-10.2,1000,14964.687181
-10.1,1000,14969.365539
-10.2,1000,14973.998176
-10.1,1000,14978.596047
-10.0,1000,14983.211512
-10.1,1000,14987.708666
-10.0,1000,14992.346471
-10.0,1000,14996.95181
-10.0,1000,15001.202715
-10.1,1000,15005.633614
-10.1,1000,15010.191278
-10.0,1000,15012.279608
-10.0,1000,15017.237274
-10.1,1000,15021.73192
-10.0,1000,15026.689332
-10.1,1000,15031.440533
-10.0,1000,15036.398624
-10.0,1000,15041.061166
-10.0,1000,15045.674374
-10.1,1000,15050.436309
-10.1,1000,15055.036974
-10.0,1000,15059.804669
-10.1,1000,15064.383351
-10.1,1000,15069.114034
-10.1,1000,15073.568973
-10.0,1000,15078.072066
-10.0,1000,15082.758816
-10.0,1000,15087.485394
-10.0,1000,15092.482687
-10.0,1000,15097.200044
-10.0,1000,15101.914664
-10.0,1000,15106.729298
-10.0,1000,15111.521749
-10.1,1000,15116.305561
-10.0,1000,15121.324173
-10.0,1000,15125.849176
-10.0,1000,15130.549512
-10.0,1000,15135.378917
-10.1,1000,15140.066166
-10.0,1000,15144.761859
-10.1,1000,15149.327552
-10.1,1000,15153.841753
-10.0,1000,15158.355358
-10.0,1000,15162.989516
-10.2,1000,15167.768074
-10.0,1000,15172.223571
-10.0,1000,15176.865504
-10.0,1000,15181.394957
-10.1,1000,15186.10433
-10.1,1000,15190.787682
-10.1,1000,15195.325697
-10.0,1000,15199.709667
-10.0,1000,15204.021852
-10.0,1000,15206.039129
-10.1,1000,15211.095349
-10.0,1000,15215.488473
-10.1,1000,15219.81079
-10.0,1000,15224.327165
-10.1,1000,15228.739419
-10.0,1000,15233.324146
-10.1,1000,15237.737613
-10.0,1000,15242.391648
-10.0,1000,15247.02724
-10.0,1000,15251.697024
-10.1,1000,15256.399075
-10.1,1000,15261.063416
-10.1,1000,15265.808452
-10.0,1000,15270.333077
-10.1,1000,15274.965011
-10.0,1000,15279.449218
-10.0,1000,15283.939566
-10.1,1000,15288.383633
-10.0,1000,15292.89647
-10.1,1000,15297.354024
-10.0,1000,15302.036729
-10.0,1000,15306.762864
-10.0,1000,15311.417252
-10.0,1000,15316.042641
-10.0,1000,15320.60322
-10.0,1000,15325.31856
-10.1,1000,15330.10856
-10.0,1000,15334.884071
-10.0,1000,15339.692046
-10.0,1000,15344.368512
-10.1,1000,15348.962491
-10.0,1000,15353.531431
-10.1,1000,15358.294237
-10.0,1000,15363.24635
-10.0,1000,15368.119281
-10.0,1000,15372.768946
-10.0,1000,15377.55259
-10.0,1000,15382.086015
-10.1,1000,15386.631703
-10.1,1000,15391.174335
-10.0,1000,15395.880512
-10.1,1000,15400.220705
-10.1,1000,15402.324726
-10.0,1000,15407.526946
-10.2,1000,15411.826628
-10.0,1000,15416.019234
-10.0,1000,15420.792433
-10.1,1000,15425.564221
-10.0,1000,15430.328362
-10.0,1000,15434.882409
-10.0,1000,15439.573596
-10.0,1000,15444.177828
-10.0,1000,15448.710553
-10.0,1000,15453.472131
-10.0,1000,15458.321797
-10.0,1000,15462.891295
-10.1,1000,15467.336263
-10.0,1000,15471.98024
-10.0,1000,15476.449196
-10.1,1000,15481.762784
-10.0,1000,15486.893029
-10.0,1000,15491.839421
-10.0,1000,15496.596579
-10.0,1000,15501.302819
-10.1,1000,15505.933349
-10.0,1000,15510.628577
-10.1,1000,15515.354611
-10.0,1000,15520.246073
-10.0,1000,15524.762423
-10.1,1000,15529.145979
-10.0,1000,15533.518441
-10.0,1000,15537.955075
-10.0,1000,15542.733118
-10.0,1000,15547.68328
-10.1,1000,15552.427274
-10.0,1000,15557.308888
-10.0,1000,15562.412279
-10.1,1000,15567.222519
-10.0,1000,15572.034486
-10.1,1000,15576.639975
-10.0,1000,15581.460503
-10.0,1000,15586.153554
-10.0,1000,15590.764718
-10.0,1000,15595.222283
-10.0,1000,15599.597383
-10.0,1000,15601.686753
-10.2,1000,15606.682362
-10.0,1000,15610.644496
-10.1,1000,15615.106932
-10.2,1000,15619.684927
-10.0,1000,15624.501473
-10.0,1000,15629.392539
-10.0,1000,15634.286342
-10.0,1000,15639.027062
-10.1,1000,15643.63532
-10.1,1000,15648.390274
-10.1,1000,15653.251769
-10.0,1000,15658.086056
-10.0,1000,15662.975474
-10.0,1000,15667.780834
-10.0,1000,15672.415657
-10.0,1000,15677.190145
-10.0,1000,15681.768724
-10.1,1000,15686.575598
-10.0,1000,15691.387544
-10.1,1000,15696.328176
-10.0,1000,15701.129834
-10.0,1000,15705.723822
-10.0,1000,15710.295298
-10.0,1000,15714.985574
-10.0,1000,15719.734608
-10.0,1000,15724.483567
-10.0,1000,15729.309612
-10.0,1000,15734.04954
-10.0,1000,15738.563538
-10.0,1000,15743.359412
-10.0,1000,15748.514253
-10.0,1000,15753.685193
-10.0,1000,15758.738778
-10.0,1000,15763.667422
-10.0,1000,15768.608531
-10.1,1000,15773.377431
-10.0,1000,15778.019486
-10.2,1000,15782.691584
-10.1,1000,15787.513127
-10.1,1000,15792.084748
-10.1,1000,15796.533736
-10.0,1000,15798.737593
-10.2,1000,15803.912242
-10.0,1000,15808.587118
-10.0,1000,15813.027933
-10.2,1000,15817.603902
-11.1,1000,15822.495549
-10.1,1000,15827.394196
-10.1,1000,15832.254372
-10.0,1000,15836.830966
-10.0,1000,15841.465894
-10.5,1000,15846.232569
-10.0,1000,15851.193872
-10.0,1000,15856.024584
-10.0,1000,15860.949081
-10.0,1000,15865.901773
-10.0,1000,15870.668319
-10.0,1000,15875.458191
-10.0,1000,15880.036495
-10.0,1000,15885.021666
-10.0,1000,15889.844231
-10.1,1000,15894.718226
-10.0,1000,15899.664381
-10.0,1000,15904.547392
-10.2,1000,15909.198513
-10.0,1000,15913.884236
-10.0,1000,15918.895414
-10.0,1000,15923.633311
-10.0,1000,15928.739622
-10.1,1000,15933.67203
-10.1,1000,15938.446512
-10.1,1000,15943.124104
-10.0,1000,15947.638854
-10.0,1000,15952.448167
-10.0,1000,15957.158749
-10.2,1000,15961.992812
-10.1,1000,15966.900272
-10.0,1000,15971.592262
-10.0,1000,15976.417823
-10.0,1000,15981.172506
-10.0,1000,15986.085667
-10.0,1000,15990.976854
-10.0,1000,15995.701515
-10.0,1000,15999.956839
-10.0,1000,16002.167633
-10.0,1000,16006.772546
-10.2,1000,16011.189568
-10.1,1000,16015.618626
-10.2,1000,16020.222538
-10.2,1000,16024.9221
-10.1,1000,16029.868212
-10.0,1000,16035.024759
-10.0,1000,16039.893681
-10.0,1000,16044.750061
-10.1,1000,16049.402974
-10.1,1000,16054.154771
-10.1,1000,16059.084861
-10.1,1000,16063.917418
-10.0,1000,16068.697129
-10.0,1000,16073.787148
-10.0,1000,16078.567205
-10.0,1000,16083.625133
-10.0,1000,16088.49784
-10.0,1000,16093.407128
-10.1,1000,16098.16158
-10.2,1000,16103.065827
-10.0,1000,16107.670388
-10.1,1000,16112.389743
-10.2,1000,16117.19243
-10.0,1000,16121.567109
-10.0,1000,16126.141968
-10.3,1000,16130.788226
-10.3,1000,16135.465799
-10.0,1000,16140.412749
-10.0,1000,16144.875221
-10.0,1000,16149.529376
-10.0,1000,16154.309612
-10.1,1000,16159.131914
-10.1,1000,16163.896481
-10.0,1000,16168.55671
-10.0,1000,16173.443903
-10.1,1000,16178.311403
-10.1,1000,16182.891105
-10.0,1000,16187.429012
-10.0,1000,16191.886401
-10.1,1000,16196.271723
-10.0,1000,16200.940711
-10.0,1000,16203.164384
-10.0,1000,16208.98465
-10.0,1000,16213.310811
-10.2,1000,16217.50579
-10.1,1000,16222.338532
-10.0,1000,16227.205693
-10.0,1000,16232.036551
-10.1,1000,16236.771716
-10.0,1000,16241.666109
-10.1,1000,16246.16822
-10.0,1000,16250.837084
-10.0,1000,16255.378326
-6.67,767,16259.657001
-10.0,1000,16264.466895
-10.0,1000,16269.23846
-10.2,1000,16274.068705
-10.1,1000,16278.523914
-10.3,1000,16283.205878
-10.1,1000,16287.699793
-10.0,1000,16292.166938
-10.4,1000,16296.731339
-10.0,1000,16301.669501
-10.1,1000,16306.309108
-10.0,1000,16311.111787
-10.3,1000,16315.735513
-10.0,1000,16320.537207
-10.0,1000,16325.318699
-10.1,1000,16330.314691
-10.1,1000,16334.872459
-10.0,1000,16339.658321
-10.0,1000,16344.280186
-10.0,1000,16348.494212
-10.2,1000,16353.206747
-10.0,1000,16355.369328
-10.0,1000,16360.251033
-10.2,1000,16364.232096
-10.1,1000,16368.380328
-10.0,1000,16372.898475
-10.0,1000,16377.212456
-10.1,1000,16381.899414
-10.1,1000,16386.225473
-10.1,1000,16390.921237
-10.0,1000,16395.661944
-10.0,1000,16400.390526
-10.1,1000,16404.764096
-10.0,1000,16409.390684
-10.0,1000,16414.074371
-10.0,1000,16418.867751
-10.0,1000,16423.410164
-10.0,1000,16427.714058
-10.1,1000,16432.401485
-10.1,1000,16437.074871
-10.1,1000,16441.895296
-10.0,1000,16446.643193
-10.1,1000,16451.120132
-10.1,1000,16455.602248
-10.1,1000,16460.007913
-10.0,1000,16464.466926
-10.0,1000,16469.082947
-10.0,1000,16473.841397
-10.1,1000,16478.361714
-10.1,1000,16482.897755
-10.0,1000,16487.838102
-10.0,1000,16492.343437
-10.0,1000,16496.886332
-10.1,1000,16501.33014
-10.0,1000,16506.014082
-10.1,1000,16510.720403
-10.1,1000,16515.20123
-10.1,1000,16519.858944
-10.1,1000,16524.448323
-10.0,1000,16528.993864
-10.0,1000,16533.550824
-10.0,1000,16538.018714
-10.3,1000,16542.30087
-10.0,1000,16544.47196
-10.0,1000,16548.996983
-10.1,1000,16553.058266
-10.1,1000,16557.263919
-10.1,1000,16561.839532
-10.1,1000,16566.590499
-10.1,1000,16571.167337
-10.1,1000,16575.543811
-10.2,1000,16580.204107
-10.0,1000,16584.895734
-10.0,1000,16589.604292
-10.0,1000,16594.369354
-10.0,1000,16599.400025
-10.0,1000,16604.182302
-10.1,1000,16608.657715
-10.0,1000,16613.158859
-10.0,1000,16617.828612
-10.0,1000,16622.36097
-10.2,1000,16627.006724
-10.0,1000,16632.082268
-10.1,1000,16636.765453
-10.0,1000,16641.712782
-10.0,1000,16646.402985
-10.0,1000,16650.83618
-10.0,1000,16655.581342
-10.0,1000,16660.565939
-10.0,1000,16665.387882
-10.0,1000,16670.165424
-10.3,1000,16674.671957
-10.0,1000,16679.308889
-10.0,1000,16684.020867
-10.0,1000,16688.735084
-10.0,1000,16693.478659
-10.0,1000,16698.234493
-10.1,1000,16703.125077
-10.3,1000,16707.654747
-10.0,1000,16711.997827
-10.1,1000,16716.605159
-10.0,1000,16721.260633
-10.1,1000,16726.015065
-10.0,1000,16730.984387
-10.0,1000,16735.787139
-10.1,1000,16740.286523
-10.0,1000,16742.261987
-10.0,1000,16746.598339
-10.0,1000,16750.866516
-10.0,1000,16755.132922
-10.1,1000,16759.840921
-10.1,1000,16764.667245
-10.0,1000,16769.415046
-10.0,1000,16774.143373
-10.0,1000,16778.969735
-10.1,1000,16783.665426
-10.0,1000,16788.481627
-10.1,1000,16793.2699
-10.1,1000,16797.979069
-10.0,1000,16802.743324
-10.0,1000,16807.406117
-10.0,1000,16811.88339
-10.1,1000,16816.828388
-10.2,1000,16821.219885
-10.1,1000,16825.961262
-10.0,1000,16830.933252
-10.0,1000,16835.740072
-10.1,1000,16840.269344
-10.1,1000,16845.173783
-10.1,1000,16849.777488
-10.0,1000,16854.918896
-10.0,1000,16859.764964
-10.0,1000,16864.410814
-10.1,1000,16869.190235
-10.0,1000,16874.059774
-10.0,1000,16878.681725
-10.0,1000,16883.669167
-10.4,1000,16888.389773
-10.0,1000,16893.086355
-10.1,1000,16897.923045
-10.0,1000,16902.813051
-10.0,1000,16907.45563
-10.2,1000,16912.088715
-10.0,1000,16916.752388
-10.0,1000,16921.583189
-10.0,1000,16926.496931
-10.2,1000,16930.847669
-10.0,1000,16935.193395
-10.0,1000,16939.832389
-10.1,1000,16941.910435
-10.1,1000,16947.024705
-10.0,1000,16951.574687
-10.2,1000,16956.281549
-10.1,1000,16960.878946
-10.1,1000,16965.582396
-10.0,1000,16970.326713
-10.1,1000,16975.094167
-10.1,1000,16979.664494
-10.4,1000,16984.508519
-10.1,1000,16989.223084
-10.2,1000,16993.861935
-10.2,1000,16998.661982
-10.0,1000,17003.625414
-10.3,1000,17008.208909
-10.1,1000,17012.97677
-10.0,1000,17017.630894
-10.0,1000,17022.375961
-10.0,1000,17027.061676
-10.1,1000,17031.938567
-10.0,1000,17036.306277
-10.0,1000,17040.97139
-10.0,1000,17045.844166
-10.0,1000,17050.549038
-10.0,1000,17055.404079
-10.0,1000,17060.109972
-10.1,1000,17064.86052
-10.0,1000,17069.538203
-10.0,1000,17074.084669
-10.1,1000,17078.712934
-10.0,1000,17083.610765
-10.0,1000,17088.433595
-10.0,1000,17092.939438
-10.0,1000,17097.718934
-10.0,1000,17102.298093
-10.0,1000,17106.886651
-10.0,1000,17111.402837
-10.0,1000,17116.096122
-10.0,1000,17120.532621
-10.2,1000,17125.258025
-10.1,1000,17129.478084
-10.0,1000,17134.06115
-10.3,1000,17136.183454
-10.0,1000,17140.593991
-10.3,1000,17144.916819
-10.1,1000,17149.278639
-10.0,1000,17153.784415
-10.0,1000,17158.444655
-10.0,1000,17163.020717
-10.0,1000,17167.819873
-10.1,1000,17172.477904
-10.1,1000,17177.057003
-10.0,1000,17181.738688
-10.1,1000,17186.557745
-10.0,1000,17191.283625
-10.0,1000,17195.999937
-10.2,1000,17200.733176
-10.0,1000,17205.280249
-10.0,1000,17209.841082
-10.1,1000,17214.4193
-10.1,1000,17219.011329
-10.0,1000,17223.787926
-10.2,1000,17228.336849
-10.1,1000,17233.11682
-10.1,1000,17237.875952
-10.0,1000,17242.510047
-10.0,1000,17247.151911
-10.1,1000,17251.837898
-10.0,1000,17256.635452
-10.2,1000,17261.304594
-10.1,1000,17265.932916
-10.0,1000,17270.709933
-10.0,1000,17275.273235
-10.0,1000,17280.563739
-10.0,1000,17285.652364
-10.1,1000,17290.514472
-10.1,1000,17295.125989
-10.0,1000,17299.858541
-10.1,1000,17304.445633
-10.0,1000,17309.356314
-10.0,1000,17314.164881
-10.0,1000,17318.903628
-10.1,1000,17323.383135
-10.1,1000,17327.743981
-10.1,1000,17332.310124
-10.1,1000,17334.414943
-10.1,1000,17339.800897
-10.1,1000,17343.963371
-10.0,1000,17348.379509
-10.1,1000,17353.096018
-10.1,1000,17357.759548
-10.0,1000,17362.449824
-10.0,1000,17367.30786
-10.0,1000,17372.0025
-10.1,1000,17376.898587
-10.0,1000,17381.831261
-10.0,1000,17386.334452
-10.1,1000,17391.032331
-10.1,1000,17395.686706
-10.0,1000,17400.489391
-10.0,1000,17405.006085
-10.0,1000,17409.50585
-10.1,1000,17414.268308
-10.0,1000,17419.254792
-10.1,1000,17423.870763
-10.0,1000,17428.594487
-10.0,1000,17433.131778
-10.0,1000,17437.729311
-10.0,1000,17442.375164
-10.1,1000,17447.045531
-10.1,1000,17451.433488
-10.0,1000,17456.256585
-10.4,1000,17460.826957
-10.0,1000,17465.441857
-10.1,1000,17470.372958
-10.0,1000,17475.152373
-10.1,1000,17479.990054
-10.0,1000,17484.518755
-10.1,1000,17489.274665
-10.0,1000,17494.057566
-10.1,1000,17498.769531
-10.1,1000,17503.445062
-10.0,1000,17507.96589
-10.1,1000,17512.610512
-10.3,1000,17517.440488
-10.1,1000,17521.740226
-10.0,1000,17526.028096
-10.0,1000,17530.427714
-10.0,1000,17532.394193
-10.0,1000,17537.302792
-10.1,1000,17541.857616
-10.2,1000,17546.285458
-10.0,1000,17550.765929
-10.0,1000,17555.309128
-10.1,1000,17559.996635
-10.0,1000,17564.708558
-10.0,1000,17569.482364
-10.1,1000,17574.248208
-10.0,1000,17578.836843
-10.0,1000,17583.57357
-10.0,1000,17588.117589
-10.1,1000,17592.558844
-10.1,1000,17597.259384
-10.0,1000,17601.839882
-10.0,1000,17606.580119
-10.0,1000,17611.184944
-10.0,1000,17615.674511
-10.0,1000,17620.149373
-10.0,1000,17624.775208
-10.0,1000,17629.549695
-10.0,1000,17634.182114
-10.0,1000,17638.575726
-10.0,1000,17643.478826
-10.0,1000,17648.044928
-10.2,1000,17652.754408
-10.0,1000,17657.182622
-10.2,1000,17661.704906
-10.0,1000,17666.394497
-10.1,1000,17671.180744
-10.0,1000,17675.894544
-10.0,1000,17680.494029
-10.0,1000,17685.002467
-10.0,1000,17689.624465
-10.0,1000,17694.310372
-10.2,1000,17699.116556
-10.1,1000,17704.252798
-10.2,1000,17709.000152
-10.0,1000,17713.438385
-10.0,1000,17717.790593
-10.0,1000,17722.10102
-10.1,1000,17724.26217
-10.0,1000,17729.144351
-10.1,1000,17733.77684
-10.0,1000,17738.083344
-10.0,1000,17742.622495
-10.0,1000,17747.345101
-10.0,1000,17752.255597
-10.0,1000,17757.119183
-10.0,1000,17761.94716
-10.0,1000,17766.829094
-10.0,1000,17771.715468
-10.0,1000,17776.457181
-10.1,1000,17781.017231
-10.0,1000,17785.877975
-10.1,1000,17790.533314
-10.0,1000,17795.272573
-10.0,1000,17799.828899
-10.0,1000,17804.698074
-10.1,1000,17809.343947
-10.1,1000,17814.031308
-10.1,1000,17818.839254
-10.0,1000,17823.550044
-10.1,1000,17828.171259
-10.1,1000,17832.962966
-10.0,1000,17837.616267
-10.1,1000,17842.151288
-10.2,1000,17846.714754
-10.0,1000,17851.447892
-10.0,1000,17856.030457
-10.1,1000,17860.487992
-10.2,1000,17865.13215
-10.1,1000,17869.947637
-10.1,1000,17874.627563
-10.1,1000,17879.474305
-10.0,1000,17884.37633
-10.0,1000,17889.17233
-10.0,1000,17893.918627
-10.0,1000,17898.774094
-10.0,1000,17903.537152
-10.1,1000,17908.24203
-10.0,1000,17912.875257
-10.0,1000,17917.37172
-10.0,1000,17921.627773
-10.0,1000,17923.735806
-10.1,1000,17928.095614
-10.2,1000,17932.591427
-10.1,1000,17937.3188
-10.0,1000,17942.009789
-10.0,1000,17946.634879
-10.0,1000,17951.437178
-10.0,1000,17956.146554
-10.1,1000,17960.741823
-10.1,1000,17965.648182
-10.0,1000,17970.38142
-10.1,1000,17975.133056
-10.1,1000,17979.790513
-10.0,1000,17984.504678
-10.0,1000,17989.192931
-10.1,1000,17994.116752
-10.0,1000,17999.109035
-10.1,1000,18004.032552
-10.1,1000,18008.846708
-10.2,1000,18013.553391
-10.2,1000,18018.227082
-10.0,1000,18022.995208
-10.1,1000,18027.698727
-10.1,1000,18032.386132
-10.1,1000,18036.915962
-10.1,1000,18041.546237
-10.1,1000,18046.017967
-10.1,1000,18050.83919
-10.1,1000,18055.372809
-10.1,1000,18059.961196
-10.1,1000,18064.527949
-10.0,1000,18069.21745
-10.0,1000,18073.582144
-10.0,1000,18078.130949
-10.1,1000,18082.782297
-10.0,1000,18087.285072
-10.0,1000,18091.908019
-10.2,1000,18096.584807
-10.0,1000,18101.490655
-10.0,1000,18106.416196
-10.0,1000,18111.020793
-10.1,1000,18115.733011
-10.0,1000,18120.045962
-10.0,1000,18122.183922
-10.0,1000,18127.119164
-10.0,1000,18131.537761
-10.0,1000,18136.191786
-10.2,1000,18140.83841
-10.2,1000,18145.582717
-10.0,1000,18150.513033
-10.1,1000,18155.335474
-10.1,1000,18160.121519
-10.1,1000,18164.987003
-10.0,1000,18169.547113
-10.0,1000,18174.182805
-10.0,1000,18178.92557
-10.0,1000,18183.403466
-10.0,1000,18188.279369
-10.0,1000,18193.242958
-10.1,1000,18198.084397
-10.0,1000,18202.958799
-10.0,1000,18207.94444
-10.0,1000,18212.855395
-10.1,1000,18217.63915
-10.0,1000,18222.534239
-10.1,1000,18227.157317
-10.0,1000,18232.062519
-10.0,1000,18236.749131
-10.0,1000,18241.483971
-10.2,1000,18246.1217
-10.0,1000,18251.005518
-10.0,1000,18255.947725
-10.2,1000,18260.574257
-10.1,1000,18265.262509
-10.0,1000,18269.961398
-10.0,1000,18274.814901
-10.0,1000,18279.295885
-10.0,1000,18283.994923
-10.3,1000,18288.733969
-10.0,1000,18293.444473
-10.2,1000,18298.076276
-10.1,1000,18302.721369
-10.0,1000,18307.270005
-10.0,1000,18311.829267
-10.2,1000,18316.259231
-10.0,1000,18318.36285
-10.1,1000,18322.592722
-10.1,1000,18327.090008
-10.1,1000,18331.595206
-10.5,1000,18336.070336
-10.2,1000,18340.852242
-10.2,1000,18345.658904
-10.2,1000,18350.365117
-10.0,1000,18355.0736
-10.0,1000,18359.918247
-10.0,1000,18364.681033
-10.0,1000,18369.424101
-10.0,1000,18374.16626
-10.0,1000,18378.821617
-10.2,1000,18383.566949
-10.0,1000,18388.370134
-10.0,1000,18393.081741
-10.0,1000,18397.707852
-10.2,1000,18402.618875
-10.0,1000,18407.346392
-10.0,1000,18411.921733
-10.0,1000,18416.820787
-10.1,1000,18421.680632
-10.1,1000,18426.494914
-10.0,1000,18431.25026
-10.2,1000,18436.047111
-10.3,1000,18440.924216
-10.2,1000,18445.668845
-10.0,1000,18450.599899
-10.1,1000,18455.489698
-10.1,1000,18460.201061
-10.2,1000,18464.881186
-10.0,1000,18469.622939
-10.2,1000,18474.484452
-10.0,1000,18479.513986
-10.0,1000,18484.503447
-10.1,1000,18489.104072
-10.0,1000,18493.82144
-10.0,1000,18498.608927
-10.0,1000,18503.290941
-10.0,1000,18507.918476
-10.1,1000,18512.59709
-10.0,1000,18517.644419
-10.0,1000,18519.773565
-10.0,1000,18524.76118
-10.4,1000,18529.029385
-10.0,1000,18533.413114
-10.1,1000,18537.962856
-10.1,1000,18542.953694
-10.1,1000,18547.585317
-10.0,1000,18552.408242
-10.0,1000,18557.287313
-10.0,1000,18562.190692
-10.0,1000,18567.040378
-10.0,1000,18571.937903
-10.0,1000,18576.795294
-10.1,1000,18581.594685
-10.0,1000,18586.301346
-10.0,1000,18591.003742
-10.0,1000,18595.840633
-10.0,1000,18600.773485
-10.0,1000,18605.66012
-10.0,1000,18610.572891
-10.0,1000,18615.169753
-10.0,1000,18619.946026
-10.0,1000,18624.938088
-10.1,1000,18629.820893
-10.0,1000,18634.490687
-10.1,1000,18639.170124
-10.0,1000,18643.837477
-10.0,1000,18648.540183
-10.0,1000,18653.131565
-10.0,1000,18657.803783
-10.0,1000,18662.48594
-10.0,1000,18667.191574
-10.0,1000,18671.944589
-10.3,1000,18676.89759
-10.1,1000,18681.682427
-10.2,1000,18686.387377
-10.0,1000,18690.999455
-10.0,1000,18695.630166
-10.0,1000,18700.39051
-10.0,1000,18705.217031
-10.1,1000,18709.851219
-10.1,1000,18714.228816
-10.1,1000,18718.896961
-10.0,1000,18721.106528
-10.0,1000,18726.379744
-10.0,1000,18730.897481
-10.0,1000,18735.270747
-10.0,1000,18739.746789
-10.1,1000,18744.554242
-10.3,1000,18749.382442
-10.0,1000,18754.206484
-10.1,1000,18759.122789
-10.0,1000,18763.816614
-10.0,1000,18768.612701
-10.3,1000,18773.222246
-10.1,1000,18778.149117
-10.1,1000,18782.828247
-10.0,1000,18787.608769
-10.0,1000,18792.224829
-10.1,1000,18796.977318
-10.0,1000,18801.701155
-10.2,1000,18806.336204
-10.0,1000,18811.040499
-10.1,1000,18815.722818
-10.0,1000,18820.599429
-10.0,1000,18825.341508
-10.0,1000,18829.906961
-10.0,1000,18834.640842
-10.0,1000,18839.379167
-10.0,1000,18843.972679
-10.2,1000,18848.519326
-10.0,1000,18853.368302
-10.2,1000,18858.069071
-10.2,1000,18862.896152
-10.0,1000,18867.62185
-10.0,1000,18872.433407
-10.0,1000,18877.257752
-10.1,1000,18882.158894
-10.1,1000,18887.019363
-10.0,1000,18891.682075
-10.1,1000,18896.387985
-10.0,1000,18900.923806
-10.0,1000,18905.717892
-10.0,1000,18910.315688
-10.0,1000,18914.857571
-10.1,1000,18917.050578
-10.1,1000,18922.479823
-10.4,1000,18926.972025
-10.2,1000,18931.429511
-10.0,1000,18936.111585
-10.1,1000,18941.180301
-10.1,1000,18946.020001
-10.0,1000,18950.955043
-10.0,1000,18955.495064
-10.0,1000,18960.380968
-10.0,1000,18964.991649
-10.0,1000,18969.661291
-10.0,1000,18974.307198
-10.0,1000,18979.208597
-10.0,1000,18983.93498
-10.0,1000,18988.782268
-10.0,1000,18993.367815
-10.1,1000,18998.466966
-10.1,1000,19003.305033
-10.0,1000,19007.926677
-10.0,1000,19012.585811
-10.0,1000,19017.493302
-10.0,1000,19022.457224
-10.0,1000,19027.259366
-10.0,1000,19031.857601
-10.0,1000,19036.397023
-10.1,1000,19041.05522
-10.1,1000,19045.955604
-10.1,1000,19050.60432
-10.0,1000,19055.144955
-10.1,1000,19059.897501
-10.0,1000,19064.430624
-10.0,1000,19068.992671
-10.1,1000,19073.702662
-10.1,1000,19078.851757
-10.1,1000,19083.608784
-10.0,1000,19088.220436
-10.0,1000,19092.822049
-10.0,1000,19097.144248
-10.0,1000,19101.59619
-10.1,1000,19105.932111
-10.2,1000,19110.27258
-10.0,1000,19114.402699
-10.0,1000,19116.388362
-10.1,1000,19120.501894
-10.0,1000,19124.80821
-10.0,1000,19128.8583
-10.0,1000,19133.41989
-10.1,1000,19138.019956
-10.2,1000,19142.7485
-10.0,1000,19147.093833
-10.2,1000,19151.520797
-10.0,1000,19155.915572
-10.0,1000,19160.589122
-10.0,1000,19164.873857
-10.0,1000,19169.321738
-10.2,1000,19174.046291
-10.1,1000,19178.562705
-10.1,1000,19183.148923
-10.1,1000,19188.0311
-10.0,1000,19192.554967
-10.0,1000,19197.121118
-10.0,1000,19201.78482
-10.2,1000,19206.325078
-10.0,1000,19210.906358
-10.0,1000,19215.533084
-10.0,1000,19220.154284
-10.1,1000,19224.743937
-10.0,1000,19229.349786
-10.1,1000,19234.025662
-10.0,1000,19238.611802
-10.1,1000,19243.174979
-10.0,1000,19247.675868
-10.1,1000,19252.490952
-10.0,1000,19257.039754
-10.0,1000,19261.615508
-10.1,1000,19266.045633
-10.0,1000,19270.661216
-10.0,1000,19275.219126
-10.0,1000,19279.872123
-10.1,1000,19284.616819
-10.1,1000,19289.295418
-10.0,1000,19293.968071
-10.0,1000,19298.646639
-10.0,1000,19303.198382
-10.0,1000,19307.735579
-10.0,1000,19309.79232
-10.0,1000,19314.321895
-10.0,1000,19318.869479
-10.1,1000,19323.31807
-10.1,1000,19328.011036
-10.0,1000,19332.909268
-10.2,1000,19337.45072
-10.2,1000,19342.281625
-10.0,1000,19347.02277
-10.2,1000,19351.793016
-10.2,1000,19356.561893
-10.0,1000,19361.293011
-10.0,1000,19366.132374
-10.1,1000,19370.971246
-10.0,1000,19375.862497
-10.0,1000,19380.817652
-10.1,1000,19385.423182
-10.0,1000,19390.282731
-10.0,1000,19395.071572
-10.0,1000,19399.802881
-10.0,1000,19404.595812
-10.0,1000,19409.3639
-10.1,1000,19414.240455
-10.0,1000,19418.874367
-10.0,1000,19423.683643
-10.0,1000,19428.500439
-10.0,1000,19433.516905
-10.1,1000,19438.374053
-10.0,1000,19443.141371
-10.0,1000,19448.013766
-10.0,1000,19452.802404
-10.0,1000,19457.656974
-10.0,1000,19462.256169
-10.0,1000,19466.984133
-10.1,1000,19471.641314
-10.1,1000,19476.40898
-10.0,1000,19481.113897
-10.0,1000,19486.068097
-10.0,1000,19490.93588
-10.0,1000,19495.535835
-10.1,1000,19499.93856
-10.0,1000,19504.447373
-10.1,1000,19506.584396
-10.0,1000,19512.30561
-10.1,1000,19516.755394
-10.1,1000,19521.135429
-10.0,1000,19525.729227
-10.0,1000,19530.468742
-10.1,1000,19535.300393
-10.0,1000,19539.904826
-10.0,1000,19544.663852
-10.0,1000,19549.4007
-10.1,1000,19554.300125
-10.3,1000,19558.972256
-10.1,1000,19563.954953
-10.0,1000,19568.93508
-10.0,1000,19573.554182
-10.0,1000,19578.368641
-10.0,1000,19583.081976
-10.0,1000,19587.770885
-10.0,1000,19592.258119
-10.0,1000,19597.014613
-10.0,1000,19601.868407
-10.0,1000,19606.66113
-10.1,1000,19611.489775
-10.2,1000,19616.277844
-10.2,1000,19621.185074
-10.0,1000,19626.067833
-10.0,1000,19630.899656
-10.1,1000,19635.740218
-10.0,1000,19640.684881
-10.1,1000,19645.39999
-10.0,1000,19650.042484
-10.2,1000,19654.75635
-10.0,1000,19659.318916
-10.0,1000,19664.059909
-10.0,1000,19668.719113
-10.3,1000,19673.539948
-10.3,1000,19678.350897
-10.0,1000,19683.110049
-10.1,1000,19687.813597
-10.2,1000,19692.598335
-10.1,1000,19697.240705
-10.1,1000,19701.894765
-10.2,1000,19706.632319
-10.0,1000,19709.041343
-10.0,1000,19713.932926
-10.1,1000,19718.426478
-10.0,1000,19722.945826
-10.1,1000,19727.742918
-10.0,1000,19732.588151
-10.0,1000,19737.546098
-10.0,1000,19742.457433
-10.1,1000,19747.305092
-10.0,1000,19752.018996
-10.0,1000,19756.90505
-10.0,1000,19761.516001
-10.0,1000,19766.078891
-10.1,1000,19771.001199
-10.1,1000,19775.897255
-10.0,1000,19780.648083
-10.0,1000,19785.44812
-10.0,1000,19790.22929
-10.1,1000,19795.169767
-10.1,1000,19800.128394
-10.0,1000,19805.213252
-10.0,1000,19809.999512
-10.1,1000,19814.9064
-10.0,1000,19819.714234
-10.0,1000,19824.573867
-10.1,1000,19829.216076
-10.0,1000,19834.150021
-10.0,1000,19838.871926
-10.0,1000,19843.614987
-10.0,1000,19848.565918
-10.0,1000,19853.743212
-10.0,1000,19858.629696
-10.0,1000,19863.42543
-10.1,1000,19868.417008
-10.0,1000,19873.02475
-10.0,1000,19877.703571
-10.0,1000,19882.342134
-10.0,1000,19887.037592
-10.1,1000,19891.889603
-10.1,1000,19896.436296
-10.0,1000,19901.10184
-10.0,1000,19905.832714
-10.1,1000,19910.383774
-10.0,1000,19912.522387
-10.0,1000,19917.230706
-10.0,1000,19921.759511
-10.1,1000,19926.261372
-10.1,1000,19930.839304
-10.1,1000,19935.705921
-10.1,1000,19940.376514
-10.1,1000,19945.143377
-10.0,1000,19949.771173
-10.0,1000,19954.5788
-10.0,1000,19959.331059
-10.0,1000,19963.98488
-10.0,1000,19968.715882
-10.0,1000,19973.306385
-10.2,1000,19978.06903
-10.0,1000,19982.96331
-10.1,1000,19987.689067
-10.0,1000,19992.5206
-10.0,1000,19997.53491
-10.0,1000,20002.213537
-10.0,1000,20007.120486
-10.0,1000,20011.9801
-10.1,1000,20016.697969
-10.0,1000,20021.44312
-10.2,1000,20026.509797
-10.0,1000,20031.379451
-10.1,1000,20036.186872
-10.0,1000,20041.075959
-10.0,1000,20045.775216
-10.2,1000,20050.667793
-10.0,1000,20055.293253
-10.0,1000,20060.034891
-10.1,1000,20065.043595
-10.1,1000,20069.752704
-10.0,1000,20074.447851
-10.0,1000,20079.202039
-10.1,1000,20084.217304
-10.0,1000,20088.889475
-10.0,1000,20093.964319
-10.0,1000,20098.667616
-10.0,1000,20103.236989
-10.1,1000,20107.761082
-10.0,1000,20109.898292
-10.0,1000,20115.10724
-10.0,1000,20119.495102
-10.0,1000,20123.701566
-10.0,1000,20128.268608
-10.0,1000,20132.982731
-10.1,1000,20137.593323
-10.0,1000,20142.170929
-10.1,1000,20147.022105
-10.0,1000,20151.89975
-10.2,1000,20156.821414
-10.0,1000,20161.55969
-10.0,1000,20166.17065
-10.0,1000,20170.769806
-10.0,1000,20175.282046
-10.0,1000,20180.206142
-10.1,1000,20184.978087
-10.0,1000,20189.610318
-10.0,1000,20194.207296
-10.0,1000,20198.996204
-10.1,1000,20203.623821
-10.1,1000,20208.149299
-10.0,1000,20212.842694
-10.1,1000,20217.482763
-10.2,1000,20222.0846
-10.0,1000,20226.561332
-10.0,1000,20231.298255
-10.0,1000,20235.967248
-10.0,1000,20240.709706
-10.0,1000,20245.362832
-10.0,1000,20250.26212
-10.0,1000,20255.064962
-10.0,1000,20259.537202
-10.0,1000,20263.970165
-10.0,1000,20268.637415
-10.0,1000,20273.241745
-10.0,1000,20277.697857
-10.0,1000,20282.404902
-10.1,1000,20287.123215
-10.0,1000,20291.680151
-10.0,1000,20296.065482
-10.1,1000,20300.351129
-10.1,1000,20304.797632
-10.0,1000,20306.73365
-10.1,1000,20311.509883
-10.0,1000,20315.717921
-10.0,1000,20320.003759
-10.2,1000,20324.373443
-10.0,1000,20328.953422
-10.1,1000,20333.419722
-10.0,1000,20337.916786
-10.0,1000,20342.38861
-10.0,1000,20346.947731
-10.0,1000,20351.299815
-10.0,1000,20355.748465
-10.0,1000,20360.408858
-10.0,1000,20364.952212
-10.1,1000,20369.437098
-10.0,1000,20373.945924
-10.1,1000,20378.457725
-10.1,1000,20382.744332
-10.2,1000,20387.307514
-10.0,1000,20391.837836
-10.0,1000,20396.273361
-10.0,1000,20400.758285
-10.1,1000,20405.226308
-10.0,1000,20409.684679
-10.1,1000,20414.247063
-10.0,1000,20418.88007
-10.2,1000,20423.403728
-10.1,1000,20427.917273
-10.1,1000,20432.723232
-10.1,1000,20437.249491
-10.0,1000,20441.683733
-10.0,1000,20446.252994
-10.0,1000,20450.782133
-10.1,1000,20455.367091
-10.1,1000,20459.991122
-10.0,1000,20464.497581
-10.0,1000,20469.066418
-10.0,1000,20473.69241
-10.0,1000,20478.202014
-10.0,1000,20482.622845
-10.1,1000,20486.881288
-10.2,1000,20490.928833
-10.2,1000,20495.192003
-10.1,1000,20497.140768
-10.1,1000,20502.094925
-10.0,1000,20506.358201
-10.0,1000,20510.873505
-10.0,1000,20515.27033
-10.0,1000,20519.864377
-10.0,1000,20524.406294
-10.0,1000,20528.852262
-10.0,1000,20533.501797
-10.1,1000,20537.989327
-10.0,1000,20542.438498
-10.0,1000,20547.008601
-10.1,1000,20551.339596
-10.0,1000,20555.989843
-10.0,1000,20560.625033
-10.1,1000,20565.128066
-10.0,1000,20569.924979
-10.0,1000,20574.450707
-10.0,1000,20579.021616
-10.1,1000,20583.571077
-10.1,1000,20588.140725
-10.1,1000,20592.517908
-10.1,1000,20597.112577
-10.0,1000,20601.802313
-10.0,1000,20606.353642
-10.0,1000,20611.107711
-10.1,1000,20615.699591
-10.0,1000,20620.107547
-10.0,1000,20624.896923
-10.1,1000,20629.298092
-10.0,1000,20633.914431
-10.0,1000,20638.532466
-10.0,1000,20643.08626
-10.0,1000,20647.711084
-10.0,1000,20652.485426
-10.1,1000,20657.110653
-10.1,1000,20661.695208
-10.1,1000,20666.272751
-10.0,1000,20670.861435
-10.0,1000,20675.288874
-10.0,1000,20679.672107
-10.0,1000,20683.835062
-10.0,1000,20685.818896
-10.0,1000,20690.520671
-10.0,1000,20694.868892
-10.0,1000,20699.00317
-10.2,1000,20703.562171
-10.0,1000,20708.14382
-10.0,1000,20712.884585
-10.0,1000,20717.601801
-10.0,1000,20722.220237
-10.0,1000,20726.846447
-10.0,1000,20731.566571
-10.0,1000,20736.001971
-10.1,1000,20740.581551
-10.0,1000,20745.086062
-10.0,1000,20749.469326
-10.1,1000,20754.244302
-10.0,1000,20759.063452
-10.0,1000,20763.713911
-10.0,1000,20768.184776
-10.0,1000,20772.81301
-10.0,1000,20777.36443
-10.0,1000,20782.149575
-10.0,1000,20786.871112
-10.2,1000,20791.633937
-10.0,1000,20796.308131
-10.1,1000,20801.205021
-10.0,1000,20805.747835
-10.1,1000,20810.634875
-10.0,1000,20815.162997
-10.0,1000,20819.991136
-10.0,1000,20824.626219
-10.2,1000,20829.041397
-10.0,1000,20833.757397
-10.0,1000,20838.294106
-10.0,1000,20842.939167
-10.0,1000,20847.487051
-10.1,1000,20852.23822
-10.0,1000,20856.849168
-10.2,1000,20861.670094
-10.1,1000,20866.20387
-10.0,1000,20870.482836
-10.0,1000,20874.684452
-10.2,1000,20879.328131
-10.0,1000,20881.503661
-10.0,1000,20886.608097
-10.0,1000,20890.815799
-10.0,1000,20895.147922
-10.0,1000,20899.468281
-10.0,1000,20904.059901
-10.0,1000,20908.589779
-10.0,1000,20913.259596
-10.1,1000,20917.597924
-10.0,1000,20922.041519
-10.0,1000,20926.54229
-10.0,1000,20930.99759
-10.0,1000,20935.410428
-10.0,1000,20939.704713
-10.1,1000,20944.140207
-10.1,1000,20948.700366
-10.0,1000,20953.346358
-10.0,1000,20957.848319
-10.0,1000,20962.476654
-10.0,1000,20966.954903
-10.1,1000,20971.560478
-10.0,1000,20976.206509
-10.0,1000,20980.820616
-10.0,1000,20985.436657
-10.0,1000,20989.987036
-10.0,1000,20994.365218
-10.1,1000,20998.810747
-10.0,1000,21003.322355
-10.0,1000,21007.84477
-10.0,1000,21012.396258
-10.0,1000,21016.893546
-10.0,1000,21021.373143
-10.0,1000,21026.115318
-10.0,1000,21030.46962
-10.0,1000,21035.120201
-10.0,1000,21039.571195
-10.1,1000,21044.020865
-10.0,1000,21048.611927
-10.0,1000,21053.191512
-10.0,1000,21057.640801
-10.0,1000,21061.932056
-10.0,1000,21066.136572
-10.0,1000,21070.674193
-10.0,1000,21072.690573
-10.0,1000,21077.297923
-10.0,1000,21081.49658
-10.0,1000,21085.732445
-10.0,1000,21090.20308
-10.1,1000,21094.818671
-10.2,1000,21099.505252
-10.0,1000,21103.979311
-10.1,1000,21108.612728
-10.0,1000,21113.213775
-10.0,1000,21117.9043
-10.2,1000,21122.556129
-10.2,1000,21127.093879
-10.2,1000,21131.733146
-10.0,1000,21136.487544
-10.0,1000,21140.893739
-10.1,1000,21145.420336
-10.2,1000,21150.042866
-10.2,1000,21154.86564
-10.2,1000,21159.86358
-10.0,1000,21164.84929
-10.0,1000,21169.532012
-10.0,1000,21174.077697
-10.0,1000,21178.715717
-10.0,1000,21183.259508
-10.1,1000,21187.768122
-10.1,1000,21192.411622
-10.1,1000,21197.117564
-10.1,1000,21201.728944
-10.0,1000,21206.358465
-10.1,1000,21210.951175
-10.0,1000,21215.547176
-10.0,1000,21220.231541
-10.0,1000,21224.992199
-10.0,1000,21229.761571
-10.0,1000,21234.378103
-10.0,1000,21239.134985
-10.0,1000,21243.777099
-10.0,1000,21248.612524
-10.0,1000,21253.135072
-10.0,1000,21257.510609
-10.1,1000,21261.854424
-10.0,1000,21264.023443
-10.0,1000,21268.659346
-10.0,1000,21273.293537
-10.1,1000,21277.857022
-10.0,1000,21282.341414
-10.0,1000,21286.822581
-10.1,1000,21291.506486
-10.0,1000,21296.002065
-10.0,1000,21300.687091
-10.0,1000,21305.368415
-10.1,1000,21310.290337
-10.1,1000,21315.06266
-10.1,1000,21320.02071
-10.0,1000,21324.656282
-10.1,1000,21329.434612
-10.1,1000,21334.151046
-10.1,1000,21338.94462
-10.0,1000,21343.655507
-10.0,1000,21348.372106
-10.0,1000,21352.965171
-10.1,1000,21357.481982
-10.0,1000,21362.192538
-10.0,1000,21366.8403
-10.0,1000,21371.541209
-10.0,1000,21376.294599
-10.1,1000,21381.111989
-10.1,1000,21385.814122
-10.0,1000,21390.433143
-10.1,1000,21395.086708
-10.0,1000,21399.82373
-10.0,1000,21404.454873
-10.1,1000,21409.105418
-10.0,1000,21413.889821
-10.0,1000,21418.755055
-10.0,1000,21423.462118
-10.0,1000,21428.074894
-10.0,1000,21432.95603
-10.0,1000,21437.798695
-10.3,1000,21442.397526
-10.3,1000,21447.111698
-10.0,1000,21451.660845
-10.1,1000,21455.968641
-10.1,1000,21460.428776
-10.0,1000,21462.514742
-10.0,1000,21467.662291
-10.0,1000,21471.816681
-10.0,1000,21476.235284
-10.0,1000,21480.984809
-10.1,1000,21485.57163
-10.1,1000,21490.35279
-10.3,1000,21495.082334
-10.0,1000,21499.796861
-10.0,1000,21504.319855
-10.0,1000,21508.956291
-10.1,1000,21513.840984
-10.0,1000,21518.644583
-10.0,1000,21523.233771
-10.0,1000,21528.03769
-10.0,1000,21532.753096
-10.1,1000,21537.139754
-10.0,1000,21542.063379
-10.1,1000,21546.859459
-10.0,1000,21551.789952
-10.0,1000,21556.497465
-10.1,1000,21560.952482
-10.0,1000,21565.634354
-10.3,1000,21570.268025
-10.0,1000,21574.778687
-10.0,1000,21579.343794
-10.1,1000,21583.696963
-10.0,1000,21588.340526
-10.2,1000,21593.029554
-10.1,1000,21597.44248
-10.1,1000,21602.029314
-10.0,1000,21606.558006
-10.0,1000,21611.073909
-10.2,1000,21615.499279
-10.0,1000,21620.147901
-10.0,1000,21624.886352
-10.2,1000,21629.30145
-10.1,1000,21633.866685
-10.2,1000,21638.481146
-10.0,1000,21643.060186
-10.1,1000,21647.402956
-10.1,1000,21651.411032
-10.0,1000,21655.812049
-10.0,1000,21657.816905
-10.1,1000,21662.878716
-10.0,1000,21667.506171
-10.0,1000,21672.012378
-10.1,1000,21676.506021
-10.1,1000,21681.183226
-10.2,1000,21685.703579
-10.0,1000,21690.405338
-10.0,1000,21695.108107
-10.1,1000,21699.563491
-10.0,1000,21704.133387
-10.4,1000,21708.767666
-10.0,1000,21713.607081
-10.1,1000,21718.299474
-10.4,1000,21722.92959
-10.1,1000,21727.889088
-10.0,1000,21732.628869
-10.2,1000,21737.098178
-10.0,1000,21741.886552
-10.1,1000,21746.728388
-10.0,1000,21751.283759
-10.0,1000,21756.142626
-10.1,1000,21761.075451
-10.1,1000,21765.724146
-10.2,1000,21770.447295
-10.0,1000,21775.095648
-10.4,1000,21779.650932
-10.1,1000,21784.17828
-10.0,1000,21788.931374
-10.0,1000,21793.816968
-10.0,1000,21798.651133
-10.1,1000,21803.240155
-10.0,1000,21807.709985
-10.1,1000,21812.24929
-10.0,1000,21816.886527
-10.2,1000,21821.544044
-10.1,1000,21826.194998
-10.0,1000,21830.608091
-10.0,1000,21835.253222
-10.1,1000,21839.944242
-10.1,1000,21844.483754
-10.1,1000,21848.861839
-10.0,1000,21850.88712
-10.1,1000,21855.187104
-10.3,1000,21859.431666
-10.0,1000,21863.713041
-10.1,1000,21868.267924
-10.1,1000,21872.748335
-10.0,1000,21877.236325
-10.0,1000,21881.954232
-10.0,1000,21886.65363
-10.1,1000,21891.405375
-10.2,1000,21896.293491
-10.1,1000,21901.087395
-10.0,1000,21905.740731
-10.1,1000,21910.506122
-10.1,1000,21915.094868
-10.0,1000,21919.685811
-10.0,1000,21924.314079
-10.2,1000,21928.957807
-10.0,1000,21933.679522
-10.1,1000,21938.278076
-10.0,1000,21943.042405
-10.2,1000,21947.557026
-10.4,1000,21952.096695
-10.3,1000,21956.700674
-10.1,1000,21961.259171
-10.0,1000,21965.914018
-10.0,1000,21970.781497
-10.0,1000,21975.264123
-10.0,1000,21979.77597
-10.0,1000,21984.487124
-10.0,1000,21989.294694
-10.0,1000,21994.176956
-10.0,1000,21998.678424
-10.2,1000,22003.176043
-10.0,1000,22007.880244
-10.0,1000,22012.355623
-10.0,1000,22016.84368
-10.1,1000,22021.351
-10.3,1000,22025.767982
-10.1,1000,22030.195874
-10.0,1000,22034.608394
-10.0,1000,22038.715091
-10.0,1000,22043.091954
-10.1,1000,22045.239838
-10.0,1000,22049.753671
-10.1,1000,22054.084515
-10.0,1000,22058.206413
-10.0,1000,22062.563419
-10.1,1000,22067.024282
-10.0,1000,22071.347885
-10.0,1000,22076.050171
-10.0,1000,22080.604532
-10.0,1000,22085.128909
-10.0,1000,22089.726869
-10.0,1000,22094.60513
-10.0,1000,22099.319709
-10.0,1000,22103.841702
-10.3,1000,22108.293477
-10.1,1000,22112.907237
-10.1,1000,22117.466404
-10.0,1000,22121.92149
-10.0,1000,22126.294909
-10.0,1000,22130.805779
-10.1,1000,22135.429017
-10.0,1000,22139.97536
-10.0,1000,22144.355245
-10.0,1000,22148.851232
-10.0,1000,22153.211643
-10.0,1000,22157.819408
-10.0,1000,22162.392671
-10.1,1000,22167.146188
-10.0,1000,22171.409268
-10.0,1000,22176.052608
-10.0,1000,22180.679369
-10.0,1000,22185.270868
-10.0,1000,22189.917431
-10.0,1000,22194.596812
-10.0,1000,22199.399769
-10.1,1000,22204.058321
-10.1,1000,22208.637485
-10.1,1000,22213.350486
-10.1,1000,22218.001122
-10.1,1000,22222.592075
-10.0,1000,22226.904818
-10.1,1000,22231.15166
-10.0,1000,22235.708503
-10.3,1000,22237.769328
-10.0,1000,22242.365952
-10.1,1000,22246.596479
-10.0,1000,22251.068483
-10.0,1000,22255.645364
-10.1,1000,22260.452649
-10.2,1000,22265.069362
-10.0,1000,22269.687319
-10.0,1000,22274.298034
-10.1,1000,22278.9555
-10.2,1000,22283.426284
-10.1,1000,22288.160085
-10.1,1000,22292.653134
-10.0,1000,22297.169913
-10.0,1000,22301.781411
-10.1,1000,22306.426435
-10.0,1000,22311.050155
-10.1,1000,22315.842293
-10.1,1000,22320.507185
-10.0,1000,22325.40722
-10.0,1000,22329.927944
-10.0,1000,22334.544495
-10.1,1000,22339.118268
-10.0,1000,22343.594302
-10.0,1000,22348.161313
-10.1,1000,22352.786248
-10.0,1000,22357.314512
-10.1,1000,22361.781087
-10.0,1000,22366.486936
-10.0,1000,22370.903918
-10.0,1000,22375.446371
-10.3,1000,22380.333955
-10.2,1000,22385.022811
-10.0,1000,22389.656213
-10.0,1000,22394.339354
-10.2,1000,22398.94158
-10.0,1000,22403.702453
-10.0,1000,22408.214737
-10.0,1000,22413.17661
-10.0,1000,22417.459684
-10.1,1000,22421.749315
-10.1,1000,22425.935481
-10.0,1000,22428.073432
-10.2,1000,22432.511443
-10.0,1000,22436.99252
-10.0,1000,22441.174548
-10.1,1000,22445.561143
-10.1,1000,22450.21282
-10.2,1000,22454.802876
-10.0,1000,22459.321438
-10.0,1000,22463.815636
-10.0,1000,22468.304357
-10.0,1000,22473.111228
-10.0,1000,22477.765556
-10.3,1000,22482.185995
-10.1,1000,22486.664527
-10.0,1000,22491.338232
-10.0,1000,22495.774545
-10.0,1000,22500.333802
-10.0,1000,22504.732632
-10.0,1000,22509.491594
-10.0,1000,22514.143198
-10.2,1000,22518.575753
-10.1,1000,22523.096933
-10.1,1000,22527.565872
-10.0,1000,22531.967242
-10.0,1000,22536.50307
-10.1,1000,22540.876199
-10.1,1000,22545.091201
-10.0,1000,22549.517082
-10.1,1000,22554.043293
-10.0,1000,22558.550997
-10.0,1000,22563.217957
-10.0,1000,22567.914873
-10.0,1000,22572.531247
-10.0,1000,22576.961484
-10.0,1000,22581.445691
-10.2,1000,22586.193393
-10.1,1000,22590.657042
-10.0,1000,22595.288206
-10.0,1000,22599.835038
-10.0,1000,22604.331946
-10.0,1000,22608.61616
-10.0,1000,22612.954362
-10.1,1000,22617.137098
-10.0,1000,22619.098801
-10.0,1000,22623.277695
-10.2,1000,22627.34238
-10.0,1000,22631.714232
-10.2,1000,22636.183693
-10.1,1000,22640.732826
-10.2,1000,22645.112002
-10.1,1000,22649.533302
-10.0,1000,22653.979523
-10.2,1000,22658.693801
-10.1,1000,22663.121437
-10.0,1000,22667.334258
-10.0,1000,22671.959611
-10.0,1000,22676.374229
-10.0,1000,22681.34937
-10.0,1000,22686.214843
-10.0,1000,22690.890889
-10.0,1000,22695.372841
-10.2,1000,22699.834658
-10.2,1000,22704.336883
-10.1,1000,22708.87383
-10.0,1000,22713.376973
-10.1,1000,22717.75126
-10.2,1000,22722.265712
-10.0,1000,22726.672158
-10.0,1000,22731.252882
-10.0,1000,22735.612215
-10.0,1000,22740.278581
-10.0,1000,22744.482147
-10.0,1000,22749.120072
-10.0,1000,22753.667736
-10.1,1000,22757.977399
-10.0,1000,22762.524529
-10.1,1000,22766.857877
-10.0,1000,22771.16681
-10.2,1000,22775.812301
-10.1,1000,22779.913021
-10.0,1000,22784.473831
-10.0,1000,22789.060115
-10.0,1000,22793.515608
-10.0,1000,22797.721406
-10.1,1000,22801.743388
-10.0,1000,22806.135359
-10.1,1000,22808.17244
-10.0,1000,22812.679896
-10.0,1000,22816.941973
-10.0,1000,22821.086095
-10.0,1000,22825.506058
-10.0,1000,22829.992718
-10.0,1000,22834.719373
-10.0,1000,22839.26273
-10.1,1000,22843.782933
-10.0,1000,22848.188524
-10.2,1000,22852.856301
-10.0,1000,22857.435706
-10.2,1000,22862.448329
-10.0,1000,22866.98977
-10.2,1000,22871.729402
-10.0,1000,22876.499514
-10.1,1000,22881.252056
-10.0,1000,22885.997923
-10.0,1000,22890.829473
-10.0,1000,22895.710097
-10.0,1000,22900.377688
-10.0,1000,22905.338587
-10.1,1000,22909.983299
-10.3,1000,22914.730996
-10.1,1000,22919.388868
-10.0,1000,22924.244437
-10.0,1000,22929.0879
-10.1,1000,22933.823456
-10.0,1000,22938.48865
-10.1,1000,22943.085283
-10.0,1000,22947.367055
-10.0,1000,22951.991696
-10.0,1000,22956.629369
-10.0,1000,22961.158038
-10.1,1000,22966.1618
-10.0,1000,22970.877214
-10.0,1000,22975.520691
-10.1,1000,22980.149327
-10.0,1000,22984.706576
-10.0,1000,22989.375548
-10.0,1000,22993.704064
-10.0,1000,22998.139105
-10.1,1000,23000.25058
-10.0,1000,23005.36761
-10.0,1000,23010.122525
-10.1,1000,23015.103391
-10.0,1000,23019.769854
-10.0,1000,23024.457028
-10.0,1000,23029.087742
-10.1,1000,23033.931117
-10.1,1000,23038.651608
-10.1,1000,23043.367513
-10.0,1000,23048.158477
-10.0,1000,23052.962405
-10.1,1000,23057.700974
-10.0,1000,23062.798223
-10.1,1000,23067.648703
-10.1,1000,23072.312906
-10.0,1000,23077.211214
-10.0,1000,23082.10322
-10.0,1000,23086.773037
-10.1,1000,23091.531322
-10.1,1000,23096.297256
-10.3,1000,23101.073009
-10.2,1000,23105.804995
-10.1,1000,23110.354443
-10.0,1000,23115.221642
-10.0,1000,23119.987084
-10.0,1000,23124.932516
-10.0,1000,23129.651497
-10.0,1000,23134.391499
-10.1,1000,23139.260613
-10.1,1000,23144.132503
-10.0,1000,23148.941393
-10.0,1000,23153.369915
-10.1,1000,23158.207239
-10.0,1000,23162.780294
-10.0,1000,23167.519502
-10.0,1000,23172.206131
-10.0,1000,23177.079899
-10.3,1000,23181.96314
-10.0,1000,23186.715534
-10.0,1000,23191.333803
-10.0,1000,23196.09938
-10.2,1000,23200.812734
-10.1,1000,23202.969575
-10.0,1000,23207.810053
-10.0,1000,23212.128685
-10.2,1000,23216.5827
-10.0,1000,23221.351202
-10.0,1000,23226.102523
-10.0,1000,23230.762472
-10.1,1000,23235.729088
-10.0,1000,23240.61558
-10.1,1000,23245.338533
-10.0,1000,23250.083699
-10.1,1000,23254.968284
-10.0,1000,23259.598246
-10.0,1000,23264.514602
-10.0,1000,23269.547909
-10.2,1000,23274.462929
-10.0,1000,23279.556607
-10.0,1000,23284.274863
-10.1,1000,23289.08103
-10.0,1000,23293.972292
-10.1,1000,23298.80004
-10.0,1000,23303.761378
-10.0,1000,23308.696376
-10.0,1000,23313.503422
-10.1,1000,23318.414802
-10.0,1000,23323.234588
-10.2,1000,23328.240468
-10.0,1000,23333.063439
-10.2,1000,23337.837305
-10.0,1000,23342.327872
-10.1,1000,23347.210896
-10.2,1000,23351.839041
-10.0,1000,23356.658313
-10.0,1000,23361.399078
-10.1,1000,23366.143044
-10.1,1000,23370.876689
-10.0,1000,23375.934561
-10.0,1000,23380.697525
-10.0,1000,23385.404553
-10.0,1000,23390.17161
-10.1,1000,23394.709539
-10.0,1000,23399.15144
-10.0,1000,23403.651739
-10.0,1000,23405.966511
-10.1,1000,23411.060358
-10.2,1000,23415.880926
-10.2,1000,23420.28018
-10.0,1000,23425.216903
-10.0,1000,23429.983805
-10.1,1000,23434.822105
-10.0,1000,23439.818968
-10.0,1000,23444.588642
-10.0,1000,23449.332196
-10.1,1000,23454.150994
-10.1,1000,23458.989261
-10.0,1000,23463.741153
-10.0,1000,23468.495167
-10.1,1000,23473.427437
-10.2,1000,23478.040026
-10.2,1000,23482.799952
-10.1,1000,23487.609621
-10.0,1000,23492.440158
-10.0,1000,23497.181487
-10.1,1000,23502.149777
-10.0,1000,23507.066372
-10.3,1000,23511.89043
-10.0,1000,23516.671128
-10.0,1000,23521.527734
-10.1,1000,23526.453796
-10.0,1000,23531.438496
-10.0,1000,23536.329759
-10.1,1000,23541.024854
-10.0,1000,23546.094175
-10.0,1000,23550.815082
-10.0,1000,23555.406193
-10.0,1000,23560.209142
-10.0,1000,23565.202099
-10.0,1000,23569.686512
-10.1,1000,23574.381274
-10.1,1000,23579.182129
-10.0,1000,23583.944039
-10.1,1000,23588.438823
-10.2,1000,23593.192858
-10.1,1000,23597.399497
-10.2,1000,23601.873884
-10.1,1000,23603.996935
-10.1,1000,23608.724845
-10.0,1000,23613.365203
-10.1,1000,23617.770992
-10.0,1000,23622.443824
-10.1,1000,23627.340671
-10.1,1000,23631.875186
-10.1,1000,23636.611592
-10.1,1000,23641.682936
-10.0,1000,23646.533903
-10.0,1000,23651.410468
-10.0,1000,23656.249361
-10.0,1000,23661.134247
-10.0,1000,23665.69438
-10.0,1000,23670.521718
-10.0,1000,23675.448614
-10.0,1000,23679.938551
-10.2,1000,23684.669089
-10.0,1000,23689.602437
-10.0,1000,23694.255808
-10.0,1000,23699.197243
-10.0,1000,23703.833032
-10.0,1000,23708.594454
-10.0,1000,23713.303986
-10.1,1000,23718.162486
-10.0,1000,23723.138934
-10.1,1000,23727.710209
-10.1,1000,23732.247657
-10.1,1000,23737.051941
-10.2,1000,23742.077642
-10.0,1000,23746.805548
-10.1,1000,23751.42951
-10.0,1000,23756.125879
-10.0,1000,23761.020904
-10.2,1000,23765.848536
-10.0,1000,23770.494814
-10.0,1000,23775.295389
-10.2,1000,23779.936945
-10.2,1000,23784.703341
-10.0,1000,23789.545089
-10.1,1000,23794.193352
-10.0,1000,23798.611134
-10.2,1000,23803.249249
-10.0,1000,23805.411525
-10.0,1000,23809.922183
-10.0,1000,23814.612702
-10.0,1000,23819.030338
-10.0,1000,23823.686833
-10.0,1000,23828.575722
-10.0,1000,23833.400742
-10.1,1000,23838.187998
-10.0,1000,23843.091616
-10.0,1000,23847.713865
-10.0,1000,23852.419464
-10.0,1000,23857.441705
-10.0,1000,23862.417928
-10.1,1000,23867.082021
-10.0,1000,23871.738842
-10.0,1000,23876.461958
-10.1,1000,23881.554776
-10.1,1000,23886.42836
-10.0,1000,23891.127529
-10.0,1000,23895.92656
-10.0,1000,23900.638869
-10.0,1000,23905.361598
-10.0,1000,23909.99072
-10.0,1000,23914.802105
-10.0,1000,23919.534054
-10.2,1000,23924.53955
-10.1,1000,23929.190235
-10.0,1000,23934.081038
-10.1,1000,23938.913753
-10.0,1000,23943.724418
-10.0,1000,23948.427845
-10.0,1000,23953.121355
-10.1,1000,23957.684709
-10.0,1000,23962.482026
-10.0,1000,23967.143192
-10.0,1000,23971.756819
-10.1,1000,23976.65213
-10.2,1000,23981.407746
-10.0,1000,23986.292467
-10.1,1000,23991.03278
-10.1,1000,23995.782358
-10.0,1000,24000.332917
-10.0,1000,24005.084894
-10.0,1000,24007.345393
-10.0,1000,24012.106114
-10.1,1000,24016.595249
-10.1,1000,24021.069062
-10.0,1000,24025.800194
-10.0,1000,24030.390241
-10.0,1000,24035.068812
-10.0,1000,24039.859845
-10.0,1000,24044.512962
-10.0,1000,24049.298208
-10.0,1000,24054.132519
-10.0,1000,24058.996672
-10.0,1000,24063.686222
-10.1,1000,24068.390777
-10.0,1000,24073.226878
-10.0,1000,24078.094175
-10.1,1000,24083.11823
-10.2,1000,24088.15337
-10.1,1000,24092.691453
-10.0,1000,24097.514338
-10.0,1000,24102.196546
-10.0,1000,24107.154786
-10.1,1000,24112.109528
-10.0,1000,24116.992064
-10.0,1000,24121.845683
-10.1,1000,24126.843381
-10.0,1000,24131.561764
-10.2,1000,24136.417116
-10.0,1000,24140.981242
-10.1,1000,24145.881852
-10.0,1000,24150.436564
-10.0,1000,24155.115609
-10.3,1000,24159.827413
-10.0,1000,24164.579946
-10.0,1000,24169.221827
-10.0,1000,24173.986044
-10.0,1000,24178.446898
-10.0,1000,24183.297016
-10.2,1000,24188.157602
-10.0,1000,24192.747341
-10.0,1000,24197.030414
-10.0,1000,24201.405989
-10.1,1000,24203.507909
-10.0,1000,24207.998598
-10.1,1000,24212.511729
-10.0,1000,24217.114089
-10.1,1000,24221.775663
-10.0,1000,24226.388245
-10.1,1000,24230.920101
-10.0,1000,24235.524674
-10.0,1000,24240.372738
-10.0,1000,24245.014309
-10.0,1000,24249.584192
-10.0,1000,24254.380011
-10.0,1000,24259.283193
-10.1,1000,24263.956944
-10.0,1000,24268.688952
-10.0,1000,24273.464204
-10.2,1000,24278.144416
-10.0,1000,24282.945346
-10.0,1000,24287.547606
-10.0,1000,24292.337928
-10.0,1000,24297.075574
-10.0,1000,24301.646183
-10.0,1000,24306.429435
-10.1,1000,24311.292436
-10.0,1000,24316.1835
-10.0,1000,24321.023952
-10.0,1000,24325.870646
-10.1,1000,24330.564702
-10.1,1000,24335.487461
-10.1,1000,24340.248542
-10.1,1000,24345.022183
-10.1,1000,24349.7497
-10.0,1000,24354.477429
-10.0,1000,24359.095883
-10.0,1000,24363.719758
-10.1,1000,24368.278939
-10.1,1000,24372.856732
-10.1,1000,24377.327476
-10.1,1000,24382.264289
-10.0,1000,24387.100569
-10.0,1000,24391.50377
-10.0,1000,24395.671425
-10.0,1000,24399.841175
-10.0,1000,24401.885469
-10.0,1000,24407.427487
-10.2,1000,24411.625923
-10.0,1000,24415.995405
-10.1,1000,24420.62131
-10.1,1000,24425.385406
-10.0,1000,24429.92641
-10.0,1000,24434.774608
-10.0,1000,24439.282894
-10.1,1000,24443.749771
-10.0,1000,24448.580553
-10.0,1000,24453.355515
-10.0,1000,24458.05549
-10.0,1000,24462.680309
-10.0,1000,24467.195298
-10.0,1000,24471.677026
-10.0,1000,24476.127475
-10.0,1000,24481.529337
-10.0,1000,24486.613779
-10.1,1000,24491.462764
-10.0,1000,24496.333175
-10.0,1000,24500.928105
-10.1,1000,24505.460919
-10.0,1000,24510.286909
-10.0,1000,24514.711312
-10.0,1000,24519.320051
-10.1,1000,24523.933501
-10.1,1000,24528.604081
-10.0,1000,24533.328837
-10.0,1000,24537.770688
-10.0,1000,24542.202088
-10.1,1000,24547.189118
-10.0,1000,24552.054432
-10.0,1000,24556.748423
-10.0,1000,24561.111976
-10.0,1000,24565.595786
-10.0,1000,24570.233275
-10.0,1000,24575.017894
-10.0,1000,24579.566223
-10.0,1000,24583.996468
-10.1,1000,24588.37416
-10.0,1000,24592.290924
-10.0,1000,24596.354719
-10.0,1000,24598.293877
-10.0,1000,24603.61018
-10.3,1000,24607.841416
-10.1,1000,24612.203727
-10.0,1000,24616.691571
-10.0,1000,24621.224087
-10.0,1000,24625.834289
-10.0,1000,24630.20665
-10.0,1000,24634.617436
-10.1,1000,24638.956265
-10.1,1000,24643.368027
-10.0,1000,24647.757848
-10.1,1000,24652.109481
-10.0,1000,24656.506884
-10.0,1000,24660.952143
-10.1,1000,24665.397372
-10.0,1000,24669.922032
-10.0,1000,24674.555457
-10.1,1000,24678.944146
-10.0,1000,24683.298796
-10.0,1000,24687.644417
-10.0,1000,24692.067673
-10.0,1000,24696.487342
-10.1,1000,24701.049885
-10.0,1000,24705.272644
-10.1,1000,24709.788584
-10.0,1000,24714.224133
-10.0,1000,24718.65022
-10.0,1000,24723.122316
-10.0,1000,24727.665329
-10.0,1000,24732.273848
-10.0,1000,24736.927035
-10.0,1000,24741.598545
-10.2,1000,24746.33855
-10.0,1000,24751.144603
-10.0,1000,24755.690947
-10.1,1000,24760.201106
-10.1,1000,24764.637806
-10.0,1000,24769.269895
-10.3,1000,24774.001895
-10.2,1000,24778.412801
-10.0,1000,24782.592857
-10.0,1000,24784.668074
-10.0,1000,24789.261877
-10.0,1000,24793.457744
-10.0,1000,24797.733325
-10.0,1000,24802.196023
-10.1,1000,24806.886603
-10.1,1000,24811.407009
-10.1,1000,24816.115695
-10.0,1000,24820.641483
-10.0,1000,24825.291414
-10.1,1000,24829.849931
-10.0,1000,24834.574344
-10.0,1000,24839.115473
-10.0,1000,24843.750787
-10.1,1000,24848.273429
-10.0,1000,24852.929806
-10.0,1000,24857.559898
-10.0,1000,24862.159072
-10.1,1000,24866.637668
-10.1,1000,24871.148826
-10.0,1000,24876.145365
-10.0,1000,24880.773503
-10.1,1000,24885.265641
-10.0,1000,24890.09135
-10.0,1000,24894.839823
-10.2,1000,24899.573808
-10.0,1000,24904.571636
-10.0,1000,24909.160815
-10.0,1000,24913.903321
-10.0,1000,24918.347624
-10.1,1000,24922.801276
-10.1,1000,24927.209708
-10.0,1000,24931.935852
-10.0,1000,24936.709427
-10.1,1000,24941.45571
-10.0,1000,24946.347993
-10.0,1000,24951.061775
-10.0,1000,24955.635238
-10.3,1000,24960.21613
-10.0,1000,24965.013139
-10.1,1000,24969.740994
-10.0,1000,24974.15386
-10.0,1000,24978.89232
-10.0,1000,24980.996394
-10.1,1000,24985.682336
-10.0,1000,24990.01699
-10.0,1000,24994.460292
-10.0,1000,24999.182194
-10.1,1000,25004.025556
-10.0,1000,25008.538451
-10.2,1000,25013.283118
-10.0,1000,25017.826647
-10.1,1000,25022.913965
-10.0,1000,25027.758805
-10.0,1000,25032.663804
-10.1,1000,25037.443681
-10.0,1000,25041.873592
-10.1,1000,25046.613429
-10.0,1000,25051.336081
-10.0,1000,25056.118394
-10.0,1000,25060.675522
-10.0,1000,25065.378762
-10.0,1000,25069.787089
-10.0,1000,25074.219859
-10.0,1000,25079.04673
-10.0,1000,25083.755368
-10.0,1000,25088.526528
-10.0,1000,25093.236021
-10.0,1000,25097.907838
-10.0,1000,25102.654439
-10.0,1000,25107.299311
-10.0,1000,25111.897721
-10.0,1000,25116.562089
-10.1,1000,25121.40009
-10.0,1000,25126.031507
-10.0,1000,25130.609082
-10.1,1000,25135.134052
-10.2,1000,25139.923182
-10.1,1000,25144.538607
-10.0,1000,25148.971106
-10.0,1000,25153.464969
-10.1,1000,25157.936859
-10.0,1000,25162.747674
-10.0,1000,25167.269295
-10.3,1000,25171.738968
-10.1,1000,25176.158891
-10.0,1000,25178.331829
-10.0,1000,25183.508157
-10.0,1000,25187.873882
-10.0,1000,25192.27567
-10.1,1000,25197.001977
-10.2,1000,25201.369021
-10.0,1000,25205.753126
-10.0,1000,25210.426076
-10.0,1000,25215.092928
-10.0,1000,25219.805265
-10.0,1000,25224.422805
-10.2,1000,25229.018862
-10.0,1000,25233.628134
-10.1,1000,25238.300025
-10.0,1000,25242.894869
-10.0,1000,25247.734406
-10.1,1000,25252.348621
-10.0,1000,25256.831967
-10.0,1000,25261.374544
-10.0,1000,25266.226292
-10.0,1000,25271.138674
-10.0,1000,25275.930572
-10.1,1000,25280.780611
-10.0,1000,25285.755262
-10.0,1000,25290.46341
-10.1,1000,25295.174199
-10.0,1000,25300.009361
-10.1,1000,25304.823135
-10.0,1000,25309.751986
-10.0,1000,25314.694409
-10.0,1000,25319.36949
-10.1,1000,25324.044612
-10.0,1000,25328.760655
-10.0,1000,25333.713534
-10.1,1000,25338.719368
-10.0,1000,25343.587814
-10.1,1000,25348.36518
-10.0,1000,25353.220966
-10.0,1000,25358.214008
-10.0,1000,25362.808381
-10.0,1000,25367.400724
-10.0,1000,25371.81997
-10.2,1000,25373.987373
-10.0,1000,25378.422143
-10.1,1000,25383.018308
-10.0,1000,25387.525823
-10.0,1000,25391.947534
-10.0,1000,25396.650721
-10.0,1000,25401.448287
-10.1,1000,25406.093133
-10.0,1000,25410.846181
-10.0,1000,25415.508862
-10.0,1000,25420.079808
-10.1,1000,25424.935256
-10.1,1000,25429.647072
-10.1,1000,25434.288831
-10.0,1000,25439.033808
-10.1,1000,25443.735378
-10.1,1000,25448.39073
-10.0,1000,25453.016193
-10.2,1000,25457.852193
-10.0,1000,25462.50118
-10.0,1000,25467.317272
-10.0,1000,25472.209997
-10.0,1000,25476.754879
-10.0,1000,25481.516792
-10.0,1000,25486.290623
-10.0,1000,25491.089436
-10.0,1000,25496.032024
-10.0,1000,25500.813805
-10.0,1000,25505.924152
-10.0,1000,25510.670846
-10.0,1000,25515.452739
-10.0,1000,25520.479173
-10.0,1000,25525.394294
-10.3,1000,25530.15238
-10.0,1000,25534.833307
-10.0,1000,25539.744427
-10.1,1000,25544.491494
-10.1,1000,25549.253271
-10.1,1000,25554.342073
-10.0,1000,25559.29407
-10.0,1000,25564.140232
-10.0,1000,25568.889251
-10.0,1000,25573.679374
-10.1,1000,25575.832202
-10.0,1000,25580.457215
-10.0,1000,25585.301584
-10.0,1000,25590.002316
-10.0,1000,25594.835795
-10.0,1000,25599.834431
-10.0,1000,25604.723438
-10.0,1000,25609.650075
-10.1,1000,25614.511918
-10.0,1000,25619.466767
-10.0,1000,25624.156644
-10.3,1000,25629.037215
-10.1,1000,25633.867298
-10.0,1000,25638.763793
-10.0,1000,25643.553657
-10.1,1000,25648.457045
-10.1,1000,25653.170702
-10.0,1000,25657.930163
-10.0,1000,25662.680256
-10.0,1000,25667.327689
-10.0,1000,25672.214656
-10.2,1000,25676.846555
-5.51,651,25680.85819
-10.0,1000,25685.810302
-10.0,1000,25690.705877
-10.1,1000,25695.398798
-10.1,1000,25700.276547
-10.0,1000,25704.995358
-10.0,1000,25707.197236
-10.1,1000,25711.71964
-10.0,1000,25716.219911
-10.2,1000,25720.91079
-10.0,1000,25726.052018
-10.0,1000,25730.913221
-10.1,1000,25735.650207
-10.0,1000,25740.584662
-10.1,1000,25745.424922
-10.1,1000,25750.267408
-10.1,1000,25755.166552
-10.0,1000,25759.937032
-10.0,1000,25764.657227
-10.1,1000,25769.499593
-10.1,1000,25774.369685
-10.1,1000,25779.225528
-10.0,1000,25784.045317
-10.1,1000,25788.944777
-10.0,1000,25793.956898
-10.0,1000,25798.771077
-10.2,1000,25803.597115
-10.1,1000,25808.56705
-10.0,1000,25813.193126
-10.0,1000,25817.94013
-10.0,1000,25822.848284
-10.1,1000,25827.852891
-10.0,1000,25832.793593
-10.0,1000,25837.676377
-10.0,1000,25842.784865
-10.0,1000,25847.657676
-10.0,1000,25852.442049
-10.0,1000,25857.302841
-10.1,1000,25862.192645
-10.0,1000,25867.081568
-10.0,1000,25871.810354
-10.1,1000,25876.594941
-10.0,1000,25881.331822
-10.0,1000,25885.979849
-10.1,1000,25890.764489
-10.3,1000,25895.330828
-10.0,1000,25899.70929
-10.1,1000,25904.136909
-10.1,1000,25908.848824
-10.0,1000,25910.994989
-10.0,1000,25915.789347
-10.0,1000,25920.248951
-10.2,1000,25924.742583
-10.0,1000,25929.494656
-10.1,1000,25934.205297
-10.0,1000,25938.930081
-10.1,1000,25943.749988
-10.0,1000,25948.659745
-10.1,1000,25953.521488
-10.0,1000,25958.359669
-10.0,1000,25963.006779
-10.0,1000,25967.676592
-10.0,1000,25972.374341
-10.0,1000,25976.992831
-10.1,1000,25981.602812
-10.2,1000,25986.147432
-10.1,1000,25990.329155
-10.0,1000,25994.66068
-10.0,1000,25999.186677
-10.2,1000,26003.750119
-10.0,1000,26008.095207
-9.9,1000,26012.156754
-10.1,1000,26016.206811
-10.0,1000,26020.206157
-10.0,1000,26024.291035
-10.1,1000,26028.565907
-10.0,1000,26032.748861
-10.0,1000,26036.755339
-4.87,587,26037.800049
-6.89,779,26042.828524
-1.09,209,26043.189526
-8.11,911,26048.680284
-3.98,508,26051.822936
-1.19,219,26052.210972
-10.1,1000,26057.77358
-2.69,369,26058.450786
-3.43,433,26062.829125
-1.13,203,26063.23199
-3.9,470,26064.130197
-2.38,328,26069.915344
0.03,107,26070.101893
-1.01,171,26070.397796
-1.72,252,26070.833247
-1.82,272,26071.302934
-1.11,211,26079.505775
-1.56,236,26079.956076
-3.3,430,26080.829653
-3.05,365,26087.018727
-1.09,199,26087.358533
-1.95,295,26087.864059
0.54,46,26087.942909
-0.35,145,26088.192209
-1.22,212,26095.788481
0.38,72,26095.924711
-1.38,208,26096.371121
-1.85,225,26096.817231
-0.17,97,26096.999969
0.21,79,26097.137657
-3.44,404,26106.180173
-5.29,509,26107.155277
-2.26,316,26107.700887
-1.4,210,26113.184536
-2.35,335,26113.764642
-0.2,120,26113.984853
0.34,66,26114.120944
-0.07,107,26114.350477
-1.79,279,26122.268517
-2.6,350,26123.000079
0.2,80,26123.145606
-1.24,204,26123.509395
-0.26,116,26123.719393
-0.92,172,26124.033079
0.09,101,26133.273686
-5.75,625,26134.412686
-4.42,502,26138.749527
-0.67,167,26139.075985
-0.61,141,26139.322308
-0.42,132,26139.554634
-4.65,545,26147.67221
0.56,54,26147.76567
-2.15,295,26148.287274
-2.72,342,26148.893147
-2.5,320,26154.740173
0.03,107,26154.925576
-3.0,410,26155.67859
-0.09,89,26155.833043
-7.62,772,26163.353859
-2.81,361,26164.047962
-0.26,136,26164.281557
-1.05,185,26169.819936
-3.8,450,26170.731895
-0.66,156,26171.030012
0.53,57,26171.152602
-1.12,202,26171.58662
-10.1,1000,26180.548956
-0.78,148,26182.849115
-1.79,279,26183.345839
-1.67,277,26183.842917
-2.65,365,26184.52374
-0.41,141,26191.179761
-0.52,142,26191.424622
-2.11,311,26191.958398
-1.93,293,26192.467125
-2.42,342,26199.871104
0.29,61,26199.975789
-0.78,168,26200.265098
-0.77,137,26200.50035
0.4,50,26200.586934
-6.76,576,26207.840403
-5.05,525,26208.852481
-0.67,157,26209.184937
-12.0,1000,26216.2142
-0.01,91,26216.410779
-6.36,626,26220.786108
-4.63,543,26221.915818
0.38,62,26225.78044
0.62,48,26225.883621
-0.7,160,26226.182661
-1.44,214,26226.553965
-0.23,133,26226.783979
-3.41,411,26227.628007
0.5,60,26235.985207
-9.11,951,26237.744671
0.35,65,26239.833738
0.07,103,26240.012003
-3.69,419,26240.740643
0.85,25,26240.795586
-1.08,188,26241.15262
-3.1,370,26248.18053
-1.41,251,26248.614461
-0.87,167,26248.906808
-0.46,156,26249.18263
-3.29,439,26256.853071
-10.5,1000,26260.779287
-1.08,218,26261.200682
-2.21,311,26261.743825
0.55,45,26261.835652
-0.5,160,26262.126503
-5.47,597,26270.083142
0.25,85,26270.265043
-0.61,161,26270.609817
0.35,65,26270.745354
0.34,66,26270.857949
-1.21,211,26271.286763
0.72,28,26271.347115
-0.51,151,26279.216337
-1.73,273,26279.718071
-0.09,119,26279.983721
-2.47,327,26280.700132
-0.93,163,26288.089936
-0.65,145,26288.34686
-0.51,151,26288.615698
0.43,67,26288.732835
-0.04,104,26288.916376
0.11,89,26289.086226
0.32,78,26289.225956
-0.75,185,26289.558824
-0.28,118,26289.769032
-1.37,237,26301.66409
0.31,69,26301.81103
-1.13,163,26302.108988
0.03,87,26302.2739
0.09,91,26302.469307
0.15,85,26302.654018
0.71,39,26302.738441
0.44,56,26302.840974
0.74,36,26302.905689
0.57,43,26302.992624
-0.37,137,26303.292446
-2.26,316,26313.518174
-0.77,167,26313.824373
-1.18,178,26314.146703
-0.63,163,26314.426863
-0.22,122,26314.63586
-1.4,240,26323.721782
-0.5,150,26323.983815
0.77,33,26324.041707
-2.05,295,26324.552838
0.13,97,26324.720847
-0.0,110,26324.91382
-2.39,329,26334.123309
-2.04,294,26334.727117
-0.23,123,26334.941953
0.42,58,26335.043869
-2.17,297,26335.562267
-0.26,126,26335.782248
0.25,75,26343.944701
0.55,55,26344.042877
0.26,84,26344.190208
0.56,54,26344.285251
0.51,59,26344.388767
-1.49,239,26344.807351
0.61,49,26344.892386
-0.34,94,26345.055668
0.54,56,26345.15395
-0.92,162,26345.437334
-3.71,431,26355.440877
0.58,52,26355.554229
0.05,95,26355.756022
0.64,46,26355.836874
-0.71,161,26356.169422
0.63,47,26356.271991
0.11,99,26356.484843
-0.27,107,26356.721164
0.31,69,26356.852612
-0.36,126,26366.134837
0.25,65,26366.256188
-0.02,92,26366.416126
-0.06,106,26366.601832
0.56,54,26366.698457
-0.34,124,26366.955418
0.29,71,26367.085552
-0.32,142,26367.343253
-0.78,158,26367.618512
-0.23,113,26367.817988
-0.93,193,26379.117852
0.2,80,26379.257614
0.56,54,26379.352027
-0.55,135,26379.590841
-0.89,169,26379.899597
-0.49,159,26380.245171
-0.73,163,26380.601643
-0.07,97,26390.448515
-0.04,104,26390.630788
-0.28,128,26390.879087
-1.35,205,26391.31383
-1.39,239,26391.821708
0.35,75,26391.956599
-1.44,214,26392.333745
0.78,22,26392.372782
0.4,60,26401.507931
-0.11,121,26401.721952
0.15,85,26401.874475
-0.35,135,26402.136584
0.9,20,26402.17275
-0.83,183,26402.497391
-1.34,224,26402.89771
-0.04,114,26403.102474
-1.71,201,26413.554174
-0.1,90,26413.709151
-0.48,128,26413.951828
0.02,98,26414.135641
-0.63,123,26414.349296
0.24,66,26414.465759
-0.51,121,26414.677141
-0.4,140,26414.9206
-0.76,186,26425.850048
-0.82,172,26426.206332
0.03,97,26426.416376
-0.33,103,26426.642903
-0.52,152,26426.964299
0.16,84,26427.120552
-0.04,104,26427.302896
0.2,90,26427.460739
-0.81,131,26427.697053
-0.09,89,26439.428792
-0.42,142,26439.735117
-0.72,162,26440.037668
0.61,49,26440.126015
-2.29,319,26440.697676
-1.84,274,26441.200721
0.64,36,26441.265606
0.59,41,26450.118685
-1.47,177,26450.431604
-0.08,98,26450.60547
0.25,85,26450.755959
0.5,50,26450.845168
-0.23,133,26451.103654
0.52,58,26451.206034
0.36,74,26451.337935
-0.43,123,26451.556071
0.53,37,26451.622401
0.24,86,26451.774195
-0.33,143,26462.748643
0.68,42,26462.837303
-0.86,166,26463.1456
0.03,97,26463.353619
0.45,65,26463.493269
-0.14,94,26463.696133
-0.66,146,26463.976714
-1.89,269,26464.548881
0.38,62,26464.682561
-0.52,162,26475.267825
0.78,22,26475.315192
-1.84,294,26475.93294
-0.55,135,26476.225662
0.74,36,26476.305174
0.63,47,26476.406449
0.16,94,26476.610124
-0.43,153,26476.921026
-0.16,106,26477.145989
0.65,45,26487.116962
0.41,59,26487.219487
0.69,41,26487.291143
-0.58,168,26487.581504
0.04,96,26487.759323
-0.63,153,26488.052653
-0.48,138,26488.294914
0.06,94,26488.457544
0.79,21,26488.494871
0.73,37,26488.560248
-0.0,90,26488.716602
0.41,69,26488.836089
-0.28,128,26499.446134
0.57,53,26499.54161
0.67,33,26499.600753
0.88,22,26499.639678
0.54,56,26499.740139
0.3,60,26499.847568
0.44,56,26499.9472
0.77,33,26500.01508
0.24,66,26500.161144
0.56,34,26500.236898
0.6,40,26500.332775
-0.6,150,26500.67411
0.65,45,26500.775125
0.43,67,26500.89349
0.23,67,26501.014885
0.47,63,26501.153161
0.04,86,26510.131933
-0.15,105,26510.313512
-2.08,268,26510.808639
-0.21,101,26511.013198
-0.64,124,26511.280956
0.39,61,26511.41255
-0.3,130,26511.691519
-1.39,239,26521.492824
0.55,55,26521.588634
0.21,69,26521.707759
0.38,72,26521.832392
0.42,48,26521.92889
-0.57,127,26522.150552
-0.9,170,26522.466897
0.71,39,26522.54961
0.78,32,26522.606446
0.58,52,26522.69766
-0.9,200,26523.061523
0.71,39,26523.129541
0.84,26,26523.175863
-0.16,116,26533.458329
0.16,94,26533.621565
0.09,71,26533.749134
0.8,30,26533.810453
0.47,43,26533.898015
-0.34,114,26534.129658
0.23,77,26534.26424
-0.38,128,26534.489548
-0.18,68,26534.608921
-0.39,119,26534.818937
0.18,82,26534.973484
0.53,47,26535.05729
-0.29,109,26535.248019
0.8,20,26546.899395
0.64,46,26546.981012
-0.26,126,26547.198801
0.73,37,26547.280054
0.49,61,26547.41293
0.77,33,26547.484153
-0.92,202,26547.90832
0.65,45,26548.005183
0.67,43,26548.098474
0.24,76,26548.275897
0.38,72,26548.430796
0.19,81,26548.610007
0.82,28,26548.671119
0.38,62,26548.804806
0.77,33,26548.874808
0.91,19,26548.908409
0.61,39,26548.9772
-0.45,145,26558.827859
0.63,47,26558.924205
0.65,45,26559.010805
0.3,80,26559.185093
0.17,73,26559.344157
0.34,66,26559.489591
0.69,31,26559.558351
0.44,66,26559.702486
0.75,35,26559.774176
0.72,28,26559.824106
0.56,44,26559.909477
-1.09,199,26560.338712
0.22,48,26560.443093
0.29,71,26560.600012
-0.35,115,26569.223426
0.27,53,26569.323081
0.68,32,26569.380009
0.54,56,26569.47853
0.48,42,26569.553686
0.17,83,26569.710054
0.62,48,26569.800982
0.51,59,26569.905917
0.36,54,26570.02106
-0.16,106,26570.254153
0.71,29,26570.31828
-0.13,93,26570.522643
-0.02,92,26570.722263
0.79,21,26570.769237
0.53,57,26570.891756
-0.94,174,26580.458094
0.4,60,26580.56917
0.76,24,26580.614938
0.45,45,26580.696453
0.6,30,26580.752798
0.79,31,26580.822145
0.63,37,26580.894612
0.33,67,26581.01442
0.62,38,26581.082095
0.45,55,26581.180279
0.62,38,26581.248589
0.35,65,26581.36445
0.58,52,26581.457776
0.67,23,26581.499514
0.64,46,26581.599892
-0.1,120,26581.844383
0.22,68,26581.983678
0.2,70,26582.136006
0.8,20,26582.180112
0.37,63,26582.317582
0.91,19,26582.35969
0.58,42,26591.135887
0.22,68,26591.256967
0.72,28,26591.306922
0.25,85,26591.457414
0.78,32,26591.514683
0.57,53,26591.61065
0.66,34,26591.671994
0.51,49,26591.763054
0.82,28,26591.824525
-0.06,86,26591.987247
0.69,41,26592.060006
0.84,26,26592.106703
0.27,73,26592.235954
0.35,55,26592.333107
0.85,25,26592.377834
0.54,56,26592.477144
0.25,85,26592.6293
0.67,33,26592.689861
0.55,45,26592.769659
0.37,63,26592.88066
0.52,48,26601.892538
0.25,65,26602.006313
0.39,71,26602.129437
0.82,28,26602.17894
0.81,29,26602.230713
0.33,57,26602.330627
0.84,26,26602.376518
0.57,43,26602.459232
0.56,54,26602.553208
0.79,31,26602.609668
0.31,69,26602.730774
0.51,59,26602.836132
-0.02,102,26603.019915
0.36,64,26603.132778
0.33,57,26603.234067
-0.02,102,26603.413904
0.46,44,26603.4989
0.66,34,26603.559714
0.7,30,26603.613054
0.5,50,26613.0972
0.67,33,26613.155061
0.54,26,26613.201252
0.45,65,26613.314564
0.53,37,26613.379538
0.66,34,26613.439638
0.47,63,26613.549266
-0.11,111,26613.744017
-0.32,82,26613.886483
0.39,51,26613.975836
0.73,37,26614.047299
0.36,54,26614.166736
0.62,48,26614.27138
0.32,58,26614.397561
0.71,39,26614.482342
-0.36,126,26614.758817
0.87,23,26614.809292
0.23,47,26614.909083
0.78,22,26614.956589
0.8,20,26615.001062
0.33,77,26624.581372
0.75,35,26624.658262
0.73,27,26624.718265
0.13,87,26624.906218
0.79,31,26624.961116
0.45,45,26625.045376
0.3,70,26625.196274
0.33,57,26625.319961
0.02,78,26625.489232
0.41,59,26625.618934
0.46,64,26625.758295
-0.8,140,26626.022092
0.76,24,26626.076687
0.42,48,26626.182084
0.47,53,26626.297808
0.47,53,26626.413155
0.7,30,26626.480438
0.73,37,26626.561912
0.54,56,26635.570358
0.15,75,26635.704439
0.53,57,26635.806085
0.71,39,26635.875693
0.72,38,26635.942719
0.17,93,26636.106098
0.78,32,26636.163359
0.64,26,26636.210045
0.81,29,26636.261836
0.26,54,26636.358047
0.53,37,26636.424093
0.75,35,26636.486643
0.47,53,26636.583924
0.29,61,26636.695826
0.29,51,26636.811457
0.82,18,26636.852193
0.53,37,26636.93026
0.77,23,26636.981305
0.72,38,26637.065765
0.5,50,26637.17562
-0.27,87,26637.368269
0.65,25,26637.425421
0.44,46,26637.527434
0.6,30,26646.000763
0.74,36,26646.064734
0.4,50,26646.153082
0.57,43,26646.229465
0.53,47,26646.312735
0.05,85,26646.463376
0.64,36,26646.527282
0.4,60,26646.63387
0.28,62,26646.74374
0.65,45,26646.824044
-0.11,101,26647.026406
0.46,54,26647.136657
0.62,48,26647.223268
0.57,43,26647.301594
0.83,27,26647.350033
0.71,39,26647.420567
0.02,78,26647.559746
0.19,71,26647.686607
-0.08,98,26656.778496
0.09,81,26656.937245
0.82,28,26656.987247
0.35,55,26657.085078
0.76,34,26657.146103
0.58,42,26657.22118
0.89,21,26657.259214
0.67,33,26657.317824
0.76,34,26657.378418
0.33,57,26657.479181
0.7,30,26657.532495
0.63,37,26657.601341
0.37,53,26657.696285
0.56,44,26657.777704
0.62,48,26657.865331
0.37,73,26657.99963
0.76,34,26658.075264
0.3,50,26658.186069
0.21,69,26658.338437
0.45,55,26658.457894
0.46,64,26658.5984
0.67,23,26658.649459
0.52,58,26666.927217
0.22,48,26667.010924
0.62,48,26667.095095
0.77,23,26667.135918
0.43,57,26667.235636
0.08,82,26667.379869
-0.01,91,26667.539516
0.72,38,26667.608063
0.31,49,26667.694188
0.77,23,26667.735222
0.15,55,26667.831206
0.83,27,26667.878892
0.3,70,26668.008794
0.16,54,26668.126733
0.48,62,26668.265911
-0.05,65,26668.408248
0.73,27,26668.468348
0.33,67,26668.614992
0.69,41,26668.704042
0.64,26,26668.761229
0.66,44,26668.856448
-0.02,72,26678.120644
0.51,39,26678.190314
0.71,39,26678.259914
0.56,34,26678.319942
0.49,51,26678.410696
0.76,34,26678.470764
0.56,34,26678.531702
0.19,71,26678.659044
0.22,78,26678.798124
-0.11,101,26678.982206
0.52,58,26679.084686
0.63,47,26679.167499
0.18,42,26679.241381
0.71,29,26679.292955
0.47,43,26679.368437
0.61,39,26679.437279
0.81,19,26679.471819
0.09,71,26679.597143
-0.2,110,26679.79225
0.68,32,26689.216797
0.59,31,26689.273274
0.61,39,26689.347151
0.3,80,26689.487716
0.12,68,26689.619289
0.72,28,26689.672245
0.61,39,26689.744289
0.41,49,26689.833925
0.29,81,26689.98017
0.9,20,26690.023377
0.78,32,26690.093769
0.24,66,26690.237995
0.55,55,26690.35791
0.39,71,26690.514138
0.67,33,26690.585713
0.52,28,26690.636724
0.8,20,26690.67363
0.89,21,26690.712571
0.78,32,26690.771361
0.28,62,26690.882237
0.1,90,26691.048882
0.61,39,26691.135285
0.23,57,26699.544242
0.42,38,26699.61306
0.65,35,26699.681178
0.39,51,26699.778132
0.61,49,26699.864602
0.63,27,26699.912302
0.57,33,26699.971395
0.51,39,26700.058456
0.89,21,26700.105788
0.59,31,26700.175967
0.64,36,26700.256356
0.63,27,26700.315412
0.32,58,26700.441743
0.11,69,26700.58518
0.6,40,26700.65875
0.78,22,26700.706276
0.74,26,26700.758319
0.51,39,26700.845948
0.67,33,26700.924229
0.67,43,26701.012039
0.45,45,26701.091904
0.81,19,26701.125763
0.61,39,26701.194862
0.7,40,26701.265619
0.72,38,26701.332328
0.56,44,26701.409338
0.6,40,26701.479587
0.11,59,26708.285795
0.92,18,26708.318216
0.64,36,26708.38243
0.46,34,26708.442848
0.01,89,26708.627489
0.54,46,26708.728553
0.62,38,26708.813108
0.72,38,26708.895486
-0.68,118,26709.134304
0.32,48,26709.238447
0.58,42,26709.330414
0.74,26,26709.38769
0.42,48,26709.492984
-0.06,76,26709.658131
0.7,30,26709.729852
0.67,43,26709.823695
0.74,36,26709.901088
0.55,45,26709.980425
0.65,35,26710.042427
0.4,60,26710.147867
0.43,47,26710.230631
0.76,34,26718.849337
0.8,30,26718.903171
0.44,46,26718.985791
0.64,36,26719.050301
0.45,45,26719.129574
0.09,91,26719.288946
0.17,83,26719.436709
0.41,49,26719.523373
0.76,34,26719.58388
0.64,36,26719.649645
0.55,45,26719.74071
0.79,31,26719.80802
0.51,29,26719.872165
0.82,28,26719.928164
0.87,23,26719.972371
0.56,34,26720.043551
0.57,33,26720.116965
-0.13,103,26720.3016
0.78,22,26720.342191
0.41,39,26720.412261
0.47,53,26720.506774
0.51,39,26720.577331
0.32,48,26720.663364
-0.01,91,26729.073888
0.77,23,26729.126024
0.58,32,26729.19812
0.77,23,26729.249645
-0.03,63,26729.38872
0.6,40,26729.477053
0.49,41,26729.570225
0.67,33,26729.643845
0.8,30,26729.710809
0.59,51,26729.809333
0.81,29,26729.861639
0.41,39,26729.933123
0.49,41,26730.008726
0.27,83,26730.155694
0.82,18,26730.187924
0.42,48,26730.27444
0.01,99,26730.448673
0.66,34,26730.509572
0.78,32,26730.567888
0.63,37,26730.635164
0.6,40,26730.707241
0.46,64,26730.821799
0.76,14,26730.847843
0.82,18,26730.880229
0.65,45,26739.087204
0.12,78,26739.22421
0.46,34,26739.284533
0.77,33,26739.342501
0.4,50,26739.431535
0.78,22,26739.472733
-0.19,99,26739.664828
0.46,44,26739.746118
0.75,35,26739.809398
0.63,37,26739.875525
0.41,49,26739.963042
0.76,34,26740.023293
0.87,23,26740.063586
0.61,49,26740.148996
0.12,88,26740.302397
0.88,22,26740.341038
0.66,34,26740.400687
0.82,28,26740.449968
0.85,25,26740.494243
0.19,51,26740.583247
0.7,30,26740.636168
0.61,39,26740.706344
0.08,92,26740.867236
0.63,27,26740.928057
0.17,63,26749.675537
0.57,43,26749.761376
0.62,38,26749.840825
0.7,30,26749.907606
0.9,20,26749.95269
0.83,27,26750.002743
0.72,38,26750.08733
0.03,77,26750.256386
0.68,42,26750.348398
0.36,54,26750.466778
0.29,71,26750.624681
0.41,59,26750.748907
0.31,49,26750.838013
0.75,25,26750.883966
0.77,33,26750.944609
0.57,53,26751.038169
-0.09,89,26751.195646
0.53,47,26751.280584
0.71,29,26751.331978
0.2,60,26751.437682
0.3,80,26760.204797
0.55,45,26760.284427
0.46,34,26760.344884
0.54,36,26760.408131
0.31,59,26760.51106
0.16,44,26760.589805
0.65,35,26760.652231
0.61,39,26760.725319
0.49,61,26760.861713
0.3,60,26760.975154
0.75,25,26761.020152
0.8,30,26761.073426
0.71,29,26761.124572
0.52,38,26761.19221
0.77,33,26761.252446
0.82,28,26761.302633
0.58,42,26761.377549
0.5,40,26761.448167
0.4,60,26761.556844
0.31,39,26761.626873
0.59,31,26761.681678
0.63,37,26761.747483
0.62,38,26761.819024
0.78,22,26761.859684
0.82,28,26761.91039
0.14,66,26762.029557
0.14,86,26769.399091
0.71,29,26769.462589
0.29,81,26769.639021
0.43,37,26769.720028
0.69,21,26769.763523
0.25,85,26769.948819
0.89,21,26769.992722
0.84,26,26770.043535
0.41,39,26770.133614
0.56,24,26770.187585
0.65,35,26770.270887
0.81,19,26770.313492
0.41,49,26770.421774
-0.19,59,26770.545935
0.11,89,26770.744158
0.89,21,26770.791192
0.74,36,26770.870064
0.78,22,26770.912493
0.69,41,26770.986051
0.06,74,26771.116064
0.22,68,26771.236361
0.8,30,26771.291914
-0.31,111,26779.981593
0.88,22,26780.03034
0.52,38,26780.10281
0.51,39,26780.171589
0.53,47,26780.254595
0.87,23,26780.295521
0.48,52,26780.386388
0.44,46,26780.466957
0.58,42,26780.550168
0.84,26,26780.60188
0.58,42,26780.675378
0.86,24,26780.717624
0.34,56,26780.815127
0.31,69,26780.93562
0.75,35,26781.002058
0.77,33,26781.071048
0.79,31,26781.138492
0.39,41,26781.227375
0.77,33,26781.298562
0.11,79,26781.468212
0.55,45,26781.561868
-0.18,68,26781.680418
0.87,23,26781.723765
0.83,27,26781.783329
0.72,28,26789.433797
0.54,36,26789.497047
0.38,62,26789.605702
0.71,39,26789.691852
-0.4,100,26789.904781
0.75,35,26789.967002
0.89,21,26790.0046
0.38,62,26790.113796
0.49,41,26790.193683
0.51,59,26790.322679
0.53,47,26790.421186
0.75,35,26790.483537
0.69,31,26790.54298
0.77,23,26790.601509
0.62,38,26790.691917
0.74,26,26790.747282
0.62,48,26790.834406
0.71,29,26790.88636
0.08,82,26791.030564
0.58,42,26791.104814
0.43,57,26791.204509
0.9,20,26791.240144
0.6,40,26791.310895
0.32,58,26799.575541
0.52,28,26799.624208
0.89,21,26799.660806
0.88,22,26799.702372
0.61,39,26799.787342
0.44,56,26799.90401
0.77,23,26799.945946
0.71,29,26799.997551
0.4,40,26800.068678
0.8,20,26800.10437
0.78,22,26800.143365
0.86,24,26800.18563
0.57,43,26800.261501
0.75,25,26800.305666
0.58,42,26800.380147
0.9,20,26800.416047
0.91,19,26800.44991
0.8,20,26800.485466
0.58,52,26800.578064
0.74,36,26800.641232
0.07,83,26800.788774
0.73,37,26800.85439
0.4,70,26800.991515
0.61,39,26801.061794
0.59,31,26801.116862
0.28,52,26801.208588
0.38,62,26801.317315
-0.35,115,26809.000173
0.39,41,26809.071593
0.79,31,26809.124906
0.23,57,26809.222481
0.69,31,26809.275972
0.35,65,26809.388074
0.17,53,26809.479188
0.77,23,26809.519406
0.59,41,26809.59226
0.07,63,26809.701085
0.7,30,26809.753291
0.66,44,26809.830108
0.41,39,26809.903588
0.9,20,26809.94249
0.8,30,26809.996475
0.19,81,26810.174255
0.52,38,26810.256916
0.56,44,26810.352179
0.08,72,26810.508355
0.66,24,26810.562117
0.74,36,26810.640911
-0.11,81,26810.797653
0.24,56,26819.591781
0.21,69,26819.713956
0.69,21,26819.751784
0.67,33,26819.81007
0.75,25,26819.853836
0.64,46,26819.933887
0.79,21,26819.97092
0.58,32,26820.026945
0.59,31,26820.080985
0.71,39,26820.148699
0.34,66,26820.262492
0.46,54,26820.356371
0.33,47,26820.437954
0.27,53,26820.529527
0.68,32,26820.586518
0.26,74,26820.726051
0.88,22,26820.770408
0.38,52,26820.863455
0.72,38,26820.936803
0.56,34,26821.002468
0.13,67,26821.121944
0.52,48,26821.206531
0.77,23,26821.247247
-0.04,94,26829.575092
0.8,20,26829.610261
0.7,40,26829.680085
0.53,37,26829.744349
0.8,20,26829.77987
0.57,33,26829.837871
0.92,18,26829.870361
0.44,26,26829.91751
0.64,36,26829.9833
0.59,31,26830.038293
0.76,24,26830.088105
0.43,37,26830.168603
0.73,27,26830.227832
0.52,38,26830.311196
0.64,36,26830.389607
0.3,50,26830.498346
0.88,22,26830.547898
0.7,30,26830.614358
0.76,24,26830.666847
0.53,47,26830.768889
0.35,55,26830.888714
0.79,31,26830.948915
0.33,57,26831.049799
0.51,29,26831.100681
0.84,26,26831.146262
0.82,28,26831.195297
0.41,49,26831.280454
0.66,34,26831.33922
0.16,34,26831.398971
0.7,30,26831.451488
0.38,42,26837.9172
0.7,40,26837.988302
0.8,20,26838.024012
0.7,20,26838.059359
0.77,23,26838.100116
0.63,47,26838.181984
0.75,35,26838.242594
0.59,51,26838.331224
0.73,27,26838.378854
0.7,40,26838.448322
0.7,30,26838.500799
0.62,28,26838.550137
0.65,25,26838.595027
0.8,20,26838.630654
0.81,29,26838.68648
0.72,38,26838.754408
0.76,24,26838.79609
0.34,76,26838.939514
0.23,47,26839.022817
0.79,31,26839.078344
0.72,28,26839.128858
0.65,35,26839.191331
0.65,35,26839.254178
0.54,46,26839.336913
0.73,37,26839.40261
0.92,18,26839.434541
0.89,21,26839.473047
0.63,27,26839.52114
0.91,19,26839.555945
0.5,40,26839.626681
0.69,31,26839.682447
0.49,41,26846.154811
0.53,47,26846.237596
0.74,26,26846.283384
0.66,24,26846.325729
0.71,29,26846.376844
0.61,19,26846.410072
-0.14,74,26846.538117
0.74,26,26846.585949
0.41,39,26846.654098
0.47,33,26846.711293
0.84,26,26846.756886
0.81,19,26846.790355
0.76,34,26846.849132
0.72,28,26846.898125
0.55,35,26846.959359
0.17,53,26847.051037
0.74,26,26847.096318
0.91,19,26847.129783
0.62,38,26847.196395
0.69,31,26847.250503
0.51,29,26847.301481
0.71,29,26847.351734
0.49,41,26847.422858
0.51,39,26847.491438
0.45,55,26847.588147
0.54,36,26847.650927
0.8,20,26847.687117
0.64,26,26847.742331
0.54,56,26847.858321
0.63,37,26847.927173
0.63,37,26854.943464
0.04,76,26855.104523
0.75,25,26855.159413
0.68,42,26855.251368
0.49,41,26855.329903
0.88,22,26855.369318
0.15,65,26855.482524
-0.38,98,26855.6577
0.76,24,26855.701093
0.59,31,26855.755816
0.68,42,26855.829874
0.64,26,26855.876057
0.88,22,26855.915553
0.62,38,26855.982545
0.79,21,26856.019985
0.55,45,26856.100547
0.22,58,26856.203366
0.67,43,26856.279943
0.21,59,26856.384091
0.68,32,26856.440217
0.84,26,26856.485971
0.12,78,26856.623661
0.6,40,26856.69356
-0.08,88,26865.232651
0.88,22,26865.271538
0.56,54,26865.365571
0.9,20,26865.402118
0.79,21,26865.449283
0.62,38,26865.53283
-0.04,84,26865.717072
-0.06,66,26865.85769
0.52,48,26865.947409
0.68,32,26866.013595
0.05,75,26866.146309
0.5,30,26866.199365
0.63,37,26866.26506
0.78,32,26866.321236
0.82,18,26866.352986
0.69,31,26866.407342
0.8,20,26866.452755
0.6,30,26866.516924
0.77,23,26866.556921
0.62,38,26866.634657
0.58,42,26866.725071
0.5,50,26866.832861
0.5,30,26866.898034
0.68,32,26866.967237
0.77,23,26867.014491
0.69,21,26867.052336
0.83,17,26867.083264
0.38,62,26874.238715
0.69,31,26874.292892
0.7,20,26874.328044
0.33,37,26874.392344
0.64,36,26874.454688
0.76,24,26874.496812
0.64,36,26874.560974
0.86,24,26874.603359
0.3,60,26874.706842
0.9,20,26874.741994
0.61,29,26874.792315
0.81,19,26874.825418
0.51,49,26874.917941
0.73,27,26874.972694
0.87,23,26875.014166
0.5,40,26875.100072
0.88,22,26875.139476
0.84,26,26875.18576
0.83,27,26875.233874
0.52,28,26875.282846
0.21,79,26875.420315
0.22,68,26875.539302
0.81,29,26875.592475
0.63,37,26875.658973
0.7,40,26875.732232
0.54,56,26875.830692
0.82,28,26875.882317
0.66,34,26875.946121
0.57,33,26876.00679
0.78,22,26876.045226
0.52,38,26883.391346
0.79,21,26883.428864
0.17,83,26883.577634
0.48,42,26883.653265
0.66,34,26883.716097
0.76,34,26883.779631
0.31,39,26883.850142
0.03,67,26883.969353
0.31,49,26884.06346
0.87,23,26884.105762
0.6,40,26884.178727
0.51,59,26884.287632
0.33,47,26884.373572
0.76,24,26884.41636
0.86,24,26884.459183
0.81,29,26884.511674
0.74,26,26884.559672
0.74,36,26884.624997
0.73,27,26884.674202
0.66,44,26884.753887
0.63,37,26884.820636
0.72,28,26884.873036
0.14,66,26885.003686
0.76,24,26885.047187
0.56,34,26885.107467
0.9,20,26885.142923
0.59,31,26885.197572
0.77,23,26892.574876
0.87,23,26892.616043
0.59,51,26892.704597
0.74,36,26892.76891
0.3,40,26892.840169
0.25,55,26892.936139
0.63,27,26892.983501
0.67,43,26893.0584
0.78,22,26893.096993
0.55,35,26893.159094
0.89,21,26893.19591
0.3,50,26893.283069
-0.16,96,26893.450888
0.49,41,26893.522161
0.52,38,26893.590093
0.73,37,26893.654509
0.68,32,26893.710499
0.3,60,26893.815625
0.46,54,26893.930872
0.87,23,26893.981212
0.69,21,26894.025545
0.7,40,26894.111715
0.55,25,26894.166245
0.81,29,26894.229272
0.8,20,26894.273215
0.29,51,26894.384191
0.81,29,26894.447554
0.64,26,26901.7154
0.92,18,26901.747778
0.87,23,26901.788546
0.73,37,26901.854222
0.13,47,26901.94219
0.6,20,26901.987195
0.78,32,26902.04928
0.9,20,26902.085297
0.24,76,26902.220471
0.96,14,26902.245799
0.63,27,26902.294521
0.72,28,26902.344396
0.39,41,26902.417986
0.68,32,26902.475148
0.43,37,26902.539889
0.85,25,26902.584265
0.58,52,26902.67574
0.65,35,26902.737348
0.73,37,26902.803707
0.97,13,26902.827463
0.54,26,26902.873892
0.7,20,26902.909656
0.76,24,26902.962299
0.7,30,26903.025919
0.82,18,26903.05838
0.71,29,26903.11073
0.63,37,26903.176307
0.68,32,26903.243068
0.81,29,26903.302117
0.65,35,26903.369594
0.66,34,26903.430143
0.69,21,26903.46772
0.79,21,26903.50532
0.78,32,26909.605285
0.71,39,26909.67247
0.76,24,26909.71412
0.53,47,26909.795402
0.86,24,26909.837813
0.7,30,26909.891394
0.6,30,26909.944841
0.77,23,26909.985706
0.89,21,26910.023831
0.29,51,26910.134324
0.5,30,26910.199439
0.84,26,26910.255639
0.53,47,26910.356967
0.58,42,26910.44745
0.68,22,26910.495128
0.4,40,26910.58258
-0.07,87,26910.767342
0.44,46,26910.866893
0.67,33,26910.938194
0.7,30,26911.003202
-0.16,96,26911.173556
0.24,66,26911.290237
0.74,26,26911.344796
0.28,52,26911.437498
0.57,43,26911.513797
0.8,20,26911.549846
0.58,32,26919.417537
0.64,26,26919.464646
0.56,34,26919.522945
0.49,31,26919.576954
0.43,37,26919.64056
0.67,33,26919.697407
0.76,24,26919.740592
0.35,45,26919.820151
0.89,21,26919.858862
0.71,19,26919.896081
0.64,36,26919.959631
0.65,45,26920.039243
0.63,37,26920.104188
0.69,41,26920.175898
0.13,77,26920.310057
0.43,47,26920.391905
0.69,21,26920.428918
0.41,49,26920.514455
0.65,25,26920.55918
0.78,22,26920.598207
0.75,35,26920.659328
-0.23,83,26920.803267
0.67,33,26920.861022
0.72,28,26920.912885
0.89,21,26920.958912
0.8,30,26921.023344
0.53,37,26921.098028
0.55,35,26921.173326
0.62,38,26921.255738
0.82,28,26928.005341
0.71,19,26928.040261
0.15,65,26928.156719
0.46,64,26928.273357
0.62,38,26928.340205
0.65,35,26928.40215
0.73,37,26928.467211
0.48,32,26928.523819
0.62,48,26928.609013
0.3,70,26928.738138
0.53,37,26928.821107
0.6,40,26928.907149
0.62,48,26928.992368
0.85,25,26929.03676
0.9,20,26929.073173
0.62,38,26929.140848
0.65,25,26929.185288
-0.35,105,26929.372206
0.73,27,26929.420736
0.57,43,26929.496832
0.74,26,26929.543114
0.38,42,26929.618968
0.41,39,26929.688571
0.89,21,26929.726308
0.61,29,26929.779106
0.76,34,26937.380814
0.64,36,26937.443952
0.14,66,26937.558772
0.78,22,26937.597869
0.72,28,26937.646905
0.63,37,26937.711597
0.44,36,26937.775867
0.78,32,26937.831928
0.43,37,26937.896846
0.6,40,26937.977977
0.46,54,26938.080938
0.86,24,26938.123184
0.48,22,26938.1617
0.64,36,26938.22531
0.57,43,26938.301368
0.49,41,26938.373393
0.46,34,26938.433118
0.75,25,26938.477015
0.03,67,26938.594822
0.6,40,26938.664639
0.78,22,26938.703307
0.79,21,26938.740493
0.68,32,26938.796697
0.55,25,26938.840476
0.76,24,26938.882799
0.74,26,26938.92874
0.59,31,26938.983181
0.73,27,26939.030411
0.4,40,26939.100663
0.85,25,26939.144282
0.72,38,26945.616104
0.72,28,26945.665059
0.58,32,26945.72163
0.66,34,26945.789009
0.55,45,26945.886608
0.5,50,26945.983332
0.87,23,26946.023068
0.89,21,26946.059967
0.52,38,26946.12517
0.54,36,26946.186439
0.6,40,26946.255132
0.54,36,26946.317107
0.52,38,26946.382206
0.52,38,26946.456089
0.65,25,26946.510794
0.9,20,26946.555185
0.9,20,26946.59918
0.41,29,26946.656768
0.75,25,26946.700531
0.56,44,26946.777519
0.88,22,26946.816322
0.79,21,26946.853299
0.78,22,26946.894283
0.36,34,26946.968063
0.74,26,26947.022221
0.7,30,26947.075829
0.78,22,26947.114539
0.66,34,26947.174035
0.7,30,26947.226404
0.89,21,26947.263404
0.76,24,26947.305523
0.55,45,26947.383959
-0.09,59,26947.501055
0.65,35,26953.850171
0.67,33,26953.918905
0.91,19,26953.954299
0.84,26,26954.010503
0.7,40,26954.087807
0.66,34,26954.162039
0.65,35,26954.238797
0.78,22,26954.286724
0.34,56,26954.408527
-0.01,71,26954.563966
0.62,28,26954.624988
0.55,25,26954.679518
0.62,38,26954.761985
0.59,31,26954.829013
0.86,24,26954.882354
0.55,45,26954.976649
0.67,33,26955.044611
-0.1,60,26955.151987
0.1,60,26955.258401
0.47,43,26955.333282
0.76,34,26955.393048
0.54,26,26955.439198
0.67,33,26955.496723
0.77,23,26955.53714
0.88,22,26955.577354
0.81,19,26955.610918
-0.0,60,26955.715911
0.64,46,26955.800939
0.54,36,26962.743849
0.86,24,26962.790724
0.42,48,26962.877106
0.62,28,26962.938773
0.7,30,26963.005893
0.63,27,26963.060355
0.73,37,26963.127484
0.6,30,26963.181227
0.26,44,26963.260808
0.66,34,26963.321452
0.7,30,26963.374777
0.76,24,26963.418411
0.59,41,26963.491347
0.67,33,26963.550928
0.71,39,26963.621891
0.89,21,26963.65989
0.9,20,26963.69607
0.68,32,26963.753528
0.64,26,26963.800282
0.84,26,26963.846539
0.78,32,26963.903417
0.79,21,26963.941872
0.78,22,26963.98196
0.75,35,26964.045353
0.51,59,26964.150991
0.43,27,26964.199556
0.81,29,26964.251832
0.48,32,26964.309254
0.92,18,26964.341806
-0.36,96,26964.51391
0.44,36,26971.149947
0.68,32,26971.207555
0.62,28,26971.258059
0.36,44,26971.336704
0.52,38,26971.404353
0.65,35,26971.466663
0.85,25,26971.511495
0.78,22,26971.551951
0.67,33,26971.611694
0.74,26,26971.658454
0.78,22,26971.698354
0.8,20,26971.735822
0.73,27,26971.784578
0.96,14,26971.810289
0.42,38,26971.893457
0.4,40,26971.968048
0.64,36,26972.036141
0.75,25,26972.084688
0.78,22,26972.125896
0.76,24,26972.170259
0.77,23,26972.212973
0.72,28,26972.264065
0.79,21,26972.302089
0.58,32,26972.359889
0.29,61,26972.469986
0.72,28,26972.520599
0.78,22,26972.561826
0.8,20,26972.598786
0.58,42,26972.674418
0.85,25,26972.720161
0.6,40,26972.793758
0.82,18,26972.827841
0.38,42,26972.912186
0.48,42,26972.991492
0.75,25,26978.907222
0.77,33,26978.979979
0.65,35,26979.049158
0.72,28,26979.099221
0.57,23,26979.140368
0.57,33,26979.199213
0.22,58,26979.302252
0.91,19,26979.336727
0.61,29,26979.388619
0.54,46,26979.469834
0.39,41,26979.546141
0.69,31,26979.60464
0.64,36,26979.667293
0.31,39,26979.735385
0.73,27,26979.782953
0.62,28,26979.831843
0.52,38,26979.898581
0.7,30,26979.962106
0.87,23,26980.007765
0.87,23,26980.054834
0.77,23,26980.095571
0.88,22,26980.134412
0.65,45,26980.21415
0.45,45,26980.294226
0.8,20,26980.329997
0.79,21,26980.367703
0.55,35,26980.430522
0.67,33,26980.489156
0.61,29,26980.540838
0.66,34,26980.605413
0.41,49,26980.694535
0.5,60,26986.887884
0.51,49,26986.973878
0.88,22,26987.013291
0.83,27,26987.061042
0.56,34,26987.121012
0.84,26,26987.166931
0.7,20,26987.202588
0.68,32,26987.259515
0.48,52,26987.351148
0.7,30,26987.404099
0.92,18,26987.43621
0.51,49,26987.521971
0.89,21,26987.560788
0.79,31,26987.616429
0.67,33,26987.674404
0.78,22,26987.713192
0.47,43,26987.792759
0.39,51,26987.885223
0.79,31,26987.942008
0.68,32,26988.007645
0.91,19,26988.042696
0.8,20,26988.080461
0.79,31,26988.137469
0.75,25,26988.182905
0.79,31,26988.238221
0.76,24,26988.281295
0.62,38,26988.349637
0.91,19,26988.384226
0.86,24,26988.427186
0.78,22,26988.466693
0.2,60,26988.574401
0.59,21,26988.611067
0.68,42,26988.683519
0.88,22,26995.054719
0.62,38,26995.122486
0.63,37,26995.188597
0.31,59,26995.294835
0.76,24,26995.338314
0.29,61,26995.447546
0.24,66,26995.567828
0.25,45,26995.649071
0.7,40,26995.722699
0.3,50,26995.812323
0.89,21,26995.850083
0.65,25,26995.895365
0.81,19,26995.935244
0.55,35,26996.004901
0.6,40,26996.076564
0.78,22,26996.117181
0.49,41,26996.191621
0.49,41,26996.265111
0.78,32,26996.322314
0.6,50,26996.411887
0.86,24,26996.455088
0.68,32,26996.51268
0.77,33,26996.573003
0.34,66,26996.690327
0.53,27,26996.738648
0.69,31,26996.804968
0.78,22,26996.85437
0.85,25,26996.911375
0.32,58,27003.804837
0.72,28,27003.857046
0.79,21,27003.894931
0.84,26,27003.949924
0.74,36,27004.028292
0.58,42,27004.106023
0.64,26,27004.15374
0.51,39,27004.224899
0.82,28,27004.274754
0.28,52,27004.365622
0.64,26,27004.412386
0.81,19,27004.44628
0.74,26,27004.49291
0.41,39,27004.561913
0.34,56,27004.660808
0.53,27,27004.708235
0.75,25,27004.754799
0.62,38,27004.822302
0.62,38,27004.889297
0.41,49,27004.97673
0.76,24,27005.019562
0.88,22,27005.058673
0.87,23,27005.099581
0.77,33,27005.157678
0.45,45,27005.236311
0.88,22,27005.274789
0.44,36,27005.338369
0.15,65,27005.451854
0.71,29,27005.503187
0.67,33,27005.562782
0.66,24,27012.490317
0.68,32,27012.552516
0.84,26,27012.604987
0.42,38,27012.680321
0.65,25,27012.730207
0.44,46,27012.814233
0.87,23,27012.856122
0.38,42,27012.93485
0.83,27,27012.985114
0.54,36,27013.060369
0.85,25,27013.104988
0.51,29,27013.158893
0.65,35,27013.22849
0.31,69,27013.355053
0.89,21,27013.392866
0.11,59,27013.495745
0.63,37,27013.561036
0.74,26,27013.607155
0.55,25,27013.651299
0.64,36,27013.714497
0.78,22,27013.754662
0.78,22,27013.792964
-0.41,101,27013.969357
0.73,27,27014.016826
0.6,30,27014.076582
0.62,38,27014.14379
0.31,59,27014.253419
0.7,30,27014.318415
0.33,47,27021.599184
0.71,19,27021.63276
0.67,33,27021.690144
0.79,21,27021.726969
0.25,55,27021.829424
0.64,26,27021.880576
0.28,42,27021.956968
0.88,22,27021.99633
0.62,28,27022.046412
0.57,33,27022.104312
0.76,24,27022.14699
0.87,23,27022.188389
0.45,35,27022.25229
0.87,23,27022.293292
0.54,36,27022.356738
0.73,27,27022.404466
0.46,44,27022.48412
0.77,23,27022.535935
0.76,24,27022.588939
0.47,43,27022.683966
0.63,37,27022.766408
0.64,26,27022.823411
0.91,19,27022.866103
0.63,27,27022.923222
0.44,36,27022.987197
0.6,30,27023.040455
0.39,31,27023.095537
0.63,27,27023.14355
0.71,19,27023.177121
0.25,45,27023.263881
0.71,29,27023.328032
0.79,21,27023.37473
0.08,52,27023.487058
0.87,23,27029.609005
0.77,33,27029.666633
0.78,22,27029.705094
0.46,34,27029.764044
0.64,26,27029.809169
0.39,41,27029.880418
0.6,30,27029.932052
0.78,22,27029.969935
0.66,34,27030.028805
0.64,36,27030.090536
0.77,23,27030.130223
0.83,27,27030.17702
0.66,24,27030.219587
0.86,24,27030.261474
0.88,22,27030.299581
0.65,25,27030.353367
0.74,26,27030.410534
0.01,69,27030.550927
0.65,25,27030.606951
0.73,37,27030.685032
0.91,19,27030.726808
0.3,60,27030.856304
0.44,46,27030.949168
0.85,25,27030.993652
0.5,40,27031.064636
0.69,31,27031.119442
0.79,21,27031.156273
0.02,68,27031.275653
0.41,49,27031.369888
0.37,43,27031.446397
0.68,22,27031.485374
0.52,38,27038.359032
0.77,23,27038.399638
0.72,28,27038.448917
0.6,30,27038.50124
0.88,22,27038.540076
0.45,45,27038.61947
0.84,26,27038.664854
0.73,27,27038.712381
0.74,26,27038.758644
0.92,18,27038.790339
0.75,25,27038.83484
0.76,34,27038.895631
0.56,34,27038.957236
0.45,55,27039.05421
0.45,35,27039.115622
0.74,26,27039.161414
0.88,22,27039.199966
0.65,25,27039.244055
0.4,40,27039.31421
0.54,36,27039.377469
0.88,22,27039.416877
0.6,30,27039.469853
0.87,23,27039.510432
0.87,23,27039.551553
0.65,25,27039.595297
0.64,26,27039.640632
0.51,39,27039.708905
0.78,22,27039.747884
0.72,28,27039.809196
0.15,55,27039.928873
0.78,32,27039.998456
0.57,33,27040.068156
0.65,25,27040.112029
0.47,33,27040.170166
0.58,32,27045.870587
0.38,52,27045.961766
-0.01,91,27046.11987
0.79,21,27046.157211
0.85,25,27046.200925
0.63,37,27046.266271
-0.1,80,27046.409819
0.72,28,27046.460511
0.78,22,27046.499521
0.64,36,27046.562228
-0.14,94,27046.731077
0.31,49,27046.837216
0.71,29,27046.900318
0.79,21,27046.940659
0.81,29,27046.995455
0.24,56,27047.106861
0.61,29,27047.169899
0.62,28,27047.23097
0.47,43,27047.323702
0.47,53,27047.438428
0.7,20,27047.482251
0.64,26,27047.539104
0.89,21,27047.585722
0.57,33,27047.656585
0.87,23,27047.70669
0.38,42,27047.798557
0.54,46,27055.764456
0.74,26,27055.816782
0.67,33,27055.878639
0.56,34,27055.946022
0.9,20,27055.989944
0.77,23,27056.039814
0.83,27,27056.091932
0.81,29,27056.142999
0.66,34,27056.202599
0.82,18,27056.234312
0.62,38,27056.300686
0.71,39,27056.369905
0.71,29,27056.42086
0.82,28,27056.469916
0.78,22,27056.509412
0.69,21,27056.5467
0.35,45,27056.627339
0.69,21,27056.664632
0.63,37,27056.729264
0.91,19,27056.762961
0.46,34,27056.822408
0.91,19,27056.856223
0.78,22,27056.899272
0.43,37,27056.97958
0.68,32,27057.036239
0.62,28,27057.08533
0.65,25,27057.129352
0.54,46,27057.209766
-0.14,54,27057.303531
0.34,56,27057.40108
0.77,23,27057.441712
0.86,24,27057.483864
0.85,25,27057.527701
0.9,20,27063.596381
0.61,49,27063.683032
0.15,65,27063.797541
0.56,34,27063.858415
0.68,32,27063.916263
0.68,22,27063.958955
0.3,50,27064.065928
0.33,47,27064.162343
0.59,41,27064.252948
0.76,24,27064.305864
0.69,31,27064.377061
0.52,38,27064.462203
0.82,28,27064.524199
0.77,23,27064.575648
0.65,25,27064.632046
0.25,45,27064.730726
0.8,20,27064.775222
0.88,22,27064.823613
0.57,33,27064.896031
0.78,22,27064.936909
0.8,30,27064.997139
0.58,42,27065.085605
0.71,29,27065.137706
0.79,21,27065.17596
0.57,43,27065.252028
0.88,22,27065.291356
0.4,40,27065.36205
0.46,34,27065.422767
0.77,23,27065.464183
0.79,31,27065.519784
0.5,50,27065.611732
0.13,37,27072.465745
0.68,32,27072.537135
0.77,23,27072.589221
0.49,41,27072.680294
0.91,19,27072.722369
0.65,25,27072.77341
0.75,25,27072.817823
0.51,29,27072.869567
0.27,43,27072.959279
0.57,43,27073.038795
0.59,31,27073.094496
0.44,46,27073.177413
0.73,37,27073.24465
0.49,31,27073.30098
0.84,26,27073.348197
0.47,43,27073.4408
0.65,35,27073.512426
0.77,33,27073.586207
0.34,46,27073.687099
0.74,26,27073.74436
0.58,32,27073.801033
0.6,30,27073.854869
0.78,32,27073.912339
0.76,24,27073.962554
0.29,61,27074.092462
0.52,28,27074.142928
0.76,24,27074.186019
0.43,37,27074.268965
0.56,44,27074.367868
0.61,29,27074.437485
0.76,24,27080.763938
0.81,29,27080.814363
0.85,25,27080.859594
0.7,20,27080.895549
0.62,38,27080.964514
0.78,22,27081.005406
0.79,21,27081.043772
0.48,42,27081.118418
0.67,33,27081.177435
0.57,33,27081.236183
0.75,25,27081.280434
0.63,37,27081.344921
0.89,21,27081.38236
0.55,25,27081.42626
0.79,31,27081.481133
0.15,65,27081.59598
0.58,32,27081.652615
0.71,29,27081.704986
0.74,36,27081.778373
0.73,27,27081.837925
0.75,25,27081.892938
0.84,26,27081.945075
0.74,26,27081.997663
0.5,50,27082.106557
0.23,37,27082.186728
0.43,37,27082.267979
0.88,22,27082.315946
0.6,40,27082.403954
0.66,34,27082.479568
0.18,52,27082.595569
0.83,27,27082.656699
0.89,21,27082.702229
0.87,23,27082.752462
0.8,30,27088.603968
0.77,23,27088.644334
0.5,40,27088.714479
-0.18,58,27088.816478
0.41,39,27088.886456
0.67,23,27088.930216
0.6,50,27089.024013
-0.07,67,27089.142775
0.64,26,27089.188867
0.63,27,27089.236653
0.87,23,27089.277298
0.83,27,27089.325494
0.66,34,27089.3856
0.73,27,27089.433241
0.52,38,27089.499734
0.87,23,27089.54056
0.88,22,27089.581203
0.44,36,27089.644673
0.91,19,27089.6782
0.84,26,27089.724009
0.68,22,27089.763273
0.23,57,27089.877091
0.49,31,27089.940922
0.65,25,27089.985566
0.84,26,27090.031388
0.26,64,27090.14316
0.5,40,27090.214473
0.38,42,27090.288536
0.46,34,27090.349289
0.69,21,27090.387237
0.71,29,27096.910694
0.65,35,27096.972304
0.51,29,27097.023388
0.62,28,27097.072878
0.6,40,27097.14363
0.61,29,27097.194232
0.53,27,27097.24175
0.64,36,27097.304757
0.9,20,27097.340044
0.77,23,27097.380875
0.74,36,27097.443717
0.73,37,27097.508889
0.61,29,27097.561349
0.68,32,27097.618059
0.5,30,27097.671448
0.72,28,27097.720621
0.81,19,27097.754216
0.79,21,27097.791149
0.75,35,27097.852562
0.49,51,27097.945343
0.69,31,27098.001672
0.21,39,27098.069753
0.76,34,27098.128947
0.87,23,27098.169978
0.22,48,27098.254045
0.89,21,27098.291181
0.62,38,27098.357582
0.86,24,27098.400774
0.79,21,27098.438143
0.65,35,27098.499637
0.38,42,27098.574366
0.63,37,27098.638695
0.87,23,27098.679372
0.55,35,27104.560486
0.35,35,27104.640261
0.7,30,27104.707205
0.72,28,27104.759362
0.78,22,27104.79916
0.63,27,27104.84707
0.29,41,27104.921427
0.67,23,27104.962028
0.7,20,27105.005567
0.63,37,27105.085413
0.53,27,27105.13231
0.57,23,27105.172527
0.91,19,27105.206025
0.63,27,27105.252871
0.5,40,27105.321844
0.91,19,27105.355459
0.71,29,27105.417965
0.77,23,27105.46834
0.75,25,27105.522889
0.77,33,27105.595776
0.43,37,27105.675956
0.73,37,27105.756281
0.77,23,27105.806277
0.31,39,27105.89103
0.43,37,27105.962722
0.7,30,27106.015781
0.76,34,27106.076425
0.4,40,27106.148146
0.63,27,27106.196233
0.42,48,27106.281626
0.58,32,27106.337453
0.66,34,27106.404367
0.57,33,27106.477066
0.69,21,27112.133855
0.8,20,27112.170044
0.53,37,27112.235587
0.81,19,27112.269227
0.49,21,27112.306149
0.7,30,27112.359144
0.49,41,27112.438297
0.62,28,27112.494024
0.52,38,27112.562193
0.75,25,27112.606775
0.45,35,27112.669116
0.77,23,27112.71028
0.62,28,27112.760066
0.9,20,27112.795793
0.67,23,27112.836976
0.05,55,27112.935688
0.9,20,27112.971854
0.43,27,27113.03141
0.39,41,27113.115495
0.87,23,27113.156997
0.76,24,27113.200657
0.25,45,27113.281587
0.61,19,27113.316227
0.52,28,27113.366385
0.66,34,27113.430907
0.62,28,27113.482352
0.39,41,27113.556139
0.51,39,27113.626848
0.45,25,27113.671818
0.57,23,27113.71339
0.46,34,27113.776428
0.67,23,27113.817809
0.53,27,27113.866051
0.3,40,27113.941655
0.69,41,27119.974409
0.69,31,27120.029426
0.63,27,27120.07688
0.49,51,27120.165267
0.65,35,27120.227241
0.74,26,27120.272671
0.5,40,27120.34177
0.58,32,27120.40143
0.66,24,27120.444801
0.65,35,27120.508819
0.65,25,27120.555086
0.33,27,27120.604709
0.1,50,27120.693232
0.23,37,27120.759205
0.77,23,27120.800876
0.57,33,27120.865928
0.57,33,27120.941348
0.62,28,27121.006917
0.5,40,27121.094669
0.88,22,27121.134145
0.71,29,27121.193108
0.9,20,27121.237083
0.67,33,27121.309391
0.68,22,27121.357554
0.44,26,27121.414809
0.51,39,27121.501464
0.74,26,27121.559188
0.45,35,27121.636864
0.6,30,27121.702705
0.37,53,27121.816897
0.3,50,27121.925779
0.79,21,27121.963737
0.9,20,27128.023617
0.7,30,27128.090729
0.68,32,27128.148732
0.76,24,27128.200353
0.81,19,27128.243044
0.81,19,27128.285673
0.11,59,27128.422151
0.79,21,27128.471856
0.81,19,27128.517188
0.34,56,27128.643825
0.54,36,27128.721123
0.84,26,27128.768134
0.79,21,27128.805998
0.35,55,27128.905103
0.66,34,27128.967487
0.53,37,27129.034683
0.66,24,27129.077973
0.72,18,27129.11079
0.63,37,27129.176803
0.72,28,27129.227164
0.55,25,27129.272142
0.65,35,27129.334864
0.64,26,27129.382157
0.81,19,27129.416813
0.49,31,27129.472098
0.77,23,27129.514071
0.78,32,27129.572523
0.54,36,27129.637071
0.73,27,27129.686075
0.71,29,27129.738117
0.66,34,27129.799518
0.8,20,27129.835477
0.86,24,27129.880493
0.9,20,27129.917165
0.9,20,27129.954127
0.62,28,27135.829435
0.61,29,27135.881537
0.67,23,27135.922782
0.39,51,27136.014131
0.64,26,27136.060613
0.75,25,27136.105169
0.43,37,27136.171292
0.57,23,27136.212141
0.89,21,27136.249515
0.52,38,27136.316036
0.81,19,27136.350021
0.69,21,27136.387149
0.62,28,27136.436717
0.86,24,27136.479181
0.78,22,27136.518176
0.71,29,27136.570009
0.74,26,27136.616174
0.55,35,27136.678368
0.71,19,27136.712103
0.04,56,27136.810184
0.78,32,27136.867037
0.48,52,27136.95954
0.8,30,27137.013477
0.38,32,27137.070958
0.33,47,27137.154467
0.67,33,27137.213935
0.82,28,27137.265036
0.72,28,27137.315856
0.88,22,27137.356135
0.62,28,27137.407543
0.73,27,27137.456776
0.66,34,27137.517518
0.43,37,27137.584752
0.68,22,27137.624449
0.47,43,27143.49608
0.58,22,27143.534888
0.69,41,27143.606876
0.74,26,27143.652556
0.57,33,27143.709831
0.75,25,27143.753745
0.76,24,27143.795708
0.65,25,27143.839873
0.76,24,27143.882343
0.89,11,27143.90468
0.62,28,27143.95472
0.53,27,27144.002958
0.64,36,27144.066358
0.79,21,27144.10356
0.69,21,27144.140597
0.44,56,27144.238753
0.81,19,27144.272266
0.57,23,27144.312603
0.51,39,27144.381404
0.09,61,27144.487776
0.29,31,27144.542934
0.66,24,27144.586335
0.39,41,27144.658217
0.87,23,27144.698822
0.92,18,27144.730854
0.7,20,27144.76635
0.85,25,27144.810122
0.79,21,27144.846983
0.66,34,27144.90651
0.35,45,27144.984953
0.46,34,27145.044268
0.77,33,27145.101993
0.7,30,27145.154923
0.89,21,27145.191688
0.77,23,27145.232229
0.79,21,27150.976622
0.69,21,27151.015581
0.81,19,27151.058249
0.76,24,27151.107248
0.68,22,27151.147832
0.57,23,27151.189309
0.76,24,27151.232458
0.18,52,27151.323853
0.58,32,27151.380334
0.31,49,27151.465737
0.55,35,27151.527888
0.63,37,27151.595281
0.87,23,27151.636457
0.64,36,27151.700238
0.66,24,27151.742115
0.51,39,27151.810841
0.38,32,27151.866997
0.63,37,27151.945804
0.57,33,27152.014874
0.79,21,27152.052694
0.71,29,27152.104976
-0.25,65,27152.239705
0.56,34,27152.300801
0.72,28,27152.350546
0.63,27,27152.398011
0.11,69,27152.518262
0.59,41,27152.590723
0.54,36,27152.654814
0.67,23,27152.696741
0.3,50,27152.78498
0.74,26,27159.22177
0.8,30,27159.27401
0.88,22,27159.312285
0.83,27,27159.359378
0.57,33,27159.416779
0.68,22,27159.455049
0.8,20,27159.490049
0.72,28,27159.538314
0.7,20,27159.574341
0.37,43,27159.649871
0.73,37,27159.720236
0.09,51,27159.815021
0.74,26,27159.86121
0.5,30,27159.914845
0.48,42,27159.989694
0.53,27,27160.046154
0.64,26,27160.10307
0.87,23,27160.145193
0.58,32,27160.202609
0.62,38,27160.283208
0.56,34,27160.356848
0.89,21,27160.402608
0.65,25,27160.457186
0.79,21,27160.503174
0.69,31,27160.570745
0.73,27,27160.629759
0.75,35,27160.707166
0.9,20,27160.751833
0.78,22,27160.800096
0.38,42,27160.891451
0.77,23,27160.941711
0.69,31,27161.009285
0.73,27,27161.068544
0.62,28,27161.124635
0.51,29,27161.176629
0.56,24,27161.220098
0.57,23,27166.886657
0.88,22,27166.926401
0.88,22,27166.965994
0.37,43,27167.042203
0.53,27,27167.090686
-0.02,62,27167.200699
0.4,40,27167.272748
0.56,34,27167.333846
0.72,38,27167.400841
0.64,26,27167.44681
0.18,52,27167.538542
0.58,32,27167.596114
0.77,23,27167.63736
0.63,27,27167.685904
0.9,20,27167.729424
0.77,23,27167.774403
0.53,37,27167.839814
0.73,27,27167.89061
0.66,24,27167.943021
0.53,37,27168.023569
0.51,29,27168.086592
0.51,29,27168.141993
0.71,29,27168.194087
0.82,28,27168.243691
0.55,25,27168.287838
0.17,43,27168.363668
0.63,37,27168.4286
0.74,26,27168.47437
0.54,36,27168.537904
0.54,36,27168.602465
0.54,36,27168.665933
0.64,26,27168.712212
0.62,28,27174.750237
-0.05,55,27174.872144
0.33,37,27174.961533
0.72,28,27175.024661
0.81,19,27175.066441
0.51,29,27175.127424
0.41,49,27175.21594
0.55,25,27175.262475
0.77,23,27175.306617
0.72,28,27175.356334
0.34,26,27175.402062
0.76,24,27175.444107
0.78,22,27175.483146
0.72,38,27175.550937
0.81,19,27175.58598
0.31,39,27175.654712
0.22,58,27175.759723
0.83,27,27175.818612
0.78,22,27175.867419
0.75,25,27175.913527
0.79,31,27175.968328
0.79,21,27176.005423
0.77,23,27176.046137
0.88,22,27176.08506
0.6,30,27176.137809
0.48,32,27176.194398
0.89,21,27176.232161
0.83,27,27176.279939
0.38,52,27176.370958
0.5,30,27176.423739
0.88,22,27176.462488
0.75,35,27176.523882
0.56,34,27176.584726
0.79,21,27176.622104
0.84,26,27182.647791
0.64,26,27182.700084
0.9,20,27182.744568
0.77,23,27182.791573
0.72,28,27182.841529
0.58,32,27182.897754
0.41,29,27182.949423
0.91,19,27182.983164
0.74,26,27183.029077
0.88,22,27183.068148
0.89,21,27183.104914
0.65,35,27183.16596
0.82,18,27183.198318
0.59,31,27183.253152
0.48,32,27183.309296
0.87,23,27183.34995
0.3,40,27183.420472
0.72,28,27183.469496
0.84,26,27183.515362
0.78,32,27183.573263
0.8,20,27183.609677
0.6,40,27183.681706
0.89,21,27183.719788
0.8,30,27183.777736
0.88,22,27183.816894
0.33,37,27183.883967
0.59,31,27183.945156
0.61,29,27184.006425
0.67,23,27184.048803
0.91,19,27184.082823
0.51,39,27184.151486
0.72,28,27184.200924
0.8,20,27184.236345
0.68,22,27184.275771
0.68,32,27184.331966
0.33,27,27184.37936
0.63,27,27184.427234
0.77,23,27184.467812
0.59,31,27189.871325
0.79,21,27189.912759
0.78,22,27189.951569
0.1,60,27190.057155
0.78,32,27190.113555
0.62,28,27190.163157
0.5,40,27190.233983
0.91,19,27190.267693
0.57,43,27190.358355
0.74,26,27190.416307
0.39,41,27190.505256
-0.29,69,27190.654869
0.71,29,27190.719024
0.72,18,27190.758852
0.89,21,27190.805671
0.61,29,27190.868742
0.68,32,27190.938538
0.61,29,27191.001906
0.48,22,27191.050174
0.55,35,27191.124265
0.63,37,27191.189895
0.9,20,27191.225685
0.78,22,27191.264984
0.91,19,27191.298884
0.72,28,27191.348769
0.62,28,27191.398857
0.88,22,27191.445819
0.82,18,27191.4862
0.77,23,27191.537651
0.63,27,27191.596673
0.53,27,27191.655522
0.76,34,27191.729097
0.65,25,27191.782968
0.65,25,27191.838278
0.38,32,27191.906829
0.65,25,27197.964281
0.62,28,27198.014222
0.8,20,27198.051039
0.88,22,27198.092612
0.68,22,27198.131582
0.55,35,27198.192993
0.53,27,27198.241391
0.74,36,27198.305043
0.68,32,27198.361468
0.53,27,27198.409522
0.85,25,27198.453509
0.49,41,27198.525216
0.63,37,27198.592605
0.62,28,27198.642326
0.75,35,27198.704374
0.53,27,27198.752703
0.59,21,27198.795347
0.59,31,27198.863872
0.5,40,27198.94082
0.37,43,27199.035001
0.78,22,27199.082887
0.64,26,27199.1358
0.64,46,27199.216319
0.75,25,27199.259922
0.54,36,27199.323265
0.76,24,27199.365528
0.32,38,27199.431549
0.27,53,27199.523177
0.64,26,27199.56915
0.45,45,27199.647844
0.78,22,27199.686813
0.68,32,27199.743369
0.81,19,27199.777081
0.47,33,27205.550394
0.78,32,27205.607935
0.78,22,27205.654818
0.37,43,27205.749296
0.6,30,27205.80707
0.73,27,27205.855291
0.67,33,27205.921867
0.01,49,27206.026422
0.68,32,27206.082349
0.91,19,27206.11559
0.46,44,27206.191529
0.63,37,27206.256097
0.59,21,27206.299352
0.9,20,27206.344064
0.71,29,27206.40736
0.11,59,27206.534893
0.68,32,27206.605135
0.83,27,27206.664045
0.64,26,27206.720325
0.79,21,27206.766052
0.67,23,27206.81635
0.79,21,27206.863136
0.76,24,27206.917166
0.56,44,27207.010118
0.56,34,27207.08368
0.71,29,27207.141809
0.76,24,27207.193268
0.53,37,27207.274485
0.9,20,27207.318916
0.49,41,27207.408695
0.46,24,27207.461136
0.67,23,27207.51164
0.24,46,27207.613405
0.47,33,27213.715636
0.52,28,27213.764439
0.53,37,27213.829899
-0.0,50,27213.942459
0.77,23,27213.99372
0.16,54,27214.110821
0.79,31,27214.16792
0.68,22,27214.207211
0.77,33,27214.265335
0.55,45,27214.345725
0.51,29,27214.397831
0.91,19,27214.432384
0.31,49,27214.519909
0.78,22,27214.560109
0.75,25,27214.604955
0.6,40,27214.676279
0.66,24,27214.719429
0.88,22,27214.766521
0.62,28,27214.82845
0.55,25,27214.885064
0.65,25,27214.942278
0.65,35,27215.019828
0.78,22,27215.068628
0.86,24,27215.121574
0.75,25,27215.166787
0.65,35,27215.22914
0.61,29,27215.28132
0.43,47,27215.364537
0.79,21,27215.40176
0.68,22,27215.440819
0.84,26,27215.486548
0.59,31,27215.541452
0.92,18,27215.574371
0.36,44,27221.627172
0.79,21,27221.664392
0.33,47,27221.745524
0.75,25,27221.788923
0.78,22,27221.827535
0.86,24,27221.880647
0.77,23,27221.923195
0.55,35,27221.983567
0.48,42,27222.055924
0.78,22,27222.094127
0.7,30,27222.145622
0.67,23,27222.185549
0.89,21,27222.222094
0.67,33,27222.278842
0.55,35,27222.338852
0.53,37,27222.402809
0.79,21,27222.439315
0.16,54,27222.53208
0.74,26,27222.578171
0.8,20,27222.612792
0.62,28,27222.660921
0.5,30,27222.71243
0.68,32,27222.767999
0.52,28,27222.816074
0.45,35,27222.875959
0.63,27,27222.925708
0.6,40,27222.997666
0.81,19,27223.03177
0.9,20,27223.073194
0.37,43,27223.158247
0.56,34,27223.21761
0.66,24,27223.259944
0.88,22,27223.298807
0.37,63,27223.407952
0.84,26,27229.617829
0.66,24,27229.659986
0.72,28,27229.711709
0.47,33,27229.775675
0.69,21,27229.813615
0.78,22,27229.85296
0.75,35,27229.921649
0.03,57,27230.025866
0.78,22,27230.06556
0.75,25,27230.11034
0.85,25,27230.154644
0.89,21,27230.191639
0.75,25,27230.235782
-0.18,78,27230.377264
0.78,22,27230.419787
0.75,25,27230.465513
0.46,44,27230.54579
0.77,23,27230.586879
-0.6,110,27230.781164
0.59,31,27230.835969
0.65,25,27230.880295
0.43,47,27230.964785
0.73,37,27231.031053
0.82,18,27231.064696
0.64,26,27231.111537
0.87,23,27231.153608
0.6,30,27231.206767
0.62,38,27231.274493
0.79,21,27231.311923
0.73,37,27231.377444
0.79,21,27231.415404
0.66,24,27238.237094
0.88,22,27238.275754
0.67,33,27238.33339
0.73,27,27238.381099
0.36,44,27238.457456
0.56,24,27238.499887
0.8,20,27238.535238
0.81,29,27238.586506
0.7,30,27238.638475
0.51,39,27238.706838
0.78,22,27238.752628
0.55,25,27238.796951
0.69,31,27238.851711
0.66,34,27238.911867
0.79,21,27238.957716
0.44,36,27239.036219
0.83,27,27239.095412
0.1,70,27239.237729
0.7,20,27239.281712
0.59,41,27239.372348
0.88,22,27239.421142
0.46,34,27239.495327
0.6,30,27239.561365
0.63,27,27239.620976
0.85,25,27239.676347
0.64,26,27239.733457
0.78,22,27239.776744
0.77,23,27239.81773
0.33,37,27239.886207
0.68,22,27239.925949
0.1,70,27240.051131
0.69,21,27240.089928
0.4,40,27240.16236
0.76,24,27246.406984
0.89,21,27246.444822
0.87,23,27246.486553
0.78,22,27246.525384
0.7,20,27246.561747
0.09,61,27246.669671
0.66,34,27246.7298
0.87,23,27246.770487
0.14,56,27246.868239
0.69,21,27246.905466
0.49,51,27246.999243
0.77,23,27247.040089
0.76,34,27247.100022
0.58,32,27247.156579
0.32,28,27247.205971
0.4,30,27247.25879
0.78,22,27247.297611
0.42,48,27247.381063
0.75,35,27247.441835
0.54,46,27247.522174
0.74,26,27247.567877
0.54,36,27247.631237
0.88,22,27247.670104
0.77,23,27247.710922
0.91,19,27247.744267
0.54,36,27247.807591
0.64,26,27247.853091
0.7,20,27247.891525
0.91,19,27247.932952
0.79,21,27247.978817
0.54,36,27248.056624
0.84,26,27248.113231
0.88,22,27248.158722
0.66,24,27248.202451
0.31,49,27254.385941
0.66,24,27254.428693
0.88,22,27254.468094
0.67,23,27254.5087
0.56,34,27254.569382
0.88,22,27254.60889
0.8,20,27254.644439
0.9,20,27254.680567
0.76,24,27254.723079
0.51,29,27254.774702
0.72,28,27254.823937
0.31,39,27254.892066
0.52,28,27254.945063
0.62,28,27255.006298
0.78,22,27255.054098
0.71,29,27255.116722
0.67,23,27255.162443
0.79,21,27255.206469
0.66,24,27255.259375
0.58,32,27255.329759
0.54,36,27255.40803
0.65,35,27255.485487
0.42,38,27255.578793
0.68,22,27255.633029
0.89,21,27255.684898
0.76,24,27255.743908
0.59,41,27255.833933
0.26,64,27255.976253
0.85,25,27256.0313
0.63,37,27256.112065
0.87,23,27256.160793
0.9,20,27256.20162
0.89,21,27256.244031
0.64,36,27256.318452
0.77,33,27256.378737
0.63,37,27262.310562
0.78,22,27262.34904
0.61,19,27262.382463
0.57,23,27262.422409
0.69,31,27262.476861
0.89,21,27262.514303
0.87,23,27262.554803
0.61,29,27262.607884
0.66,44,27262.688276
0.54,26,27262.735072
0.71,29,27262.786167
0.82,18,27262.818036
0.33,37,27262.884072
0.86,24,27262.927116
0.79,21,27262.964412
0.75,25,27263.009224
0.87,23,27263.051091
0.92,18,27263.083437
0.8,20,27263.118533
0.81,19,27263.152226
0.66,34,27263.21208
0.71,29,27263.263276
0.43,27,27263.310129
0.49,31,27263.367
0.79,21,27263.408486
0.67,33,27263.473186
0.66,34,27263.539674
0.63,27,27263.592871
0.7,20,27263.631253
0.54,26,27263.680279
0.81,19,27263.720308
0.78,22,27263.762824
0.56,44,27263.860584
-0.26,76,27263.997203
0.7,30,27264.052642
0.8,20,27264.089079
0.61,39,27264.157117
0.52,48,27270.104562
0.8,20,27270.149561
0.66,34,27270.218132
0.9,20,27270.262543
0.74,26,27270.320232
0.78,22,27270.368423
0.88,22,27270.416648
0.8,20,27270.460181
0.43,47,27270.563098
0.75,25,27270.617471
0.71,29,27270.680813
0.61,29,27270.745369
0.05,55,27270.865321
0.58,32,27270.935061
0.8,20,27270.978544
0.69,21,27271.024349
0.65,25,27271.080237
0.89,21,27271.129627
0.53,27,27271.183457
0.45,35,27271.257465
0.66,24,27271.311141
0.57,33,27271.383716
0.57,33,27271.455365
0.69,31,27271.522662
0.54,36,27271.60124
0.19,61,27271.733162
0.69,21,27271.778587
0.86,24,27271.821995
0.64,26,27271.868428
0.5,50,27271.970851
0.76,34,27272.037876
0.35,45,27272.135988
0.92,18,27272.17209
0.64,26,27272.219069
0.12,48,27278.545597
0.66,24,27278.589062
0.78,22,27278.628458
0.26,44,27278.705736
0.5,50,27278.794762
0.76,24,27278.837468
0.5,40,27278.907973
0.72,38,27278.987943
0.8,30,27279.039974
0.84,26,27279.085412
0.47,43,27279.160742
0.39,51,27279.247868
0.35,45,27279.326526
0.65,25,27279.370357
0.62,28,27279.419621
0.79,21,27279.456441
0.62,38,27279.521608
0.58,32,27279.577411
0.63,27,27279.623767
0.66,34,27279.68268
0.63,37,27279.746401
0.59,31,27279.799802
0.91,19,27279.833422
0.65,25,27279.88018
0.3,50,27279.975363
0.45,45,27280.054572
0.64,36,27280.118212
0.77,33,27280.176495
0.62,28,27280.226283
0.73,27,27280.273739
0.57,33,27286.530979
0.43,27,27286.589962
0.47,33,27286.662234
0.68,32,27286.730812
0.33,47,27286.833361
0.69,21,27286.879587
0.69,31,27286.947284
0.86,24,27286.99611
0.56,34,27287.059397
0.68,32,27287.116694
0.72,28,27287.167776
0.48,42,27287.242841
0.84,26,27287.288641
0.36,44,27287.365453
0.49,31,27287.420195
0.62,28,27287.469261
0.52,28,27287.518388
0.8,20,27287.554063
-0.31,81,27287.694949
0.2,40,27287.765511
0.46,44,27287.842318
0.5,40,27287.921947
0.77,23,27287.96721
0.89,21,27288.004553
0.75,25,27288.051308
0.64,26,27288.108107
0.65,35,27288.1784
0.63,27,27288.226565
0.74,26,27288.284161
0.75,25,27288.338491
0.54,36,27288.416609
0.11,59,27294.811076
0.53,27,27294.858556
0.8,20,27294.894128
0.75,25,27294.944917
0.13,57,27295.068121
0.72,28,27295.128671
0.77,23,27295.174935
0.88,22,27295.214223
0.61,29,27295.276587
0.37,33,27295.347975
0.78,22,27295.396368
0.68,22,27295.444551
0.56,34,27295.51877
0.62,38,27295.602911
0.69,31,27295.670785
0.67,23,27295.72127
0.74,26,27295.778272
0.66,34,27295.852514
0.68,22,27295.896776
0.79,21,27295.934435
0.69,21,27295.972534
0.27,43,27296.058961
0.42,58,27296.179799
0.54,36,27296.244094
0.56,34,27296.307329
0.34,46,27296.396363
0.78,22,27296.439458
0.77,23,27296.482385
0.71,19,27296.517637
0.69,31,27296.576739
0.81,19,27296.611295
0.62,38,27296.678482
0.69,21,27296.716079
0.75,25,27296.761432
0.88,22,27302.91998
0.33,37,27302.985128
0.78,22,27303.023809
0.66,34,27303.083155
0.68,22,27303.121907
0.75,35,27303.182829
0.68,32,27303.238763
0.9,20,27303.274211
0.83,17,27303.304379
0.35,55,27303.399834
0.57,43,27303.475501
0.74,26,27303.521955
0.6,40,27303.593529
0.54,36,27303.657487
0.83,27,27303.705171
0.9,20,27303.740556
0.81,19,27303.77416
0.78,22,27303.813139
0.67,23,27303.853708
0.79,21,27303.894314
0.52,28,27303.94996
0.17,53,27304.053452
0.53,37,27304.133329
0.44,36,27304.203248
0.89,21,27304.241389
0.64,26,27304.297751
0.71,19,27304.339851
0.79,21,27304.388149
0.59,31,27304.456083
0.46,34,27304.529723
0.68,22,27304.578862
0.39,41,27304.668372
0.73,27,27304.727299
0.46,44,27304.823273
0.45,45,27310.636132
0.87,23,27310.677649
0.66,24,27310.72401
0.85,25,27310.769185
0.79,21,27310.806515
0.65,25,27310.851314
0.34,56,27310.95749
0.77,23,27311.002923
0.84,26,27311.04911
0.78,22,27311.088018
0.66,24,27311.130546
0.71,29,27311.181916
0.62,28,27311.231545
0.54,26,27311.277391
0.67,33,27311.335133
0.48,32,27311.391291
0.55,45,27311.469864
0.67,33,27311.527937
0.4,40,27311.59905
0.74,36,27311.662308
0.95,15,27311.689216
0.51,39,27311.757724
0.78,22,27311.79853
0.68,22,27311.841374
0.65,35,27311.918347
0.78,22,27311.971302
0.67,23,27312.021753
0.87,23,27312.065338
0.91,19,27312.099087
0.64,26,27312.145321
0.65,25,27312.189724
0.88,22,27312.228884
0.88,22,27312.267797
0.8,20,27312.303061
0.79,21,27312.339971
0.74,26,27312.385756
0.52,28,27312.435059
0.46,24,27317.690635
0.77,23,27317.730887
0.84,26,27317.777399
0.67,33,27317.837922
0.68,32,27317.89429
0.58,32,27317.956007
0.78,22,27318.01243
0.53,37,27318.080884
0.64,36,27318.144721
0.77,23,27318.18581
0.44,26,27318.232504
0.71,29,27318.284045
0.78,22,27318.325229
0.47,33,27318.387283
0.73,27,27318.435432
0.78,22,27318.475041
0.34,36,27318.539994
0.91,19,27318.574772
0.7,20,27318.610665
0.75,35,27318.673888
0.54,26,27318.720131
0.58,22,27318.75935
0.81,19,27318.794973
0.75,25,27318.851318
0.63,27,27318.903746
0.66,24,27318.955765
0.55,25,27319.011523
0.77,23,27319.061936
0.24,46,27319.16216
0.78,22,27319.202745
0.91,19,27319.235998
0.89,21,27319.275006
0.89,21,27319.312032
0.79,21,27319.348979
-0.11,71,27319.471997
0.68,32,27319.527224
0.51,29,27319.578834
0.81,29,27325.331846
0.68,22,27325.370764
0.12,68,27325.49044
0.67,23,27325.531639
0.77,23,27325.573901
0.82,18,27325.606316
0.69,21,27325.650864
0.7,30,27325.716798
0.84,26,27325.773262
0.72,38,27325.855796
0.79,21,27325.904082
0.8,20,27325.948824
0.91,19,27325.987196
0.68,32,27326.051113
0.64,26,27326.097679
0.58,42,27326.17356
0.71,19,27326.208472
0.6,30,27326.262148
0.44,26,27326.309118
0.76,24,27326.352061
0.54,26,27326.399258
0.87,23,27326.440217
0.43,37,27326.505728
0.89,21,27326.543924
0.48,42,27326.62174
0.5,40,27326.694001
0.71,19,27326.729493
0.86,24,27326.772449
0.77,23,27326.813418
0.8,20,27326.849341
0.32,38,27326.919451
0.46,34,27326.995086
0.9,20,27327.039318
0.55,25,27327.094832
0.68,22,27327.143656
0.67,23,27327.191309
0.88,22,27327.232072
0.74,36,27333.048425
0.42,38,27333.116252
0.79,21,27333.153792
0.36,44,27333.23117
0.56,24,27333.273401
0.64,26,27333.31968
0.68,22,27333.359832
0.32,48,27333.445436
0.17,63,27333.554564
0.78,32,27333.610263
0.39,61,27333.716044
0.9,20,27333.751078
0.14,66,27333.874057
0.79,21,27333.9153
0.6,20,27333.950724
0.58,42,27334.024376
0.75,25,27334.068639
0.7,30,27334.121663
0.69,21,27334.158637
0.66,34,27334.218195
0.68,32,27334.274143
0.65,25,27334.317934
0.42,28,27334.366737
0.9,20,27334.402335
0.75,25,27334.447517
0.72,38,27334.51558
0.67,23,27334.557658
0.65,35,27334.621523
0.74,26,27334.668793
0.4,40,27334.740236
0.35,25,27334.78513
0.58,32,27334.8414
0.66,24,27341.531886
0.76,24,27341.575746
0.7,20,27341.61118
0.71,29,27341.662178
0.89,21,27341.69875
0.78,22,27341.737967
0.57,33,27341.795587
0.67,23,27341.839485
0.54,36,27341.913003
0.67,33,27341.971355
0.87,23,27342.020054
0.92,18,27342.055525
0.77,23,27342.096467
0.79,21,27342.133709
0.68,22,27342.17322
0.77,23,27342.214386
0.45,45,27342.293978
0.68,32,27342.350333
0.68,22,27342.389139
0.69,31,27342.443369
0.8,20,27342.478667
0.48,32,27342.53509
0.75,25,27342.580497
0.9,20,27342.616023
0.78,22,27342.656272
0.61,29,27342.707905
0.27,43,27342.783615
0.86,24,27342.82634
0.53,27,27342.874411
0.57,43,27342.952873
0.69,31,27343.008082
0.66,34,27343.069381
0.42,48,27343.153708
0.8,20,27343.189588
0.43,47,27343.27271
0.77,23,27343.313519
0.7,20,27348.803399
0.89,21,27348.84992
0.69,21,27348.896824
0.48,42,27348.986653
0.51,39,27349.072348
0.52,28,27349.128725
0.66,24,27349.181857
0.79,31,27349.237862
0.78,22,27349.286345
0.87,23,27349.337298
0.63,17,27349.375075
0.68,32,27349.438601
0.55,25,27349.491236
0.8,20,27349.527042
0.65,25,27349.572288
0.23,47,27349.656663
0.44,36,27349.721479
0.6,20,27349.7575
0.69,21,27349.79673
0.88,22,27349.836388
0.49,31,27349.891869
0.64,36,27349.958415
0.61,39,27350.028261
0.53,37,27350.093954
0.78,22,27350.133102
0.68,32,27350.200451
0.56,34,27350.26162
0.92,18,27350.293703
0.7,30,27350.347719
0.44,46,27350.429378
0.85,25,27350.473687
0.46,44,27350.552267
0.68,22,27350.591319
0.58,42,27350.66497
0.56,44,27350.742584
0.78,22,27356.608364
0.74,26,27356.653877
0.75,25,27356.69822
0.66,24,27356.748518
0.47,33,27356.810212
0.78,22,27356.84946
0.89,21,27356.887312
0.79,21,27356.925449
0.47,33,27356.992804
0.5,40,27357.079706
0.7,20,27357.123991
0.64,26,27357.180571
0.73,27,27357.234815
0.65,25,27357.285
0.28,52,27357.384232
0.67,33,27357.442112
0.68,22,27357.481367
0.57,33,27357.540347
0.87,23,27357.581526
0.88,22,27357.620317
0.55,45,27357.699786
0.61,29,27357.751917
0.58,32,27357.813694
0.71,29,27357.877716
0.63,27,27357.935566
0.56,34,27358.008985
0.79,21,27358.055262
0.52,38,27358.137244
0.78,22,27358.18511
0.82,18,27358.219495
0.56,34,27358.280633
0.46,34,27358.34127
0.76,34,27358.402262
0.79,31,27358.457841
0.51,29,27358.509361
0.86,24,27364.013685
0.48,42,27364.104764
0.72,28,27364.166068
0.77,23,27364.212515
0.76,24,27364.255022
0.47,43,27364.329978
0.53,27,27364.376755
0.76,24,27364.418609
0.76,24,27364.460053
0.52,38,27364.525501
0.77,23,27364.565672
0.89,21,27364.60247
0.4,50,27364.689385
0.76,24,27364.731856
0.71,19,27364.765471
0.79,21,27364.802526
0.75,25,27364.846259
0.51,49,27364.938233
0.65,25,27364.98247
0.68,32,27365.038866
0.77,23,27365.079258
0.51,29,27365.12979
0.82,18,27365.165724
0.49,31,27365.22681
0.51,29,27365.278455
0.78,22,27365.317108
0.79,21,27365.354147
0.48,42,27365.429114
0.8,30,27365.485119
0.75,25,27365.529864
0.62,28,27365.580848
0.66,24,27365.62305
0.7,30,27365.67576
0.53,37,27365.740932
0.49,21,27365.780936
0.82,18,27365.813467
0.76,34,27371.769295
0.88,22,27371.810605
0.67,23,27371.85476
0.74,26,27371.903921
0.78,22,27371.946576
0.59,31,27372.003683
0.65,25,27372.048398
0.89,21,27372.085651
0.88,22,27372.124434
0.58,32,27372.181385
0.91,19,27372.215753
0.65,35,27372.277639
0.66,34,27372.337825
0.41,69,27372.459085
0.7,30,27372.51224
0.84,26,27372.558783
0.66,34,27372.619065
-0.07,77,27372.784202
0.27,73,27372.941897
0.81,29,27372.993699
0.73,27,27373.052995
0.55,45,27373.150397
0.45,55,27373.25766
0.65,35,27373.320404
0.51,29,27373.37187
0.81,19,27373.405979
0.56,44,27373.484871
0.91,19,27373.518881
0.66,24,27373.561846
0.37,43,27373.639349
0.77,23,27373.681531
0.63,37,27381.05468
0.66,24,27381.097383
0.72,28,27381.14706
0.9,20,27381.182872
0.8,20,27381.218542
0.75,25,27381.26314
0.78,22,27381.303603
0.92,18,27381.33862
0.67,23,27381.384041
0.54,36,27381.450053
0.52,48,27381.550281
0.79,21,27381.598193
0.49,31,27381.665953
0.82,28,27381.727237
0.9,20,27381.771111
0.79,21,27381.816037
0.67,23,27381.864419
0.81,29,27381.92618
0.63,37,27382.006716
0.66,24,27382.059981
0.61,29,27382.122781
0.81,19,27382.164415
0.54,26,27382.218426
0.75,25,27382.262898
0.85,25,27382.307041
0.93,17,27382.337143
0.57,33,27382.395431
0.77,23,27382.436352
0.67,23,27382.477208
0.67,33,27382.535637
0.66,34,27382.59674
0.72,18,27382.629008
0.89,21,27382.667765
0.5,30,27382.722355
0.86,24,27382.767899
0.8,20,27382.804479
0.78,22,27382.853336
0.57,23,27382.905025
0.79,21,27382.945891
0.62,38,27387.947564
0.75,25,27387.992663
0.56,24,27388.035236
0.59,21,27388.072785
0.77,23,27388.113608
0.44,36,27388.177538
0.55,35,27388.239752
0.77,23,27388.28103
0.89,21,27388.318515
0.67,33,27388.378105
0.64,26,27388.426271
0.78,22,27388.466525
0.65,25,27388.511446
0.58,32,27388.568997
0.7,30,27388.622155
0.86,24,27388.665031
0.69,31,27388.719749
0.89,21,27388.757494
0.56,34,27388.817862
0.91,19,27388.853245
0.75,25,27388.90261
0.78,32,27388.967569
0.88,22,27389.016295
0.64,26,27389.072816
0.58,22,27389.120774
0.7,20,27389.164753
0.54,26,27389.211812
0.59,41,27389.285177
0.56,34,27389.34502
0.43,27,27389.393044
0.88,22,27389.432311
0.68,22,27389.470889
0.68,32,27389.527825
0.89,21,27389.565646
0.84,26,27389.611586
0.48,42,27389.685469
0.67,23,27389.726018
0.74,26,27389.772248
0.48,32,27394.768477
0.88,22,27394.80676
0.8,20,27394.841424
0.62,28,27394.889865
0.75,25,27394.933352
0.62,18,27394.964557
0.88,22,27395.00289
0.59,21,27395.039569
0.62,28,27395.087743
0.74,26,27395.132704
0.7,20,27395.167567
0.75,35,27395.228216
0.54,36,27395.291462
0.75,25,27395.335127
0.28,62,27395.441999
0.61,29,27395.492123
0.68,22,27395.530688
0.87,23,27395.572641
0.27,43,27395.646978
0.13,57,27395.746198
0.6,30,27395.799798
0.9,20,27395.835595
0.75,25,27395.881003
0.71,19,27395.917028
0.55,35,27395.984642
0.64,26,27396.041418
0.64,26,27396.097685
0.89,21,27396.143368
0.72,28,27396.205324
0.55,35,27396.268033
0.89,21,27396.305014
0.82,28,27396.3543
0.45,25,27396.398546
0.5,30,27396.45109
0.65,25,27396.495628
0.68,32,27396.553564
0.41,39,27402.235122
0.92,18,27402.273669
0.79,21,27402.319784
0.76,24,27402.371658
0.86,24,27402.424063
0.53,47,27402.524594
0.65,35,27402.601145
0.63,27,27402.659757
0.67,23,27402.709431
0.76,34,27402.78391
0.72,18,27402.82322
0.8,20,27402.868657
0.63,27,27402.921427
0.88,22,27402.968537
0.9,20,27403.012685
0.9,20,27403.056253
0.79,21,27403.10194
0.46,34,27403.176242
0.58,32,27403.239373
0.44,46,27403.320565
0.62,28,27403.381837
0.1,70,27403.5324
0.78,32,27403.604016
0.55,35,27403.679608
0.73,27,27403.738065
0.79,21,27403.783684
0.6,40,27403.871115
0.69,21,27403.915987
0.65,25,27403.960995
0.8,20,27403.997251
0.89,21,27404.034724
0.51,39,27404.102973
0.61,29,27404.154295
0.61,29,27404.205185
0.79,21,27404.242597
0.74,26,27404.288173
0.81,19,27410.021595
0.91,19,27410.055131
0.51,39,27410.12325
0.7,30,27410.175847
0.7,20,27410.211136
0.7,20,27410.246567
0.63,37,27410.311522
0.77,23,27410.352343
0.78,22,27410.390936
0.84,26,27410.436624
0.85,25,27410.48078
0.76,24,27410.523177
0.67,23,27410.564377
0.55,25,27410.608149
0.71,29,27410.659093
0.61,39,27410.727321
0.76,24,27410.76964
0.26,64,27410.881449
0.77,23,27410.922551
0.56,34,27410.983544
0.89,21,27411.02071
0.73,27,27411.068202
0.1,60,27411.172938
0.64,26,27411.218961
0.59,31,27411.273041
0.91,19,27411.306346
0.67,33,27411.364625
0.6,30,27411.418834
0.8,20,27411.454932
0.86,24,27411.497027
0.75,25,27411.541454
0.73,27,27411.589999
0.65,35,27411.651948
0.63,27,27411.70163
0.89,21,27411.739437
0.42,28,27411.788872
0.82,18,27417.49223
0.66,24,27417.535231
0.67,23,27417.577543
0.52,38,27417.649604
0.88,22,27417.691245
0.81,19,27417.72529
0.76,24,27417.768796
0.88,22,27417.808048
0.9,20,27417.846616
0.33,37,27417.913227
0.61,29,27417.975384
0.65,25,27418.023206
0.88,22,27418.071672
0.35,45,27418.169726
0.77,23,27418.219817
0.68,22,27418.268456
0.78,32,27418.338654
0.75,25,27418.395042
0.67,23,27418.446813
0.79,21,27418.4927
0.61,29,27418.556498
0.66,24,27418.609527
0.64,36,27418.676742
0.74,26,27418.723077
0.31,39,27418.791323
0.63,37,27418.855992
0.7,20,27418.892887
0.77,23,27418.934554
0.88,22,27418.973966
0.77,23,27419.014647
0.64,26,27419.061029
0.58,22,27419.099641
0.6,20,27419.134779
0.65,25,27419.178943
0.22,48,27419.263971
0.63,37,27419.329006
0.72,28,27419.378186
0.63,27,27419.426383
0.89,21,27424.839645
0.67,23,27424.881306
0.4,50,27424.970521
0.79,21,27425.007957
0.8,20,27425.043456
0.69,21,27425.080212
0.67,23,27425.120904
0.9,20,27425.155933
0.78,22,27425.195532
0.88,22,27425.23474
0.75,25,27425.279436
0.6,30,27425.33215
0.58,32,27425.388531
0.7,40,27425.458634
0.63,27,27425.506085
0.66,24,27425.548611
0.72,18,27425.58179
0.87,23,27425.622211
0.78,22,27425.662656
0.34,36,27425.745322
0.69,21,27425.783419
0.51,49,27425.870766
0.79,21,27425.908492
0.79,21,27425.948725
0.68,22,27425.989915
0.38,42,27426.082115
0.68,32,27426.151629
0.6,30,27426.217346
0.72,38,27426.284982
0.71,19,27426.318699
0.77,23,27426.359273
0.7,30,27426.413183
0.51,29,27426.46489
0.65,25,27426.509312
0.71,19,27426.544839
0.89,21,27426.586175
0.52,28,27426.640602
0.77,23,27426.684937
-0.03,93,27432.307931
0.8,20,27432.352031
0.79,21,27432.394965
0.59,31,27432.449626
0.48,32,27432.505792
0.8,20,27432.541013
0.39,51,27432.630654
0.91,19,27432.664476
0.88,22,27432.704055
0.8,20,27432.740092
0.74,26,27432.786009
0.8,20,27432.821651
0.62,18,27432.853988
0.74,26,27432.900259
0.66,34,27432.962016
0.33,47,27433.058923
0.84,26,27433.104736
0.56,34,27433.164209
0.57,33,27433.222649
0.58,32,27433.278615
0.22,38,27433.344686
0.96,14,27433.369778
0.8,20,27433.405716
0.42,38,27433.472761
0.68,22,27433.511821
0.48,32,27433.569169
0.75,25,27433.613554
0.8,30,27433.665888
0.63,27,27433.713514
0.41,29,27433.764366
0.79,31,27433.818925
0.72,28,27433.868146
0.79,21,27433.905579
0.31,49,27434.003222
0.7,30,27440.032712
0.65,25,27440.076645
0.45,45,27440.155803
0.74,26,27440.202137
0.6,30,27440.254794
0.76,34,27440.314406
0.8,20,27440.349939
0.71,19,27440.383732
0.58,32,27440.440779
0.75,25,27440.484356
0.6,20,27440.519921
0.46,24,27440.56225
0.29,61,27440.66805
0.76,24,27440.710835
0.7,20,27440.754524
0.59,21,27440.792213
0.49,31,27440.847273
0.67,23,27440.888548
0.8,20,27440.93077
0.68,32,27440.995079
0.6,30,27441.058461
0.65,35,27441.136212
0.76,24,27441.196138
0.87,23,27441.24785
0.74,26,27441.299568
0.39,31,27441.360859
0.69,31,27441.420782
0.81,19,27441.45604
0.14,46,27441.539345
0.45,35,27441.605441
0.85,25,27441.649531
0.83,27,27441.696587
0.88,22,27441.736844
0.79,21,27441.777144
0.65,25,27441.821222
0.78,32,27441.877106
0.71,29,27441.92882
0.63,37,27447.644083
0.64,36,27447.723169
0.58,22,27447.770788
0.58,22,27447.816595
0.06,74,27447.972079
0.79,31,27448.039848
0.53,37,27448.116409
0.47,33,27448.17425
0.68,22,27448.213622
0.71,19,27448.247476
0.76,24,27448.289933
0.45,45,27448.368708
0.79,21,27448.407408
0.69,21,27448.445538
0.73,27,27448.494389
0.54,26,27448.54117
0.55,35,27448.607648
0.59,21,27448.645922
0.8,20,27448.682351
0.65,25,27448.732832
0.89,21,27448.772916
0.58,32,27448.828228
0.46,44,27448.904826
0.5,30,27448.962382
0.67,33,27449.021794
0.58,22,27449.060698
0.68,22,27449.099762
0.27,33,27449.157384
0.58,42,27449.230047
0.79,31,27449.284343
0.61,39,27449.352628
0.85,25,27449.396565
0.68,32,27449.452323
0.67,23,27455.468883
0.79,21,27455.506029
0.89,21,27455.543753
0.78,22,27455.58372
0.62,38,27455.650436
0.6,20,27455.686772
0.68,22,27455.735956
0.76,24,27455.789983
0.65,35,27455.86599
0.8,20,27455.903122
0.91,19,27455.936384
0.75,25,27455.983863
0.68,32,27456.0542
0.65,25,27456.109561
0.78,22,27456.157613
0.65,25,27456.212413
0.56,44,27456.293802
0.67,23,27456.343523
0.67,33,27456.416014
0.59,31,27456.483639
0.58,32,27456.554804
0.54,36,27456.634063
0.65,25,27456.688462
0.49,41,27456.777591
0.81,19,27456.819448
0.79,21,27456.865612
0.88,22,27456.913265
0.53,27,27456.969642
0.87,23,27457.01125
0.53,27,27457.060039
0.46,44,27457.15729
0.51,29,27457.221308
0.72,28,27457.272622
0.78,22,27457.311771
0.52,38,27457.378934
0.56,24,27457.421694
0.7,30,27457.474592
0.34,46,27462.968997
0.79,21,27463.01128
0.55,25,27463.064208
0.47,33,27463.136283
0.64,36,27463.214349
0.78,22,27463.259604
0.28,32,27463.329563
0.79,21,27463.375115
0.79,21,27463.420902
0.66,24,27463.472885
0.42,38,27463.555701
0.87,23,27463.60638
0.71,19,27463.648104
0.8,20,27463.691573
0.72,18,27463.731327
0.87,23,27463.77988
0.55,35,27463.843941
0.79,21,27463.883482
0.56,44,27463.978334
0.36,44,27464.075361
0.68,32,27464.145299
0.89,21,27464.191388
0.8,20,27464.235063
-0.24,74,27464.394653
0.73,27,27464.453614
0.86,24,27464.505926
0.66,24,27464.559385
0.63,27,27464.619215
0.66,24,27464.672033
0.74,26,27464.725329
0.39,41,27464.797854
0.43,27,27464.845289
0.57,33,27464.903387
0.67,23,27464.944103
0.89,21,27464.986488
0.65,25,27465.042124
0.54,36,27470.771745
0.57,33,27470.830147
0.77,23,27470.871197
0.45,35,27470.932276
0.65,25,27470.976696
0.79,31,27471.032086
0.87,23,27471.073081
0.78,22,27471.113042
0.69,21,27471.151164
0.79,21,27471.18879
0.66,34,27471.249096
0.85,25,27471.293665
0.59,41,27471.36575
0.79,21,27471.402915
0.59,41,27471.474741
0.79,31,27471.53284
0.78,22,27471.574069
0.56,34,27471.633875
0.38,42,27471.706634
0.79,21,27471.743639
0.44,36,27471.806483
0.45,35,27471.868372
0.42,28,27471.927923
0.74,26,27471.98433
0.89,21,27472.030304
0.78,22,27472.079902
0.77,23,27472.13069
0.68,22,27472.179251
0.78,22,27472.227827
0.76,24,27472.27217
0.47,43,27472.348053
0.75,35,27472.410103
0.69,21,27472.447047
0.78,22,27472.485734
0.68,32,27472.542022
0.36,34,27472.602807
0.61,29,27478.027841
0.49,31,27478.084786
0.77,23,27478.127417
0.82,18,27478.159859
0.46,44,27478.238116
0.76,24,27478.281098
0.8,20,27478.31706
0.56,24,27478.359631
0.75,25,27478.404712
0.79,21,27478.443126
0.47,33,27478.503179
0.7,20,27478.540518
0.73,27,27478.59019
0.89,21,27478.62827
0.31,49,27478.716191
0.92,18,27478.747894
0.65,25,27478.791071
0.7,30,27478.843157
0.71,29,27478.89378
0.92,18,27478.9277
0.77,23,27478.97773
0.41,49,27479.085438
0.71,19,27479.127692
0.92,18,27479.167214
0.69,41,27479.252449
0.33,57,27479.352781
0.82,28,27479.402441
0.42,28,27479.452736
0.41,39,27479.523876
0.85,25,27479.572556
0.45,25,27479.6296
0.23,67,27479.756242
0.19,41,27479.848593
0.65,25,27479.901235
0.74,26,27479.951948
0.68,32,27486.412884
0.75,25,27486.457302
0.86,24,27486.500093
0.8,20,27486.536836
0.74,36,27486.602626
0.77,23,27486.644806
0.77,23,27486.694189
0.81,19,27486.736641
0.6,20,27486.781736
0.72,28,27486.844726
0.87,23,27486.89721
0.57,33,27486.971665
0.78,22,27487.01316
0.9,20,27487.049839
0.59,21,27487.088299
0.78,22,27487.128265
0.64,26,27487.174859
0.84,26,27487.221585
0.79,21,27487.259431
0.87,23,27487.300439
0.8,20,27487.336297
0.58,22,27487.375423
0.66,24,27487.418429
0.64,26,27487.464789
0.35,45,27487.544857
0.89,21,27487.583458
0.65,25,27487.628354
0.56,24,27487.671789
0.5,30,27487.726353
0.75,25,27487.771806
0.71,19,27487.806043
0.77,23,27487.847163
0.27,33,27487.917889
0.58,22,27487.968752
0.89,21,27488.016448
0.75,25,27488.072414
0.45,25,27488.128343
0.72,28,27488.191137
0.8,20,27488.236717
0.66,24,27488.282605
0.55,25,27488.328798
0.65,25,27493.146816
0.88,22,27493.186506
0.38,52,27493.277842
0.7,20,27493.313247
0.87,23,27493.353737
0.88,22,27493.392466
0.38,42,27493.465672
0.82,28,27493.515447
0.62,28,27493.565773
0.65,25,27493.609618
0.48,42,27493.683128
0.49,41,27493.760072
0.61,29,27493.813092
0.82,18,27493.850498
0.86,24,27493.903239
0.58,32,27493.959978
0.87,23,27494.001083
0.77,33,27494.059902
0.77,23,27494.101496
0.71,19,27494.135757
0.75,25,27494.180207
0.79,21,27494.217518
0.79,21,27494.255341
0.67,23,27494.296238
0.76,24,27494.339115
0.78,22,27494.378495
0.55,25,27494.42341
0.34,46,27494.504678
0.77,23,27494.545983
0.54,26,27494.593023
0.8,20,27494.629097
0.85,25,27494.674155
0.53,27,27494.721536
0.46,24,27494.765733
0.87,23,27494.806757
0.79,21,27494.844155
0.75,25,27494.888346
0.45,45,27500.565806
0.78,22,27500.604502
0.66,24,27500.646733
0.78,22,27500.685245
0.71,19,27500.726273
0.66,24,27500.771811
0.79,21,27500.808429
0.78,22,27500.857825
0.6,30,27500.912174
0.55,25,27500.961259
0.56,24,27501.003893
0.77,23,27501.044464
0.74,36,27501.108336
0.8,20,27501.143825
0.71,19,27501.178204
0.46,24,27501.220981
0.47,33,27501.279075
0.79,21,27501.316227
0.38,42,27501.389776
0.5,30,27501.443232
0.78,22,27501.482013
0.55,25,27501.526062
0.79,21,27501.564667
0.58,42,27501.645811
0.78,22,27501.684879
0.89,21,27501.722026
0.58,42,27501.796208
0.79,21,27501.841015
0.88,22,27501.879898
0.75,25,27501.924631
0.67,33,27501.98313
0.65,35,27502.044641
0.78,22,27502.084338
0.79,21,27502.121683
0.68,22,27502.161128
0.88,22,27502.200139
0.48,32,27502.256122
0.58,32,27502.312037
0.55,35,27502.373171
0.72,28,27507.529689
0.81,19,27507.564163
0.81,19,27507.598101
0.69,31,27507.652384
0.54,26,27507.697924
0.85,25,27507.743356
0.66,34,27507.802622
0.89,21,27507.839919
0.32,38,27507.907168
0.79,21,27507.944166
0.81,19,27507.978352
0.48,22,27508.017109
0.81,29,27508.068385
0.57,33,27508.125997
0.68,22,27508.164804
0.72,18,27508.196626
0.37,43,27508.271505
0.71,29,27508.321789
0.89,21,27508.358364
0.87,23,27508.39975
0.68,22,27508.439147
0.7,20,27508.474965
0.32,48,27508.562248
0.7,20,27508.598734
0.68,22,27508.63799
0.82,18,27508.669975
0.72,18,27508.705739
0.79,21,27508.74647
0.78,22,27508.784478
0.58,22,27508.823152
0.29,51,27508.932927
0.66,24,27508.983038
0.7,20,27509.022776
0.77,23,27509.070944
0.43,37,27509.1369
0.7,20,27509.172662
0.69,21,27509.210094
0.68,32,27509.26633
0.66,24,27509.308486
0.78,22,27509.347432
0.77,33,27514.93601
0.28,52,27515.033832
0.45,45,27515.136069
0.9,20,27515.18242
0.8,20,27515.227454
0.7,20,27515.268963
0.82,18,27515.302845
0.68,22,27515.350866
0.78,22,27515.400553
0.78,22,27515.449074
0.79,21,27515.49573
0.76,24,27515.549096
0.34,46,27515.651246
0.65,25,27515.706622
0.78,22,27515.751887
0.55,45,27515.830521
0.81,19,27515.864047
0.5,30,27515.923305
0.73,27,27515.983382
0.56,34,27516.055056
0.87,23,27516.097678
0.44,26,27516.144019
0.36,34,27516.203794
0.79,21,27516.241664
0.74,26,27516.287588
0.69,21,27516.324928
0.8,30,27516.377611
0.77,23,27516.418598
0.7,20,27516.454201
0.67,23,27516.494973
0.55,35,27516.556735
0.49,31,27516.613482
0.62,28,27516.663338
0.5,30,27516.716939
0.66,24,27516.765197
0.65,35,27516.835921
0.89,21,27516.874568
0.82,18,27516.914526
0.82,18,27522.365827
0.6,30,27522.417802
0.76,24,27522.45953
0.68,32,27522.515108
0.57,23,27522.555829
0.71,19,27522.589487
0.68,32,27522.644992
0.38,42,27522.718189
0.68,42,27522.790878
0.9,20,27522.82576
0.59,21,27522.862306
0.63,27,27522.909465
0.34,46,27522.988543
0.61,29,27523.040066
0.75,25,27523.083629
0.65,35,27523.14421
0.55,35,27523.204944
0.78,22,27523.243615
0.4,40,27523.312391
0.81,19,27523.345708
0.7,20,27523.380684
0.74,26,27523.425682
0.66,24,27523.466933
0.87,23,27523.506691
0.64,26,27523.552096
0.79,21,27523.588654
0.47,43,27523.663388
0.78,22,27523.701683
0.78,22,27523.743414
0.75,25,27523.797586
0.81,19,27523.839633
0.59,31,27523.907049
0.54,26,27523.964332
0.63,37,27524.046626
0.69,31,27524.115202
0.59,31,27524.183619
0.63,27,27529.821548
0.54,46,27529.913256
0.4,50,27530.009518
0.66,24,27530.063563
0.77,23,27530.117352
0.56,34,27530.192709
0.79,21,27530.241276
0.28,62,27530.375136
0.77,23,27530.42571
0.79,21,27530.471289
0.79,21,27530.516772
0.74,26,27530.574121
0.68,32,27530.643516
0.45,45,27530.742114
0.76,24,27530.794524
0.91,19,27530.836113
0.77,23,27530.8862
0.37,53,27531.000561
0.87,23,27531.050654
0.54,36,27531.129437
0.33,57,27531.252605
0.56,24,27531.302917
0.56,34,27531.375953
0.47,33,27531.447376
0.24,46,27531.547573
0.55,25,27531.602578
0.89,21,27531.6497
0.76,24,27531.704717
0.68,22,27531.748177
0.43,47,27531.833347
0.23,57,27531.941489
0.55,25,27531.992662
0.77,23,27538.74289
0.69,21,27538.78072
0.54,26,27538.826602
0.7,20,27538.862107
0.9,20,27538.901149
0.69,31,27538.970095
0.68,32,27539.040891
0.46,34,27539.115452
0.45,45,27539.214406
0.88,22,27539.263642
0.89,21,27539.302372
0.77,23,27539.343867
0.7,40,27539.414511
0.78,22,27539.453565
0.9,20,27539.48921
0.69,21,27539.527185
0.54,36,27539.592548
0.78,22,27539.631277
0.68,22,27539.671238
0.67,23,27539.722591
0.8,20,27539.761579
0.46,34,27539.837418
0.66,34,27539.909295
0.76,24,27539.953453
0.62,28,27540.005398
0.15,45,27540.086782
0.64,36,27540.151789
0.69,21,27540.188838
0.67,23,27540.22978
0.72,28,27540.279336
0.48,32,27540.33552
0.64,36,27540.399291
0.87,23,27540.439553
0.7,20,27540.474709
0.67,23,27540.514924
0.6,30,27540.568448
0.78,22,27540.607596
0.65,35,27545.861558
0.67,33,27545.92052
0.78,22,27545.959731
0.67,23,27546.000822
0.52,28,27546.049392
0.56,34,27546.109229
0.77,23,27546.150212
0.82,18,27546.182405
0.74,26,27546.234716
0.79,21,27546.277376
0.8,20,27546.313516
0.81,19,27546.352535
0.69,21,27546.399278
0.89,21,27546.444782
0.54,26,27546.501654
0.68,22,27546.549884
0.37,33,27546.621764
0.74,26,27546.678343
0.79,31,27546.746749
0.48,32,27546.805791
0.49,31,27546.860861
0.76,24,27546.908118
0.78,22,27546.956418
0.77,23,27547.006983
0.59,21,27547.053052
0.55,25,27547.107213
0.83,27,27547.165945
0.67,23,27547.216416
0.76,24,27547.267939
0.73,27,27547.31568
0.78,22,27547.355466
0.8,20,27547.391836
0.77,23,27547.433326
0.81,19,27547.467046
0.34,46,27547.548018
0.79,21,27547.585794
0.7,20,27547.621161
0.66,24,27547.663342
0.77,23,27547.704153
0.44,36,27547.768177
0.64,36,27552.639749
0.67,23,27552.68059
0.55,35,27552.742885
0.67,23,27552.783852
0.7,20,27552.81911
0.51,29,27552.869937
0.56,24,27552.916045
0.58,32,27552.981839
0.56,24,27553.024473
0.58,52,27553.115716
0.71,29,27553.167646
0.56,24,27553.211071
0.9,20,27553.246696
0.64,36,27553.310124
0.9,20,27553.345555
0.79,21,27553.382651
0.79,21,27553.420161
0.68,22,27553.459279
0.28,52,27553.550548
0.77,23,27553.591644
0.78,22,27553.630444
0.79,21,27553.66805
0.81,19,27553.701935
0.66,34,27553.762521
0.57,33,27553.821653
0.62,38,27553.888453
0.87,23,27553.930453
0.75,25,27553.983401
0.79,21,27554.021776
0.76,34,27554.082554
0.54,26,27554.130566
0.41,29,27554.185272
0.56,24,27554.229769
0.69,21,27554.268929
0.34,36,27554.334486
0.87,23,27554.376248
0.8,20,27554.412578
0.38,32,27554.470012
0.24,46,27560.193482
0.41,39,27560.262919
0.8,20,27560.298487
0.78,22,27560.337628
0.86,24,27560.380035
0.85,25,27560.424011
0.7,20,27560.459454
0.77,23,27560.499925
0.77,23,27560.540954
0.9,20,27560.57637
0.69,21,27560.614319
0.79,21,27560.651992
0.89,21,27560.689218
0.69,21,27560.726558
0.76,24,27560.76941
0.67,23,27560.810228
0.88,22,27560.849325
0.78,22,27560.887902
0.81,29,27560.947409
0.44,46,27561.030812
0.39,51,27561.12193
0.77,23,27561.163416
0.64,36,27561.227209
0.65,25,27561.271555
0.68,22,27561.310558
0.66,34,27561.370083
0.79,21,27561.40714
0.63,27,27561.45473
0.58,22,27561.493877
0.45,35,27561.55628
0.81,29,27561.609382
0.65,25,27561.653456
0.54,26,27561.69969
0.69,21,27561.738427
0.66,24,27561.782585
0.7,20,27561.818687
0.78,22,27561.858074
0.67,23,27561.898739
0.77,23,27561.943652
0.66,34,27566.974969
0.86,24,27567.018198
0.87,23,27567.059553
0.74,26,27567.105027
0.65,25,27567.14931
0.71,19,27567.183222
0.67,23,27567.224082
0.68,22,27567.262922
0.66,24,27567.305218
0.69,21,27567.342082
0.61,29,27567.393797
0.74,26,27567.439962
0.35,45,27567.518345
0.75,25,27567.563902
0.88,22,27567.604317
0.6,20,27567.64044
0.74,26,27567.687167
0.47,43,27567.768132
0.62,28,27567.818161
0.82,18,27567.850428
0.82,28,27567.906427
0.43,27,27567.954915
0.41,49,27568.041913
0.68,22,27568.081368
0.8,20,27568.117514
0.71,29,27568.172337
0.73,27,27568.223252
0.31,39,27568.292709
0.56,34,27568.35332
0.79,21,27568.390949
0.59,21,27568.429426
0.78,22,27568.469949
0.8,20,27568.507178
0.29,41,27568.584001
0.34,46,27568.665931
0.88,22,27568.705414
0.8,20,27568.74166
0.71,19,27568.775863
0.79,21,27574.335115
0.74,26,27574.383625
0.39,31,27574.440387
0.62,28,27574.490564
0.89,21,27574.527619
0.5,40,27574.599474
0.75,25,27574.643655
0.8,20,27574.682247
0.58,32,27574.752645
0.67,33,27574.825256
0.71,19,27574.867596
0.54,26,27574.924169
0.71,19,27574.960684
0.71,19,27575.002644
0.69,31,27575.070362
0.76,24,27575.123271
0.65,25,27575.178998
0.53,27,27575.239187
0.63,27,27575.293715
0.6,20,27575.329621
0.54,56,27575.429143
0.82,28,27575.479039
0.9,20,27575.515187
0.78,22,27575.555083
-0.02,52,27575.651877
0.11,69,27575.777068
0.73,27,27575.836874
0.8,20,27575.873847
0.78,22,27575.920409
0.68,22,27575.960147
0.77,23,27576.001341
0.55,25,27576.047074
0.64,26,27576.094172
0.3,60,27576.207203
0.58,32,27576.266876
0.78,22,27582.379191
0.8,20,27582.4147
0.73,27,27582.461792
0.65,25,27582.505765
0.72,28,27582.555409
0.76,24,27582.59796
0.43,27,27582.645864
0.86,24,27582.688779
0.85,25,27582.739233
0.63,37,27582.804693
0.8,20,27582.840634
0.79,21,27582.877927
0.81,19,27582.911644
0.22,38,27582.982264
0.76,24,27583.024862
0.22,48,27583.109305
0.56,24,27583.151924
0.46,44,27583.230183
0.42,38,27583.297285
0.44,26,27583.34321
0.79,21,27583.380597
0.76,34,27583.44062
0.66,24,27583.482826
0.77,23,27583.52373
0.88,22,27583.563059
0.79,21,27583.600222
0.7,20,27583.635533
0.69,31,27583.69048
0.7,20,27583.726025
0.72,18,27583.758108
0.67,23,27583.806414
0.63,37,27583.885767
0.25,45,27583.965431
0.91,19,27583.999064
0.63,27,27584.046849
0.89,21,27584.084453
0.77,23,27584.125493
0.85,25,27584.169741
0.69,21,27589.447968
0.76,24,27589.490722
0.47,33,27589.550036
0.57,33,27589.609648
0.54,26,27589.6559
0.69,21,27589.694262
0.55,25,27589.751374
0.78,22,27589.800692
0.79,21,27589.839869
0.58,32,27589.896347
0.79,21,27589.93358
0.77,23,27589.980035
0.87,23,27590.029753
0.74,26,27590.076767
0.68,22,27590.116282
0.67,23,27590.157579
-0.04,64,27590.270652
0.38,22,27590.309486
0.79,21,27590.346424
0.65,35,27590.412352
0.55,35,27590.480621
0.47,23,27590.526166
0.58,32,27590.587947
0.56,24,27590.631709
0.66,24,27590.674598
0.76,24,27590.719854
0.69,21,27590.763822
0.67,23,27590.815075
0.46,44,27590.911225
0.88,22,27590.951331
0.55,35,27591.021339
0.66,24,27591.07399
0.65,25,27591.119416
0.74,26,27591.165292
0.63,27,27591.213027
0.73,17,27591.243387
0.77,23,27591.284248
0.62,18,27591.316068
0.87,23,27591.356716
0.69,21,27596.635764
0.66,34,27596.694817
0.68,22,27596.733319
0.67,23,27596.77774
0.76,24,27596.827451
0.42,28,27596.877059
0.77,23,27596.917475
0.55,25,27596.963804
0.87,23,27597.013857
0.68,22,27597.061822
0.65,25,27597.116108
0.45,35,27597.192323
0.89,21,27597.239257
0.78,22,27597.285606
0.89,21,27597.323916
0.69,21,27597.361121
0.8,20,27597.396598
0.68,22,27597.435119
0.85,25,27597.478889
0.44,26,27597.524403
0.9,20,27597.559722
0.48,32,27597.615712
0.89,21,27597.65256
0.52,28,27597.701947
0.76,34,27597.761957
0.3,60,27597.879607
0.89,21,27597.923229
0.88,22,27597.971091
0.86,24,27598.022731
0.6,20,27598.058619
0.79,21,27598.095835
0.68,22,27598.133898
0.67,23,27598.173692
0.68,22,27598.212364
0.47,33,27598.272048
0.71,19,27598.305537
0.27,43,27598.379836
0.77,23,27598.420169
0.29,51,27598.50989
0.77,33,27603.920587
0.65,25,27603.96525
0.49,41,27604.038729
0.43,37,27604.104638
0.68,32,27604.161813
0.45,25,27604.206434
0.9,20,27604.242619
0.59,21,27604.281109
0.81,19,27604.316523
0.68,32,27604.374983
0.76,24,27604.418267
0.65,25,27604.462646
0.81,19,27604.496538
0.65,25,27604.540852
0.9,20,27604.57686
0.69,31,27604.632809
0.86,24,27604.676792
0.59,31,27604.733221
0.45,35,27604.795415
0.8,20,27604.831115
0.65,25,27604.878252
-0.11,71,27605.01891
0.48,32,27605.089517
0.65,25,27605.144861
0.58,22,27605.193967
0.36,44,27605.28946
0.89,21,27605.327437
0.41,39,27605.413532
0.67,23,27605.4643
0.69,31,27605.532365
0.5,30,27605.5983
0.67,23,27605.648328
0.8,20,27605.692046
0.77,23,27605.742092
0.78,22,27605.790548
0.47,43,27605.883862
0.78,22,27611.506199
0.37,43,27611.58391
0.61,19,27611.618218
0.46,24,27611.660716
0.88,22,27611.699811
0.7,20,27611.734763
0.57,33,27611.793144
0.72,28,27611.846739
0.77,23,27611.887324
0.9,20,27611.922148
0.54,36,27611.984677
0.78,22,27612.023385
0.9,20,27612.058476
0.77,33,27612.116297
0.89,21,27612.153835
0.5,40,27612.224697
0.56,34,27612.284572
0.7,20,27612.321877
0.74,36,27612.385804
0.69,31,27612.441316
0.5,30,27612.493484
0.7,20,27612.528381
0.81,19,27612.56177
0.9,20,27612.596667
0.62,28,27612.644881
0.77,23,27612.685056
0.68,22,27612.733618
0.68,22,27612.775282
0.5,30,27612.829167
0.67,23,27612.874689
0.67,23,27612.924719
0.12,48,27613.014769
0.68,22,27613.057745
0.48,32,27613.116788
0.53,37,27613.184257
0.64,26,27613.231913
0.48,32,27613.289582
0.54,36,27618.71413
0.79,21,27618.751643
0.66,24,27618.800295
0.77,23,27618.850496
0.68,32,27618.919757
0.68,22,27618.967989
0.69,21,27619.014434
0.7,20,27619.058079
0.7,20,27619.101592
0.41,39,27619.186766
0.8,20,27619.231183
0.71,19,27619.273173
0.86,24,27619.318468
0.8,20,27619.354716
0.59,31,27619.409224
0.58,32,27619.465365
0.86,24,27619.507774
0.67,23,27619.548854
0.55,25,27619.59325
0.79,21,27619.63011
0.59,31,27619.684795
0.8,20,27619.720181
0.67,23,27619.760956
0.88,22,27619.799515
0.71,19,27619.833367
0.77,23,27619.876155
0.88,22,27619.918586
0.31,39,27620.003695
0.47,33,27620.075472
0.65,35,27620.151316
0.55,35,27620.227779
0.74,26,27620.28475
0.52,28,27620.335722
0.48,32,27620.406894
0.6,30,27620.47208
0.34,36,27620.550273
0.8,20,27620.594437
0.86,24,27620.646517
0.63,27,27620.705005
0.57,23,27620.75574
0.67,33,27625.861327
0.71,19,27625.898915
0.77,23,27625.943724
0.69,21,27625.990102
0.89,21,27626.035842
0.55,35,27626.11199
0.81,19,27626.153558
0.8,20,27626.197695
0.69,21,27626.243366
0.62,18,27626.283286
0.66,24,27626.331888
0.69,21,27626.378023
0.77,23,27626.428497
0.87,23,27626.478483
0.76,34,27626.552271
0.78,22,27626.600426
0.72,18,27626.639876
0.63,37,27626.720252
0.69,21,27626.766523
0.79,21,27626.815367
0.48,32,27626.888449
0.8,20,27626.929386
0.81,19,27626.965864
0.62,18,27626.998107
0.81,29,27627.049532
0.66,24,27627.09189
0.79,21,27627.128997
0.6,20,27627.164119
0.68,22,27627.20347
0.78,22,27627.242702
0.88,22,27627.28218
0.79,21,27627.319307
0.53,37,27627.394234
0.47,33,27627.465552
0.57,33,27627.536974
0.44,36,27627.615407
0.89,21,27627.661283
0.14,46,27627.761542
0.68,22,27627.809936
0.9,20,27627.855993
0.8,20,27627.90334
0.78,22,27632.869953
0.71,19,27632.910279
0.79,21,27632.948443
0.76,24,27632.991184
0.66,44,27633.068385
0.82,18,27633.101639
0.65,25,27633.146835
0.57,33,27633.2138
0.69,31,27633.268277
0.48,42,27633.34333
0.57,23,27633.384409
0.65,25,27633.428212
0.35,45,27633.505641
0.69,21,27633.542171
0.89,21,27633.578887
0.86,24,27633.621022
0.69,31,27633.67956
0.78,22,27633.718978
0.78,22,27633.75795
0.71,19,27633.791777
0.81,19,27633.825516
0.69,21,27633.863716
0.38,52,27633.965553
0.65,25,27634.0158
0.38,52,27634.107041
0.88,22,27634.146227
0.68,32,27634.203535
-0.02,62,27634.315578
0.81,19,27634.352552
0.88,22,27634.392434
0.71,39,27634.474735
0.61,19,27634.516347
0.87,23,27634.567081
0.88,22,27634.615122
0.88,22,27634.663522
0.89,21,27634.710165
0.29,61,27641.007028
0.81,19,27641.040892
0.66,34,27641.099821
0.78,22,27641.138411
0.9,20,27641.173984
0.75,25,27641.218585
0.73,27,27641.26592
0.24,46,27641.347101
0.8,30,27641.399993
0.64,26,27641.445215
0.87,23,27641.48564
0.8,20,27641.521235
0.91,19,27641.554777
0.67,23,27641.595769
0.44,46,27641.67775
0.77,23,27641.729606
0.79,21,27641.774682
0.8,20,27641.819179
0.7,30,27641.884874
0.22,48,27641.989833
0.5,30,27642.055691
0.88,12,27642.082671
0.68,22,27642.130679
0.8,20,27642.174465
0.42,28,27642.236324
0.81,19,27642.279131
0.54,36,27642.344913
0.7,20,27642.380348
0.77,23,27642.420942
0.75,25,27642.464192
0.45,35,27642.524529
0.64,26,27642.570355
0.62,28,27642.619371
0.91,19,27642.652534
0.7,20,27642.687578
0.66,24,27642.729248
0.77,23,27642.769986
0.67,33,27642.832991
0.91,19,27642.875295
0.55,35,27648.407277
0.44,26,27648.452702
0.59,41,27648.523666
0.9,20,27648.558966
0.7,20,27648.594267
0.81,19,27648.627377
0.67,23,27648.667833
0.72,28,27648.716187
0.69,21,27648.75792
0.57,33,27648.830891
0.88,22,27648.879981
0.88,22,27648.926254
0.79,21,27648.964663
0.56,24,27649.007403
0.77,23,27649.04885
0.38,42,27649.122704
0.66,24,27649.164806
0.87,23,27649.206149
0.81,19,27649.240001
0.75,25,27649.283686
0.59,31,27649.337274
0.65,35,27649.398359
0.68,22,27649.436737
0.78,22,27649.47548
0.65,25,27649.518842
0.47,43,27649.594158
0.46,44,27649.670393
0.33,47,27649.757894
0.88,22,27649.806953
0.89,21,27649.853537
0.74,26,27649.911173
0.28,52,27650.010482
0.36,34,27650.085458
0.86,24,27650.139395
0.68,32,27650.21017
0.74,36,27650.289078
0.48,42,27655.98839
0.8,20,27656.024728
0.46,44,27656.101962
0.88,22,27656.141083
0.69,21,27656.178617
0.65,35,27656.242182
0.87,23,27656.286978
0.81,19,27656.324561
0.39,31,27656.385301
0.76,24,27656.43072
0.9,20,27656.468768
0.69,41,27656.544712
0.55,25,27656.592397
0.75,35,27656.656005
0.32,48,27656.745314
0.89,21,27656.794148
0.36,44,27656.894897
0.78,22,27656.937341
0.8,30,27656.993228
0.8,30,27657.046818
0.53,37,27657.113748
0.22,78,27657.251152
0.71,19,27657.284893
0.77,23,27657.326421
0.81,19,27657.360486
0.69,21,27657.398112
0.79,31,27657.452835
0.72,28,27657.502106
0.52,28,27657.551812
0.81,19,27657.586395
0.57,33,27657.644842
0.7,20,27657.680119
0.78,32,27657.736412
0.84,26,27657.794805
0.26,64,27663.888434
0.8,30,27663.941121
0.75,25,27663.985302
0.83,27,27664.032926
0.66,24,27664.074995
0.79,21,27664.111566
0.88,22,27664.149678
0.54,26,27664.195336
0.67,23,27664.236321
0.67,33,27664.295059
0.74,26,27664.343862
0.88,22,27664.383412
0.88,22,27664.422527
0.7,30,27664.475249
0.78,22,27664.514581
0.78,22,27664.554656
0.78,22,27664.595063
0.48,32,27664.651398
0.79,21,27664.688289
0.8,20,27664.723563
0.78,22,27664.76274
0.72,28,27664.812146
0.48,32,27664.868574
0.57,33,27664.933825
0.89,21,27664.97646
0.56,34,27665.050432
0.56,24,27665.102745
0.64,36,27665.181203
0.8,20,27665.225528
0.8,20,27665.269764
0.91,19,27665.311044
0.6,20,27665.34734
0.72,18,27665.387766
0.68,32,27665.449069
0.91,19,27665.483252
0.65,25,27665.527266
0.88,22,27665.567449
0.77,23,27665.608326
0.77,23,27665.649419
0.8,20,27665.685305
0.9,20,27665.720682
0.69,21,27670.494504
0.69,21,27670.534041
0.9,20,27670.576896
0.3,30,27670.641973
0.46,44,27670.739554
0.7,20,27670.783322
0.78,22,27670.831404
0.56,24,27670.88344
0.92,18,27670.921392
0.71,19,27670.955343
0.65,25,27671.004761
0.78,22,27671.044343
0.81,19,27671.078173
0.65,25,27671.122021
0.64,26,27671.167656
0.7,40,27671.239108
0.72,18,27671.271419
0.79,21,27671.312855
0.66,24,27671.358527
0.81,19,27671.392639
0.77,23,27671.432902
0.88,22,27671.471361
0.76,24,27671.513372
0.72,28,27671.563505
0.81,29,27671.628394
0.75,25,27671.683242
0.65,25,27671.737548
0.58,32,27671.809574
0.49,31,27671.880617
0.48,42,27671.968409
0.79,21,27672.014141
0.88,22,27672.062137
0.79,31,27672.118061
0.76,24,27672.16063
0.67,23,27672.201436
0.76,24,27672.244188
0.81,29,27672.295326
0.76,24,27672.33787
0.6,20,27672.377187
0.6,30,27672.434218
0.78,22,27672.473275
0.63,27,27677.571738
0.86,24,27677.614681
0.73,27,27677.678244
0.77,23,27677.732671
0.16,54,27677.846326
0.71,29,27677.902611
0.21,39,27677.971068
0.91,19,27678.00528
0.75,25,27678.049896
0.78,22,27678.088683
0.52,28,27678.138021
0.79,21,27678.175212
0.88,22,27678.214365
0.79,21,27678.252371
0.78,22,27678.291577
0.78,22,27678.330848
0.67,23,27678.372697
0.77,23,27678.414083
0.39,41,27678.485905
0.79,21,27678.523488
0.45,55,27678.622313
0.68,22,27678.670675
0.78,32,27678.742328
0.76,24,27678.797698
0.77,23,27678.84841
0.66,44,27678.939198
0.81,19,27678.973257
0.89,21,27679.011494
0.81,19,27679.045439
0.53,47,27679.128262
0.8,20,27679.16407
0.86,24,27679.206519
0.92,18,27679.239587
0.79,21,27679.278691
0.71,19,27679.312986
0.62,28,27679.364611
0.75,35,27679.443071
0.68,32,27685.286268
0.89,21,27685.323817
0.79,21,27685.36142
0.45,45,27685.441711
0.59,31,27685.496431
0.71,29,27685.548151
0.47,33,27685.60714
0.56,24,27685.659536
0.79,21,27685.706641
0.76,34,27685.775033
0.78,22,27685.81479
0.74,26,27685.861312
0.66,24,27685.905143
0.76,34,27685.964805
0.74,26,27686.010995
0.68,22,27686.050343
0.78,22,27686.089787
0.78,22,27686.129107
0.76,24,27686.171662
0.78,22,27686.210958
0.49,31,27686.266259
0.7,30,27686.320308
0.88,22,27686.359269
0.82,18,27686.391765
0.81,19,27686.425864
0.69,21,27686.463013
0.59,31,27686.517799
0.69,21,27686.555293
0.89,21,27686.595292
0.78,22,27686.634453
0.77,23,27686.67497
0.68,22,27686.714031
0.55,25,27686.758781
0.66,24,27686.801529
0.77,23,27686.842776
0.79,21,27686.88026
0.78,22,27686.920977
0.72,18,27686.96253
0.7,20,27687.007876
0.69,21,27687.056111
0.46,44,27687.166341
0.78,22,27692.304938
0.5,40,27692.37647
0.6,30,27692.430309
0.31,39,27692.499964
0.78,22,27692.540168
0.75,25,27692.586824
0.68,32,27692.647396
0.34,36,27692.716189
0.6,40,27692.788881
0.76,24,27692.832663
0.67,33,27692.896591
0.79,31,27692.965413
0.57,33,27693.030523
0.79,21,27693.068318
0.68,22,27693.108082
0.88,22,27693.147436
0.68,22,27693.186769
0.61,29,27693.239314
0.87,23,27693.280825
0.78,22,27693.320362
0.7,20,27693.356048
0.74,26,27693.402722
0.88,22,27693.441863
0.68,22,27693.481174
0.79,21,27693.518481
0.68,32,27693.575438
0.68,22,27693.614444
0.57,33,27693.673588
0.36,44,27693.753501
0.54,36,27693.831822
0.79,21,27693.878495
0.57,33,27693.950756
0.79,21,27693.994483
0.87,23,27694.034767
0.78,22,27694.073486
0.78,22,27694.111933
0.81,19,27694.14505
0.77,23,27694.185068
0.89,21,27699.452812
0.64,26,27699.511247
0.03,57,27699.637763
0.71,19,27699.681137
0.88,22,27699.730264
0.78,22,27699.778534
0.89,21,27699.824248
0.9,20,27699.868066
0.73,27,27699.923597
0.75,25,27699.978822
0.91,19,27700.021248
0.56,34,27700.095999
0.56,24,27700.14877
0.67,23,27700.200312
0.92,18,27700.238503
0.66,24,27700.282032
0.85,25,27700.326809
0.67,23,27700.368484
0.77,23,27700.410526
0.57,23,27700.451786
0.82,18,27700.484251
0.85,25,27700.529412
0.74,26,27700.577464
0.78,22,27700.618077
0.57,33,27700.678212
0.61,19,27700.712248
0.5,40,27700.784373
0.89,21,27700.822535
0.78,22,27700.862253
0.8,20,27700.898236
0.74,26,27700.945665
0.69,21,27700.984238
0.63,27,27701.033314
0.68,32,27701.090314
0.8,20,27701.126544
0.62,28,27701.176837
0.65,25,27701.22138
0.76,24,27701.264842
0.71,19,27701.299025
0.74,26,27701.345507
0.89,21,27701.383618
0.71,19,27701.418567
0.75,25,27706.226624
0.56,24,27706.280196
0.79,21,27706.324654
0.38,42,27706.398422
0.9,20,27706.434554
0.76,24,27706.477825
0.72,18,27706.509833
0.2,60,27706.61534
0.8,20,27706.652341
0.71,19,27706.686422
0.8,30,27706.739561
0.72,38,27706.810632
0.5,50,27706.902855
0.7,30,27706.961761
0.79,31,27707.016494
0.53,37,27707.081995
0.56,34,27707.14166
0.33,47,27707.225139
0.53,27,27707.273329
0.63,37,27707.338953
0.26,44,27707.41636
0.91,19,27707.449984
0.55,25,27707.494239
0.91,19,27707.527882
0.55,25,27707.573617
0.64,26,27707.619356
0.41,39,27707.687731
0.8,20,27707.724471
0.87,23,27707.76892
0.8,20,27707.804925
0.88,22,27707.843966
0.71,19,27707.877906
0.9,20,27707.914105
0.44,26,27707.959884
0.58,22,27707.998661
0.65,25,27714.036256
0.81,29,27714.087611
0.42,38,27714.155046
0.71,19,27714.188906
0.81,19,27714.222994
0.79,21,27714.260881
0.76,24,27714.303701
0.67,23,27714.344708
0.61,29,27714.396084
0.8,20,27714.431888
0.64,26,27714.477512
0.68,22,27714.517009
0.81,19,27714.551416
0.69,21,27714.58893
0.88,22,27714.627796
0.68,32,27714.685708
0.35,45,27714.768404
-0.06,46,27714.850133
0.62,18,27714.882084
0.67,23,27714.922675
0.72,18,27714.954428
0.68,32,27715.010298
0.72,28,27715.059593
0.8,20,27715.095045
0.57,43,27715.17075
0.92,18,27715.202718
0.61,19,27715.236892
0.57,33,27715.295573
0.31,39,27715.363582
0.8,20,27715.398965
0.7,20,27715.434643
0.5,30,27715.487423
0.28,62,27715.596558
0.8,20,27715.632345
0.54,26,27715.67851
0.79,21,27715.715393
0.65,25,27715.769119
0.62,38,27715.853552
0.52,48,27721.793954
0.31,39,27721.863826
0.8,20,27721.907663
0.79,31,27721.971828
0.4,40,27722.058832
0.45,25,27722.113561
0.76,24,27722.166017
0.71,29,27722.230877
0.61,19,27722.276745
0.77,23,27722.329659
0.73,27,27722.383558
0.43,47,27722.472101
0.75,25,27722.517259
0.81,19,27722.551809
0.56,24,27722.595716
0.79,21,27722.633096
0.63,27,27722.680921
0.41,39,27722.75451
0.9,20,27722.79204
0.81,19,27722.826231
0.92,18,27722.858593
0.71,19,27722.892935
0.8,20,27722.929317
0.77,23,27722.971893
0.79,21,27723.011968
0.67,23,27723.05373
0.28,42,27723.129617
0.79,21,27723.166703
0.44,26,27723.212598
0.78,22,27723.251656
0.91,19,27723.285726
0.79,21,27723.322927
0.45,25,27723.367171
0.67,23,27723.407451
0.72,38,27723.474041
0.92,18,27723.506086
0.6,40,27723.576741
0.77,23,27723.617259
0.76,24,27723.659413
0.48,42,27729.138267
0.75,25,27729.181878
0.52,38,27729.248151
0.45,25,27729.292151
0.77,23,27729.332356
0.75,25,27729.376467
0.36,44,27729.45282
0.88,22,27729.491113
0.67,33,27729.548458
0.81,19,27729.583167
0.66,24,27729.625437
0.79,21,27729.662323
0.84,26,27729.71211
0.56,24,27729.755701
0.76,24,27729.807881
0.66,24,27729.860713
-0.06,66,27729.99045
0.9,20,27730.026018
0.62,28,27730.075573
0.48,42,27730.149242
0.81,19,27730.182556
0.81,19,27730.216031
0.79,31,27730.270459
0.86,24,27730.312519
0.58,32,27730.368682
0.56,34,27730.428272
0.79,21,27730.465605
0.8,20,27730.501109
0.76,24,27730.543936
0.69,21,27730.581447
0.56,24,27730.623544
0.77,23,27730.664321
0.78,22,27730.703878
0.5,30,27730.759787
0.7,20,27730.795292
0.8,20,27730.831134
0.89,21,27730.868849
0.75,25,27730.917656
0.7,20,27736.311283
0.62,28,27736.360978
0.81,19,27736.394765
0.8,20,27736.430081
0.81,19,27736.463708
0.53,37,27736.528696
0.68,32,27736.586315
0.84,26,27736.632345
0.51,39,27736.70082
0.77,23,27736.746973
0.87,23,27736.788622
0.8,20,27736.824497
0.76,24,27736.867276
0.68,22,27736.906904
0.65,25,27736.951092
0.8,20,27736.986335
0.77,23,27737.026829
0.66,34,27737.087112
0.78,22,27737.125905
0.66,24,27737.169564
0.78,22,27737.209151
0.81,19,27737.243268
0.52,28,27737.299054
0.78,22,27737.34007
0.68,22,27737.37957
0.69,21,27737.417059
0.52,28,27737.467215
0.75,25,27737.511344
0.66,24,27737.553756
0.82,18,27737.586304
0.79,21,27737.623636
0.8,20,27737.659284
0.69,21,27737.696957
0.36,54,27737.792968
0.75,25,27737.837825
0.89,21,27737.880822
0.89,21,27737.924498
0.77,23,27737.966292
0.65,25,27738.016961
0.78,22,27738.065868
0.69,21,27738.112319
0.85,25,27738.168723
0.58,22,27743.200875
0.58,22,27743.240443
0.78,22,27743.278546
0.85,25,27743.323047
0.81,19,27743.357458
0.26,44,27743.43447
0.73,27,27743.481097
0.69,31,27743.535338
0.68,22,27743.57417
0.58,32,27743.629084
0.81,19,27743.661936
0.89,21,27743.698492
0.77,23,27743.738546
0.88,22,27743.778246
0.64,36,27743.84066
0.83,17,27743.870452
0.8,20,27743.908019
0.62,38,27743.974343
0.85,25,27744.018915
0.6,30,27744.07203
0.72,18,27744.103821
0.81,19,27744.137174
0.79,31,27744.191644
0.91,19,27744.225575
0.73,27,27744.273659
0.58,32,27744.330903
0.72,18,27744.362778
0.8,20,27744.398316
0.55,35,27744.460277
0.88,22,27744.499134
0.58,32,27744.555169
0.76,24,27744.59796
0.75,25,27744.641856
0.88,22,27744.680764
0.62,28,27744.730283
0.51,39,27744.800536
0.68,22,27744.840217
0.72,18,27744.871828
0.76,24,27744.913738
0.66,24,27744.955622
0.79,21,27750.104198
0.7,20,27750.139729
0.53,27,27750.187356
0.69,31,27750.242247
0.89,21,27750.279112
0.75,25,27750.322846
0.8,20,27750.358136
0.68,22,27750.397323
0.9,20,27750.43303
0.57,23,27750.474159
0.41,49,27750.561449
0.7,30,27750.615507
0.55,35,27750.68266
0.58,22,27750.732423
0.84,26,27750.79177
0.67,23,27750.844598
0.72,18,27750.885108
0.67,23,27750.936763
0.64,26,27750.991687
0.04,66,27751.107236
0.66,24,27751.149798
0.71,19,27751.183741
0.56,24,27751.226243
0.5,40,27751.297209
0.63,27,27751.344912
0.47,33,27751.408916
0.57,23,27751.459979
0.56,44,27751.556918
0.75,25,27751.611494
0.71,29,27751.674239
0.7,20,27751.718056
0.59,21,27751.764071
0.81,19,27751.803368
0.77,23,27751.85141
0.56,34,27751.917105
0.78,22,27751.96554
0.66,34,27752.040676
0.81,19,27752.083863
0.69,21,27758.084244
0.81,19,27758.118123
0.78,22,27758.157046
0.66,24,27758.200236
0.8,20,27758.236438
0.46,24,27758.279819
0.71,19,27758.313922
0.42,28,27758.364219
0.23,47,27758.446874
0.76,24,27758.498
0.57,23,27758.539162
0.75,25,27758.584547
0.56,24,27758.631333
0.32,38,27758.714315
0.63,27,27758.773816
0.85,25,27758.830324
0.58,32,27758.903777
0.78,22,27758.950337
0.66,24,27759.002668
0.61,19,27759.043872
0.86,24,27759.096338
0.78,22,27759.144604
0.83,17,27759.181898
0.72,18,27759.221381
0.89,21,27759.26719
0.85,25,27759.322004
0.76,24,27759.367558
0.53,27,27759.416234
1.0,10,27759.43434
0.3,40,27759.518379
0.79,21,27759.565136
0.78,22,27759.614345
0.63,27,27759.673837
0.67,23,27759.724023
0.68,22,27759.767733
0.81,29,27759.818766
0.8,20,27759.85545
0.65,35,27759.919725
0.79,21,27759.957724
0.43,27,27760.006629
0.79,21,27760.044512
0.9,20,27760.080898
0.65,25,27765.117494
0.79,21,27765.163723
0.52,38,27765.247545
0.58,32,27765.316478
0.54,36,27765.384525
0.73,27,27765.432175
0.56,24,27765.480221
0.69,21,27765.516739
0.66,24,27765.558901
0.34,56,27765.678315
0.85,25,27765.733842
0.44,26,27765.786266
0.8,20,27765.829831
0.77,23,27765.872339
0.68,22,27765.911693
0.81,29,27765.963625
0.91,19,27765.997601
0.39,31,27766.052773
0.9,20,27766.088861
0.66,24,27766.131999
0.57,23,27766.172925
0.7,20,27766.208795
0.42,38,27766.279664
0.8,20,27766.317664
0.78,22,27766.357808
0.66,24,27766.40226
0.56,34,27766.464555
0.89,21,27766.50292
0.69,21,27766.541135
0.42,28,27766.591974
0.68,32,27766.649808
0.53,27,27766.699553
0.8,20,27766.738351
0.44,36,27766.812846
0.76,24,27766.856985
0.75,25,27766.903105
0.78,22,27766.951601
0.87,23,27767.003366
0.77,23,27767.054205
0.86,24,27772.264504
0.9,20,27772.300453
0.88,22,27772.339614
0.77,23,27772.379842
0.98,12,27772.401414
0.6,20,27772.436252
0.66,24,27772.478168
0.66,24,27772.520492
0.57,33,27772.57932
0.6,30,27772.632082
0.63,27,27772.679769
0.54,36,27772.743422
0.77,23,27772.784009
0.6,30,27772.837265
0.56,24,27772.880877
0.4,30,27772.935035
0.57,43,27773.010548
0.8,20,27773.046118
0.67,33,27773.104626
0.78,22,27773.143973
0.9,20,27773.17963
0.8,20,27773.215729
0.57,23,27773.25633
0.82,18,27773.288626
0.7,20,27773.324387
0.66,24,27773.366933
0.39,41,27773.439201
0.76,24,27773.481511
0.45,35,27773.543755
0.3,40,27773.615336
0.52,48,27773.699466
0.8,20,27773.741762
0.87,23,27773.788949
0.44,36,27773.869233
0.42,28,27773.930719
0.66,24,27773.983594
0.59,31,27774.051622
0.86,24,27774.103894
0.74,26,27779.435071
0.81,19,27779.469387
0.78,22,27779.509161
0.79,21,27779.54745
0.79,21,27779.58606
0.29,31,27779.6431
0.66,24,27779.686817
0.57,33,27779.745783
0.7,20,27779.781178
0.72,18,27779.813379
0.8,20,27779.849756
0.42,28,27779.899968
0.69,21,27779.95214
0.5,30,27780.023998
0.11,49,27780.135407
0.67,23,27780.187607
0.65,35,27780.265165
0.79,31,27780.332745
0.78,22,27780.374063
0.63,37,27780.441228
0.59,21,27780.478882
0.89,11,27780.499003
0.4,30,27780.552652
0.57,33,27780.611645
0.7,20,27780.647865
0.77,23,27780.688092
0.8,20,27780.723128
0.79,21,27780.760238
0.59,21,27780.797208
0.26,54,27780.8916
0.69,21,27780.92995
0.68,22,27780.968859
0.56,34,27781.037435
0.81,19,27781.079605
0.65,35,27781.155763
0.65,25,27781.210266
0.64,36,27781.288305
0.67,23,27781.338284
0.67,33,27786.632443
0.82,28,27786.681992
0.84,26,27786.727437
0.38,32,27786.783642
0.79,21,27786.821269
0.78,22,27786.860381
0.81,19,27786.89693
0.88,22,27786.93695
0.79,21,27786.974159
0.58,42,27787.047887
0.73,27,27787.094743
0.67,23,27787.144228
0.63,27,27787.203272
0.89,21,27787.250032
0.71,29,27787.305247
0.71,19,27787.339251
0.64,26,27787.385828
0.78,22,27787.425325
0.89,21,27787.462661
0.8,20,27787.498238
0.61,19,27787.532362
0.56,24,27787.575914
0.67,23,27787.616909
0.46,44,27787.694823
0.71,19,27787.728982
0.92,18,27787.761738
0.61,39,27787.831479
0.76,24,27787.875694
0.57,33,27787.941651
0.72,18,27787.9813
0.82,18,27788.020892
0.63,27,27788.079423
0.56,24,27788.134019
0.79,21,27788.181281
0.61,19,27788.22275
0.54,36,27788.302795
0.71,19,27788.348797
0.67,33,27788.413475
0.79,21,27788.455123
0.45,35,27788.521668
0.66,44,27793.786478
0.68,22,27793.825118
0.78,22,27793.863593
0.59,21,27793.900126
0.65,25,27793.945357
0.77,23,27793.986717
0.8,20,27794.022787
0.76,24,27794.065356
0.76,24,27794.108238
0.8,20,27794.144096
0.69,21,27794.181726
0.54,36,27794.245627
0.53,27,27794.293452
0.88,22,27794.332827
0.67,23,27794.373391
0.64,36,27794.436788
0.86,24,27794.478947
0.69,21,27794.516431
0.6,30,27794.57009
0.74,26,27794.616083
0.78,22,27794.654967
0.73,27,27794.703061
0.67,33,27794.762544
0.42,38,27794.830126
0.8,20,27794.867061
0.57,33,27794.938264
0.87,23,27794.990991
0.72,18,27795.030636
0.71,19,27795.072433
0.88,22,27795.120663
0.61,19,27795.162066
0.88,22,27795.210269
0.44,36,27795.288891
0.7,20,27795.332788
0.51,29,27795.38823
0.76,24,27795.430848
0.61,29,27795.480848
0.79,21,27795.5173
0.79,21,27795.555425
-0.02,42,27795.630131
0.8,20,27795.665821
0.82,18,27800.572901
0.67,23,27800.614297
0.81,19,27800.648289
0.71,19,27800.682822
0.81,19,27800.718895
0.69,21,27800.760446
0.58,32,27800.817033
0.69,21,27800.854258
0.18,42,27800.929946
0.54,26,27800.981611
0.6,20,27801.026674
0.82,18,27801.066902
0.78,32,27801.137775
0.69,21,27801.18465
0.79,21,27801.232043
0.63,27,27801.292073
0.63,17,27801.330086
0.47,43,27801.41382
0.7,20,27801.450258
0.43,47,27801.535625
0.78,22,27801.579578
0.35,25,27801.631233
0.69,21,27801.678678
0.42,28,27801.736933
0.46,24,27801.780064
0.59,31,27801.835366
0.9,20,27801.871744
0.48,32,27801.93077
0.77,23,27801.982137
0.67,23,27802.033194
0.58,42,27802.124732
0.9,20,27802.168573
0.59,31,27802.236515
0.65,35,27802.312413
0.68,22,27802.361517
0.47,23,27802.404305
0.8,30,27802.459479
0.77,23,27802.504498
0.71,19,27802.542383
0.82,18,27802.5758
0.68,22,27802.616103
0.69,21,27808.067743
0.68,22,27808.10602
0.73,27,27808.153019
0.48,32,27808.208604
0.18,42,27808.281204
0.37,33,27808.338233
0.82,18,27808.369452
0.71,19,27808.402502
0.85,25,27808.445785
0.8,20,27808.48055
0.55,25,27808.523993
0.71,29,27808.575667
0.81,19,27808.608856
0.71,29,27808.659478
0.66,24,27808.701547
0.41,49,27808.786775
0.76,24,27808.828659
0.82,18,27808.860853
0.59,31,27808.915082
0.59,21,27808.951818
0.71,19,27808.987078
0.74,26,27809.04442
0.17,53,27809.158941
0.77,23,27809.209267
0.74,26,27809.266674
0.89,21,27809.312361
0.89,21,27809.358105
0.87,23,27809.401919
0.43,27,27809.44957
0.78,22,27809.488256
0.5,30,27809.54138
0.87,23,27809.583171
0.8,30,27809.635843
0.67,23,27809.676928
0.62,28,27809.726766
0.8,20,27809.762564
0.6,30,27809.825235
0.59,31,27809.901518
0.62,28,27815.211307
0.61,19,27815.24524
0.54,36,27815.308673
0.59,31,27815.363243
0.55,35,27815.424712
0.82,18,27815.457051
0.86,24,27815.499424
0.89,21,27815.536163
0.69,31,27815.591674
0.79,21,27815.628905
0.76,24,27815.67152
0.8,20,27815.707013
0.82,18,27815.738416
0.72,18,27815.77008
0.73,27,27815.818287
0.69,31,27815.874305
0.89,21,27815.915065
0.71,29,27815.969985
0.7,20,27816.006104
0.57,33,27816.065796
0.61,29,27816.122121
0.6,20,27816.160333
0.68,22,27816.202121
0.58,32,27816.262618
0.68,22,27816.305164
-0.0,50,27816.394935
0.79,21,27816.432643
0.22,48,27816.517884
0.76,24,27816.561489
0.75,25,27816.608181
0.67,23,27816.649679
0.59,31,27816.705248
0.76,34,27816.766271
0.61,29,27816.818321
0.72,18,27816.850999
0.59,21,27816.888917
0.89,21,27816.927284
0.77,23,27816.970056
0.73,37,27817.045201
0.75,25,27822.372298
0.59,21,27822.411127
0.75,35,27822.474107
0.69,21,27822.512447
0.78,22,27822.55312
0.8,20,27822.590427
0.66,34,27822.652577
0.61,39,27822.721871
0.82,18,27822.753876
0.44,36,27822.816791
0.89,21,27822.857109
0.7,20,27822.895633
0.89,21,27822.934042
0.75,25,27822.978039
0.79,21,27823.016204
0.88,22,27823.057052
0.68,22,27823.096889
0.92,18,27823.129169
0.81,19,27823.163223
0.71,19,27823.196917
0.43,37,27823.262859
0.64,36,27823.326107
0.68,32,27823.382736
0.71,19,27823.41647
0.64,36,27823.479165
0.76,24,27823.521569
0.66,34,27823.582306
0.7,20,27823.617908
0.82,18,27823.649747
0.6,30,27823.703228
0.64,26,27823.749527
0.5,30,27823.802772
0.9,20,27823.838759
0.7,20,27823.874577
0.81,19,27823.917521
0.43,37,27823.995487
0.71,19,27824.028741
0.57,33,27824.086196
0.58,32,27824.141969
0.71,19,27824.175328
0.66,24,27829.260894
0.35,45,27829.339028
0.36,44,27829.416389
0.59,31,27829.470825
0.82,18,27829.502604
0.6,20,27829.537649
0.71,19,27829.57195
0.45,25,27829.615737
0.75,25,27829.660136
0.61,29,27829.711832
0.72,18,27829.744325
0.89,21,27829.787459
0.91,19,27829.821495
0.11,59,27829.929353
0.68,22,27829.969231
0.7,20,27830.005181
0.79,21,27830.042384
0.76,24,27830.084867
0.82,18,27830.117129
0.71,19,27830.150995
0.73,27,27830.199607
0.83,27,27830.247964
0.13,47,27830.330976
0.71,19,27830.365045
0.67,23,27830.406688
0.67,23,27830.447931
0.89,21,27830.485961
0.72,18,27830.518565
0.56,24,27830.562203
0.57,33,27830.621433
0.54,26,27830.667963
0.75,25,27830.712817
0.69,21,27830.750721
0.47,33,27830.809006
0.8,20,27830.844806
0.86,24,27830.887189
0.66,24,27830.933688
0.48,32,27830.999267
0.71,19,27831.033269
0.45,25,27831.07807
0.68,22,27836.603577
0.58,22,27836.64281
0.81,19,27836.676748
0.5,30,27836.729486
0.71,19,27836.763919
0.87,23,27836.803852
0.61,19,27836.837054
0.77,23,27836.880331
0.82,18,27836.914128
0.82,18,27836.946674
0.76,24,27836.989538
0.8,20,27837.025685
0.68,22,27837.064409
0.9,20,27837.101858
0.71,19,27837.140982
0.89,21,27837.188352
0.79,21,27837.235074
0.69,21,27837.279117
0.85,25,27837.333897
0.66,24,27837.386026
0.11,49,27837.472457
0.67,23,27837.513699
0.71,19,27837.5473
0.69,21,27837.585067
0.78,22,27837.624336
0.58,22,27837.663242
0.69,21,27837.700794
0.66,24,27837.743424
0.67,23,27837.784002
0.7,20,27837.81954
0.63,27,27837.867095
0.46,44,27837.944726
0.71,19,27837.985025
0.56,34,27838.058958
0.87,23,27838.108664
0.81,19,27838.150659
0.77,23,27838.201201
0.75,25,27838.25657
0.63,37,27838.336571
0.81,19,27838.378019
0.65,25,27838.424183
0.8,20,27838.459335
0.79,21,27838.496621
0.68,22,27843.347683
0.79,21,27843.385133
0.78,22,27843.423701
0.78,22,27843.462123
0.78,22,27843.500408
0.78,22,27843.538736
0.67,23,27843.57997
0.85,25,27843.624214
0.65,25,27843.668048
0.69,21,27843.705315
0.78,22,27843.745268
0.79,21,27843.790834
0.8,20,27843.835068
0.7,20,27843.879216
0.89,21,27843.926088
0.8,20,27843.970084
0.73,27,27844.029711
0.8,20,27844.073366
0.22,58,27844.200056
0.25,65,27844.341157
0.92,18,27844.380893
0.57,23,27844.423412
0.87,23,27844.464276
0.67,23,27844.504963
0.89,21,27844.542377
0.68,22,27844.581865
0.38,32,27844.63864
0.67,23,27844.680138
0.59,31,27844.735277
0.72,28,27844.793607
0.61,39,27844.878909
0.44,26,27844.93533
0.68,32,27845.00346
0.67,23,27845.043679
0.79,21,27845.080301
0.81,19,27845.114105
0.76,24,27845.156481
0.78,22,27845.19514
0.64,36,27845.258458
0.81,19,27845.291857
0.8,20,27850.669461
0.76,24,27850.712348
0.68,22,27850.752067
0.79,21,27850.78911
0.67,33,27850.84693
0.64,26,27850.896716
0.76,24,27850.947641
0.68,22,27850.987985
0.9,20,27851.027736
0.66,24,27851.081935
0.26,44,27851.179532
0.31,39,27851.266775
0.77,23,27851.316575
0.56,24,27851.369432
0.64,36,27851.43768
0.8,20,27851.473561
0.87,23,27851.513747
0.81,19,27851.547436
0.55,35,27851.609361
0.56,24,27851.651818
0.66,24,27851.694045
0.65,25,27851.743556
0.67,23,27851.794035
0.79,21,27851.839936
0.71,19,27851.881538
0.72,18,27851.920769
0.68,22,27851.961934
0.79,21,27852.00111
0.67,23,27852.051392
0.56,24,27852.103355
0.8,20,27852.147673
0.69,21,27852.193728
0.14,56,27852.314445
0.58,22,27852.363039
0.68,22,27852.408792
0.49,41,27852.481457
0.67,23,27852.522129
0.91,19,27852.55636
0.81,19,27852.590016
0.9,20,27852.625482
0.11,69,27858.052088
0.76,24,27858.094082
0.69,21,27858.131449
0.56,34,27858.190425
0.69,21,27858.227601
0.7,30,27858.279663
0.82,18,27858.310923
0.43,47,27858.392615
0.63,27,27858.439926
0.46,34,27858.498986
0.69,31,27858.55425
0.61,39,27858.623397
0.91,19,27858.657279
0.6,20,27858.692229
0.79,21,27858.729065
0.29,51,27858.817623
0.68,22,27858.856462
0.69,31,27858.910963
0.57,43,27858.992066
0.89,21,27859.034172
0.79,21,27859.080083
0.91,19,27859.121999
0.52,38,27859.208162
0.82,18,27859.249398
0.7,20,27859.293241
0.77,23,27859.343431
0.81,19,27859.385463
0.58,22,27859.426855
0.67,33,27859.486375
0.79,31,27859.542054
0.59,31,27859.598598
0.72,18,27859.631073
0.66,24,27859.672993
0.71,19,27859.7065
0.61,19,27859.740463
0.47,33,27859.798411
0.45,25,27859.84282
0.67,23,27859.883514
0.8,20,27865.46761
0.71,19,27865.506318
0.66,24,27865.559817
0.55,35,27865.637618
0.65,25,27865.692727
0.68,22,27865.741307
0.77,23,27865.791309
0.66,24,27865.843323
0.8,20,27865.878941
0.57,23,27865.92443
0.71,29,27865.975501
0.88,22,27866.015381
0.65,35,27866.076533
0.75,25,27866.120612
0.76,24,27866.163091
0.65,25,27866.207044
0.7,20,27866.242205
0.81,19,27866.276066
0.73,27,27866.323779
0.32,58,27866.42483
0.81,19,27866.458452
0.88,22,27866.497341
0.32,58,27866.600821
0.89,21,27866.638428
0.79,21,27866.675871
0.71,19,27866.709729
0.45,45,27866.789317
0.89,21,27866.8266
0.75,25,27866.88002
0.79,21,27866.91794
0.87,23,27866.958539
0.67,23,27867.004183
0.81,19,27867.044588
0.6,40,27867.130483
0.81,19,27867.173125
0.76,24,27867.227245
0.8,20,27867.274102
0.79,21,27867.323754
0.44,56,27873.268075
0.79,21,27873.305489
0.75,35,27873.365643
0.66,34,27873.424977
0.59,21,27873.46233
0.59,31,27873.516027
0.68,22,27873.554085
0.78,22,27873.592532
0.8,20,27873.631142
0.49,41,27873.706754
0.49,51,27873.795374
0.7,20,27873.830012
0.57,33,27873.894384
0.3,40,27873.974035
0.8,20,27874.012546
0.53,27,27874.059862
0.57,23,27874.100087
0.69,21,27874.137112
0.82,18,27874.169075
0.81,19,27874.202964
0.91,19,27874.237295
0.38,42,27874.311405
0.67,23,27874.352086
0.9,20,27874.387719
0.91,19,27874.421361
0.52,28,27874.470497
0.79,21,27874.507488
0.71,29,27874.558723
0.77,23,27874.599672
0.49,31,27874.653849
0.44,26,27874.704591
0.87,23,27874.750109
0.64,36,27874.813407
0.66,34,27874.882715
0.56,34,27874.942626
0.81,19,27874.981395
0.93,17,27875.012145
0.81,19,27875.045654
0.52,38,27880.433997
0.46,44,27880.511602
0.53,27,27880.559155
0.72,28,27880.608837
0.79,21,27880.646012
0.6,40,27880.719306
0.91,19,27880.758898
0.67,33,27880.818069
0.41,29,27880.869992
0.55,25,27880.918653
0.89,21,27880.966034
0.78,22,27881.015597
0.34,56,27881.139689
0.71,29,27881.204183
0.92,18,27881.244662
0.91,19,27881.287665
0.81,19,27881.330058
0.7,20,27881.373676
0.83,27,27881.426902
0.75,25,27881.471293
0.71,19,27881.505305
0.87,23,27881.546036
0.56,34,27881.606531
0.81,19,27881.639914
0.8,20,27881.675546
0.71,19,27881.709473
0.79,21,27881.74705
0.78,22,27881.786116
0.8,20,27881.822108
0.81,19,27881.855907
0.59,31,27881.910038
0.78,22,27881.949374
0.69,41,27882.022155
0.76,24,27882.06518
0.68,32,27882.124192
0.9,20,27882.161503
0.53,37,27882.230607
0.78,32,27882.288614
0.67,23,27882.32939
0.79,21,27887.885874
0.86,24,27887.92826
0.12,38,27887.994583
0.67,33,27888.051681
0.8,20,27888.086627
0.57,23,27888.126861
0.57,23,27888.167392
0.71,19,27888.201382
0.58,32,27888.257094
0.51,29,27888.307544
0.25,55,27888.402247
0.39,31,27888.456049
0.68,32,27888.512384
0.8,20,27888.548133
0.55,25,27888.592358
0.89,21,27888.629089
0.56,24,27888.671206
0.63,27,27888.720172
0.86,24,27888.764081
0.2,30,27888.816685
0.79,21,27888.853822
0.69,21,27888.890422
0.67,23,27888.931345
0.43,27,27888.979484
0.66,24,27889.022716
0.78,32,27889.079117
0.91,19,27889.112717
0.04,56,27889.211755
0.91,19,27889.246558
0.89,21,27889.285856
0.67,23,27889.328835
0.68,22,27889.368524
0.76,24,27889.411708
0.67,23,27889.452559
0.66,24,27889.495237
0.91,19,27889.52924
0.8,20,27889.566041
0.79,21,27889.603786
0.68,22,27889.642695
0.58,22,27889.681989
0.9,20,27894.936119
0.86,24,27894.979277
0.65,35,27895.041603
0.64,26,27895.088114
0.81,19,27895.122023
0.23,57,27895.222688
0.89,21,27895.260572
0.76,24,27895.30425
0.59,31,27895.359393
0.8,20,27895.395489
0.69,21,27895.432802
0.81,19,27895.466486
0.59,31,27895.521201
0.91,19,27895.55492
0.21,49,27895.641569
0.53,27,27895.689826
0.67,33,27895.748655
0.6,20,27895.784825
0.69,31,27895.840204
0.57,23,27895.882823
0.77,23,27895.931334
0.81,19,27895.966006
0.91,19,27896.000774
0.71,19,27896.034857
0.71,29,27896.086619
0.9,20,27896.122501
0.78,22,27896.161862
0.78,22,27896.201892
0.7,20,27896.238243
0.78,22,27896.277485
0.62,28,27896.328054
0.81,19,27896.362081
-0.1,60,27896.468548
0.52,38,27896.536488
-0.15,75,27896.671723
0.71,29,27896.724153
0.47,43,27903.156969
0.8,20,27903.193472
0.77,23,27903.236229
0.51,49,27903.327846
0.9,20,27903.36631
0.82,18,27903.401048
0.8,20,27903.438926
0.67,33,27903.498453
0.76,34,27903.559875
0.68,22,27903.598969
0.46,44,27903.67577
0.8,20,27903.710776
0.69,21,27903.748379
0.53,27,27903.795464
0.68,22,27903.83407
0.79,21,27903.871058
0.7,20,27903.905752
0.72,18,27903.937503
0.81,19,27903.970995
0.47,53,27904.064368
0.88,22,27904.102978
0.8,30,27904.155144
0.91,19,27904.188289
0.98,12,27904.209626
0.64,26,27904.255067
0.59,31,27904.308985
0.65,25,27904.352784
0.82,18,27904.384552
0.58,22,27904.422877
0.8,20,27904.457669
0.69,31,27904.51106
0.54,26,27904.556877
0.79,21,27904.594062
0.79,21,27904.63078
0.87,23,27904.67065
0.81,19,27904.703865
0.81,19,27904.739329
0.1,60,27904.842781
0.67,33,27904.899487
0.44,36,27910.670323
0.77,23,27910.721389
0.84,26,27910.780138
0.66,24,27910.833863
0.44,36,27910.912164
0.8,20,27910.956673
0.7,30,27911.022584
0.54,46,27911.122826
0.78,22,27911.17134
0.82,28,27911.233622
0.8,20,27911.277415
0.34,56,27911.400186
0.73,37,27911.468055
0.45,35,27911.52972
0.58,22,27911.569279
0.79,21,27911.607092
0.54,26,27911.653464
0.79,21,27911.690466
0.77,23,27911.731936
0.44,46,27911.817164
0.59,31,27911.876847
0.76,24,27911.934133
0.89,21,27911.975405
0.53,27,27912.025706
0.19,71,27912.156136
0.64,26,27912.204124
0.7,20,27912.239771
0.19,51,27912.329718
0.78,22,27912.368914
0.71,19,27912.402618
0.53,37,27912.467746
0.8,20,27912.502913
0.79,21,27912.539859
0.69,31,27912.594727
0.79,21,27912.632201
0.65,25,27918.985738
0.47,33,27919.044606
0.71,19,27919.078096
0.7,20,27919.113652
0.82,18,27919.145254
0.58,32,27919.201273
0.67,23,27919.241848
0.76,24,27919.285546
1.0,10,27919.304338
0.92,18,27919.337022
0.78,22,27919.377182
0.88,22,27919.417646
0.7,20,27919.453189
0.64,26,27919.498364
0.65,25,27919.542129
0.72,18,27919.573874
0.79,21,27919.610904
0.55,25,27919.654882
0.68,22,27919.694464
0.67,23,27919.743352
0.58,32,27919.800174
0.88,22,27919.83893
0.79,21,27919.877061
0.65,25,27919.93247
0.59,21,27919.972923
0.8,20,27920.008508
0.8,20,27920.043847
0.78,22,27920.082375
0.47,33,27920.140325
0.5,30,27920.193374
0.68,22,27920.232734
0.7,20,27920.268361
0.74,26,27920.314651
0.76,34,27920.375306
0.86,24,27920.419594
0.77,23,27920.460209
0.9,20,27920.495535
0.8,20,27920.531128
0.72,18,27920.56382
0.9,20,27920.599164
0.81,19,27920.632659
0.74,26,27920.678504
0.18,62,27925.785168
0.66,34,27925.855977
0.75,25,27925.907819
0.65,25,27925.952045
0.79,21,27925.989339
0.57,23,27926.030311
0.56,24,27926.07315
0.64,36,27926.136079
0.81,19,27926.170136
0.85,25,27926.214976
0.56,24,27926.257497
0.87,23,27926.29864
0.63,37,27926.364254
0.52,48,27926.448985
0.81,19,27926.482478
0.77,23,27926.523026
0.79,31,27926.579401
0.55,35,27926.641386
0.67,23,27926.682905
0.89,21,27926.720182
0.68,22,27926.760244
0.82,18,27926.793184
0.89,21,27926.840126
0.73,37,27926.91544
0.81,19,27926.957813
0.66,24,27927.01021
0.74,26,27927.067555
0.57,23,27927.117899
0.33,47,27927.220767
0.76,24,27927.273442
0.85,25,27927.328119
0.69,21,27927.374896
0.75,25,27927.428616
0.6,20,27927.463944
0.78,22,27927.502113
0.81,19,27927.535233
0.57,33,27927.592687
0.57,23,27927.632553
0.34,36,27927.695224
0.8,20,27927.730943
0.65,25,27933.165959
0.67,33,27933.242251
0.32,38,27933.325303
0.56,34,27933.400401
0.86,24,27933.452272
0.8,20,27933.49571
0.72,28,27933.557361
0.82,18,27933.59837
0.89,21,27933.65106
0.78,22,27933.705112
0.79,21,27933.753241
0.83,17,27933.791199
0.68,22,27933.839946
0.91,19,27933.881566
0.65,25,27933.936262
0.74,26,27933.993793
0.71,19,27934.035415
0.8,20,27934.079442
0.89,21,27934.12561
0.76,24,27934.178095
0.66,24,27934.230445
0.69,21,27934.277498
0.67,33,27934.349899
0.63,17,27934.388011
0.78,22,27934.434479
0.66,34,27934.50446
0.78,22,27934.553227
0.79,21,27934.599369
0.89,21,27934.645408
0.82,18,27934.685702
0.7,20,27934.729321
0.69,31,27934.797906
0.86,24,27934.85157
0.71,19,27934.894881
0.71,19,27934.937553
0.8,20,27934.982318
0.7,30,27935.048046
0.56,34,27935.122089
0.6,30,27935.18763
0.69,21,27935.234758
0.77,23,27935.285274
-0.04,54,27940.419081
0.75,25,27940.463467
0.78,22,27940.502158
0.79,21,27940.539311
0.65,25,27940.583987
0.49,31,27940.63847
0.72,18,27940.670284
0.54,26,27940.726671
0.71,19,27940.766769
0.56,34,27940.829014
0.65,25,27940.874767
0.76,24,27940.91843
0.72,18,27940.951279
0.9,20,27940.987124
0.69,21,27941.02508
0.71,19,27941.059467
0.81,19,27941.093724
0.81,19,27941.128436
0.72,18,27941.161479
0.91,19,27941.196041
0.45,35,27941.259594
0.68,22,27941.299454
0.79,21,27941.337456
0.81,29,27941.389958
0.55,35,27941.453902
0.81,19,27941.489608
0.04,76,27941.625362
0.42,28,27941.675414
0.46,44,27941.753781
0.28,52,27941.849118
0.68,22,27941.890256
0.53,37,27941.972171
0.72,18,27942.012119
0.54,26,27942.068975
0.69,31,27942.136873
0.62,18,27942.177132
0.79,21,27942.223721
0.44,46,27942.322607
0.88,22,27948.112042
0.7,20,27948.153404
0.57,23,27948.198442
0.91,19,27948.233029
0.65,25,27948.277968
0.82,18,27948.310297
0.58,32,27948.366758
0.84,26,27948.413074
0.81,19,27948.447068
0.68,32,27948.503346
0.48,42,27948.579432
0.63,37,27948.656575
0.69,31,27948.724025
0.69,21,27948.771295
0.57,33,27948.844792
0.67,23,27948.89814
0.68,22,27948.946274
0.77,23,27948.990612
0.89,21,27949.029245
0.61,29,27949.081231
0.61,39,27949.151388
0.82,18,27949.184248
0.66,24,27949.227023
0.46,24,27949.270299
0.82,18,27949.302944
0.54,26,27949.350169
0.75,25,27949.395588
0.59,31,27949.450691
0.68,32,27949.508308
0.91,19,27949.542422
0.88,22,27949.582167
0.79,21,27949.619676
0.6,30,27949.672867
0.54,36,27949.743329
0.7,30,27949.798548
0.89,21,27949.836563
0.78,22,27949.876225
0.58,22,27949.917584
0.58,22,27949.95748
0.34,46,27955.20262
0.89,21,27955.240093
0.62,28,27955.289685
0.66,24,27955.331652
0.71,19,27955.364936
0.79,21,27955.402279
0.89,21,27955.43883
0.67,33,27955.496966
0.74,26,27955.542732
0.55,45,27955.621854
0.89,21,27955.659474
0.35,25,27955.704187
0.57,33,27955.76247
0.63,27,27955.810455
0.59,31,27955.86636
0.62,28,27955.918196
0.82,18,27955.950334
0.76,24,27955.993421
0.65,25,27956.037852
0.02,58,27956.140593
0.69,21,27956.178184
0.92,18,27956.210625
0.23,37,27956.276756
0.77,23,27956.317983
0.85,25,27956.362867
0.82,18,27956.395445
0.56,24,27956.438495
0.78,22,27956.477993
0.77,23,27956.518602
0.72,18,27956.551239
0.74,36,27956.615729
0.69,21,27956.653842
0.28,42,27956.729104
0.81,19,27956.763624
0.7,20,27956.799387
0.71,19,27956.83437
0.56,34,27956.901601
0.7,20,27956.943449
0.87,23,27956.989284
0.65,25,27962.442733
0.8,20,27962.478631
0.79,21,27962.51581
0.75,25,27962.560576
0.78,22,27962.600129
0.81,19,27962.633833
0.78,22,27962.672929
0.78,22,27962.712458
0.75,25,27962.762185
0.71,19,27962.796492
0.78,22,27962.836022
0.57,33,27962.896814
0.91,19,27962.931787
0.8,20,27962.967922
0.81,19,27963.001896
0.56,24,27963.044441
0.78,22,27963.083643
0.59,31,27963.138467
0.66,24,27963.181272
0.86,24,27963.224358
0.75,25,27963.269045
0.89,21,27963.30635
0.68,22,27963.345562
0.66,24,27963.388404
0.8,20,27963.424142
0.78,22,27963.463341
0.71,19,27963.496882
0.91,19,27963.531798
0.7,20,27963.569761
0.71,19,27963.60437
0.6,30,27963.65752
0.78,22,27963.703423
0.33,47,27963.789876
0.71,19,27963.823585
0.68,22,27963.862352
0.47,23,27963.903646
0.77,23,27963.943852
0.57,23,27963.984826
0.71,19,27964.019037
0.68,22,27964.057894
0.47,33,27964.115916
0.6,20,27964.151692
0.78,22,27964.190766
0.51,29,27964.242008
0.71,19,27964.277094
0.9,20,27968.949152
0.52,28,27969.008599
0.55,35,27969.085241
0.82,18,27969.12458
0.69,21,27969.170676
0.68,22,27969.218786
0.81,19,27969.260984
0.75,25,27969.315794
0.63,27,27969.375032
0.7,20,27969.419001
0.32,48,27969.506748
0.87,23,27969.549995
0.65,25,27969.596053
0.61,29,27969.647171
0.7,20,27969.682645
0.82,18,27969.715033
0.71,29,27969.766774
0.69,21,27969.804681
0.68,32,27969.862305
0.68,22,27969.90304
0.45,25,27969.948085
0.66,24,27969.990305
0.58,32,27970.047469
0.69,21,27970.084918
0.57,23,27970.126212
0.71,19,27970.159944
0.71,19,27970.193429
0.52,18,27970.225264
0.71,19,27970.259916
0.46,34,27970.320993
0.69,21,27970.358703
0.82,18,27970.391607
0.76,24,27970.434996
0.64,26,27970.481727
0.72,18,27970.514638
0.84,26,27970.561379
0.67,23,27970.602118
0.58,42,27970.676419
0.66,34,27970.737206
0.89,21,27970.775201
0.79,21,27970.816901
0.79,21,27975.952303
0.61,29,27976.003288
0.64,26,27976.049151
0.65,25,27976.093118
0.7,20,27976.12829
0.66,24,27976.170773
0.67,23,27976.212507
0.9,20,27976.247678
0.73,37,27976.312382
0.68,22,27976.351229
0.72,28,27976.400281
0.8,20,27976.435228
0.7,20,27976.470246
0.79,21,27976.50707
0.78,22,27976.546145
0.79,21,27976.583595
0.49,41,27976.655532
0.76,24,27976.698543
0.67,43,27976.774705
0.7,20,27976.810042
0.63,37,27976.883861
0.76,24,27976.937351
0.6,30,27976.996931
0.78,22,27977.037905
0.75,25,27977.082605
0.72,18,27977.114469
0.77,23,27977.155243
0.64,26,27977.201894
0.62,28,27977.25249
0.82,18,27977.284683
0.59,21,27977.322205
0.71,19,27977.355948
0.71,19,27977.389731
0.86,24,27977.432102
0.82,18,27977.463974
0.77,23,27977.504607
0.78,22,27977.544085
0.8,20,27977.581792
0.64,36,27977.645749
0.77,23,27977.68665
0.71,19,27977.720579
0.7,30,27977.774107
0.52,28,27982.774555
0.8,20,27982.811364
0.79,21,27982.849889
0.36,24,27982.893689
-0.23,83,27983.039914
0.9,20,27983.076155
0.87,23,27983.116965
0.8,20,27983.152923
0.7,20,27983.188485
0.54,26,27983.235049
0.28,32,27983.291384
0.71,19,27983.325168
0.66,24,27983.367327
0.66,24,27983.409525
0.8,20,27983.444925
0.72,18,27983.476644
0.45,35,27983.538595
0.72,28,27983.590406
0.77,23,27983.632939
0.7,20,27983.67002
0.47,43,27983.749634
0.7,20,27983.784815
0.78,22,27983.823874
0.7,30,27983.879628
0.69,21,27983.918277
0.69,21,27983.956283
0.71,19,27983.990549
0.44,36,27984.054976
0.76,24,27984.097612
0.57,33,27984.158333
0.56,24,27984.206222
0.77,23,27984.252057
0.52,28,27984.307654
0.68,22,27984.350657
0.64,26,27984.400296
0.7,20,27984.438852
0.8,20,27984.47666
0.78,22,27984.517414
0.67,23,27984.560961
0.79,21,27984.599747
0.6,20,27990.070359
0.65,25,27990.123703
0.69,31,27990.189801
0.71,19,27990.22543
0.8,20,27990.261531
0.69,21,27990.299079
0.64,26,27990.345597
0.48,32,27990.402249
0.67,23,27990.443269
0.57,33,27990.502286
0.65,25,27990.547484
0.69,21,27990.585155
0.7,20,27990.620792
0.69,21,27990.659188
0.75,25,27990.704563
0.79,21,27990.74403
0.77,23,27990.785487
0.58,32,27990.843917
0.82,18,27990.877443
0.78,22,27990.919073
0.77,33,27990.990364
0.51,39,27991.060574
0.91,19,27991.094585
0.87,23,27991.135468
0.45,35,27991.198134
0.8,20,27991.234834
0.68,22,27991.27459
0.75,25,27991.319201
0.82,18,27991.351936
0.69,31,27991.406916
0.82,18,27991.439076
0.78,22,27991.478098
0.78,22,27991.5171
0.71,19,27991.552037
0.34,46,27991.635616
0.69,21,27991.675321
0.9,20,27991.713751
0.73,17,27991.746348
0.66,24,27991.790334
0.83,27,27991.838794
0.69,21,27991.877943
0.69,21,27991.925073
0.77,23,27997.092303
0.74,26,27997.149994
0.78,22,27997.198834
0.61,19,27997.240988
0.56,44,27997.337669
0.68,22,27997.386041
0.21,49,27997.485027
0.51,29,27997.537417
0.68,22,27997.577861
0.76,24,27997.621541
0.69,21,27997.660867
0.61,19,27997.697334
0.68,32,27997.756624
0.81,19,27997.791457
0.69,21,27997.829331
0.92,18,27997.863206
0.89,21,27997.904889
0.9,20,27997.940801
0.77,23,27997.981576
0.7,20,27998.01713
0.59,21,27998.054256
0.68,32,27998.110156
0.89,21,27998.147286
0.79,21,27998.184353
0.7,20,27998.22022
0.81,19,27998.254273
0.54,26,27998.299605
0.69,21,27998.336492
0.56,24,27998.378626
0.48,32,27998.434624
0.81,19,27998.467829
0.71,19,27998.501569
0.77,23,27998.542448
0.8,20,27998.57824
0.48,32,27998.634356
0.68,22,27998.672997
0.52,28,27998.722835
0.81,19,27998.75742
0.67,33,27998.816153
0.69,21,27998.854365
0.69,21,27998.892007
0.47,23,27998.935952
0.8,20,27998.971802
0.58,32,28004.225894
0.8,20,28004.262342
0.71,19,28004.296409
0.79,21,28004.333448
0.8,20,28004.368825
0.71,29,28004.420295
0.77,23,28004.461997
0.82,18,28004.495816
0.73,27,28004.546481
0.8,20,28004.583855
0.63,27,28004.632896
0.73,27,28004.681688
0.79,21,28004.719513
0.69,21,28004.757754
0.95,15,28004.785162
0.8,20,28004.821444
0.57,33,28004.88206
0.78,22,28004.923331
0.7,20,28004.96628
0.65,25,28005.01805
0.8,20,28005.054801
0.91,19,28005.089262
0.69,31,28005.145359
0.67,23,28005.186885
0.78,22,28005.227488
0.8,20,28005.263663
0.63,37,28005.330293
0.69,21,28005.367941
0.67,33,28005.441303
0.66,34,28005.516004
0.86,24,28005.56002
0.61,19,28005.594882
0.81,19,28005.629227
0.68,22,28005.670231
0.69,21,28005.709765
0.89,21,28005.749537
0.82,18,28005.782558
0.57,23,28005.824075
0.61,19,28005.858225
0.7,30,28005.912894
0.7,20,28005.948647
0.88,22,28005.987592
0.66,24,28006.030679
0.58,32,28010.62978
0.7,20,28010.664879
0.34,36,28010.727913
0.69,21,28010.765205
0.88,22,28010.812724
0.89,21,28010.85939
0.8,20,28010.900676
0.64,36,28010.964415
0.46,44,28011.047853
0.71,19,28011.089998
-0.06,56,28011.21256
0.7,20,28011.25731
0.91,19,28011.299164
0.81,19,28011.340586
0.9,20,28011.385019
0.57,33,28011.456301
0.6,20,28011.49242
0.7,20,28011.528069
0.79,21,28011.566645
0.56,24,28011.609907
0.62,18,28011.64206
0.67,33,28011.702549
0.57,23,28011.7464
0.91,19,28011.780982
0.69,21,28011.818414
0.86,24,28011.861852
0.74,26,28011.910381
0.68,22,28011.950439
0.3,40,28012.021462
0.88,22,28012.060446
0.46,44,28012.138078
0.81,19,28012.172038
0.77,23,28012.213932
0.6,20,28012.249901
0.8,20,28012.285507
0.66,24,28012.327952
0.81,19,28012.361438
0.71,19,28012.395248
0.69,21,28012.432218
0.8,20,28012.467791
0.32,48,28012.552577
0.54,26,28018.208496
0.61,19,28018.243448
0.78,22,28018.282574
0.85,25,28018.327549
0.65,25,28018.372622
0.55,25,28018.417047
0.81,19,28018.451417
0.66,34,28018.511296
0.32,58,28018.616839
0.71,19,28018.652606
0.59,41,28018.727501
0.85,25,28018.773027
0.78,22,28018.817654
0.73,17,28018.856176
0.69,21,28018.899944
0.89,21,28018.938349
0.15,65,28019.053903
0.48,32,28019.110736
0.4,40,28019.182218
0.88,22,28019.221215
0.76,24,28019.264249
0.9,20,28019.299946
0.71,19,28019.334192
0.38,32,28019.391685
0.91,19,28019.425866
0.48,42,28019.502772
0.66,24,28019.546317
0.64,26,28019.593222
0.81,19,28019.627856
0.65,25,28019.672699
0.91,19,28019.70785
0.76,24,28019.751551
0.8,30,28019.804841
0.7,20,28019.841099
0.79,21,28019.879163
-0.01,61,28019.987554
0.54,26,28026.211931
0.59,21,28026.250088
0.67,23,28026.291559
0.27,43,28026.366993
0.7,30,28026.420079
0.79,21,28026.457582
0.65,35,28026.51934
0.27,63,28026.63129
-0.1,60,28026.751248
0.79,21,28026.791483
0.79,21,28026.829357
0.61,19,28026.86372
0.86,24,28026.914227
0.5,40,28026.989376
0.44,36,28027.0538
0.61,29,28027.105655
0.7,20,28027.141611
0.61,19,28027.175741
0.79,21,28027.214046
0.79,21,28027.25191
0.77,23,28027.293254
0.78,22,28027.332945
0.13,47,28027.416644
0.81,19,28027.451148
0.92,18,28027.483428
0.7,20,28027.519552
0.78,22,28027.559547
0.77,23,28027.600631
0.78,22,28027.64007
0.88,22,28027.679957
0.82,18,28027.712471
0.82,18,28027.745958
0.77,23,28027.787976
0.59,21,28027.826078
0.47,33,28027.8857
0.41,49,28027.973933
0.78,22,28028.013051
0.77,23,28028.054126
0.56,34,28033.978817
0.71,19,28034.013596
0.69,21,28034.051041
0.79,21,28034.08852
0.66,24,28034.131524
0.79,21,28034.169369
0.8,20,28034.205248
0.79,21,28034.242818
0.57,33,28034.30142
0.88,22,28034.340807
0.23,57,28034.441196
0.69,21,28034.478648
0.51,29,28034.530119
0.48,32,28034.587903
-0.01,61,28034.69604
0.68,22,28034.74095
0.75,25,28034.793421
0.68,22,28034.842503
0.69,21,28034.881425
0.75,25,28034.937067
0.93,17,28034.976355
0.78,22,28035.026085
0.53,37,28035.109045
0.9,20,28035.154453
0.91,19,28035.198242
0.88,22,28035.247404
0.86,24,28035.300343
0.75,25,28035.354488
0.67,23,28035.404822
0.57,23,28035.454695
0.81,19,28035.495075
0.34,46,28035.596467
0.77,23,28035.646746
0.72,18,28035.686274
0.18,52,28035.801682
0.53,27,28035.861793
0.55,35,28035.932887
0.67,23,28035.973463
0.7,20,28041.678232
0.31,49,28041.764845
0.79,21,28041.803138
0.68,22,28041.843058
0.75,25,28041.889825
0.87,23,28041.936968
0.78,22,28041.97664
0.49,41,28042.054887
0.79,21,28042.092436
0.47,33,28042.151272
0.69,31,28042.207282
0.79,21,28042.245239
0.38,32,28042.302736
0.57,33,28042.366508
0.67,23,28042.418293
0.71,19,28042.460271
0.91,19,28042.49428
0.76,24,28042.537138
0.78,22,28042.577417
0.7,20,28042.625365
0.17,33,28042.685072
0.81,19,28042.718743
0.71,19,28042.753051
0.69,31,28042.809716
0.79,21,28042.846978
0.3,50,28042.944918
0.57,33,28043.006076
0.78,22,28043.046163
0.81,19,28043.080667
0.67,23,28043.121859
0.8,20,28043.157744
0.41,49,28043.244854
0.28,52,28043.337425
0.79,21,28043.375111
0.47,33,28043.434365
0.82,18,28043.467045
0.71,29,28043.519806
0.7,30,28049.468798
0.86,24,28049.511311
0.46,44,28049.589517
0.75,25,28049.633637
0.44,36,28049.696885
0.51,29,28049.747741
0.8,20,28049.783183
0.62,28,28049.833101
0.72,18,28049.867576
0.69,31,28049.922377
0.78,22,28049.969829
0.76,24,28050.012703
0.7,20,28050.052429
0.53,37,28050.133936
0.67,23,28050.181306
0.8,20,28050.220513
0.69,21,28050.259493
0.59,31,28050.315647
0.52,38,28050.384333
0.33,37,28050.450919
0.57,33,28050.508751
0.35,45,28050.588356
0.78,22,28050.627919
0.8,20,28050.664205
0.81,19,28050.69825
0.4,40,28050.774843
0.9,20,28050.810798
0.9,20,28050.847155
0.87,23,28050.889582
0.8,20,28050.934157
0.88,22,28050.977646
0.65,25,28051.027773
0.71,19,28051.062228
0.81,19,28051.095952
0.61,29,28051.14729
0.57,33,28051.206114
0.44,56,28051.30456
0.79,21,28056.91511
0.58,32,28056.970911
0.75,25,28057.014264
0.77,23,28057.054435
0.82,18,28057.086002
0.52,28,28057.134508
0.78,22,28057.172735
0.82,18,28057.204324
0.74,26,28057.250257
0.24,36,28057.313111
0.9,20,28057.347959
0.66,24,28057.389609
0.8,20,28057.424448
0.78,22,28057.462607
0.78,22,28057.500663
0.69,21,28057.537178
0.81,19,28057.570717
0.86,24,28057.612487
0.72,18,28057.643822
0.34,56,28057.740035
0.5,30,28057.792771
0.78,22,28057.831346
0.89,11,28057.851255
0.72,18,28057.886943
0.82,18,28057.91962
0.79,21,28057.965379
0.59,21,28058.006147
0.66,34,28058.079387
0.68,22,28058.127194
0.63,27,28058.185629
0.82,18,28058.225144
0.75,25,28058.279496
0.79,21,28058.325369
0.78,22,28058.374753
0.89,21,28058.422185
0.78,32,28058.486983
0.31,59,28058.590267
0.68,32,28058.646339
0.81,19,28058.680032
0.85,25,28058.72376
0.81,19,28058.75728
0.74,26,28058.802861
0.84,26,28063.995552
0.69,21,28064.037191
0.67,23,28064.081703
0.74,26,28064.131731
0.73,27,28064.183278
0.81,19,28064.219027
0.76,24,28064.262343
0.89,21,28064.300001
0.8,30,28064.353823
0.65,25,28064.401254
0.9,20,28064.440971
0.81,19,28064.478591
0.54,36,28064.547271
0.91,19,28064.590238
0.65,25,28064.644049
0.62,18,28064.677944
0.57,33,28064.743384
0.91,19,28064.780212
0.47,33,28064.840376
0.71,19,28064.880464
0.9,20,28064.9203
0.81,19,28064.953949
0.69,21,28064.99157
0.78,32,28065.058751
0.57,23,28065.108706
0.7,20,28065.149567
0.76,24,28065.192095
0.79,21,28065.229212
0.9,20,28065.264768
0.74,26,28065.311145
0.64,36,28065.374588
0.38,42,28065.448466
0.66,34,28065.508256
0.8,20,28065.543455
0.71,19,28065.57694
0.65,25,28065.621447
0.81,19,28065.655812
0.7,20,28065.691251
0.58,32,28065.746925
0.75,35,28065.808556
0.8,20,28065.844169
0.57,33,28070.897421
0.78,22,28070.94081
0.52,38,28071.013571
0.75,35,28071.086858
0.8,20,28071.123333
0.83,27,28071.182823
0.87,23,28071.233991
0.79,21,28071.28021
0.88,22,28071.32779
0.66,24,28071.380459
0.88,22,28071.42805
0.8,20,28071.472007
0.81,19,28071.505651
0.69,21,28071.542722
0.87,23,28071.584154
0.78,22,28071.622956
0.72,18,28071.654721
0.79,21,28071.691653
0.72,18,28071.724016
0.31,59,28071.827719
0.7,20,28071.863459
0.79,21,28071.901875
0.5,30,28071.955437
0.79,21,28071.992465
0.72,28,28072.041422
0.69,21,28072.079174
0.8,20,28072.115393
0.86,24,28072.157804
0.82,18,28072.189566
0.57,23,28072.229837
0.78,22,28072.268974
0.66,24,28072.31084
0.72,18,28072.342764
0.9,20,28072.377752
0.7,20,28072.41326
0.62,18,28072.444843
0.65,25,28072.488502
0.69,21,28072.525518
0.78,22,28072.564601
0.2,40,28072.634969
0.68,32,28072.691061
0.81,19,28072.724265
0.45,35,28077.79438
0.71,19,28077.829004
0.86,24,28077.880466
0.9,20,28077.921041
0.8,20,28077.957988
0.81,19,28077.99405
0.67,23,28078.057385
0.88,22,28078.122135
0.55,35,28078.220942
0.88,22,28078.283416
0.57,23,28078.349839
0.66,24,28078.417133
0.82,18,28078.455025
0.8,20,28078.495002
0.62,18,28078.527889
0.89,21,28078.56747
0.83,27,28078.61884
0.81,19,28078.654442
0.81,19,28078.690792
0.59,41,28078.769003
0.66,34,28078.83055
0.89,21,28078.868477
0.8,30,28078.924396
0.68,22,28078.964135
0.62,28,28079.014828
0.68,22,28079.054756
0.78,22,28079.09562
0.48,42,28079.188716
0.08,52,28079.312351
0.77,23,28079.372649
0.32,38,28079.479657
0.85,25,28079.537152
0.64,26,28079.596754
0.91,19,28079.64054
0.8,20,28079.685812
0.39,51,28079.788792
0.62,28,28079.839313
0.71,19,28079.876908
0.71,19,28079.912827
0.59,31,28079.984877
0.51,29,28085.997475
0.6,30,28086.054521
0.81,19,28086.088852
0.79,21,28086.12668
0.45,25,28086.171652
0.61,19,28086.206543
0.87,23,28086.248771
0.65,25,28086.295522
0.81,19,28086.330158
0.66,24,28086.374134
0.56,24,28086.417917
0.78,22,28086.45795
0.55,35,28086.521043
0.61,29,28086.574213
0.88,22,28086.614354
0.56,34,28086.675869
0.55,25,28086.721167
0.49,31,28086.790324
0.88,22,28086.838856
0.69,21,28086.885424
0.76,24,28086.935825
0.43,37,28087.000461
0.75,25,28087.044612
0.8,20,28087.079943
0.82,18,28087.11222
0.55,25,28087.156262
0.8,20,28087.191396
0.14,66,28087.306785
0.48,32,28087.363302
0.77,23,28087.404096
0.78,22,28087.442976
0.7,20,28087.47819
0.62,28,28087.526729
0.63,27,28087.574029
0.55,25,28087.617621
0.78,22,28087.656682
0.52,38,28087.72319
0.7,20,28087.758482
0.71,19,28087.792038
0.44,36,28093.221045
0.92,18,28093.252935
0.65,35,28093.313229
0.8,20,28093.348264
0.82,18,28093.379975
0.77,23,28093.420116
0.88,22,28093.458388
0.82,18,28093.490509
0.85,25,28093.53433
0.78,22,28093.573251
0.26,54,28093.666127
0.24,46,28093.745938
0.71,19,28093.78012
0.79,21,28093.824791
0.65,25,28093.880596
0.79,21,28093.925891
0.58,32,28093.999644
0.63,27,28094.060478
0.43,47,28094.159342
0.81,19,28094.193588
0.82,28,28094.243444
0.76,24,28094.285909
0.71,19,28094.319859
0.63,27,28094.367836
0.59,31,28094.422753
0.68,22,28094.461855
0.56,24,28094.505206
0.68,32,28094.561599
0.54,46,28094.64278
0.82,18,28094.674708
0.82,18,28094.706488
0.6,20,28094.742082
0.79,21,28094.779214
0.78,22,28094.818447
0.55,25,28094.863134
0.9,20,28094.898611
0.85,25,28094.949405
0.55,25,28094.99497
0.89,21,28095.031995
0.75,25,28095.083191
0.13,47,28100.406853
0.66,24,28100.449013
0.67,33,28100.506421
0.79,21,28100.543772
0.64,26,28100.590046
0.9,20,28100.62514
0.7,30,28100.677584
0.76,24,28100.720341
0.89,21,28100.758316
0.66,34,28100.817523
0.44,26,28100.86288
0.45,45,28100.951633
0.52,38,28101.020198
0.65,35,28101.082408
0.65,25,28101.126831
0.47,43,28101.20256
0.79,21,28101.24002
0.7,20,28101.275907
0.71,19,28101.309922
0.72,18,28101.342067
0.8,20,28101.377904
0.44,46,28101.458719
0.79,21,28101.496079
0.77,23,28101.536653
0.47,43,28101.616997
0.92,18,28101.649431
0.66,34,28101.71022
0.78,22,28101.750216
0.87,23,28101.79559
0.72,18,28101.827988
0.87,23,28101.869379
0.79,21,28101.911391
0.8,20,28101.956066
0.77,23,28102.000387
0.55,35,28102.062111
0.23,37,28102.126904
0.66,24,28102.169404
0.81,19,28107.789463
0.66,24,28107.832657
0.59,41,28107.906093
0.74,26,28107.952001
0.76,24,28107.994756
0.56,24,28108.038476
0.67,23,28108.081326
0.69,31,28108.137092
0.38,42,28108.211278
0.71,39,28108.280657
0.7,20,28108.316771
0.88,22,28108.355557
0.69,21,28108.393373
0.65,25,28108.437838
0.8,20,28108.473596
0.57,33,28108.532966
0.68,22,28108.572621
0.82,18,28108.606205
0.81,19,28108.640847
0.74,26,28108.688277
0.76,34,28108.748546
0.44,36,28108.81367
0.41,29,28108.86571
0.79,21,28108.911948
0.68,22,28108.95535
0.49,31,28109.015421
0.52,28,28109.064723
0.9,20,28109.09974
0.87,23,28109.139954
0.68,22,28109.17834
0.9,20,28109.213498
0.72,18,28109.244924
0.69,21,28109.28148
0.56,34,28109.341122
0.81,19,28109.374286
0.68,22,28109.412446
0.87,23,28109.452385
-0.16,56,28109.548335
0.71,29,28109.598963
0.77,23,28115.021299
0.73,27,28115.069256
0.61,29,28115.120818
0.18,42,28115.194731
0.68,22,28115.23403
0.81,19,28115.268412
0.7,20,28115.303672
0.68,22,28115.342206
0.7,30,28115.394714
0.78,22,28115.433187
-0.07,47,28115.514611
0.78,22,28115.553968
0.81,29,28115.605715
0.86,24,28115.648349
0.25,45,28115.727879
0.59,21,28115.773064
0.64,36,28115.852584
0.03,57,28115.963782
0.4,30,28116.016687
0.88,22,28116.055731
0.91,19,28116.089576
0.71,29,28116.14158
0.42,48,28116.226228
0.88,22,28116.266697
-0.04,64,28116.38372
0.81,19,28116.418614
0.76,24,28116.461656
0.56,44,28116.539188
0.79,21,28116.577312
0.9,20,28116.612956
0.8,20,28116.648106
0.7,30,28116.700775
0.78,22,28116.739366
0.8,20,28116.774409
0.86,24,28116.816803
0.8,20,28123.195021
0.56,24,28123.237738
0.63,27,28123.285356
0.8,20,28123.320889
0.76,24,28123.362269
0.54,26,28123.407604
0.68,22,28123.446037
0.81,19,28123.478888
0.91,19,28123.511947
0.6,30,28123.564661
0.26,44,28123.641602
0.24,56,28123.738402
1.01,9,28123.754726
0.68,22,28123.793184
0.71,19,28123.826314
0.04,56,28123.924538
0.78,22,28123.964414
0.64,36,28124.029027
0.7,20,28124.065223
0.67,23,28124.106126
0.88,22,28124.145966
0.72,18,28124.178947
0.56,34,28124.239415
0.71,19,28124.275998
0.51,49,28124.383413
0.8,20,28124.427571
0.34,36,28124.503696
0.62,28,28124.554816
0.76,24,28124.598577
0.88,22,28124.63764
0.81,19,28124.671441
0.64,26,28124.728419
0.68,22,28124.777221
0.92,18,28124.81667
0.64,26,28124.873194
0.89,21,28124.918985
0.55,25,28124.966278
0.89,21,28125.003547
0.71,29,28125.055187
0.69,21,28125.092439
0.78,22,28130.884629
0.7,20,28130.921207
0.81,19,28130.95777
0.89,21,28131.003638
0.68,22,28131.051749
0.78,22,28131.099922
0.81,19,28131.141632
0.62,28,28131.204958
0.82,18,28131.244985
0.66,24,28131.296967
0.68,22,28131.345304
0.79,21,28131.391878
0.81,19,28131.433637
0.9,20,28131.477525
0.5,30,28131.532503
0.91,19,28131.566163
0.73,17,28131.59643
0.8,20,28131.63134
0.34,46,28131.711256
0.48,52,28131.800517
0.8,20,28131.835835
0.39,31,28131.890262
0.82,18,28131.927126
0.67,23,28131.976506
0.82,18,28132.008308
0.66,24,28132.050544
0.88,22,28132.089162
0.69,21,28132.127079
0.73,27,28132.175254
0.88,22,28132.214057
0.78,22,28132.252621
0.63,37,28132.316416
0.8,20,28132.351396
0.88,22,28132.390663
0.88,22,28132.429629
0.7,20,28132.464879
0.9,20,28132.499685
0.81,19,28132.532639
0.81,19,28132.566591
0.82,18,28132.598029
0.8,20,28132.632463
0.78,22,28132.670335
0.85,25,28132.713384
0.45,35,28137.443975
0.76,24,28137.486803
0.7,20,28137.522071
0.54,26,28137.569139
0.15,65,28137.682756
0.67,23,28137.722496
0.81,19,28137.756546
0.89,21,28137.793485
0.7,40,28137.864548
0.79,21,28137.906971
0.66,24,28137.955437
0.74,26,28138.011771
0.21,49,28138.117317
0.62,38,28138.203888
0.66,24,28138.257635
0.43,47,28138.359797
0.5,40,28138.446868
-0.27,87,28138.609516
0.68,22,28138.648944
0.56,24,28138.691518
0.45,35,28138.751815
0.75,25,28138.795037
0.89,21,28138.831695
0.77,23,28138.871479
0.5,40,28138.939985
0.7,20,28138.974443
0.76,24,28139.015876
0.77,23,28139.05525
0.61,19,28139.087896
0.85,25,28139.130933
0.77,23,28139.170742
0.58,32,28139.226351
0.57,33,28139.28331
0.32,48,28146.121202
0.75,35,28146.19816
0.55,35,28146.261089
0.77,23,28146.303596
0.6,30,28146.356808
0.69,21,28146.394402
0.79,21,28146.431863
0.26,44,28146.509139
0.82,18,28146.541212
0.8,20,28146.577133
0.55,35,28146.639233
0.71,19,28146.67609
0.71,19,28146.713889
0.56,34,28146.778322
0.68,42,28146.856327
0.57,23,28146.89822
0.68,22,28146.93768
0.77,23,28146.979042
0.7,30,28147.035564
0.68,22,28147.076058
0.71,19,28147.110838
0.78,22,28147.150163
0.45,35,28147.213288
0.81,19,28147.247207
0.76,24,28147.290432
0.68,22,28147.328983
0.81,19,28147.362602
0.81,19,28147.396344
0.69,21,28147.433342
0.6,20,28147.468437
0.78,22,28147.507377
0.64,36,28147.571643
0.72,18,28147.603519
0.67,23,28147.643705
0.8,20,28147.679111
0.75,25,28147.723989
0.69,21,28147.76177
0.76,34,28147.837286
0.7,20,28147.881409
0.66,24,28147.934395
0.91,19,28147.975734
0.09,81,28153.382778
0.8,20,28153.418095
0.28,42,28153.492052
0.78,22,28153.53147
0.56,24,28153.574429
0.35,35,28153.635792
0.68,22,28153.677037
0.64,26,28153.725375
0.54,36,28153.794779
0.79,21,28153.832031
0.36,34,28153.892446
0.8,20,28153.928932
0.87,23,28153.968965
0.76,24,28154.012819
0.69,21,28154.049907
0.64,26,28154.09528
0.8,20,28154.130753
0.79,21,28154.167338
0.68,22,28154.206203
0.52,28,28154.256078
0.7,40,28154.32691
0.78,22,28154.366318
0.79,21,28154.404338
0.55,35,28154.466092
0.67,23,28154.506623
0.71,19,28154.540765
0.57,33,28154.599372
0.79,21,28154.636303
0.64,26,28154.681906
0.73,27,28154.728827
0.53,37,28154.795588
0.7,20,28154.831452
0.52,38,28154.903069
0.68,22,28154.949962
0.91,19,28154.984089
0.7,20,28155.02055
0.81,19,28155.054487
0.59,41,28160.715064
0.79,21,28160.757816
0.77,23,28160.802643
0.66,34,28160.878571
0.77,23,28160.929718
0.71,19,28160.970964
0.73,27,28161.023506
0.78,32,28161.094011
0.65,35,28161.170979
0.51,39,28161.257238
0.87,23,28161.307419
0.67,23,28161.357624
0.88,22,28161.405619
0.6,20,28161.449466
0.56,24,28161.501555
0.81,19,28161.536158
0.69,31,28161.593164
0.32,48,28161.677067
0.36,44,28161.75539
0.79,21,28161.792871
0.66,24,28161.846381
0.79,21,28161.893257
0.81,19,28161.931498
0.68,22,28161.980232
0.49,31,28162.047999
0.7,20,28162.091916
0.71,29,28162.154807
0.8,20,28162.198709
0.46,44,28162.297733
0.66,24,28162.351529
0.69,31,28162.420095
0.81,19,28162.462148
0.72,18,28162.501704
0.78,22,28162.548331
0.57,33,28162.621863
0.8,20,28162.666887
0.59,31,28162.735237
0.67,23,28162.786487
0.68,32,28162.858129
0.54,26,28168.178406
0.6,20,28168.21493
0.91,19,28168.249396
0.45,35,28168.313853
0.55,35,28168.376966
0.7,30,28168.430898
0.78,22,28168.469507
0.55,35,28168.530224
0.82,18,28168.562726
0.72,18,28168.594887
0.72,18,28168.626909
0.71,19,28168.66093
0.72,18,28168.694354
0.8,20,28168.731321
0.79,21,28168.770126
0.69,21,28168.807641
0.62,28,28168.856978
0.7,20,28168.893116
0.82,18,28168.925012
0.31,39,28168.993632
0.83,17,28169.023386
0.72,18,28169.055131
0.8,20,28169.090065
0.62,18,28169.121389
0.73,27,28169.167867
0.77,23,28169.208401
0.64,26,28169.253892
0.89,21,28169.290658
0.76,24,28169.332297
0.26,44,28169.408569
0.77,23,28169.449037
0.78,22,28169.488117
0.8,20,28169.522976
0.92,18,28169.554604
0.81,19,28169.588621
0.82,18,28169.619906
0.89,21,28169.656539
0.65,35,28169.718065
0.77,23,28169.762203
0.27,53,28169.877452
0.43,57,28169.987209
0.81,19,28175.463866
0.76,24,28175.506484
0.68,32,28175.56338
0.82,18,28175.595263
0.56,44,28175.672808
0.8,20,28175.713548
0.2,60,28175.830746
0.6,30,28175.887463
0.5,40,28175.969466
0.57,23,28176.013683
0.87,23,28176.058
0.6,30,28176.109857
0.71,19,28176.143025
0.51,29,28176.1954
0.68,32,28176.255093
0.64,26,28176.302942
0.76,24,28176.344967
0.89,21,28176.381807
0.57,23,28176.422042
0.7,20,28176.456898
0.65,25,28176.500646
0.89,21,28176.537133
0.54,36,28176.602666
0.67,33,28176.66051
0.53,27,28176.708516
0.69,21,28176.745774
0.82,18,28176.77763
0.8,20,28176.813472
0.66,34,28176.872648
0.71,19,28176.905838
0.69,21,28176.943069
0.78,22,28176.981857
0.8,20,28177.016777
0.74,26,28177.062636
0.65,35,28177.124296
0.73,27,28177.172122
0.8,20,28177.208393
0.6,20,28177.243963
0.79,21,28177.281278
0.74,26,28182.77451
0.87,23,28182.815377
0.79,21,28182.853451
0.91,19,28182.895301
0.8,20,28182.934131
0.53,47,28183.027376
0.71,19,28183.070034
0.82,18,28183.109958
0.61,29,28183.173349
0.66,24,28183.227119
0.77,33,28183.299124
0.9,20,28183.342957
0.57,33,28183.415627
0.53,37,28183.496979
0.77,23,28183.541732
0.9,20,28183.578636
0.37,43,28183.654969
0.7,20,28183.69132
0.82,18,28183.724244
0.75,35,28183.787426
0.72,18,28183.819693
0.65,35,28183.881534
0.9,20,28183.922545
0.6,30,28183.989491
0.68,32,28184.059784
0.8,30,28184.12619
0.6,30,28184.192557
0.68,22,28184.241243
0.76,24,28184.294424
0.7,20,28184.339693
0.56,24,28184.392339
0.71,19,28184.434288
0.77,23,28184.484508
0.88,22,28184.529486
0.79,21,28184.567751
0.66,24,28184.61014
0.79,21,28184.648054
0.3,40,28184.719895
0.57,33,28184.788725
0.64,26,28189.969265
0.43,37,28190.038871
0.91,19,28190.080775
0.71,19,28190.122768
0.19,51,28190.234886
0.8,20,28190.278587
0.79,21,28190.324928
0.32,48,28190.4332
0.89,21,28190.479754
0.79,21,28190.524977
-0.47,107,28190.716059
0.72,18,28190.752483
0.66,24,28190.795547
0.79,21,28190.833277
0.79,21,28190.870627
0.78,22,28190.911539
0.79,21,28190.950919
0.9,20,28190.989098
0.7,20,28191.026196
0.68,22,28191.067596
0.57,23,28191.110246
0.79,21,28191.149267
0.69,31,28191.207201
0.68,22,28191.249002
0.69,31,28191.305307
0.76,24,28191.34877
0.67,33,28191.407634
0.68,32,28191.464995
0.8,20,28191.501509
0.79,21,28191.539679
0.68,22,28191.580018
0.69,21,28191.617858
0.58,22,28191.657722
0.6,30,28191.712273
0.55,45,28191.793619
0.68,22,28191.833258
0.72,18,28191.865761
0.91,19,28198.127233
0.82,18,28198.158967
0.8,20,28198.194029
0.32,38,28198.261543
0.82,18,28198.293611
0.79,31,28198.348301
0.57,33,28198.407666
0.82,18,28198.439456
0.9,20,28198.47481
0.72,18,28198.506873
0.78,22,28198.54631
0.56,34,28198.607085
0.01,59,28198.712454
0.64,26,28198.758863
0.69,21,28198.796048
0.53,37,28198.861958
0.8,20,28198.897944
0.77,33,28198.959668
0.79,21,28198.99796
0.89,21,28199.035885
0.54,26,28199.081877
0.8,20,28199.118336
0.77,23,28199.161079
0.47,43,28199.239151
-0.11,61,28199.35142
0.89,21,28199.390302
0.59,31,28199.448109
0.82,18,28199.481302
0.69,21,28199.519718
0.71,19,28199.555852
0.57,23,28199.60023
0.8,20,28199.637503
0.89,21,28199.677742
0.71,29,28199.731098
0.5,30,28199.785828
0.57,23,28199.827094
0.6,30,28199.882866
0.45,35,28199.960692
0.79,21,28205.857311
0.79,21,28205.894459
0.9,20,28205.929614
0.69,21,28205.967425
0.76,24,28206.009808
0.77,23,28206.05083
0.91,19,28206.084389
0.72,18,28206.116555
0.8,20,28206.151713
0.72,18,28206.1834
0.8,20,28206.218858
0.54,26,28206.264827
0.61,19,28206.298386
0.81,19,28206.331898
0.65,35,28206.393862
0.69,21,28206.431433
0.89,21,28206.470129
0.46,34,28206.530768
0.8,20,28206.566961
0.69,21,28206.604788
0.69,21,28206.642219
0.81,19,28206.676302
0.58,22,28206.715648
0.9,20,28206.751007
0.69,31,28206.805306
0.8,20,28206.841134
0.71,19,28206.881234
0.81,19,28206.921726
0.65,25,28206.966038
0.75,25,28207.010794
0.8,20,28207.047083
0.81,19,28207.080984
0.7,20,28207.116593
0.67,23,28207.157188
0.82,18,28207.189891
0.3,60,28207.297743
0.23,37,28207.362659
0.79,21,28207.40018
0.71,19,28207.43398
0.81,19,28207.467903
0.82,18,28207.499726
0.4,30,28207.552913
0.72,18,28207.585632
0.72,18,28207.617909
0.45,45,28212.820791
0.72,18,28212.853523
0.79,21,28212.890954
0.77,23,28212.932791
0.8,20,28212.96985
0.67,33,28213.031949
0.74,26,28213.081813
-0.09,69,28213.207972
0.64,36,28213.272302
0.89,21,28213.31011
0.78,22,28213.349344
0.82,18,28213.381624
0.71,19,28213.415345
0.58,32,28213.471965
0.7,20,28213.507541
0.22,78,28213.645825
0.69,21,28213.683086
0.97,13,28213.707992
0.57,23,28213.758772
0.7,20,28213.803523
0.24,56,28213.92501
0.71,19,28213.966823
0.76,24,28214.019956
0.7,20,28214.064114
0.68,22,28214.112303
0.69,21,28214.158496
0.59,31,28214.227116
0.69,21,28214.273999
0.77,23,28214.325654
0.72,18,28214.36582
0.3,50,28214.48328
0.8,20,28214.528605
0.69,31,28214.586338
0.8,20,28214.62336
0.87,23,28214.665021
0.46,34,28214.727327
0.6,20,28214.763642
0.7,20,28214.799073
0.7,20,28221.319303
0.79,21,28221.357504
0.93,17,28221.388391
0.6,20,28221.424026
0.51,29,28221.47474
0.65,25,28221.519239
0.81,19,28221.553551
0.9,20,28221.590811
0.56,34,28221.650784
0.69,21,28221.688459
0.91,19,28221.727129
-0.14,74,28221.867832
0.69,21,28221.906027
0.67,23,28221.94692
0.51,39,28222.015746
0.87,23,28222.057639
0.82,18,28222.090346
0.8,20,28222.126257
0.67,23,28222.167084
0.24,36,28222.231705
0.45,45,28222.311367
0.79,21,28222.348635
0.66,34,28222.409329
0.7,30,28222.463561
0.72,18,28222.495937
0.75,25,28222.540427
-0.37,57,28222.644782
0.88,22,28222.684904
0.69,21,28222.722898
0.79,21,28222.764224
0.8,20,28222.808829
0.69,31,28222.876796
0.63,37,28222.954336
0.62,28,28223.016734
0.69,21,28223.063371
0.81,19,28223.105729
0.79,21,28223.153409
0.77,23,28223.204224
0.72,38,28229.244888
0.77,23,28229.285438
0.72,18,28229.317536
0.76,24,28229.359714
0.81,19,28229.393471
0.68,32,28229.449575
0.48,32,28229.50612
0.8,20,28229.541923
0.72,18,28229.574272
0.81,19,28229.608343
0.36,64,28229.721691
0.6,30,28229.776492
0.7,20,28229.820539
0.74,26,28229.878105
0.59,31,28229.935354
0.9,20,28229.970592
0.7,20,28230.005647
0.89,21,28230.04251
0.64,36,28230.106378
0.8,20,28230.141626
0.8,30,28230.194951
0.69,21,28230.232688
0.72,18,28230.264346
0.62,28,28230.313447
0.78,22,28230.352055
0.78,22,28230.390934
0.47,33,28230.44865
0.76,24,28230.492545
0.67,23,28230.534292
0.69,21,28230.572854
0.13,57,28230.674372
0.45,45,28230.755487
0.57,23,28230.804157
0.68,22,28230.853001
0.79,21,28230.898792
0.79,21,28230.939373
0.68,22,28230.97862
0.89,21,28231.016211
0.79,21,28231.061634
0.81,19,28231.103332
0.79,21,28236.578006
0.82,18,28236.610227
0.77,23,28236.651414
0.8,30,28236.704836
0.9,20,28236.740876
0.77,23,28236.789366
0.79,21,28236.827104
-0.04,54,28236.925214
0.98,12,28236.950938
0.91,19,28236.993145
0.55,25,28237.044128
0.49,51,28237.149234
0.67,23,28237.200124
0.71,29,28237.264956
0.81,19,28237.307303
0.67,23,28237.357761
0.69,21,28237.404487
0.58,22,28237.453261
0.66,24,28237.505697
0.8,20,28237.549099
0.9,20,28237.593502
0.79,21,28237.639463
0.45,35,28237.715999
0.33,47,28237.815492
0.72,18,28237.854984
0.68,32,28237.924278
0.81,19,28237.965824
0.89,21,28238.012019
0.88,22,28238.059845
0.79,21,28238.105732
0.77,23,28238.156575
0.67,23,28238.207742
0.32,48,28238.312899
0.54,36,28238.391451
0.56,24,28238.444492
0.88,22,28238.494216
0.81,19,28238.536189
0.69,41,28238.626131
0.63,27,28238.688287
0.75,25,28244.2719
0.91,19,28244.314314
0.17,63,28244.448028
0.7,20,28244.487864
0.64,36,28244.557914
0.8,20,28244.595381
0.5,30,28244.64759
0.42,48,28244.73183
0.79,21,28244.768538
0.79,21,28244.815163
0.62,38,28244.89346
0.71,19,28244.934891
0.58,32,28245.003463
0.56,24,28245.056058
0.82,18,28245.095683
0.6,20,28245.139923
0.86,24,28245.192656
0.81,19,28245.235049
0.88,22,28245.283992
0.08,52,28245.396718
0.79,21,28245.442443
0.78,22,28245.490601
0.74,26,28245.545551
0.9,20,28245.590171
0.53,27,28245.64988
0.59,21,28245.697668
0.47,53,28245.809059
0.45,45,28245.905277
0.76,24,28245.948383
0.78,22,28245.987617
0.7,30,28246.042023
0.78,22,28246.08194
0.78,22,28246.126302
0.66,24,28246.172259
0.8,20,28246.210257
0.8,20,28246.254559
0.57,23,28246.307682
0.71,19,28246.350421
0.78,22,28252.443106
0.79,21,28252.482317
0.87,23,28252.524163
0.8,20,28252.562364
0.66,34,28252.626547
0.42,38,28252.697739
0.78,22,28252.737566
0.8,20,28252.775321
0.79,21,28252.822067
0.67,23,28252.872543
0.79,21,28252.918894
0.9,20,28252.962581
0.47,43,28253.057159
0.65,25,28253.111753
0.87,23,28253.162308
0.62,28,28253.224828
0.71,19,28253.267159
0.49,41,28253.356728
0.81,19,28253.399032
0.89,21,28253.446432
0.46,34,28253.522829
0.88,22,28253.566333
0.82,18,28253.599777
0.68,22,28253.640209
0.64,26,28253.689085
0.7,20,28253.735616
0.94,16,28253.772793
0.24,46,28253.856774
0.45,55,28253.971132
0.7,20,28254.016506
0.81,19,28254.059373
0.69,21,28254.106595
0.72,18,28254.147207
0.8,20,28254.1922
0.91,19,28254.234664
0.7,20,28254.279545
0.49,41,28254.370585
0.72,18,28254.410867
0.68,32,28254.482196
0.77,23,28254.533233
0.77,23,28259.999245
0.76,24,28260.04312
0.7,20,28260.079556
0.59,21,28260.117282
0.79,21,28260.156093
0.61,19,28260.191221
0.71,19,28260.229269
0.82,18,28260.263436
0.78,22,28260.304403
0.54,36,28260.372262
0.81,19,28260.408507
0.69,21,28260.447359
0.7,20,28260.484145
0.67,23,28260.52563
0.8,20,28260.562507
0.8,20,28260.598901
0.89,21,28260.637389
0.9,20,28260.674258
0.72,18,28260.707252
0.67,23,28260.749552
-0.02,62,28260.860835
0.88,22,28260.908119
0.65,25,28260.961164
0.23,47,28261.051984
0.87,23,28261.092811
0.69,21,28261.13
0.78,22,28261.168828
0.73,17,28261.199162
0.59,21,28261.237419
0.91,19,28261.272114
0.71,19,28261.306059
0.79,21,28261.343878
0.72,18,28261.376224
0.89,21,28261.414129
0.63,27,28261.462486
0.68,22,28261.50144
0.7,20,28261.536704
0.9,20,28261.572985
0.47,33,28261.631103
0.55,25,28261.674929
0.58,42,28261.763145
0.79,21,28261.803157
0.79,21,28261.841738
0.58,22,28267.027883
0.43,27,28267.076047
0.91,19,28267.109773
0.73,17,28267.140475
0.62,18,28267.172945
0.69,21,28267.211044
0.46,24,28267.253742
0.91,19,28267.287619
0.82,18,28267.32029
0.68,22,28267.359092
0.59,21,28267.396449
0.58,32,28267.452408
0.48,32,28267.508168
0.68,22,28267.547608
0.35,45,28267.626986
0.67,23,28267.667746
0.36,34,28267.728184
0.15,45,28267.810281
0.7,20,28267.84686
0.59,31,28267.905973
0.71,19,28267.948409
0.73,27,28268.007599
0.71,19,28268.052299
0.5,30,28268.12361
0.8,20,28268.170834
0.76,24,28268.226991
0.82,18,28268.267431
0.8,20,28268.312493
0.79,21,28268.358977
0.79,21,28268.40597
0.49,31,28268.474149
0.7,20,28268.518383
0.55,25,28268.572897
0.78,22,28268.623375
0.91,19,28268.666035
0.7,20,28268.710353
0.89,21,28268.754855
0.74,26,28268.801423
0.56,24,28268.84461
0.26,54,28268.942208
0.58,22,28268.981245
0.8,20,28269.01605
0.51,29,28274.28391
0.64,26,28274.330531
0.74,26,28274.376749
0.76,24,28274.420427
0.92,18,28274.452852
0.76,24,28274.495874
0.78,22,28274.535679
0.69,21,28274.57408
0.76,24,28274.616646
0.88,22,28274.65682
0.72,18,28274.68951
0.78,22,28274.728506
0.53,27,28274.776224
0.69,21,28274.81364
0.59,31,28274.868183
0.92,18,28274.900764
0.56,34,28274.961176
0.9,20,28274.997128
0.72,28,28275.046438
0.81,19,28275.080226
0.75,25,28275.123924
0.8,20,28275.159238
0.86,24,28275.202831
0.58,32,28275.260002
0.87,23,28275.300748
0.74,26,28275.346437
0.81,19,28275.380335
0.8,20,28275.415707
0.81,19,28275.449493
0.71,29,28275.501189
0.8,20,28275.537038
0.78,22,28275.577742
-0.04,74,28275.717385
0.7,20,28275.759591
0.65,25,28275.814964
0.6,20,28275.858763
0.82,18,28275.898513
0.67,23,28275.94678
0.67,23,28275.997586
0.9,20,28276.041815
0.88,22,28276.090538
0.68,22,28276.138929
0.82,18,28281.227379
0.61,19,28281.26173
0.89,21,28281.29971
0.7,30,28281.353562
0.74,26,28281.400795
0.78,22,28281.440713
0.81,19,28281.475579
0.89,21,28281.513241
0.88,22,28281.552478
0.71,19,28281.587695
0.79,21,28281.625564
0.73,27,28281.6761
0.81,19,28281.713339
0.66,24,28281.756436
0.66,24,28281.799715
0.88,22,28281.839531
0.79,21,28281.877004
0.72,18,28281.909265
0.8,20,28281.94961
0.72,18,28281.989972
0.8,20,28282.034611
0.67,23,28282.085443
0.71,19,28282.127325
0.7,20,28282.172139
0.76,24,28282.226083
0.71,29,28282.291702
0.61,19,28282.325872
0.71,19,28282.359977
0.92,18,28282.392814
0.71,19,28282.427184
0.39,31,28282.482726
0.75,25,28282.527035
0.35,35,28282.593343
0.43,27,28282.6435
0.82,18,28282.67866
0.65,25,28282.726394
0.79,21,28282.764522
0.54,26,28282.811206
0.72,18,28282.843543
0.9,20,28282.879029
0.6,30,28282.93216
0.81,19,28282.965509
0.58,32,28283.02157
0.51,39,28283.088881
0.71,19,28283.122054
0.81,19,28287.640939
0.81,19,28287.674734
0.72,18,28287.712724
0.53,37,28287.78263
0.78,22,28287.821632
0.78,32,28287.882362
0.92,18,28287.918672
0.62,18,28287.950864
0.79,21,28287.987707
0.69,31,28288.052186
0.71,19,28288.094004
0.78,22,28288.142634
0.84,26,28288.201185
0.09,51,28288.315804
0.68,32,28288.387127
0.81,19,28288.429133
0.75,35,28288.505984
0.72,18,28288.546304
0.78,22,28288.586117
0.8,20,28288.622701
0.8,20,28288.664757
0.67,23,28288.718904
0.68,22,28288.759822
0.52,48,28288.843275
0.81,19,28288.876439
0.77,23,28288.921136
0.7,20,28288.959634
0.44,36,28289.026175
0.71,19,28289.067622
0.46,24,28289.119499
0.66,24,28289.171665
0.81,19,28289.213605
0.12,58,28289.339593
0.71,19,28289.381277
0.61,19,28289.422901
0.8,20,28289.466282
0.69,21,28289.512365
0.79,21,28289.55738
0.76,24,28289.600961
0.78,22,28289.639976
0.77,23,28289.683027
0.79,21,28295.13661
0.62,18,28295.176425
0.77,23,28295.227603
0.71,19,28295.270064
0.68,32,28295.340891
0.71,19,28295.382967
0.58,22,28295.432177
0.7,20,28295.476444
0.77,23,28295.526147
0.69,21,28295.568235
0.7,30,28295.621168
0.88,22,28295.660499
0.82,18,28295.692981
0.4,40,28295.77047
0.7,20,28295.807538
0.66,24,28295.850224
0.8,20,28295.888585
0.68,22,28295.937222
0.79,21,28295.982805
0.65,25,28296.036823
0.81,19,28296.077942
0.69,21,28296.123602
0.86,24,28296.175909
0.78,22,28296.224621
0.8,20,28296.268508
0.69,21,28296.314822
0.69,21,28296.36123
0.7,20,28296.407281
0.32,38,28296.491331
0.66,24,28296.544947
0.8,20,28296.582403
0.79,21,28296.619382
0.81,19,28296.653043
0.91,19,28296.686588
0.78,22,28296.726567
0.88,22,28296.766587
0.48,32,28296.823674
0.78,22,28296.863265
0.69,21,28296.901662
0.48,42,28296.979349
0.82,18,28297.01124
0.7,20,28297.047211
0.89,21,28297.084141
0.71,19,28297.117571
0.67,23,28297.157893
0.82,28,28301.869294
0.91,19,28301.904069
0.77,23,28301.945689
0.76,24,28301.989435
0.51,49,28302.092741
0.89,21,28302.134879
0.88,22,28302.178867
0.68,32,28302.239306
0.48,42,28302.313294
0.55,25,28302.358088
0.7,20,28302.394328
0.82,18,28302.426792
0.79,21,28302.464088
0.55,25,28302.508597
0.81,19,28302.543436
0.78,22,28302.584168
0.8,20,28302.620567
0.46,34,28302.681957
0.76,24,28302.727057
0.69,21,28302.766363
0.57,23,28302.807556
0.35,55,28302.90472
0.57,23,28302.947035
0.58,32,28303.004764
0.59,31,28303.059975
0.53,47,28303.143761
0.81,19,28303.177923
0.44,46,28303.259551
0.59,31,28303.315206
0.87,23,28303.356779
0.5,30,28303.410114
0.59,21,28303.448206
0.72,18,28303.480375
0.89,21,28303.517941
0.81,19,28303.552312
0.9,20,28303.587951
0.35,45,28303.667382
0.76,24,28309.683594
0.69,21,28309.728889
0.71,19,28309.7634
0.42,28,28309.813598
0.79,21,28309.855777
0.79,21,28309.900373
0.79,21,28309.938188
0.81,19,28309.972006
0.65,25,28310.02272
0.67,23,28310.06375
0.9,20,28310.099734
0.64,26,28310.146979
0.89,21,28310.184954
0.81,19,28310.219189
0.57,43,28310.296584
0.68,32,28310.358821
0.79,21,28310.401278
0.78,22,28310.443959
0.7,20,28310.48432
0.48,42,28310.562324
0.69,21,28310.600248
0.64,26,28310.651195
0.59,31,28310.721138
0.71,19,28310.767832
0.69,21,28310.813856
0.76,34,28310.890379
0.66,34,28310.972274
0.72,18,28311.007709
0.68,22,28311.058763
0.01,59,28311.188338
0.71,19,28311.233229
0.66,24,28311.286292
0.69,21,28311.333493
0.25,55,28311.454744
0.03,67,28311.602719
0.89,21,28311.649865
0.08,62,28318.247202
0.79,21,28318.284164
0.8,20,28318.319223
0.71,29,28318.369898
0.59,31,28318.424911
0.8,20,28318.460302
0.78,22,28318.499181
0.71,29,28318.550686
0.81,19,28318.584941
0.81,19,28318.618696
0.5,30,28318.675251
0.8,20,28318.720606
0.7,20,28318.765575
0.78,22,28318.813991
0.75,25,28318.869762
0.69,21,28318.915795
0.6,30,28318.979456
0.77,23,28319.029337
0.8,20,28319.07358
0.88,22,28319.121513
0.81,19,28319.162948
0.77,23,28319.213971
0.7,20,28319.258721
0.7,30,28319.32425
0.8,20,28319.368027
0.71,29,28319.432193
0.78,22,28319.481367
0.81,19,28319.523623
0.31,49,28319.618715
0.78,32,28319.686264
0.81,19,28319.728684
0.84,26,28319.788164
0.66,24,28319.841837
0.61,19,28319.882514
0.9,20,28319.919369
0.75,25,28319.964236
0.9,20,28320.004465
0.8,20,28320.049154
0.78,22,28320.098469
0.6,40,28320.189274
0.69,21,28320.237091
0.78,22,28320.286367
0.69,21,28320.333354
0.81,19,28325.210865
0.61,19,28325.24519
0.78,22,28325.28491
0.79,21,28325.322422
0.81,19,28325.356599
0.9,20,28325.393112
0.85,25,28325.438022
0.8,20,28325.474026
0.78,22,28325.513489
0.91,19,28325.548024
0.91,19,28325.582503
0.66,34,28325.64631
0.33,47,28325.743583
0.7,20,28325.782891
0.67,23,28325.826628
0.7,20,28325.870807
0.8,20,28325.911419
0.83,17,28325.941332
0.83,17,28325.971342
0.69,21,28326.008378
0.79,21,28326.045903
0.68,22,28326.084424
0.56,24,28326.12624
0.13,77,28326.261022
0.78,22,28326.300166
0.9,20,28326.335476
0.69,21,28326.372501
0.81,19,28326.40679
0.89,21,28326.443943
0.82,18,28326.476167
0.72,18,28326.508099
0.43,27,28326.556002
0.8,20,28326.592484
0.69,21,28326.629836
0.59,21,28326.667207
0.89,21,28326.704629
0.85,25,28326.749033
0.67,33,28326.807642
0.78,22,28326.846538
0.61,29,28326.899621
0.65,25,28326.951456
0.88,22,28326.995493
0.81,19,28327.028608
0.49,31,28332.193745
0.67,23,28332.244452
0.81,19,28332.286474
0.55,55,28332.406621
0.88,22,28332.455576
0.89,21,28332.502245
0.66,34,28332.574459
0.66,34,28332.634525
0.9,20,28332.669628
0.7,20,28332.705161
0.68,32,28332.761269
0.79,21,28332.798662
0.81,19,28332.832852
0.78,22,28332.873509
0.35,55,28332.984494
0.69,21,28333.03087
0.67,23,28333.081317
0.63,37,28333.165189
0.78,22,28333.216841
0.82,18,28333.256913
0.87,23,28333.306848
0.82,18,28333.346343
0.61,29,28333.409918
0.9,20,28333.454391
0.37,63,28333.587394
0.57,33,28333.646215
0.77,23,28333.687267
0.72,18,28333.719909
0.81,19,28333.754121
0.79,21,28333.792086
0.55,35,28333.854138
0.71,19,28333.888194
0.79,21,28333.926864
0.79,21,28333.963516
0.8,20,28333.99844
0.69,21,28334.035413
0.68,22,28334.074395
0.81,19,28334.107985
0.72,28,28334.156759
0.88,22,28334.194921
0.78,22,28340.014338
0.77,23,28340.058113
0.68,22,28340.098351
0.5,30,28340.154036
0.88,22,28340.193447
0.91,19,28340.227808
0.6,30,28340.281287
0.82,18,28340.313748
0.85,25,28340.358068
0.77,23,28340.398951
0.85,25,28340.443239
0.59,41,28340.516027
0.7,20,28340.552901
0.72,18,28340.585742
0.52,28,28340.636858
0.23,67,28340.75757
0.67,33,28340.816848
0.76,24,28340.860864
0.7,20,28340.89826
0.74,26,28340.94574
0.58,32,28341.016308
0.59,31,28341.085866
0.78,22,28341.134494
0.89,21,28341.179608
0.71,19,28341.221718
0.37,53,28341.338193
0.68,22,28341.386578
0.32,38,28341.468795
-0.04,84,28341.637356
0.7,20,28341.673345
0.43,47,28341.757113
0.51,49,28341.845211
0.7,20,28341.881008
0.69,21,28341.918557
0.66,34,28348.820662
0.8,20,28348.856025
0.79,21,28348.893547
0.72,18,28348.927622
0.69,21,28348.965527
0.57,23,28349.006346
0.72,18,28349.038268
0.67,23,28349.07898
0.69,21,28349.116091
0.9,20,28349.151199
0.78,22,28349.189931
0.72,18,28349.222568
0.81,19,28349.256523
0.81,19,28349.290449
0.79,21,28349.327674
0.67,23,28349.368229
0.71,29,28349.418833
0.71,19,28349.452756
0.78,22,28349.491971
0.57,33,28349.550613
0.8,20,28349.586815
0.71,19,28349.621128
0.83,17,28349.651553
0.78,22,28349.691379
0.82,18,28349.723628
0.88,22,28349.763347
0.9,20,28349.798978
0.52,28,28349.852483
0.54,46,28349.94456
0.5,30,28350.012234
0.8,20,28350.057094
0.89,21,28350.102948
0.7,20,28350.146538
0.53,37,28350.227676
0.66,24,28350.28018
0.81,19,28350.321996
0.81,19,28350.363723
0.91,19,28350.405972
0.82,28,28350.467635
0.71,19,28350.509995
0.39,51,28350.611394
0.8,20,28350.649467
0.52,38,28350.733214
0.91,19,28350.776042
0.47,23,28355.631766
0.74,26,28355.677356
0.72,38,28355.74395
0.5,30,28355.796687
0.81,19,28355.831642
0.62,18,28355.865777
0.69,21,28355.908052
0.79,21,28355.945717
0.81,19,28355.980356
0.53,27,28356.028739
0.78,22,28356.067765
0.54,36,28356.131491
0.71,19,28356.16537
0.61,19,28356.199062
0.7,20,28356.234432
0.69,21,28356.2722
0.7,20,28356.308326
0.88,22,28356.348268
0.77,23,28356.389536
0.91,19,28356.424409
0.56,34,28356.484809
0.61,19,28356.518946
0.61,19,28356.553459
0.8,20,28356.589775
0.67,23,28356.631307
0.8,20,28356.668222
0.8,20,28356.704795
0.79,21,28356.742287
0.66,24,28356.7911
0.62,38,28356.874628
0.57,23,28356.926048
0.79,21,28356.965173
0.59,31,28357.020329
0.71,19,28357.05402
0.77,23,28357.094654
0.67,33,28357.153919
0.76,24,28357.19656
0.14,46,28357.278719
0.69,21,28357.316134
0.91,19,28357.349852
0.78,22,28357.388884
0.81,19,28357.423518
0.75,25,28362.280053
0.73,27,28362.327756
0.8,20,28362.36306
0.69,21,28362.400272
0.69,21,28362.437526
0.58,22,28362.476264
0.87,23,28362.51707
0.81,19,28362.551546
0.41,49,28362.638376
0.7,20,28362.673961
0.6,20,28362.709904
0.78,22,28362.748915
0.87,23,28362.789838
0.7,20,28362.824661
0.75,25,28362.86835
0.45,35,28362.92941
0.81,19,28362.963902
0.75,25,28363.00748
0.7,20,28363.042983
0.92,18,28363.074362
0.71,19,28363.107733
0.7,20,28363.142723
0.55,25,28363.186051
0.86,24,28363.228463
0.57,33,28363.286196
0.75,25,28363.330139
0.69,21,28363.366663
0.81,19,28363.400249
0.91,19,28363.433811
0.8,20,28363.468545
0.87,23,28363.508619
0.77,23,28363.549125
0.78,22,28363.590211
0.7,20,28363.626125
0.81,19,28363.660487
0.71,19,28363.693914
0.81,19,28363.727344
0.82,18,28363.759795
0.89,21,28363.798823
0.77,23,28363.840307
0.81,19,28363.874574
0.79,21,28363.91365
0.71,19,28363.956152
0.56,24,28364.008834
0.8,30,28364.074013
0.58,42,28368.815909
0.65,25,28368.860503
0.71,19,28368.894483
0.76,24,28368.936784
0.77,23,28368.978054
0.57,33,28369.038217
0.46,34,28369.098229
0.79,21,28369.135401
0.81,19,28369.169267
0.71,19,28369.203556
0.76,24,28369.246308
0.24,66,28369.362991
0.5,30,28369.416979
0.71,19,28369.452036
0.69,21,28369.491048
0.81,19,28369.526127
0.81,19,28369.560927
0.71,19,28369.595265
0.81,19,28369.628882
0.7,20,28369.664898
0.9,20,28369.709577
0.69,21,28369.757806
0.6,30,28369.825168
0.56,44,28369.922478
0.67,23,28369.971559
0.8,20,28370.016181
0.88,22,28370.065753
0.8,20,28370.109842
0.77,23,28370.160284
0.69,21,28370.206252
0.64,26,28370.262863
0.71,19,28370.304719
0.91,19,28370.345828
0.31,69,28370.494428
0.9,20,28370.53842
0.8,20,28370.582665
0.78,22,28370.622392
0.6,40,28370.693787
0.36,44,28370.778207
-0.04,64,28376.81649
0.8,20,28376.853319
0.62,18,28376.885636
0.41,49,28376.975492
0.75,25,28377.021571
0.77,23,28377.062655
0.83,17,28377.093122
0.8,20,28377.129018
0.89,21,28377.166598
0.79,21,28377.205305
0.8,20,28377.24181
0.91,19,28377.276111
0.61,19,28377.309769
0.78,22,28377.349275
0.68,22,28377.389774
0.68,22,28377.428769
0.64,46,28377.509961
0.68,22,28377.549801
0.64,26,28377.597182
0.69,21,28377.634669
0.69,21,28377.672245
0.66,24,28377.715363
0.61,39,28377.785778
0.55,45,28377.867135
0.68,22,28377.907193
0.72,28,28377.958246
0.82,18,28377.990658
0.87,23,28378.03169
0.68,32,28378.088472
0.51,29,28378.140151
0.86,24,28378.182257
0.53,27,28378.23015
0.7,20,28378.266032
0.81,29,28378.317652
0.49,31,28378.3726
0.7,20,28378.408126
0.4,30,28378.461082
0.62,28,28378.510217
0.9,20,28378.54606
0.46,34,28384.136816
0.78,22,28384.175463
0.9,20,28384.210569
0.86,24,28384.256716
0.78,22,28384.295239
0.74,26,28384.344371
0.49,61,28384.449805
0.76,34,28384.509417
0.68,22,28384.548464
0.89,21,28384.586084
0.79,21,28384.623045
0.69,31,28384.676695
0.48,42,28384.75006
0.54,26,28384.79678
0.87,13,28384.820125
0.72,28,28384.86998
0.72,18,28384.903001
0.78,22,28384.941756
0.78,22,28384.983815
0.75,25,28385.028484
0.77,23,28385.070543
0.9,20,28385.106215
0.81,19,28385.139662
0.9,20,28385.175212
0.7,20,28385.211437
0.83,17,28385.241893
0.91,19,28385.276407
0.68,32,28385.337913
0.8,20,28385.377343
0.71,19,28385.411555
0.69,31,28385.465642
0.79,21,28385.503633
0.8,20,28385.539037
0.67,23,28385.580726
0.71,19,28385.614476
0.68,32,28385.670652
0.74,26,28385.716478
0.36,44,28385.794749
0.7,20,28385.83025
0.92,18,28385.862854
0.52,38,28391.307476
0.79,21,28391.344706
0.68,22,28391.383122
0.66,24,28391.425296
0.72,28,28391.474045
0.65,25,28391.517561
0.62,18,28391.549618
0.63,37,28391.614301
0.69,21,28391.65061
0.64,26,28391.695796
0.67,23,28391.736239
0.7,20,28391.771947
0.67,23,28391.811726
0.71,19,28391.844726
0.54,26,28391.890155
0.59,41,28391.962401
0.8,20,28391.997576
0.5,40,28392.068567
0.63,47,28392.151254
0.87,23,28392.191128
0.68,22,28392.230277
0.59,31,28392.284528
0.91,19,28392.318314
0.79,21,28392.355108
0.63,27,28392.40242
0.7,30,28392.454453
0.79,21,28392.490924
0.91,19,28392.52386
0.79,21,28392.560616
0.57,33,28392.61813
0.6,20,28392.653075
0.3,30,28392.705024
0.6,20,28392.739908
0.79,21,28392.777936
0.82,18,28392.818073
0.89,21,28392.865186
0.8,20,28392.907912
0.92,18,28392.94808
0.81,19,28392.989631
0.7,20,28393.03362
0.61,29,28393.098254
0.41,69,28398.347515
0.87,23,28398.391161
0.78,22,28398.432397
0.58,22,28398.472604
0.78,22,28398.512192
0.68,32,28398.570967
0.8,20,28398.608169
0.64,26,28398.655686
0.69,21,28398.693795
0.66,24,28398.739467
0.6,20,28398.781823
0.59,31,28398.852187
0.69,21,28398.898873
0.45,25,28398.947148
0.7,20,28398.983819
0.89,21,28399.02216
0.81,19,28399.056886
0.71,19,28399.092705
0.56,24,28399.136264
0.56,34,28399.197335
0.89,21,28399.235509
0.67,33,28399.29485
0.8,20,28399.331037
0.78,22,28399.370543
0.47,33,28399.429672
0.86,24,28399.472779
0.8,20,28399.508498
0.8,20,28399.54492
0.64,26,28399.592754
0.67,23,28399.633918
-0.28,78,28399.771857
0.91,19,28399.813579
0.91,19,28399.856169
0.37,33,28399.919554
0.78,22,28399.95921
0.69,21,28399.996549
0.82,18,28400.032864
0.82,18,28400.072807
0.49,31,28400.142619
0.81,19,28400.184368
0.71,19,28400.227102
0.86,24,28405.529249
0.82,18,28405.562063
0.7,20,28405.598045
0.8,20,28405.639042
0.66,24,28405.688654
0.38,62,28405.801226
0.73,37,28405.876459
0.79,21,28405.917279
0.78,22,28405.960419
0.72,18,28406.000478
0.78,22,28406.048992
0.92,18,28406.088986
0.79,31,28406.156639
0.89,21,28406.203609
0.81,19,28406.246455
0.26,44,28406.345485
0.9,20,28406.391646
0.77,23,28406.443679
0.69,21,28406.490208
0.61,19,28406.532639
0.79,21,28406.580927
0.78,22,28406.622715
0.88,22,28406.662302
0.76,24,28406.705565
0.42,48,28406.807829
0.74,26,28406.86601
0.31,29,28406.927729
0.78,22,28406.967171
0.87,23,28407.016212
0.47,33,28407.089568
0.89,11,28407.115234
0.68,22,28407.164748
0.72,18,28407.205445
0.8,20,28407.251928
0.81,19,28407.296154
0.9,20,28407.34254
0.78,22,28407.391905
0.28,42,28407.484813
0.77,23,28407.536274
0.64,36,28407.613159
0.89,21,28407.651956
0.71,19,28413.299873
0.81,29,28413.352107
0.72,18,28413.385458
0.7,20,28413.421782
0.8,20,28413.457989
0.29,51,28413.550608
0.36,44,28413.629541
0.54,36,28413.695789
0.6,30,28413.75089
0.72,18,28413.783946
0.66,24,28413.826867
0.91,19,28413.861692
0.7,20,28413.899749
0.68,22,28413.94908
0.68,22,28413.998709
0.7,20,28414.043571
0.67,23,28414.094923
0.59,31,28414.163489
0.8,20,28414.208584
0.61,19,28414.251737
0.9,20,28414.296419
0.68,22,28414.345547
0.69,21,28414.392321
0.47,33,28414.465325
0.8,20,28414.509609
0.54,26,28414.567179
0.75,35,28414.64316
0.79,21,28414.690325
0.81,19,28414.732168
0.78,22,28414.772558
0.72,18,28414.805357
0.77,23,28414.847369
0.37,53,28414.948741
0.48,22,28414.998023
0.8,20,28415.043421
0.13,57,28415.170743
0.89,21,28415.218003
0.71,19,28415.254788
0.8,20,28415.290351
0.69,21,28415.328228
0.71,19,28420.993288
0.91,19,28421.02684
0.71,19,28421.060828
0.8,20,28421.095934
0.77,23,28421.136443
0.78,22,28421.175495
0.87,23,28421.216573
0.5,30,28421.269551
0.88,22,28421.309223
0.8,20,28421.344407
0.51,29,28421.396169
0.8,20,28421.431477
0.72,18,28421.462838
0.7,20,28421.499544
0.7,20,28421.535507
0.8,20,28421.573407
0.8,20,28421.608704
0.79,21,28421.645913
0.83,27,28421.69363
0.65,25,28421.737187
0.76,24,28421.779399
0.7,20,28421.82149
0.89,21,28421.867272
0.65,25,28421.916462
0.78,22,28421.961248
0.69,21,28422.006685
0.78,22,28422.047819
0.72,18,28422.079179
0.81,19,28422.11238
0.56,44,28422.199232
0.71,19,28422.240756
0.8,20,28422.284473
0.77,23,28422.334539
0.59,31,28422.401912
0.59,21,28422.448281
0.8,20,28422.491725
0.89,21,28422.537839
0.7,20,28422.582668
0.71,19,28422.619668
0.81,19,28422.653759
0.58,32,28422.710247
0.78,22,28422.749111
0.58,32,28422.805083
0.71,19,28422.839025
0.76,34,28422.898872
0.81,19,28427.398323
0.9,20,28427.433795
0.81,19,28427.468266
0.79,21,28427.505837
0.87,23,28427.546921
0.91,19,28427.580578
0.79,21,28427.617248
0.53,47,28427.700405
0.79,21,28427.74221
0.24,46,28427.84297
0.79,21,28427.889128
0.78,22,28427.937277
0.68,22,28427.985322
0.72,18,28428.025029
0.58,32,28428.094748
0.82,18,28428.133897
0.61,19,28428.175643
0.78,32,28428.245994
0.75,25,28428.300774
0.9,20,28428.344324
0.81,19,28428.386152
0.8,20,28428.429785
0.55,25,28428.484132
0.62,18,28428.523362
0.8,20,28428.567865
0.59,21,28428.611472
0.79,21,28428.648997
-0.13,63,28428.761098
0.61,19,28428.795499
0.62,18,28428.828705
0.71,19,28428.863926
0.58,32,28428.924058
0.71,19,28428.957544
0.64,26,28429.003589
0.72,18,28429.035368
0.1,50,28429.121583
0.92,18,28429.153442
0.8,20,28429.189202
0.82,18,28429.221213
0.5,30,28429.273281
0.71,29,28429.32407
0.79,21,28429.360699
0.71,29,28434.971452
0.8,20,28435.00632
0.51,29,28435.05731
0.67,23,28435.097838
0.71,19,28435.130951
0.76,24,28435.17287
0.81,19,28435.207172
0.59,21,28435.246486
0.49,31,28435.302137
0.55,35,28435.36355
0.82,18,28435.395468
0.61,29,28435.44595
0.6,30,28435.497691
0.43,27,28435.545606
0.78,22,28435.585176
0.71,19,28435.618475
0.8,20,28435.65357
0.71,19,28435.687106
0.7,20,28435.722676
0.8,20,28435.758117
0.77,23,28435.798424
0.66,24,28435.840209
0.49,31,28435.894033
0.82,18,28435.925661
0.92,18,28435.95752
0.72,18,28435.989649
0.71,19,28436.023347
0.57,33,28436.081644
0.7,20,28436.116986
0.74,26,28436.162171
0.61,19,28436.195306
0.49,31,28436.250535
0.68,22,28436.290075
0.61,19,28436.323817
0.71,19,28436.357336
0.41,29,28436.408448
0.78,22,28436.447748
0.67,23,28436.48782
0.52,28,28436.536647
0.68,22,28436.576933
0.69,21,28436.6143
0.61,19,28436.64852
0.78,22,28436.690287
0.87,23,28436.734057
0.71,19,28441.470798
0.79,21,28441.507943
0.41,39,28441.578342
0.88,22,28441.617841
0.65,25,28441.668639
0.4,60,28441.80213
0.73,17,28441.839855
0.87,23,28441.890387
0.55,45,28441.982085
0.67,33,28442.044243
0.8,20,28442.08081
0.89,21,28442.11939
0.72,18,28442.153846
0.78,22,28442.197695
0.66,24,28442.245617
0.78,22,28442.289121
0.87,23,28442.333821
0.79,21,28442.374803
0.78,22,28442.41701
0.61,19,28442.451999
0.7,20,28442.487788
0.7,20,28442.523229
0.71,19,28442.558196
0.79,21,28442.596606
0.68,22,28442.635853
0.81,19,28442.669244
0.83,17,28442.700346
0.69,21,28442.738316
0.81,19,28442.773217
0.68,22,28442.813001
0.75,25,28442.858439
0.79,21,28442.900134
0.59,21,28442.947866
0.79,21,28442.995328
0.06,54,28443.090826
0.83,17,28443.121288
0.6,20,28443.156593
0.72,18,28443.188588
0.81,19,28443.22309
0.8,20,28443.259061
0.9,20,28443.294497
0.71,19,28443.328437
0.8,20,28443.363657
0.68,22,28448.664839
0.69,21,28448.702597
0.9,20,28448.745632
0.78,22,28448.784436
0.76,24,28448.825798
-0.12,62,28448.932882
0.77,33,28448.994563
0.88,22,28449.033189
0.47,43,28449.107899
0.79,21,28449.147099
0.78,22,28449.186474
0.75,25,28449.231143
0.9,20,28449.267426
0.75,25,28449.312129
0.68,22,28449.351344
0.56,24,28449.393559
0.72,18,28449.425231
0.79,21,28449.461981
0.81,19,28449.495385
0.67,23,28449.536058
0.88,22,28449.574926
0.76,24,28449.617033
0.34,36,28449.679874
0.8,20,28449.715746
0.74,26,28449.761869
0.65,25,28449.80863
0.89,21,28449.855828
0.89,21,28449.901492
0.27,43,28449.985197
0.46,34,28450.0604
0.82,18,28450.100059
0.71,19,28450.141611
0.59,31,28450.20982
0.45,25,28450.264979
0.21,69,28450.416333
0.79,21,28450.462822
0.51,29,28450.526065
0.85,25,28450.581281
0.79,21,28450.623577
0.13,57,28456.500868
0.8,20,28456.536176
0.86,24,28456.579338
0.78,22,28456.617981
0.8,20,28456.654427
0.71,19,28456.689421
0.62,28,28456.741374
0.07,43,28456.816507
0.39,31,28456.871594
0.82,18,28456.9038
0.49,31,28456.957288
0.78,22,28456.996048
0.69,21,28457.032933
0.38,52,28457.123944
0.5,30,28457.176345
0.71,19,28457.21015
0.89,21,28457.247407
0.58,42,28457.321809
0.53,37,28457.386214
0.79,21,28457.423062
0.69,21,28457.459735
0.8,20,28457.49476
0.7,20,28457.529914
0.65,25,28457.574217
0.78,22,28457.61265
0.8,20,28457.647561
0.65,25,28457.69128
0.67,33,28457.749337
0.67,33,28457.806704
0.67,23,28457.847024
0.8,20,28457.882414
0.81,19,28457.916095
0.78,22,28457.956176
0.66,24,28458.001306
0.82,18,28458.040625
0.77,23,28458.090853
0.74,26,28458.147249
0.78,22,28458.194963
0.79,21,28458.24074
0.47,33,28463.8982
0.91,19,28463.936649
0.64,26,28463.994949
0.75,25,28464.04185
0.7,20,28464.077731
0.94,16,28464.106606
0.66,24,28464.149463
0.9,20,28464.185484
0.66,24,28464.227868
0.7,30,28464.280676
0.9,20,28464.316604
0.49,41,28464.38883
0.82,18,28464.420968
0.12,48,28464.505384
0.88,12,28464.526907
0.78,22,28464.56626
0.88,22,28464.605684
0.8,20,28464.641005
0.8,20,28464.6835
0.59,31,28464.748224
0.59,31,28464.817477
0.69,21,28464.864717
0.92,18,28464.904174
0.87,23,28464.954083
0.7,20,28464.992406
0.67,33,28465.052314
0.75,25,28465.097888
0.8,20,28465.13875
0.75,25,28465.188026
0.39,51,28465.287182
0.78,22,28465.337998
0.8,20,28465.383692
0.91,19,28465.426795
0.53,37,28465.508069
0.4,50,28465.617669
0.86,24,28465.667133
0.86,24,28465.721119
0.9,20,28465.765174
0.54,26,28465.822932
0.8,30,28465.889235
0.71,19,28471.633742
0.76,24,28471.675674
0.79,21,28471.712658
0.79,21,28471.751555
0.67,23,28471.792614
0.8,20,28471.828087
0.77,33,28471.88909
0.54,26,28471.944488
0.38,62,28472.05266
0.81,19,28472.087234
0.78,22,28472.126686
0.46,34,28472.186092
0.75,25,28472.230597
0.65,25,28472.274818
0.89,21,28472.312318
0.64,26,28472.3578
0.52,28,28472.407458
0.79,21,28472.444258
0.8,20,28472.479647
0.66,34,28472.53948
0.67,23,28472.581388
0.81,19,28472.615304
0.57,23,28472.655926
0.71,19,28472.689451
0.12,58,28472.791738
0.58,32,28472.849474
0.75,25,28472.893995
0.37,53,28472.9898
0.83,17,28473.020112
0.68,32,28473.07637
0.8,20,28473.112295
0.71,19,28473.146541
0.69,21,28473.184175
0.59,31,28473.240133
0.9,20,28473.275849
0.57,33,28473.335776
0.18,42,28473.414566
0.76,24,28479.33485
0.9,20,28479.370825
0.78,32,28479.427535
0.59,31,28479.481659
0.79,21,28479.518615
0.91,19,28479.552724
0.64,26,28479.599113
0.79,21,28479.641599
0.67,23,28479.682734
0.55,25,28479.727207
0.51,39,28479.79638
0.71,19,28479.834348
0.9,20,28479.869808
0.37,53,28479.976073
0.7,20,28480.0117
0.59,41,28480.083396
0.79,21,28480.120461
0.76,24,28480.162743
0.33,57,28480.263188
0.66,34,28480.323054
0.88,22,28480.3622
0.29,61,28480.468735
0.75,25,28480.512594
0.82,18,28480.54467
0.69,21,28480.582193
0.79,21,28480.619172
0.8,20,28480.663336
0.88,22,28480.71186
0.9,20,28480.755974
0.45,45,28480.854819
0.72,28,28480.917044
0.68,32,28480.987564
0.87,23,28481.036376
0.79,21,28481.074003
0.81,19,28481.107802
0.7,20,28481.143276
0.71,19,28481.176837
0.72,18,28481.209605
0.25,35,28487.170913
0.78,22,28487.209918
0.92,18,28487.241927
0.72,18,28487.273374
0.89,21,28487.309595
0.65,25,28487.354437
0.67,33,28487.431555
0.79,21,28487.481918
0.81,19,28487.520205
0.71,19,28487.558683
0.63,37,28487.632135
0.79,21,28487.67644
0.9,20,28487.72161
0.7,20,28487.761527
0.73,27,28487.809789
0.88,22,28487.84905
0.78,22,28487.891974
0.54,26,28487.946552
0.66,34,28488.02007
0.77,23,28488.069901
0.8,20,28488.113552
0.81,19,28488.155088
0.67,33,28488.22167
0.75,35,28488.296791
0.78,22,28488.345101
0.72,18,28488.38442
0.86,24,28488.436502
0.8,20,28488.480469
0.68,22,28488.52854
0.71,19,28488.570385
0.69,21,28488.616026
0.77,23,28488.657803
0.68,22,28488.70536
0.88,22,28488.754161
0.74,26,28488.810258
0.79,21,28488.856344
0.81,19,28488.898116
0.68,22,28488.937347
0.76,24,28488.979329
0.46,44,28489.056468
0.92,18,28489.088464
0.44,36,28489.151386
0.8,20,28489.187251
0.87,23,28494.354152
0.81,29,28494.405753
0.51,29,28494.457606
0.81,19,28494.49156
0.65,25,28494.535869
0.72,18,28494.568234
0.4,30,28494.621593
0.77,23,28494.662405
0.59,31,28494.717095
0.69,31,28494.784191
0.82,18,28494.824321
0.7,20,28494.869263
0.9,20,28494.913157
0.77,23,28494.963279
0.61,29,28495.025967
0.78,22,28495.074584
0.8,20,28495.116905
0.71,19,28495.151368
0.71,29,28495.20258
0.72,18,28495.23468
0.8,20,28495.269839
0.69,21,28495.307062
0.82,18,28495.339099
0.89,21,28495.376584
0.82,18,28495.409298
0.7,20,28495.446118
0.69,21,28495.485135
0.71,19,28495.519542
0.7,20,28495.556117
0.1,40,28495.62681
0.82,28,28495.67665
0.5,40,28495.754182
0.78,22,28495.796847
0.78,22,28495.836998
0.91,19,28495.871519
0.6,30,28495.937892
0.68,22,28495.986259
0.64,26,28496.039912
0.79,21,28496.077248
0.65,25,28496.121588
0.81,19,28496.155285
0.8,20,28496.190861
0.46,34,28496.250762
0.76,34,28501.158369
0.68,22,28501.207172
0.56,44,28501.303692
0.79,21,28501.349439
0.54,46,28501.450443
0.87,23,28501.501408
0.77,23,28501.551509
0.8,20,28501.595829
0.77,23,28501.642576
0.81,19,28501.67703
0.9,20,28501.712918
0.69,21,28501.751025
0.71,19,28501.78447
0.68,22,28501.823406
0.98,12,28501.845207
0.71,19,28501.879689
0.79,21,28501.923179
0.45,45,28502.012417
0.28,42,28502.096509
0.27,43,28502.177133
0.91,19,28502.212824
0.59,21,28502.249927
0.45,35,28502.311497
0.58,42,28502.385987
0.89,21,28502.423275
0.8,20,28502.459123
0.81,29,28502.510378
0.81,19,28502.54468
0.23,37,28502.610656
0.9,20,28502.646405
0.77,23,28502.687482
0.34,46,28502.76884
0.71,19,28502.802415
0.92,18,28502.834923
0.68,22,28502.874299
0.72,18,28502.906991
0.71,29,28502.960776
0.69,31,28503.02916
0.84,26,28503.085706
0.38,42,28509.260844
0.79,31,28509.325024
0.79,21,28509.371334
0.68,32,28509.441614
0.79,21,28509.488665
0.71,29,28509.553169
0.68,32,28509.623946
0.9,20,28509.661792
0.89,21,28509.70018
0.91,19,28509.734938
0.9,20,28509.773573
0.8,20,28509.809443
0.72,18,28509.842125
0.81,29,28509.894189
0.67,33,28509.966291
0.69,21,28510.011952
0.67,33,28510.084139
0.49,51,28510.194114
0.66,34,28510.268331
0.7,20,28510.311779
0.81,19,28510.353382
0.79,21,28510.399347
0.67,23,28510.449442
0.71,19,28510.490808
0.6,30,28510.556333
0.74,26,28510.612943
0.56,34,28510.675668
0.58,42,28510.751032
0.69,21,28510.787491
0.78,22,28510.825679
0.9,20,28510.860869
0.69,21,28510.897852
0.78,22,28510.937831
0.8,20,28510.973507
0.7,20,28511.014254
0.86,24,28511.066945
0.7,20,28511.109251
0.79,21,28511.145839
0.88,22,28511.183759
0.87,23,28511.224036
0.79,31,28516.476042
0.71,19,28516.509511
0.81,19,28516.543342
0.65,25,28516.588426
0.71,19,28516.62214
0.8,20,28516.657671
0.69,21,28516.69499
0.8,20,28516.730231
0.74,26,28516.776173
0.82,18,28516.808739
0.79,21,28516.846797
0.8,20,28516.882684
0.89,21,28516.919208
0.71,29,28516.969897
0.38,42,28517.042117
0.48,32,28517.097655
0.71,19,28517.13082
0.9,20,28517.165769
0.77,23,28517.205888
0.8,20,28517.241012
0.71,19,28517.273929
0.79,21,28517.310379
0.54,36,28517.372876
0.8,20,28517.408384
0.81,19,28517.442499
0.02,78,28517.591205
0.91,19,28517.627405
0.9,20,28517.665888
0.82,18,28517.700287
0.79,21,28517.737672
0.9,20,28517.773261
0.4,40,28517.843842
0.89,21,28517.880699
0.57,33,28517.938349
0.9,20,28517.973053
0.77,23,28518.013192
0.52,38,28518.079203
0.76,24,28518.120403
0.61,29,28518.170327
0.78,22,28518.20876
0.92,18,28518.240221
0.54,36,28524.025652
0.8,30,28524.090475
0.05,65,28524.232403
0.79,21,28524.278137
0.44,26,28524.335502
0.26,54,28524.453736
0.79,21,28524.500378
0.25,45,28524.598179
0.77,23,28524.646688
0.79,21,28524.690596
0.92,18,28524.730049
0.79,21,28524.776798
0.69,21,28524.822677
0.8,20,28524.866891
0.56,44,28524.963591
0.82,18,28525.003278
0.85,25,28525.057909
0.54,26,28525.114435
0.71,19,28525.155939
0.71,19,28525.197557
0.57,23,28525.247878
0.88,22,28525.295579
0.82,18,28525.334674
0.8,20,28525.378581
0.82,18,28525.418297
0.71,19,28525.460405
0.81,19,28525.502262
0.82,18,28525.543718
0.68,22,28525.593409
0.87,23,28525.642823
0.59,41,28525.72089
0.81,19,28525.763551
0.9,20,28525.801128
0.51,39,28525.870572
0.8,20,28525.906914
0.8,20,28525.942997
0.79,21,28525.981313
0.9,20,28526.017262
0.81,19,28526.059709
0.65,25,28526.11537
0.75,25,28532.251659
0.71,19,28532.292757
0.72,18,28532.332081
0.81,19,28532.373852
0.81,19,28532.415678
0.82,18,28532.454919
0.6,20,28532.498467
0.43,27,28532.558199
0.87,23,28532.608444
0.8,20,28532.65048
0.92,18,28532.682614
0.77,33,28532.741806
0.54,26,28532.788113
0.7,20,28532.823985
0.44,36,28532.887387
0.74,36,28532.952553
0.79,21,28532.991174
0.62,18,28533.031117
0.8,30,28533.098039
0.71,19,28533.139439
0.68,22,28533.18693
0.66,34,28533.260966
0.85,25,28533.315781
0.91,19,28533.357043
0.88,22,28533.405023
0.77,23,28533.456821
0.72,18,28533.497052
0.77,23,28533.548393
0.8,30,28533.61786
0.8,20,28533.661676
0.79,21,28533.70101
0.8,20,28533.737902
0.78,22,28533.777429
0.77,23,28533.818345
0.79,21,28533.855746
0.58,32,28533.913567
0.67,23,28533.954537
0.19,51,28534.045619
0.7,20,28534.081073
0.9,20,28534.11658
0.61,49,28534.2022
0.71,19,28534.23594
0.54,46,28539.877474
0.71,19,28539.912898
0.6,20,28539.948898
0.63,27,28539.996716
0.26,64,28540.110639
0.74,26,28540.157289
0.46,44,28540.237598
0.66,24,28540.281589
0.89,21,28540.319225
0.55,25,28540.363253
0.73,27,28540.411192
0.88,22,28540.450124
0.91,19,28540.483853
0.83,17,28540.514102
0.37,43,28540.591038
0.72,28,28540.640316
0.67,23,28540.681164
0.7,20,28540.717745
0.78,22,28540.75883
0.79,21,28540.796651
0.83,17,28540.826612
0.58,32,28540.887141
0.68,22,28540.935791
0.79,21,28540.973606
0.45,25,28541.019908
0.69,21,28541.057297
0.44,46,28541.13877
0.46,54,28541.234952
0.81,19,28541.268783
0.71,19,28541.302632
0.73,17,28541.333294
0.6,30,28541.386554
0.81,19,28541.420593
0.82,18,28541.452654
0.29,51,28541.544225
0.71,19,28541.581425
0.51,49,28541.669173
0.86,24,28547.974242
0.92,18,28548.015027
0.8,20,28548.059739
0.28,52,28548.154415
0.04,66,28548.272686
0.71,19,28548.306669
0.82,18,28548.338817
0.57,33,28548.397781
0.9,20,28548.433335
0.8,30,28548.486594
0.83,27,28548.534604
0.69,21,28548.573398
0.91,19,28548.611929
0.68,22,28548.659205
0.6,30,28548.712891
0.66,34,28548.777094
0.83,17,28548.807477
0.19,61,28548.914645
0.85,25,28548.959957
0.65,35,28549.029515
0.89,21,28549.078925
0.74,26,28549.130037
0.47,43,28549.206374
0.55,45,28549.286907
0.6,30,28549.341394
-0.15,65,28549.455948
0.79,21,28549.493054
0.73,27,28549.541786
0.91,19,28549.577015
0.65,25,28549.623345
0.8,20,28549.658638
0.61,19,28549.692581
0.75,25,28549.737026
0.95,15,28549.763806
0.69,21,28549.800874
0.89,11,28549.820715
0.71,19,28556.15108
0.51,29,28556.2155
0.8,20,28556.259632
0.89,21,28556.302685
0.83,17,28556.333573
0.29,41,28556.405373
0.43,37,28556.470687
0.76,24,28556.513078
0.62,18,28556.545188
0.81,19,28556.579641
0.79,21,28556.616731
0.65,25,28556.660926
0.63,27,28556.709255
0.79,31,28556.764045
0.79,21,28556.800987
0.91,19,28556.834463
0.83,17,28556.864647
0.94,16,28556.893068
0.8,20,28556.928144
0.71,19,28556.962153
0.88,22,28557.00135
0.9,20,28557.036946
0.89,21,28557.074125
0.79,21,28557.111443
0.3,70,28557.234143
0.62,18,28557.266144
0.4,50,28557.352902
0.74,26,28557.398762
0.25,55,28557.494986
0.8,20,28557.530325
0.66,24,28557.573505
0.8,20,28557.608778
0.58,32,28557.667088
0.61,19,28557.701978
0.73,17,28557.732435
0.88,22,28557.772017
0.49,51,28557.861396
0.41,39,28557.930049
0.69,21,28564.132209
0.83,17,28564.162408
0.38,42,28564.23648
0.62,18,28564.268906
0.7,20,28564.304449
0.71,19,28564.338758
0.22,48,28564.431752
0.88,22,28564.480388
0.77,33,28564.552673
0.59,31,28564.621305
0.69,21,28564.665875
0.42,38,28564.73433
0.89,21,28564.772423
0.7,20,28564.808264
0.38,32,28564.865413
0.87,23,28564.90673
0.67,33,28564.965549
0.82,18,28564.997689
0.81,19,28565.032426
0.76,24,28565.07543
0.74,26,28565.122567
0.81,19,28565.15706
0.68,22,28565.197491
0.69,21,28565.236444
0.79,21,28565.274146
0.76,24,28565.316775
0.79,21,28565.3544
0.93,17,28565.385197
0.79,21,28565.428189
0.89,21,28565.471551
0.8,20,28565.507754
0.89,21,28565.546011
0.68,22,28565.592665
0.6,20,28565.637806
0.83,17,28565.67586
0.83,17,28565.709217
0.9,20,28565.74705
0.55,35,28565.819927
0.67,33,28565.892911
0.69,21,28565.932255
0.82,18,28565.972159
0.14,46,28566.06453
0.69,21,28571.390353
0.8,20,28571.426687
0.56,34,28571.486234
0.79,21,28571.523713
0.71,19,28571.55838
0.6,40,28571.6299
0.67,33,28571.687946
0.68,22,28571.727371
0.69,21,28571.769484
0.58,22,28571.820617
0.69,21,28571.87054
0.61,29,28571.933095
0.55,35,28572.004794
0.68,22,28572.056094
0.69,21,28572.103986
0.62,18,28572.144234
0.69,21,28572.191206
0.68,32,28572.263329
0.6,20,28572.30725
0.8,20,28572.351203
0.7,20,28572.39766
0.88,22,28572.451172
0.52,28,28572.517898
0.8,20,28572.566563
0.59,31,28572.636258
0.69,31,28572.697237
0.75,25,28572.742032
0.73,17,28572.779627
0.26,44,28572.877866
0.72,18,28572.91856
0.72,18,28572.958009
-0.13,63,28573.099271
0.78,22,28573.148316
0.8,20,28573.192811
0.66,24,28573.247237
0.59,21,28573.294308
0.73,27,28573.353557
0.78,22,28573.402746
0.88,22,28573.451477
0.71,19,28573.493642
0.73,27,28573.553827
0.87,23,28579.26682
0.69,21,28579.304533
0.67,23,28579.345408
0.71,19,28579.379376
0.36,54,28579.474517
0.78,22,28579.513617
0.79,21,28579.551107
0.59,21,28579.588753
0.6,30,28579.642297
0.76,34,28579.703101
0.37,43,28579.787522
0.79,21,28579.825424
0.29,41,28579.8994
0.68,32,28579.966716
0.79,21,28580.005351
0.59,31,28580.060979
0.79,21,28580.098645
0.35,45,28580.17968
0.69,31,28580.235357
0.79,21,28580.272841
0.59,31,28580.327684
0.54,26,28580.373448
0.9,20,28580.409294
0.9,20,28580.444564
0.89,21,28580.481821
0.62,18,28580.514023
0.71,19,28580.548015
0.72,18,28580.580666
0.66,24,28580.622882
0.58,22,28580.66179
0.89,21,28580.699267
0.71,29,28580.750991
0.71,19,28580.784514
0.71,19,28580.818327
0.79,21,28580.856304
0.21,29,28580.907255
0.9,20,28580.945703
0.27,53,28581.061989
0.79,21,28581.10796
0.48,32,28586.876225
0.86,24,28586.919382
0.78,22,28586.95853
0.68,32,28587.015702
0.67,23,28587.056706
0.76,24,28587.099613
0.42,48,28587.18502
0.5,30,28587.238711
0.88,22,28587.278403
0.78,22,28587.31781
0.78,22,28587.356768
0.85,15,28587.383721
0.74,26,28587.429849
0.55,45,28587.51022
0.9,20,28587.546297
0.82,28,28587.596591
0.7,20,28587.632687
0.56,24,28587.675296
0.73,37,28587.746143
0.79,21,28587.784729
0.78,22,28587.824897
0.8,20,28587.861447
0.66,24,28587.904714
0.75,25,28587.948821
0.81,19,28587.982712
0.81,19,28588.016471
-0.09,79,28588.154133
0.78,22,28588.193257
0.57,23,28588.234102
0.59,41,28588.306533
0.32,38,28588.373487
0.88,22,28588.412296
0.49,31,28588.46617
0.77,23,28588.506376
0.68,22,28588.545719
0.61,19,28588.580609
0.89,21,28588.617669
0.69,21,28588.65463
0.44,36,28594.757821
0.89,21,28594.79589
0.8,20,28594.832354
0.61,19,28594.866454
0.82,18,28594.898595
0.82,18,28594.9313
0.45,45,28595.031088
0.71,19,28595.073623
0.78,22,28595.122505
0.14,56,28595.248038
0.82,18,28595.289064
0.84,16,28595.32507
0.53,37,28595.406023
0.82,18,28595.445579
0.6,30,28595.511001
0.61,19,28595.5536
0.7,20,28595.597925
0.78,22,28595.646794
0.81,19,28595.685586
0.79,21,28595.72629
0.69,21,28595.767919
0.7,20,28595.803921
0.81,19,28595.837513
0.7,20,28595.873792
0.79,21,28595.912218
0.78,22,28595.952546
0.26,44,28596.031667
0.72,18,28596.064205
0.79,21,28596.102187
0.79,21,28596.140216
0.89,21,28596.177918
0.7,20,28596.214266
0.77,23,28596.256951
0.92,18,28596.289134
0.79,21,28596.326837
0.53,37,28596.391418
0.75,25,28596.435529
0.67,23,28596.47625
0.82,18,28596.507783
0.81,19,28596.541522
0.78,22,28596.581561
0.71,19,28596.615786
0.89,21,28596.653877
0.79,21,28596.691553
0.66,24,28601.995044
0.8,20,28602.031389
0.9,20,28602.067591
0.77,23,28602.108769
0.7,20,28602.145069
0.6,20,28602.181195
0.7,20,28602.217833
0.81,19,28602.252694
0.65,25,28602.297631
0.9,20,28602.333696
0.61,29,28602.385512
0.72,18,28602.417931
0.79,31,28602.472885
0.81,19,28602.507366
0.8,20,28602.544027
0.9,20,28602.580424
0.58,32,28602.637404
0.71,19,28602.671821
0.91,19,28602.706107
0.77,23,28602.747907
0.9,20,28602.784116
0.81,19,28602.818171
0.81,29,28602.869986
0.82,18,28602.907237
0.81,19,28602.949442
0.68,32,28603.007107
0.77,23,28603.057195
0.71,19,28603.099907
0.68,32,28603.169722
0.31,39,28603.255728
0.76,24,28603.309637
0.68,22,28603.358356
0.87,23,28603.409263
0.63,27,28603.468385
0.79,21,28603.514576
-0.0,70,28603.667413
0.7,20,28603.707466
0.72,18,28603.747676
0.71,19,28603.7828
0.62,18,28603.816765
0.82,18,28603.850519
0.68,22,28603.889865
0.81,19,28603.92828
0.68,22,28609.108352
0.57,33,28609.166262
0.65,25,28609.210547
0.7,20,28609.246186
0.59,21,28609.283608
0.61,29,28609.343961
0.87,23,28609.395641
0.9,20,28609.439916
0.67,23,28609.490452
0.81,19,28609.532337
0.8,20,28609.576749
0.75,25,28609.631302
0.75,25,28609.68416
0.81,19,28609.718537
0.58,32,28609.778275
0.77,23,28609.820054
0.49,31,28609.87596
0.8,20,28609.912055
0.78,22,28609.951715
0.61,19,28609.985534
0.87,23,28610.036183
0.65,25,28610.091892
0.81,19,28610.134136
0.69,21,28610.180257
0.81,19,28610.223289
0.56,24,28610.276495
0.57,33,28610.351207
0.58,22,28610.400561
0.42,28,28610.461294
0.81,19,28610.503113
0.53,37,28610.584621
0.9,20,28610.62874
0.83,17,28610.667064
0.72,18,28610.700907
0.88,22,28610.740882
0.61,19,28610.775175
0.71,19,28610.809228
0.66,24,28610.852951
0.87,23,28610.898292
0.64,36,28610.97866
0.72,18,28611.018751
0.66,24,28611.071712
0.88,22,28611.120399
0.72,18,28611.160219
0.83,17,28615.921788
0.8,20,28615.96585
0.75,25,28616.022466
0.7,20,28616.067767
0.69,21,28616.115856
0.77,23,28616.167942
0.81,19,28616.212178
0.58,32,28616.283294
0.71,19,28616.32589
0.49,41,28616.416508
0.69,21,28616.463259
0.88,22,28616.511976
0.82,18,28616.552098
0.79,21,28616.598978
0.72,18,28616.639605
0.79,21,28616.684903
0.8,20,28616.724981
0.8,20,28616.763921
0.54,36,28616.829109
0.69,31,28616.885732
0.88,22,28616.932214
0.6,20,28616.976793
0.7,20,28617.021101
0.4,40,28617.109133
0.8,20,28617.153491
0.8,20,28617.198271
0.8,20,28617.243764
0.64,26,28617.301461
0.73,27,28617.361574
0.5,30,28617.427992
0.81,19,28617.470119
0.8,20,28617.514391
0.9,20,28617.559877
0.54,36,28617.639871
0.78,32,28617.704093
0.58,32,28617.765896
0.53,27,28617.826553
0.22,48,28617.931984
0.76,24,28617.975112
0.77,23,28618.019741
0.69,21,28618.066376
0.64,26,28618.12394
0.78,22,28623.483332
0.69,21,28623.520974
0.81,19,28623.55593
0.8,20,28623.592081
0.89,21,28623.630596
0.79,31,28623.686045
0.7,20,28623.72241
0.71,19,28623.756969
0.7,30,28623.810065
0.67,33,28623.868806
0.49,31,28623.926023
0.89,21,28623.964684
0.76,24,28624.016017
0.74,26,28624.073902
0.71,19,28624.115921
0.58,32,28624.186687
0.56,44,28624.284082
0.82,18,28624.324686
0.68,22,28624.373987
0.81,19,28624.416186
0.39,41,28624.507279
0.92,18,28624.548293
0.72,18,28624.589333
0.8,20,28624.633885
0.88,22,28624.681885
0.87,23,28624.724469
0.59,31,28624.78188
0.79,21,28624.820267
0.38,42,28624.89711
0.68,22,28624.94274
0.77,23,28624.994431
0.6,30,28625.061174
0.71,19,28625.10342
0.8,20,28625.147777
0.55,35,28625.225676
0.8,20,28625.271146
0.83,17,28625.309355
0.78,22,28625.35826
0.79,21,28625.405469
0.82,18,28625.445732
0.71,19,28625.488372
0.86,24,28625.541321
0.68,22,28630.816932
0.38,42,28630.917675
0.83,17,28630.950741
0.72,18,28630.984463
0.79,21,28631.022599
0.59,21,28631.060549
0.8,20,28631.096516
0.56,34,28631.160471
0.67,23,28631.20445
0.7,20,28631.244675
0.33,47,28631.337777
0.71,19,28631.376159
0.79,21,28631.415514
0.9,20,28631.451199
0.8,20,28631.487391
0.79,21,28631.524575
0.7,20,28631.560482
0.76,24,28631.6032
0.77,23,28631.643721
0.66,24,28631.68637
0.81,19,28631.724512
0.4,40,28631.804342
0.77,23,28631.849313
0.78,22,28631.889092
0.78,22,28631.933944
0.8,20,28631.971747
0.81,19,28632.005502
0.78,22,28632.044686
0.59,21,28632.081995
0.61,19,28632.115969
0.85,25,28632.159915
0.85,25,28632.20501
0.69,21,28632.24292
0.7,20,28632.279119
0.93,17,28632.313205
0.79,21,28632.363719
0.7,20,28632.408417
0.66,24,28632.460953
0.69,21,28632.507074
0.79,21,28632.55411
0.52,48,28632.659721
0.47,43,28632.740772
0.8,20,28632.777539
0.71,19,28637.945122
0.79,21,28637.984824
0.69,21,28638.024474
0.8,20,28638.060896
0.75,25,28638.10663
0.69,21,28638.14548
0.78,22,28638.186177
0.69,21,28638.224684
0.79,21,28638.263114
0.78,22,28638.308797
0.89,21,28638.35693
0.77,23,28638.408815
0.83,17,28638.447326
0.81,19,28638.489903
0.65,35,28638.568884
0.82,18,28638.609319
0.39,41,28638.697898
0.81,19,28638.733768
0.8,20,28638.770451
0.8,20,28638.806845
0.87,23,28638.84907
0.81,19,28638.884066
0.14,56,28638.994039
0.64,26,28639.041185
0.76,34,28639.102333
0.58,22,28639.142689
0.76,24,28639.186136
0.8,20,28639.222576
0.81,19,28639.257805
0.76,24,28639.301464
0.7,20,28639.338738
0.53,37,28639.407344
0.81,19,28639.442343
0.8,20,28639.479508
0.77,23,28639.52093
0.86,24,28639.565122
0.77,23,28639.60775
0.9,20,28639.643815
0.72,28,28639.694084
0.7,20,28639.730965
0.8,20,28639.771515
0.78,22,28639.81177
0.88,22,28639.851579
0.79,21,28644.942354
0.78,22,28644.982784
0.81,19,28645.017002
0.81,19,28645.053279
0.79,21,28645.096072
0.79,21,28645.133447
0.9,20,28645.169362
0.8,20,28645.206137
0.84,26,28645.25419
0.72,18,28645.286692
0.79,21,28645.324281
0.81,19,28645.359872
0.3,40,28645.442502
0.78,22,28645.489764
0.71,19,28645.530962
0.61,19,28645.574148
0.77,23,28645.625448
0.68,22,28645.675195
0.7,30,28645.732742
0.43,47,28645.834
0.81,19,28645.876402
0.72,18,28645.912067
0.8,20,28645.948005
0.75,25,28645.993227
0.72,18,28646.025621
0.69,31,28646.08016
0.55,35,28646.142549
0.61,29,28646.194602
0.61,29,28646.24698
0.8,20,28646.282943
0.6,30,28646.337038
0.79,21,28646.382481
0.68,22,28646.431154
0.68,22,28646.479784
0.79,21,28646.526108
0.78,22,28646.575244
0.42,28,28646.636463
0.9,20,28646.680638
0.65,25,28646.728522
0.3,30,28646.782282
0.89,21,28646.819897
0.69,21,28646.858037
0.89,21,28646.9017
0.67,33,28651.825015
0.8,20,28651.860224
0.69,41,28651.931757
0.69,21,28651.968782
0.83,17,28651.999199
0.55,35,28652.060536
0.57,33,28652.119462
0.69,21,28652.157711
0.71,19,28652.192087
0.85,25,28652.23752
0.37,53,28652.331491
0.71,19,28652.364921
0.77,33,28652.422455
0.8,20,28652.457914
0.8,20,28652.493302
0.1,90,28652.650704
0.46,34,28652.711259
0.72,28,28652.760421
0.55,25,28652.804227
0.79,21,28652.841168
0.68,32,28652.904312
0.81,19,28652.944077
0.83,17,28652.975152
0.82,18,28653.008249
0.8,20,28653.043729
0.58,32,28653.099818
0.88,22,28653.138808
0.7,20,28653.174206
0.6,30,28653.227566
0.85,25,28653.271968
0.28,42,28653.345747
0.71,19,28653.379323
0.76,24,28653.421356
0.91,19,28653.454735
0.79,21,28653.492499
0.65,25,28653.536549
0.61,29,28653.587168
0.78,22,28653.625975
0.9,20,28659.908621
0.65,35,28659.972476
0.88,22,28660.012729
0.72,18,28660.046113
0.66,34,28660.105769
0.59,21,28660.14326
0.64,26,28660.189744
0.82,18,28660.222242
0.9,20,28660.257986
0.46,34,28660.318389
0.29,41,28660.390288
0.33,47,28660.472835
0.71,29,28660.524267
0.8,20,28660.560002
0.7,20,28660.595352
0.64,36,28660.658794
0.26,54,28660.757889
0.77,33,28660.815243
0.89,21,28660.852223
0.8,20,28660.89272
0.34,56,28660.998842
0.61,29,28661.051112
0.84,16,28661.07986
0.77,23,28661.120237
0.81,19,28661.153765
0.6,30,28661.206808
0.64,26,28661.253154
0.89,21,28661.290622
0.68,32,28661.346698
0.82,18,28661.37855
0.72,18,28661.410646
0.81,19,28661.444353
0.69,31,28661.498638
0.8,20,28661.53401
0.91,19,28661.568768
0.58,32,28661.626253
0.71,29,28661.677192
0.92,18,28661.709028
0.81,19,28667.608115
0.79,21,28667.656361
0.98,12,28667.684615
0.8,20,28667.726159
0.66,24,28667.775997
0.81,19,28667.818909
0.81,19,28667.861639
0.66,24,28667.913731
0.8,20,28667.949289
0.69,21,28667.991624
0.89,21,28668.039163
0.81,19,28668.08344
0.5,30,28668.15193
0.68,32,28668.226523
0.72,18,28668.267919
0.84,26,28668.326363
0.89,21,28668.374218
0.92,18,28668.414491
0.89,21,28668.461365
0.79,21,28668.507942
0.67,33,28668.582719
0.78,22,28668.631776
0.72,18,28668.671984
0.62,18,28668.709279
0.8,20,28668.745892
0.81,19,28668.781344
0.8,20,28668.81765
0.7,20,28668.854009
0.58,42,28668.929829
0.82,18,28668.970849
0.17,63,28669.11078
0.71,19,28669.153288
0.81,19,28669.195651
0.8,20,28669.240502
0.8,20,28669.28528
0.79,21,28669.332892
0.8,20,28669.377491
0.76,24,28669.43108
0.64,36,28669.510614
0.7,20,28669.555379
0.7,20,28669.600238
0.78,22,28669.649518
0.79,21,28669.696431
0.68,22,28669.736516
0.52,48,28674.960937
0.71,19,28674.997007
0.81,19,28675.031461
0.73,17,28675.068157
0.61,29,28675.132262
0.81,19,28675.174503
0.81,19,28675.216649
0.77,23,28675.267548
0.82,18,28675.307403
0.81,19,28675.34927
0.7,20,28675.393461
0.81,19,28675.434984
0.7,20,28675.479162
0.46,44,28675.577811
0.81,19,28675.620085
0.91,19,28675.66243
-0.32,82,28675.813407
0.38,42,28675.890322
0.7,20,28675.927306
0.9,20,28675.963047
0.53,47,28676.045696
0.8,20,28676.082664
0.86,24,28676.126996
0.79,21,28676.165276
0.88,22,28676.204303
0.88,22,28676.244556
0.65,35,28676.306905
0.7,20,28676.343227
0.8,20,28676.378958
0.5,30,28676.432573
0.81,19,28676.466432
0.88,22,28676.505682
0.8,20,28676.541848
0.65,35,28676.60581
0.67,33,28676.665379
0.34,46,28676.751409
0.78,22,28676.791211
0.72,18,28676.824057
0.77,23,28676.86598
0.8,20,28683.232573
0.89,21,28683.271585
0.77,23,28683.316649
0.69,21,28683.364051
0.7,20,28683.409641
0.46,34,28683.484639
0.65,25,28683.540708
0.68,32,28683.615004
0.8,20,28683.660507
0.6,30,28683.729028
0.8,20,28683.770552
0.86,24,28683.816864
0.71,19,28683.853346
0.59,31,28683.91429
0.76,24,28683.960387
0.85,25,28684.006977
0.81,19,28684.041389
0.77,23,28684.091217
0.33,37,28684.177521
0.54,26,28684.238291
0.79,21,28684.28598
0.59,31,28684.35503
0.71,19,28684.397376
0.6,20,28684.442112
0.83,17,28684.480104
0.71,19,28684.522037
0.8,20,28684.566625
0.81,19,28684.608698
0.05,55,28684.724592
0.79,21,28684.769358
0.59,31,28684.83865
0.76,24,28684.891873
0.36,54,28684.9956
0.89,21,28685.033808
0.7,20,28685.069377
0.82,18,28685.101691
0.88,22,28685.141226
0.6,30,28685.194582
0.88,22,28685.23501
0.79,21,28685.272935
0.76,24,28685.315992
0.7,20,28690.768063
0.7,20,28690.803273
0.6,30,28690.857985
0.69,21,28690.896032
0.92,18,28690.927831
0.48,32,28690.983356
0.68,32,28691.040194
0.81,19,28691.074482
0.49,31,28691.129684
0.89,21,28691.16723
0.61,19,28691.201399
0.68,22,28691.240832
0.73,27,28691.289149
0.8,20,28691.324885
0.71,19,28691.358894
0.68,32,28691.415539
0.82,18,28691.447809
0.71,19,28691.481616
0.9,20,28691.517361
0.8,20,28691.553696
0.77,23,28691.597005
0.79,21,28691.635119
0.48,32,28691.693336
0.9,20,28691.729393
0.79,21,28691.767169
0.88,22,28691.809237
0.79,21,28691.849438
0.7,20,28691.887763
0.78,22,28691.933066
0.72,18,28691.973746
0.81,19,28692.007154
0.81,19,28692.04141
0.03,67,28692.160078
0.9,20,28692.196702
0.81,19,28692.230643
0.9,20,28692.265785
0.79,21,28692.302414
0.72,18,28692.333918
0.6,30,28692.386198
0.68,22,28692.425098
0.58,32,28692.480242
0.92,18,28692.511751
0.71,19,28692.54567
0.71,19,28692.57917
0.78,32,28697.721165
0.82,18,28697.75472
0.71,19,28697.789934
0.73,17,28697.821209
0.41,29,28697.877393
0.8,20,28697.922725
0.71,19,28697.964242
0.68,22,28698.013094
0.75,25,28698.06773
0.79,21,28698.106273
0.76,24,28698.150926
0.78,22,28698.191091
0.92,18,28698.223855
0.79,21,28698.26289
0.69,21,28698.301438
0.76,24,28698.345297
0.82,18,28698.378145
0.82,28,28698.429305
0.8,20,28698.465632
0.65,35,28698.52876
0.71,19,28698.564611
0.78,32,28698.623479
0.82,18,28698.663031
0.71,19,28698.705334
0.66,24,28698.749598
0.81,19,28698.790972
0.91,19,28698.833519
0.71,19,28698.876199
0.58,32,28698.946457
0.81,19,28698.98959
0.83,17,28699.025169
0.91,19,28699.058783
0.87,23,28699.099303
0.82,18,28699.131481
0.9,20,28699.167285
0.6,20,28699.202744
0.6,20,28699.238065
0.81,19,28699.271849
0.91,19,28699.305811
0.79,21,28699.343423
0.86,24,28699.386182
0.69,21,28699.423638
0.87,23,28699.464128
0.8,20,28699.499619
0.7,20,28699.535264
0.76,24,28699.579143
0.7,30,28699.632003
0.34,56,28704.178573
0.56,34,28704.241584
0.75,25,28704.285539
0.83,17,28704.316174
0.8,20,28704.351861
0.8,20,28704.38751
0.78,22,28704.426913
0.59,21,28704.465477
0.66,34,28704.526301
0.91,19,28704.562797
0.79,21,28704.602529
0.7,20,28704.638304
0.9,20,28704.674199
0.91,19,28704.708316
0.89,21,28704.746267
0.69,21,28704.784942
0.7,20,28704.820516
0.89,21,28704.859125
-0.02,82,28705.024907
0.77,23,28705.068135
0.82,28,28705.117971
0.51,59,28705.222829
0.54,36,28705.287881
0.82,18,28705.320224
0.71,19,28705.35409
0.7,20,28705.389514
0.61,19,28705.423488
0.71,19,28705.45685
0.7,20,28705.492164
0.47,53,28705.590483
0.71,19,28705.625888
0.66,24,28705.670342
0.79,21,28705.708954
0.81,19,28705.743818
0.29,31,28705.807974
0.78,22,28705.85713
0.79,21,28705.903915
0.68,22,28705.947435
0.9,20,28705.987241
0.9,20,28712.289838
0.87,23,28712.331125
0.37,43,28712.408591
0.74,16,28712.437247
0.81,19,28712.471319
0.7,20,28712.506661
0.69,21,28712.54382
0.89,21,28712.582282
0.72,28,28712.63222
0.8,20,28712.667776
0.68,22,28712.70693
0.49,41,28712.779925
0.79,21,28712.817474
0.8,20,28712.858058
0.69,21,28712.904714
0.78,22,28712.952825
0.79,21,28712.990845
0.89,21,28713.028314
0.92,18,28713.061065
0.78,32,28713.118232
0.7,20,28713.15441
0.45,45,28713.234949
0.69,21,28713.272937
0.79,21,28713.310672
0.8,20,28713.347162
0.77,23,28713.388502
0.77,33,28713.446953
0.56,34,28713.507624
0.71,19,28713.541586
0.88,22,28713.580915
0.82,18,28713.612866
0.68,22,28713.65197
0.59,41,28713.725831
0.72,18,28713.75878
0.73,27,28713.807266
0.82,18,28713.840233
0.78,22,28713.879981
0.7,20,28713.916162
0.81,19,28713.955404
0.17,53,28714.062078
0.91,19,28714.104175
0.87,23,28714.154865
0.82,18,28719.810981
0.89,21,28719.848626
0.68,22,28719.888203
0.81,19,28719.922349
0.47,33,28719.980409
0.83,27,28720.028572
0.82,28,28720.078631
0.71,19,28720.112865
0.72,18,28720.145277
0.89,21,28720.183208
0.82,18,28720.217052
0.61,39,28720.288651
0.76,24,28720.332036
0.9,20,28720.368866
0.81,19,28720.403533
0.54,26,28720.45106
0.89,21,28720.488684
0.75,25,28720.53309
0.7,20,28720.56901
0.81,19,28720.603059
0.9,20,28720.638768
0.89,21,28720.676877
0.92,18,28720.709481
0.79,21,28720.747859
0.68,22,28720.787085
0.9,20,28720.82251
0.79,21,28720.867297
0.76,24,28720.9168
0.5,30,28720.970931
0.8,20,28721.013257
0.88,22,28721.062782
0.61,29,28721.126334
0.81,19,28721.169485
0.68,32,28721.240633
0.91,19,28721.282884
0.69,21,28721.330047
0.7,20,28721.375347
0.8,20,28721.420398
0.56,24,28721.47381
0.7,20,28721.518004
0.79,21,28721.565168
0.9,20,28721.609311
0.71,19,28721.65106
0.69,31,28721.718977
0.72,18,28721.755669
0.76,24,28726.357272
0.87,23,28726.397764
0.02,78,28726.53387
0.69,21,28726.571065
0.89,21,28726.607576
0.9,20,28726.642404
0.51,29,28726.69308
0.51,39,28726.76112
0.89,21,28726.798166
0.86,24,28726.840482
0.49,31,28726.906094
0.82,18,28726.940409
0.8,20,28726.980508
0.37,43,28727.074618
0.7,20,28727.119424
0.69,31,28727.186519
0.52,38,28727.269309
0.78,22,28727.318398
0.8,20,28727.362015
-0.0,60,28727.492423
0.61,19,28727.534069
0.8,30,28727.60032
0.55,45,28727.701095
0.61,19,28727.743587
0.68,32,28727.814029
0.37,43,28727.903459
0.38,52,28727.996766
0.67,23,28728.048113
0.72,28,28728.111673
0.85,15,28728.145407
0.73,27,28728.20504
0.88,22,28728.253459
0.9,20,28728.297381
0.92,18,28728.337655
0.89,21,28728.384763
0.19,41,28735.140512
0.76,24,28735.184222
0.83,17,28735.216298
0.06,74,28735.366868
0.63,27,28735.434649
0.92,18,28735.475997
0.85,15,28735.509377
0.8,20,28735.553864
0.91,19,28735.596376
0.91,19,28735.63915
0.66,24,28735.694188
0.77,23,28735.744978
0.91,19,28735.779632
0.78,22,28735.818805
0.74,36,28735.88375
0.73,17,28735.915203
0.62,18,28735.951811
0.57,33,28736.013844
0.7,20,28736.05882
0.63,27,28736.121901
0.78,22,28736.176324
0.59,21,28736.227976
0.88,22,28736.282764
0.57,33,28736.360333
0.9,20,28736.40574
0.79,21,28736.453751
0.59,31,28736.523329
0.71,19,28736.565982
0.79,21,28736.612712
0.23,47,28736.715879
0.67,33,28736.784307
0.81,19,28736.82781
0.7,20,28736.872501
0.82,18,28736.910973
0.65,25,28736.959915
0.91,19,28737.00256
0.69,21,28737.049645
0.79,21,28737.097462
0.78,22,28737.146593
0.67,23,28737.197944
0.59,31,28737.267581
0.79,21,28737.314771
0.86,24,28742.933448
0.7,20,28742.968568
0.72,18,28743.0001
0.82,18,28743.031678
0.66,34,28743.091078
0.89,21,28743.128081
0.33,47,28743.211137
0.85,25,28743.254779
0.46,34,28743.313493
0.85,15,28743.340472
0.68,32,28743.396683
0.56,24,28743.438872
0.77,23,28743.479615
0.51,39,28743.548024
0.8,20,28743.583489
0.8,20,28743.618385
0.71,19,28743.651649
0.44,66,28743.765862
0.9,20,28743.800481
0.66,24,28743.842308
0.83,17,28743.872591
0.58,32,28743.933807
0.76,24,28743.981808
0.55,35,28744.045592
0.67,23,28744.08819
0.69,31,28744.145351
0.7,20,28744.181417
0.85,25,28744.22686
0.78,22,28744.271472
0.78,22,28744.320729
0.66,34,28744.394786
0.79,21,28744.441767
0.4,40,28744.530002
0.64,26,28744.588455
0.56,34,28744.662732
0.82,18,28744.702438
0.8,20,28744.742878
0.86,24,28744.78595
0.88,22,28750.430666
0.92,18,28750.462875
0.88,22,28750.502003
0.79,21,28750.539577
0.77,23,28750.581136
0.72,38,28750.650421
0.9,20,28750.691706
0.81,19,28750.734482
0.88,22,28750.774171
0.78,22,28750.813409
0.8,20,28750.850013
0.9,20,28750.886091
0.44,26,28750.933091
0.47,43,28751.02624
0.63,47,28751.128427
0.13,57,28751.252089
0.91,19,28751.293762
0.49,41,28751.383487
0.69,21,28751.43
0.57,33,28751.501862
0.8,20,28751.545983
0.88,22,28751.59557
0.88,22,28751.643736
0.25,65,28751.778883
0.69,21,28751.818788
0.88,22,28751.86147
0.65,35,28751.934841
0.83,17,28751.968029
0.77,23,28752.009519
0.86,24,28752.052637
0.89,21,28752.090273
0.78,22,28752.129597
0.72,28,28752.179115
0.71,19,28752.213081
0.73,17,28752.24374
0.78,22,28752.283305
0.9,20,28752.319156
0.71,19,28752.354036
0.91,19,28752.387834
0.8,20,28752.423375
0.8,20,28758.203622
0.77,23,28758.244858
0.22,68,28758.364566
0.72,28,28758.415472
0.79,21,28758.452695
0.78,22,28758.491667
0.71,19,28758.525446
0.9,20,28758.562204
0.72,18,28758.5944
0.67,23,28758.634648
0.71,19,28758.667867
0.72,18,28758.699357
0.7,30,28758.756899
0.84,16,28758.79236
0.63,37,28758.872801
0.8,20,28758.917157
0.71,19,28758.952158
0.48,32,28759.016728
0.87,23,28759.067502
0.7,20,28759.11147
0.81,19,28759.153354
0.73,27,28759.212222
0.82,18,28759.251834
0.58,32,28759.3217
0.68,22,28759.370227
0.7,20,28759.415326
0.66,34,28759.491147
0.81,19,28759.533146
0.68,32,28759.605013
0.89,21,28759.651042
0.82,18,28759.69023
0.68,22,28759.737781
0.87,23,28759.778723
0.84,16,28759.807205
0.79,21,28759.844233
0.49,31,28759.903898
0.89,21,28759.942166
0.89,21,28759.979821
0.9,20,28760.015874
0.81,19,28760.050489
0.45,45,28760.130231
0.73,27,28760.178298
0.71,19,28765.598432
0.49,51,28765.706496
0.91,19,28765.747569
0.78,32,28765.814989
0.36,44,28765.915434
0.69,31,28765.985438
0.8,20,28766.028275
0.79,21,28766.066322
0.72,18,28766.09913
0.8,20,28766.134612
0.57,33,28766.193512
0.6,30,28766.247256
0.79,21,28766.284904
0.87,23,28766.326157
0.81,19,28766.359884
0.61,29,28766.412848
0.79,21,28766.451785
0.76,24,28766.496555
0.81,19,28766.53118
0.79,21,28766.571199
0.79,21,28766.609285
0.61,19,28766.643217
0.81,19,28766.676662
0.8,20,28766.712374
0.36,54,28766.822814
0.82,18,28766.863374
0.68,22,28766.911411
0.54,46,28766.994136
0.82,18,28767.026718
0.91,19,28767.065924
0.92,18,28767.106074
0.83,17,28767.143568
0.91,19,28767.186131
0.68,22,28767.236157
0.69,21,28767.283097
0.8,20,28767.327057
0.82,18,28767.366815
0.33,47,28767.470219
0.71,19,28767.513002
0.71,19,28767.55476
0.69,21,28767.601177
0.15,55,28773.300381
0.33,47,28773.402714
0.81,19,28773.444987
0.89,21,28773.491208
0.7,20,28773.535593
0.8,20,28773.580502
0.76,24,28773.632994
0.67,33,28773.706926
0.77,23,28773.755283
0.66,34,28773.815799
0.72,18,28773.84838
0.78,22,28773.892391
0.56,44,28773.972473
0.78,32,28774.034009
0.81,19,28774.075847
0.69,21,28774.118518
0.71,19,28774.155483
0.74,26,28774.212663
0.82,18,28774.252177
0.34,56,28774.373729
0.77,23,28774.425665
0.81,19,28774.469213
0.88,22,28774.518435
0.58,32,28774.589409
0.67,23,28774.63972
0.72,18,28774.679593
0.81,19,28774.721009
0.69,31,28774.780534
0.73,17,28774.811165
0.8,20,28774.847375
0.75,25,28774.893239
0.81,19,28774.927624
0.54,36,28774.992136
0.73,27,28775.03967
0.8,20,28775.074497
0.86,24,28775.11699
0.82,18,28775.148459
0.9,20,28775.183878
0.67,23,28775.224454
0.7,20,28775.259732
0.8,20,28780.696154
0.7,20,28780.741478
0.7,20,28780.778412
0.11,59,28780.911179
0.71,19,28780.950148
0.72,18,28780.982905
0.77,23,28781.024668
0.65,25,28781.06884
0.9,20,28781.104532
0.67,33,28781.164419
0.91,19,28781.199982
0.78,22,28781.240558
0.65,25,28781.285505
0.82,18,28781.320866
0.81,19,28781.358053
0.6,30,28781.416233
0.78,22,28781.458308
0.92,18,28781.492018
0.9,20,28781.52747
0.68,22,28781.567443
0.79,21,28781.605821
0.35,55,28781.703257
0.9,20,28781.747692
0.7,30,28781.802833
0.8,20,28781.838932
0.62,28,28781.889755
0.67,23,28781.93428
0.6,30,28781.988671
0.7,20,28782.027896
0.47,33,28782.091747
0.66,24,28782.138814
0.8,20,28782.178341
0.89,21,28782.219839
0.9,20,28782.257705
0.42,28,28782.310797
0.67,23,28782.353838
0.89,21,28782.392031
0.81,19,28782.426177
0.8,20,28782.463724
0.26,54,28782.562985
0.8,20,28782.599819
0.47,33,28788.116287
0.79,21,28788.153913
0.92,18,28788.18626
0.59,31,28788.243876
0.9,20,28788.279675
0.6,20,28788.315561
0.71,19,28788.34933
0.8,20,28788.384718
0.91,19,28788.418182
0.64,26,28788.465709
0.71,19,28788.500592
0.81,19,28788.534394
0.69,21,28788.572101
0.81,19,28788.606166
0.62,28,28788.655222
0.38,62,28788.763713
0.76,24,28788.806425
0.69,31,28788.862387
0.8,20,28788.898476
0.93,17,28788.92905
0.78,22,28788.968806
0.67,23,28789.010838
0.68,22,28789.050451
0.69,21,28789.087477
0.71,29,28789.138802
0.35,45,28789.21776
0.8,30,28789.270574
0.79,21,28789.307612
0.68,32,28789.364096
0.79,21,28789.401086
0.78,22,28789.440037
0.09,61,28789.547607
0.7,20,28789.584965
0.87,23,28789.625678
0.81,19,28789.659616
0.79,21,28789.69717
0.68,22,28789.736174
0.69,31,28789.795883
0.87,23,28789.846353
0.87,23,28789.896347
0.62,28,28795.425437
0.71,19,28795.459281
0.77,23,28795.500812
0.8,20,28795.536142
0.9,20,28795.572717
0.6,30,28795.626436
0.8,20,28795.662824
0.9,20,28795.698648
0.7,20,28795.734497
0.6,30,28795.787928
0.81,19,28795.82213
0.89,21,28795.863873
0.6,20,28795.908363
0.21,39,28795.986769
0.73,27,28796.036244
0.81,19,28796.07074
0.94,16,28796.099549
0.38,42,28796.174598
0.5,30,28796.229338
0.67,33,28796.301936
0.7,20,28796.342619
0.59,41,28796.424781
0.8,20,28796.461116
0.71,19,28796.496668
0.89,21,28796.535651
0.9,20,28796.572427
0.8,20,28796.609073
0.82,18,28796.641326
0.79,21,28796.680288
0.69,21,28796.718407
0.71,19,28796.756856
0.81,19,28796.79203
0.56,34,28796.853543
0.59,21,28796.897678
0.8,20,28796.938869
0.54,36,28797.01638
0.8,20,28797.061411
0.61,29,28797.126187
0.6,30,28797.1933
0.6,20,28797.23879
0.45,45,28797.339328
0.77,23,28797.390581
0.82,18,28802.645307
0.88,22,28802.685831
0.77,23,28802.729973
0.9,20,28802.768326
-0.21,71,28802.924602
0.81,19,28802.966417
0.81,19,28803.008639
0.78,22,28803.05755
0.72,18,28803.096905
0.8,20,28803.141119
0.8,20,28803.185164
0.5,30,28803.250944
0.8,20,28803.294908
0.84,16,28803.330874
0.82,18,28803.37076
0.8,20,28803.41464
0.58,32,28803.48437
0.71,19,28803.526555
0.64,36,28803.606723
0.47,33,28803.678523
0.71,29,28803.741465
0.66,34,28803.814652
0.92,18,28803.847334
0.66,34,28803.90818
0.8,20,28803.946238
0.79,31,28804.001595
0.79,21,28804.03945
0.81,19,28804.073669
0.89,21,28804.111277
0.81,19,28804.144791
0.71,19,28804.178728
0.55,45,28804.258301
0.67,33,28804.316977
0.61,19,28804.351059
0.82,18,28804.383131
0.8,30,28804.436082
0.7,20,28804.47163
0.57,23,28804.512969
0.71,19,28804.549211
0.52,38,28804.620292
0.82,18,28804.652391
0.77,23,28810.570534
0.55,35,28810.652725
0.82,18,28810.695475
0.67,33,28810.768464
0.7,30,28810.821168
0.52,38,28810.892454
0.31,59,28810.996183
0.71,19,28811.029961
0.79,21,28811.067455
0.68,22,28811.106012
0.65,25,28811.149775
0.72,18,28811.181556
0.78,22,28811.219903
0.81,19,28811.253844
0.8,20,28811.294801
0.86,24,28811.347269
0.76,24,28811.399987
0.79,21,28811.445654
0.79,21,28811.491657
0.87,23,28811.542907
0.81,19,28811.585364
0.63,27,28811.644094
0.68,22,28811.692325
0.71,19,28811.734149
0.8,20,28811.776596
0.79,31,28811.83618
0.89,21,28811.878982
0.68,32,28811.94625
0.66,34,28812.009271
0.8,20,28812.04544
0.81,19,28812.07963
0.72,18,28812.111817
0.68,22,28812.151765
0.67,23,28812.192961
0.48,32,28812.250858
0.77,23,28812.292721
0.93,17,28812.323605
0.88,22,28812.363225
0.93,17,28812.394743
0.75,25,28812.44047
0.53,27,28812.489104
0.62,18,28812.521392
0.8,20,28817.617413
0.59,31,28817.672777
0.81,19,28817.70683
0.82,18,28817.739487
0.82,18,28817.777905
0.83,17,28817.809287
0.61,39,28817.879977
0.8,20,28817.91632
0.8,20,28817.960517
0.58,32,28818.033875
0.95,15,28818.069926
0.54,26,28818.128851
0.47,43,28818.226977
0.44,56,28818.350575
0.72,18,28818.391635
0.75,25,28818.447824
0.93,17,28818.48591
0.67,33,28818.561661
0.54,36,28818.646199
0.33,37,28818.728143
0.83,17,28818.766119
0.71,19,28818.80138
0.81,19,28818.835742
0.79,21,28818.873817
0.78,22,28818.920137
0.7,20,28818.964481
0.68,22,28819.01304
0.83,17,28819.050941
0.63,27,28819.110254
0.36,34,28819.184578
0.65,25,28819.239939
0.81,19,28819.281784
0.88,22,28819.330189
0.71,19,28819.37156
0.75,25,28819.426416
0.82,28,28819.481718
0.91,19,28819.515186
0.72,18,28819.546973
0.52,38,28819.6144
0.68,32,28819.67103
0.41,29,28819.7228
0.71,19,28825.158755
0.78,32,28825.215382
0.53,37,28825.280018
0.8,20,28825.315117
0.42,48,28825.398165
0.81,19,28825.43152
0.6,30,28825.483886
0.81,19,28825.516773
0.59,31,28825.572013
0.81,19,28825.606051
0.79,21,28825.643443
0.81,19,28825.67735
0.7,30,28825.729641
0.19,41,28825.801663
0.8,20,28825.837062
0.79,21,28825.877141
0.83,17,28825.906928
0.58,32,28825.962831
0.8,20,28825.997911
0.71,29,28826.048839
0.69,21,28826.086761
0.37,43,28826.162227
0.82,18,28826.194972
0.68,22,28826.235413
0.8,20,28826.272202
0.92,18,28826.305724
0.8,20,28826.341111
0.7,20,28826.376533
0.86,24,28826.418786
0.79,21,28826.455506
0.71,19,28826.489074
0.62,38,28826.556407
0.91,19,28826.592383
0.78,22,28826.632891
0.79,21,28826.671021
0.82,18,28826.704916
0.67,23,28826.747471
0.72,18,28826.779305
0.79,21,28826.81612
0.6,20,28826.85144
0.81,19,28826.885552
0.44,46,28832.278385
0.58,32,28832.33493
0.67,23,28832.375322
0.68,22,28832.414132
0.7,20,28832.449355
0.93,17,28832.479478
0.8,20,28832.514631
0.91,19,28832.548718
0.77,23,28832.589569
0.72,18,28832.622279
0.66,34,28832.682195
0.69,21,28832.71942
0.9,20,28832.754851
0.77,23,28832.795941
0.81,19,28832.829657
0.67,33,28832.888395
0.61,19,28832.928116
0.78,22,28832.975095
0.9,20,28833.011894
0.8,20,28833.047591
0.75,25,28833.09265
0.79,21,28833.129975
0.62,18,28833.162431
0.05,55,28833.260234
0.52,38,28833.327302
0.8,20,28833.3631
0.58,32,28833.420134
0.81,19,28833.454013
0.81,19,28833.487939
0.7,20,28833.523792
0.62,18,28833.556834
0.9,20,28833.594584
0.69,21,28833.634746
0.7,20,28833.674306
0.79,21,28833.715566
0.89,21,28833.75698
0.62,18,28833.791759
0.63,17,28833.822387
0.69,21,28833.86018
0.53,27,28833.909003
0.8,20,28833.946896
0.56,34,28834.008621
0.92,18,28834.041177
0.79,31,28834.097559
0.62,18,28834.130395
0.8,20,28839.028998
0.81,19,28839.071207
0.71,29,28839.134767
0.24,66,28839.278715
0.78,22,28839.328009
0.91,19,28839.369914
0.76,24,28839.423187
0.43,47,28839.52636
0.37,53,28839.643109
0.89,21,28839.689806
0.8,20,28839.733824
0.68,22,28839.775986
0.57,23,28839.816728
0.61,19,28839.851191
0.57,33,28839.917707
0.9,20,28839.953995
0.72,18,28839.98655
0.8,30,28840.040179
0.8,20,28840.075776
0.63,37,28840.14082
0.8,20,28840.176454
0.77,33,28840.234386
0.88,22,28840.27331
0.92,18,28840.305152
0.91,19,28840.338925
0.82,18,28840.371023
0.8,20,28840.406645
0.75,25,28840.450862
0.92,18,28840.482769
0.72,28,28840.532412
0.68,22,28840.572392
0.92,18,28840.605086
0.65,25,28840.6503
0.62,18,28840.684216
0.7,20,28840.721448
0.82,18,28840.760091
0.81,19,28840.797316
0.66,34,28840.866372
0.55,35,28840.936898
0.57,33,28841.008549
0.94,16,28846.571126
0.8,20,28846.606495
0.7,20,28846.641686
0.69,21,28846.680189
0.87,23,28846.72145
0.66,34,28846.780322
0.71,29,28846.830914
0.79,21,28846.867545
0.58,52,28846.958504
0.82,18,28846.99163
0.72,28,28847.04168
0.79,21,28847.078363
0.7,20,28847.113579
0.59,31,28847.168024
0.04,76,28847.303533
0.27,53,28847.39721
0.7,20,28847.432392
0.38,42,28847.505933
0.92,18,28847.53787
0.66,24,28847.581153
0.71,19,28847.61427
0.91,19,28847.647753
0.66,24,28847.691742
0.81,29,28847.754508
0.7,30,28847.814965
0.61,19,28847.857551
0.68,22,28847.90737
0.81,19,28847.949332
0.91,19,28847.991584
0.77,23,28848.043182
0.88,22,28848.092126
0.71,19,28848.135094
0.68,32,28848.204545
0.66,24,28848.257798
0.88,22,28848.305762
0.8,20,28848.349648
0.91,19,28848.391719
0.79,21,28848.437597
0.78,32,28848.507409
0.69,21,28854.310148
0.52,38,28854.377099
0.82,18,28854.409071
0.67,23,28854.449624
0.72,18,28854.481847
0.23,67,28854.601138
0.46,34,28854.66153
0.61,19,28854.696454
0.69,21,28854.733977
0.76,24,28854.783093
0.64,26,28854.829185
0.59,31,28854.884388
0.73,17,28854.914833
0.89,21,28854.952772
0.77,23,28854.994593
0.46,44,28855.072753
0.6,30,28855.125437
0.71,19,28855.159388
0.8,20,28855.195057
0.79,21,28855.233097
0.9,20,28855.268517
0.9,20,28855.304234
0.8,20,28855.339319
0.62,18,28855.371087
0.9,20,28855.406713
0.5,30,28855.45911
0.78,32,28855.514733
0.82,18,28855.546926
0.93,17,28855.577771
0.85,25,28855.622647
0.81,19,28855.657732
0.89,21,28855.696445
0.81,19,28855.730556
0.78,22,28855.769406
0.9,20,28855.804871
0.83,17,28855.835217
0.84,26,28855.882652
0.7,20,28855.921038
0.8,20,28855.956772
0.78,22,28855.995465
0.81,19,28856.028866
0.69,31,28856.082886
0.77,23,28861.350025
0.86,24,28861.392224
0.25,55,28861.487919
0.59,41,28861.560547
0.69,41,28861.632422
0.82,18,28861.664568
0.83,17,28861.694421
0.39,41,28861.765678
0.92,18,28861.797708
0.88,22,28861.836709
0.75,25,28861.880863
0.51,39,28861.949864
0.8,20,28861.985518
0.7,20,28862.023676
0.67,33,28862.082048
0.42,28,28862.13116
0.81,19,28862.164471
0.89,21,28862.201744
0.86,24,28862.244087
0.85,25,28862.287887
0.7,30,28862.340598
0.82,18,28862.372668
0.81,19,28862.406255
0.71,29,28862.457119
0.61,29,28862.507757
0.82,18,28862.540032
0.72,18,28862.572819
0.38,42,28862.646836
0.2,40,28862.718145
0.82,18,28862.750219
0.9,20,28862.785483
0.88,22,28862.824236
0.76,24,28862.866696
0.71,19,28862.900339
0.86,24,28862.946316
0.77,23,28862.986705
0.89,21,28863.023521
0.81,19,28863.057133
0.83,17,28863.087182
0.58,32,28863.14394
0.68,22,28868.497426
0.76,24,28868.54014
0.68,32,28868.597478
0.83,17,28868.628151
0.88,22,28868.66695
0.69,21,28868.706093
0.82,18,28868.742124
0.91,19,28868.778819
0.79,21,28868.817165
0.83,17,28868.847795
0.42,48,28868.933679
0.77,23,28868.98524
0.82,18,28869.025424
0.82,18,28869.065687
0.72,18,28869.105023
0.71,19,28869.146885
0.51,29,28869.210765
0.9,20,28869.254972
0.72,18,28869.295285
0.52,38,28869.383651
0.7,20,28869.429985
0.88,22,28869.478577
0.81,19,28869.52105
0.51,29,28869.584923
0.68,22,28869.633256
0.62,18,28869.673008
0.81,19,28869.715321
0.79,21,28869.761996
0.89,21,28869.804311
0.81,19,28869.846565
0.9,20,28869.89082
0.57,23,28869.932988
0.75,25,28869.977747
0.79,21,28870.016012
0.1,70,28870.168081
0.65,25,28870.22345
0.8,20,28870.267717
0.81,19,28870.309866
0.67,23,28870.359992
0.65,25,28870.410816
0.51,29,28870.463168
0.77,23,28870.504884
0.66,34,28870.566222
0.6,30,28876.021423
0.56,34,28876.080696
0.82,28,28876.12937
0.32,58,28876.230755
0.66,34,28876.290687
0.9,20,28876.326088
0.88,22,28876.36518
0.72,18,28876.397322
0.19,71,28876.520173
0.7,20,28876.555846
0.7,30,28876.608855
0.79,21,28876.646159
0.8,20,28876.681599
0.61,29,28876.743047
0.79,21,28876.780705
0.77,23,28876.820687
0.68,22,28876.859618
0.72,18,28876.897718
0.75,35,28876.966987
0.82,18,28877.006799
0.64,26,28877.064219
0.82,18,28877.104712
0.81,19,28877.14808
0.72,28,28877.21091
0.71,19,28877.25316
0.42,28,28877.314219
0.51,59,28877.444094
0.48,42,28877.535516
0.71,39,28877.621074
0.9,20,28877.657481
0.81,19,28877.691437
0.69,31,28877.74675
0.91,19,28877.784119
-0.14,74,28877.917915
0.93,17,28884.628493
0.71,19,28884.662059
0.82,18,28884.693991
0.73,17,28884.729706
0.76,24,28884.775399
0.59,21,28884.812983
0.8,20,28884.848455
0.58,32,28884.904153
0.76,24,28884.946363
0.79,21,28884.98303
0.71,19,28885.016874
0.9,20,28885.052886
0.64,26,28885.099334
0.28,52,28885.19149
0.77,23,28885.232885
0.9,20,28885.268422
0.67,33,28885.327862
0.71,19,28885.364261
0.51,39,28885.435992
0.71,19,28885.46971
0.64,26,28885.515294
0.91,19,28885.549046
0.7,20,28885.591801
0.9,20,28885.632217
0.91,19,28885.666576
0.56,34,28885.731872
0.78,22,28885.778852
0.82,18,28885.814805
0.73,17,28885.852158
0.82,18,28885.891493
0.79,21,28885.931748
0.34,46,28886.032177
0.45,45,28886.130007
0.59,21,28886.177119
0.71,19,28886.219715
0.71,19,28886.261802
0.83,17,28886.299495
0.82,18,28886.339185
0.9,20,28886.382838
0.52,28,28886.449738
0.36,44,28886.545681
0.79,21,28886.593574
0.89,21,28886.639228
0.33,47,28892.08572
0.8,20,28892.121857
0.47,33,28892.18052
0.9,20,28892.222657
0.93,17,28892.261041
0.43,57,28892.362715
0.81,19,28892.396887
0.81,19,28892.431374
0.9,20,28892.467662
0.69,21,28892.505228
0.8,20,28892.541371
0.72,18,28892.574939
0.59,31,28892.631272
-0.01,71,28892.758386
0.47,33,28892.819969
0.72,18,28892.853241
0.69,21,28892.891753
0.82,18,28892.926137
0.87,23,28892.969733
0.7,20,28893.005347
0.79,21,28893.042833
0.79,21,28893.079938
0.81,19,28893.114495
0.8,20,28893.158861
0.8,20,28893.203454
0.88,22,28893.251869
0.96,14,28893.282963
0.9,20,28893.327186
0.68,32,28893.396894
0.81,19,28893.43836
0.67,33,28893.510642
0.72,18,28893.550313
0.47,43,28893.644457
0.71,19,28893.688166
0.91,19,28893.734895
0.81,19,28893.776851
0.92,18,28893.809171
0.71,19,28893.843717
0.43,47,28893.927616
0.76,24,28893.970387
0.72,18,28899.829281
0.71,19,28899.865429
0.82,18,28899.898095
0.71,29,28899.949807
0.56,44,28900.028634
0.89,21,28900.066236
0.81,19,28900.100431
0.68,22,28900.139251
0.92,18,28900.171657
0.91,19,28900.205987
0.87,23,28900.246789
0.9,20,28900.282317
0.71,29,28900.335186
0.49,41,28900.419267
0.6,20,28900.465317
0.8,20,28900.51091
0.8,20,28900.554436
0.8,20,28900.598123
0.53,37,28900.678417
0.7,20,28900.72314
0.82,18,28900.763221
0.81,19,28900.804734
0.81,19,28900.839293
0.62,28,28900.89907
0.58,52,28901.001908
0.9,20,28901.046026
0.71,19,28901.087421
0.79,21,28901.133111
0.8,20,28901.177021
0.51,39,28901.262752
0.8,20,28901.307854
0.71,19,28901.349378
0.83,17,28901.38713
0.37,53,28901.504224
0.71,19,28901.547398
0.87,23,28901.598574
0.48,42,28901.689274
0.89,21,28901.735846
0.8,20,28901.780197
0.82,18,28901.812205
0.88,22,28901.851058
0.89,21,28901.889053
0.81,29,28907.761243
0.62,18,28907.793122
0.91,19,28907.826358
0.73,17,28907.856541
0.79,21,28907.893875
0.48,32,28907.949671
0.7,20,28907.985658
0.82,18,28908.017187
0.71,19,28908.05056
0.8,20,28908.085551
0.82,18,28908.117263
0.5,30,28908.169944
0.69,31,28908.225507
0.72,38,28908.291695
0.73,27,28908.3391
0.9,20,28908.37429
0.59,31,28908.428038
0.81,19,28908.46086
0.81,29,28908.51119
0.8,20,28908.546383
0.79,21,28908.58313
0.63,27,28908.629511
0.9,20,28908.66412
0.48,32,28908.730597
0.62,28,28908.781141
0.9,20,28908.81636
0.62,18,28908.84843
0.85,25,28908.893497
0.92,18,28908.925392
0.78,22,28908.964118
0.37,33,28909.022184
0.82,18,28909.054147
0.81,19,28909.089083
0.78,22,28909.127924
0.72,28,28909.177121
0.8,20,28909.212372
0.7,30,28909.26565
0.8,20,28909.301612
0.7,20,28909.337327
0.57,33,28909.395734
0.69,21,28909.432807
0.79,31,28909.486807
0.63,27,28909.546187
0.68,22,28914.432534
0.88,22,28914.471635
0.82,18,28914.503654
0.82,18,28914.535861
0.77,23,28914.576715
0.81,19,28914.610045
0.69,31,28914.663996
0.46,34,28914.732854
0.79,21,28914.773907
0.7,20,28914.81636
0.7,20,28914.852478
0.79,21,28914.894175
0.44,46,28914.992147
0.76,24,28915.034832
0.73,17,28915.065745
0.91,19,28915.099419
0.72,28,28915.150517
0.8,20,28915.186939
0.72,38,28915.255689
0.82,18,28915.287888
0.9,20,28915.324272
0.5,40,28915.39575
0.71,39,28915.464561
0.76,24,28915.507388
0.8,20,28915.544107
0.52,38,28915.612195
0.78,32,28915.669408
0.88,22,28915.708839
0.68,42,28915.788371
0.8,20,28915.828429
0.8,20,28915.865022
0.81,19,28915.902889
0.93,17,28915.939725
0.37,33,28916.011656
0.68,22,28916.060833
0.91,19,28916.102598
0.81,19,28916.145216
0.74,26,28916.202391
0.34,36,28916.282099
0.66,34,28916.356412
0.72,18,28921.859679
0.06,64,28921.970501
0.68,22,28922.018006
0.56,24,28922.070781
0.61,19,28922.112983
0.78,22,28922.161281
0.69,21,28922.20801
0.81,19,28922.249693
0.81,19,28922.291969
0.74,36,28922.37234
0.73,17,28922.409504
0.81,19,28922.450809
0.55,25,28922.505575
0.91,19,28922.547028
0.7,20,28922.590857
0.78,22,28922.634362
0.7,20,28922.670152
0.69,31,28922.72522
0.8,20,28922.761076
0.6,40,28922.830184
0.43,47,28922.917818
0.55,35,28922.98157
0.79,21,28923.019115
0.53,47,28923.101163
0.9,20,28923.136552
0.57,33,28923.194577
0.7,20,28923.230617
0.73,17,28923.261468
0.81,19,28923.295319
0.8,20,28923.330645
0.5,30,28923.383838
0.79,21,28923.420998
0.71,19,28923.454638
0.93,17,28923.484681
0.69,21,28923.521783
0.69,21,28923.559716
0.83,27,28923.607702
0.78,22,28923.646331
0.81,19,28923.679828
0.69,21,28923.71731
0.8,20,28923.753093
0.7,20,28929.329976
0.78,22,28929.36944
0.7,20,28929.405515
0.82,18,28929.43801
0.82,18,28929.4704
0.77,23,28929.511719
0.71,19,28929.545698
0.68,22,28929.585569
0.61,29,28929.637785
0.79,21,28929.67576
0.46,34,28929.736684
0.4,30,28929.79054
0.63,27,28929.839674
0.38,42,28929.929401
0.85,25,28929.975295
0.83,17,28930.006929
0.9,20,28930.044276
0.87,23,28930.086727
0.7,20,28930.123995
0.77,23,28930.165658
0.36,54,28930.263156
0.89,21,28930.300864
0.7,20,28930.336823
0.51,49,28930.424577
0.75,35,28930.48672
0.62,28,28930.53688
0.83,17,28930.568388
0.8,20,28930.604358
0.73,17,28930.635126
0.64,26,28930.681596
0.71,19,28930.716188
0.78,22,28930.756361
0.8,20,28930.792428
0.83,17,28930.822791
0.71,19,28930.857012
0.8,20,28930.893033
0.81,19,28930.927055
0.81,19,28930.961981
0.81,19,28930.997193
0.9,20,28931.035065
0.76,24,28931.079265
0.66,34,28931.14246
0.76,24,28931.184898
0.89,21,28936.577513
0.8,20,28936.621878
0.7,20,28936.665939
0.88,22,28936.714725
0.39,41,28936.806103
0.72,18,28936.842174
0.88,22,28936.883391
0.62,18,28936.919397
0.69,31,28936.97535
0.79,21,28937.015259
0.71,29,28937.068814
0.89,21,28937.108645
0.7,20,28937.145999
0.57,33,28937.206316
0.68,32,28937.265147
0.57,33,28937.324648
0.91,19,28937.367878
0.8,20,28937.418504
0.54,36,28937.508692
0.81,19,28937.554117
0.61,19,28937.588075
0.79,21,28937.625262
0.8,20,28937.661067
0.81,19,28937.695247
0.49,41,28937.773849
0.82,18,28937.805695
0.81,19,28937.839632
0.68,22,28937.879341
0.89,21,28937.916863
0.81,19,28937.958725
0.83,17,28937.997708
0.65,45,28938.096749
0.7,20,28938.14099
0.7,30,28938.20727
0.77,23,28938.258569
0.81,19,28938.301304
0.89,21,28938.347979
0.92,18,28938.3886
0.9,20,28938.433201
0.44,36,28938.511825
0.79,21,28938.559269
0.67,23,28938.611202
0.69,21,28938.657389
0.8,20,28943.870589
0.77,23,28943.91312
0.7,20,28943.953707
0.71,29,28944.018187
0.71,29,28944.082062
0.89,21,28944.129058
0.39,41,28944.218832
0.8,20,28944.263127
0.84,16,28944.298792
0.38,32,28944.360532
0.77,23,28944.412081
0.76,24,28944.465545
0.89,21,28944.512414
0.9,20,28944.557633
0.81,19,28944.599937
0.73,17,28944.637578
0.59,31,28944.705908
0.67,23,28944.747926
0.81,19,28944.782033
0.47,33,28944.841432
0.57,33,28944.909477
0.58,42,28944.994644
0.83,17,28945.025673
0.57,33,28945.085352
0.67,33,28945.144001
0.72,18,28945.176437
0.7,20,28945.21505
0.9,20,28945.252489
0.72,18,28945.287991
0.64,26,28945.333665
0.63,27,28945.382271
0.82,18,28945.414602
0.78,32,28945.471443
0.96,14,28945.496342
0.78,22,28945.535306
0.79,21,28945.575396
0.73,17,28945.6081
0.71,29,28945.664436
0.34,56,28945.793314
0.9,20,28945.835856
0.45,45,28951.37447
0.9,20,28951.409811
0.83,17,28951.43989
0.77,23,28951.480323
0.81,19,28951.513905
0.82,18,28951.545684
0.86,24,28951.588223
0.69,21,28951.624808
0.61,29,28951.675807
0.72,18,28951.707502
0.68,22,28951.746268
0.35,45,28951.829421
0.71,19,28951.863652
0.69,31,28951.928606
0.79,21,28951.974481
0.3,40,28952.047369
0.79,21,28952.084572
0.7,20,28952.119669
0.7,20,28952.154735
0.8,20,28952.190203
0.76,24,28952.232237
0.82,18,28952.26351
0.62,18,28952.294955
0.66,24,28952.336616
0.72,18,28952.368711
0.78,22,28952.40666
0.82,18,28952.437819
0.81,19,28952.47058
0.8,20,28952.504969
0.68,22,28952.543441
0.8,20,28952.578846
0.52,48,28952.661584
0.67,33,28952.718952
0.68,22,28952.757725
0.44,46,28952.837526
0.8,20,28952.872664
0.88,22,28952.911365
0.87,23,28952.952323
0.68,22,28952.99105
0.65,35,28953.053154
0.58,32,28953.110838
0.78,22,28953.149667
0.59,31,28958.388563
0.83,17,28958.419471
0.4,40,28958.49147
0.82,18,28958.52403
0.78,32,28958.580453
0.65,25,28958.624728
0.77,23,28958.665655
0.84,16,28958.694145
0.76,24,28958.736722
0.87,23,28958.777212
0.62,18,28958.809117
0.78,32,28958.865692
0.81,19,28958.899371
0.86,24,28958.948492
0.8,20,28958.992571
0.89,21,28959.03867
0.66,34,28959.113498
0.76,24,28959.166462
0.85,25,28959.220693
0.58,32,28959.290747
0.67,23,28959.341713
0.91,19,28959.383586
0.79,21,28959.428941
0.67,33,28959.500562
0.79,21,28959.547758
0.71,19,28959.591104
0.52,28,28959.652948
0.72,18,28959.689906
0.82,18,28959.727477
0.91,19,28959.766916
0.9,20,28959.807085
0.59,31,28959.862317
0.7,20,28959.898478
0.68,32,28959.954489
0.81,29,28960.005199
0.4,30,28960.057787
0.35,45,28960.136555
0.67,33,28960.194083
0.69,21,28960.232192
0.8,20,28960.267617
0.72,18,28960.299925
0.89,21,28965.406538
0.72,18,28965.438483
0.7,30,28965.490689
0.66,34,28965.549677
0.79,21,28965.586877
0.53,37,28965.666116
0.8,20,28965.710894
0.75,25,28965.765728
0.68,22,28965.813776
0.79,21,28965.854588
0.85,25,28965.900887
0.83,17,28965.938074
0.61,19,28965.979943
0.53,37,28966.060081
0.78,22,28966.107513
0.78,22,28966.15588
0.68,22,28966.204118
0.68,32,28966.275734
0.91,19,28966.318751
0.81,19,28966.360449
0.91,19,28966.402397
0.8,20,28966.447928
0.79,21,28966.494508
0.79,21,28966.541976
0.52,38,28966.624154
0.49,31,28966.691473
0.8,20,28966.735173
0.71,19,28966.776966
0.8,20,28966.820559
0.57,33,28966.886194
0.93,17,28966.923097
0.7,20,28966.966805
0.81,19,28967.003114
0.61,29,28967.054079
0.91,19,28967.088078
0.38,42,28967.162082
0.72,18,28967.193875
0.56,34,28967.253759
0.58,42,28967.327145
0.8,20,28967.362341
0.81,19,28967.395831
0.8,20,28967.43082
0.71,19,28967.464214
0.7,20,28972.806253
0.72,18,28972.840748
0.8,20,28972.87653
0.81,19,28972.910452
0.79,21,28972.952107
0.74,16,28972.982867
0.71,19,28973.022011
0.57,33,28973.094498
0.68,32,28973.16859
0.78,22,28973.208953
0.38,32,28973.265995
0.71,19,28973.30039
0.77,23,28973.341321
0.78,32,28973.397558
0.66,24,28973.439951
0.73,17,28973.470429
0.8,20,28973.506227
0.66,24,28973.549412
0.15,65,28973.664922
0.81,19,28973.699445
0.69,31,28973.755246
0.8,20,28973.792893
0.68,22,28973.833851
0.6,20,28973.880713
0.8,20,28973.919299
0.72,18,28973.951361
0.88,22,28973.990972
0.68,22,28974.034524
0.9,20,28974.08005
0.79,21,28974.126012
0.69,21,28974.171854
0.81,19,28974.214129
0.79,21,28974.260622
0.77,23,28974.311141
0.47,33,28974.38306
0.6,30,28974.448685
0.69,31,28974.516368
0.88,22,28974.566061
0.81,19,28974.608269
0.89,21,28974.654448
0.73,27,28974.71334
0.83,17,28974.751698
0.68,22,28974.804205
0.91,19,28979.703986
0.79,21,28979.742235
0.79,21,28979.781145
0.8,20,28979.817151
0.57,33,28979.876287
0.9,20,28979.913408
0.6,40,28979.984098
0.78,22,28980.022916
0.81,19,28980.056569
0.9,20,28980.092234
0.91,19,28980.125976
0.9,20,28980.161681
0.55,25,28980.206014
0.71,19,28980.240109
0.93,17,28980.270485
0.78,22,28980.311089
0.42,48,28980.41212
0.57,33,28980.474279
0.71,19,28980.507899
0.55,35,28980.56975
0.72,18,28980.601794
0.71,19,28980.635816
0.35,65,28980.757683
0.67,23,28980.798593
0.9,20,28980.834288
0.6,40,28980.904227
0.61,19,28980.939792
0.39,41,28981.029547
0.82,18,28981.069411
0.79,21,28981.114839
0.91,19,28981.157558
0.7,30,28981.224243
0.37,53,28981.340023
0.8,20,28981.384182
0.52,28,28981.445095
0.7,20,28981.488764
0.94,16,28981.523941
0.28,42,28981.61626
0.62,28,28987.863394
0.67,33,28987.936024
0.4,30,28988.002111
0.84,26,28988.059178
0.77,23,28988.113254
0.8,20,28988.161302
0.7,20,28988.20558
0.88,22,28988.254679
0.91,19,28988.296762
0.8,20,28988.341105
0.7,20,28988.381192
0.71,19,28988.414289
0.55,25,28988.457653
0.69,31,28988.511522
0.8,20,28988.547675
0.58,32,28988.604355
0.84,16,28988.63248
0.8,30,28988.685122
0.9,20,28988.729005
0.69,21,28988.769998
0.93,17,28988.80038
0.83,17,28988.831364
0.82,18,28988.863861
0.7,20,28988.907552
0.81,19,28988.94598
0.56,44,28989.030867
0.93,17,28989.068067
0.79,21,28989.113932
0.78,22,28989.163893
0.7,30,28989.234261
0.82,18,28989.273948
0.7,20,28989.317966
0.83,17,28989.355098
0.9,20,28989.398817
0.78,22,28989.446717
0.78,22,28989.494582
0.82,18,28989.533924
0.77,23,28989.584711
0.81,19,28989.626675
0.62,28,28989.688553
0.78,22,28989.737462
0.81,19,28989.781227
0.78,22,28989.830766
0.71,19,28989.874102
0.81,19,28989.912396
0.58,22,28989.953247
0.78,22,28994.571819
0.67,23,28994.61264
0.58,32,28994.668618
0.59,31,28994.722714
0.19,41,28994.794051
0.57,43,28994.867942
0.43,37,28994.932142
0.8,20,28994.967102
0.71,29,28995.017429
0.79,21,28995.053929
0.79,21,28995.090385
0.93,17,28995.121124
0.79,31,28995.176396
0.87,23,28995.21946
0.84,26,28995.2658
0.91,19,28995.299782
0.48,32,28995.3551
0.87,23,28995.395053
0.56,24,28995.436881
0.62,18,28995.468223
0.61,19,28995.501456
0.8,20,28995.540012
0.7,20,28995.579033
0.8,20,28995.614042
0.95,15,28995.640062
0.73,17,28995.670248
0.7,30,28995.722842
0.82,18,28995.754728
0.91,19,28995.787772
0.67,23,28995.827893
0.68,22,28995.866954
0.81,19,28995.907422
0.65,25,28995.951556
0.6,30,28996.010378
0.69,31,28996.07773
0.93,17,28996.114486
0.66,24,28996.166456
0.71,19,28996.208622
0.89,21,28996.255067
0.84,16,28996.291176
0.8,20,28996.334887
0.69,21,28996.381283
0.78,22,28996.430173
0.83,17,28996.467024
0.78,22,29001.237148
0.69,21,29001.275945
0.77,23,29001.316637
0.92,18,29001.348495
0.66,34,29001.408092
0.51,39,29001.483095
0.89,21,29001.529198
0.86,24,29001.58502
0.87,23,29001.635834
0.79,21,29001.682205
0.7,20,29001.725836
0.67,33,29001.797479
0.83,17,29001.834719
0.75,25,29001.889768
0.66,24,29001.94237
0.83,17,29001.973203
0.55,45,29002.068117
0.75,25,29002.122822
0.79,21,29002.168455
0.69,21,29002.214804
0.9,20,29002.258373
0.83,17,29002.2957
0.87,23,29002.345428
0.55,25,29002.399551
0.66,44,29002.494329
0.74,26,29002.550991
0.79,21,29002.598178
0.88,22,29002.65631
0.62,28,29002.718353
0.72,18,29002.75838
0.45,45,29002.854575
0.89,21,29002.894396
0.7,30,29002.953429
0.71,19,29002.990921
0.82,18,29003.023231
0.54,36,29003.089021
0.89,21,29003.126793
0.57,33,29003.185648
0.53,47,29003.27104
0.7,20,29003.306094
0.77,23,29009.032156
0.79,21,29009.069494
0.78,32,29009.126177
0.88,22,29009.165465
0.81,19,29009.199451
0.79,21,29009.237531
0.66,34,29009.29737
0.55,25,29009.341404
0.79,21,29009.378637
0.69,31,29009.433339
0.57,33,29009.491552
0.8,20,29009.526888
0.8,20,29009.562443
0.85,15,29009.588995
0.92,18,29009.621025
0.69,21,29009.65846
0.91,19,29009.69333
0.9,20,29009.729532
0.8,20,29009.766119
0.7,30,29009.820017
0.72,18,29009.852637
0.71,29,29009.904621
0.82,18,29009.936926
0.68,32,29009.994753
0.56,34,29010.055291
0.79,21,29010.092913
0.8,20,29010.128522
0.9,20,29010.164426
0.7,20,29010.200667
0.59,21,29010.238783
0.66,24,29010.281956
0.8,20,29010.318303
0.58,22,29010.357784
0.75,25,29010.402745
0.82,18,29010.435254
0.88,22,29010.47451
0.81,19,29010.508498
0.77,23,29010.55064
0.69,21,29010.588428
0.53,27,29010.63635
0.76,24,29010.679553
0.81,19,29010.714172
0.79,21,29010.752183
0.34,56,29015.44629
0.7,20,29015.481439
0.46,34,29015.541111
0.77,23,29015.582549
0.65,25,29015.626659
0.83,17,29015.656626
0.62,18,29015.688177
0.9,20,29015.723668
0.58,32,29015.781617
0.49,31,29015.849133
0.7,20,29015.888826
0.8,20,29015.927999
0.82,28,29015.988449
0.88,22,29016.030252
0.79,21,29016.067394
0.76,24,29016.110042
0.74,26,29016.155796
0.63,27,29016.202859
0.69,21,29016.24011
0.79,21,29016.2786
0.94,16,29016.308331
0.83,17,29016.339631
0.92,18,29016.371464
0.72,28,29016.422062
0.81,19,29016.457339
0.77,23,29016.499688
0.91,19,29016.533983
0.69,41,29016.606863
0.79,21,29016.644016
0.8,30,29016.696905
0.9,20,29016.732105
0.81,19,29016.765847
0.79,21,29016.802878
0.42,38,29016.869006
0.88,22,29016.907819
0.82,18,29016.939331
0.66,24,29016.98649
0.54,36,29017.057236
0.65,35,29017.132796
0.7,20,29017.176295
0.57,33,29017.248934
0.18,42,29017.34103
0.82,28,29022.364567
0.6,20,29022.400324
0.56,34,29022.459604
0.7,20,29022.49434
0.83,17,29022.524712
0.72,18,29022.55655
0.81,19,29022.590641
0.8,20,29022.62581
0.84,16,29022.654472
0.62,18,29022.686954
0.55,35,29022.749087
0.33,67,29022.866773
0.72,18,29022.898986
0.79,21,29022.93831
0.34,46,29023.038963
0.68,32,29023.108876
0.9,20,29023.153249
0.59,31,29023.220941
0.94,16,29023.253044
0.63,37,29023.334809
0.89,21,29023.38062
0.71,19,29023.422312
0.55,35,29023.498429
0.72,18,29023.537876
0.69,21,29023.584276
0.69,21,29023.630722
0.77,23,29023.681205
0.82,18,29023.720669
0.62,18,29023.758955
0.31,59,29023.863383
0.47,33,29023.922682
0.93,17,29023.953746
0.77,23,29023.994561
0.89,21,29024.031742
0.81,19,29024.065166
0.22,68,29024.183239
0.81,19,29024.216619
0.6,20,29024.251859
0.75,25,29030.597258
0.78,22,29030.638532
0.79,21,29030.680927
0.79,21,29030.727421
0.7,20,29030.771157
0.72,18,29030.810444
0.82,18,29030.850134
0.87,23,29030.894946
0.72,18,29030.930829
0.61,19,29030.97287
0.78,22,29031.021504
0.8,20,29031.06619
0.78,22,29031.115395
0.43,37,29031.196733
0.92,18,29031.236295
0.79,21,29031.282669
0.83,17,29031.32065
0.8,20,29031.36528
0.42,48,29031.473569
0.64,36,29031.555995
0.69,21,29031.603222
0.96,14,29031.634344
0.78,22,29031.68304
0.69,21,29031.72995
0.81,19,29031.771339
0.88,22,29031.81842
0.81,19,29031.855198
0.78,22,29031.897599
0.78,22,29031.937253
0.75,25,29031.982783
0.56,24,29032.027819
0.81,19,29032.061833
0.79,21,29032.098799
0.8,20,29032.134169
0.56,34,29032.194778
0.89,21,29032.23343
0.58,32,29032.290745
0.79,21,29032.328089
0.56,34,29032.388695
0.81,19,29032.422434
0.72,18,29032.454149
0.69,21,29032.491341
0.9,20,29032.526768
0.78,22,29032.567067
0.85,15,29032.594155
0.6,30,29032.646806
0.92,18,29037.587339
0.89,21,29037.624455
0.65,35,29037.685854
0.78,22,29037.72764
0.81,19,29037.766505
0.63,37,29037.846773
0.69,21,29037.889596
0.67,23,29037.940843
0.71,19,29037.982843
0.78,22,29038.029655
0.71,19,29038.063686
0.82,18,29038.096311
0.89,21,29038.133271
0.71,19,29038.167523
0.75,25,29038.211584
0.87,23,29038.252855
0.5,30,29038.305608
0.72,18,29038.337572
0.79,21,29038.374623
0.8,20,29038.410112
0.72,28,29038.45971
0.7,30,29038.512909
0.7,20,29038.549189
0.71,19,29038.583373
0.84,16,29038.612314
0.68,22,29038.651692
0.9,20,29038.687471
0.84,16,29038.716356
0.89,21,29038.753818
0.89,21,29038.790856
0.54,36,29038.853668
0.6,20,29038.888212
0.8,20,29038.925468
0.55,35,29038.999772
0.62,18,29039.031298
0.67,23,29039.071332
0.89,21,29039.108054
0.77,23,29039.148391
0.72,18,29039.180171
0.9,20,29039.215667
0.79,21,29039.253085
0.82,18,29039.284472
0.79,21,29039.322031
0.7,20,29039.357392
0.73,17,29039.388387
0.91,19,29039.421883
0.62,18,29043.904009
0.8,30,29043.956538
0.8,20,29043.992447
0.82,18,29044.024413
0.73,17,29044.054892
0.46,34,29044.114402
0.66,34,29044.17481
0.88,22,29044.214135
0.65,25,29044.258775
0.92,18,29044.291243
0.79,21,29044.328914
0.62,18,29044.361009
0.82,18,29044.393142
0.71,19,29044.426421
0.79,21,29044.463401
0.79,21,29044.500481
0.8,20,29044.536564
0.9,20,29044.572623
0.54,36,29044.636966
0.81,19,29044.67094
0.68,22,29044.710276
0.9,20,29044.745984
0.71,19,29044.77957
0.57,33,29044.837593
0.58,32,29044.893854
0.91,19,29044.927574
0.78,22,29044.966299
0.71,19,29044.999905
0.83,17,29045.029773
-0.2,90,29045.18678
0.62,38,29045.254798
0.88,22,29045.293356
0.79,21,29045.330585
0.82,18,29045.3627
0.79,21,29045.402268
0.49,31,29045.460186
0.79,21,29045.49946
0.8,20,29045.536495
0.83,17,29045.568491
0.88,22,29045.609988
0.81,19,29045.651627
0.61,19,29045.694187
0.81,19,29045.735976
0.92,18,29051.082946
0.8,20,29051.120532
0.81,19,29051.155817
0.71,19,29051.190543
0.79,21,29051.228119
0.8,20,29051.264317
0.78,22,29051.304197
0.88,22,29051.34382
0.5,30,29051.397602
0.81,19,29051.432588
0.8,20,29051.469244
0.67,23,29051.510056
0.88,22,29051.55005
0.93,17,29051.5822
0.95,15,29051.609114
0.68,22,29051.647999
0.89,21,29051.685305
0.81,19,29051.720488
0.49,31,29051.77753
0.39,51,29051.888666
0.81,19,29051.924016
0.78,22,29051.962986
0.43,47,29052.045571
0.8,20,29052.081367
0.8,20,29052.116898
0.71,19,29052.150506
0.81,19,29052.184246
0.32,38,29052.251612
0.81,19,29052.285439
0.4,40,29052.355657
0.81,19,29052.389861
0.92,18,29052.422735
0.79,21,29052.459972
0.91,19,29052.49336
0.9,20,29052.528418
0.93,17,29052.55868
0.26,44,29052.637376
0.79,21,29052.675034
0.89,21,29052.712063
0.69,21,29052.749482
0.35,55,29052.862276
0.7,20,29052.903366
0.79,21,29058.487317
0.77,33,29058.5454
0.67,23,29058.586582
0.61,19,29058.619971
0.75,25,29058.663687
0.97,13,29058.6868
0.41,39,29058.7556
0.72,18,29058.787098
0.49,31,29058.841638
0.7,20,29058.877157
0.92,18,29058.908974
0.51,49,29058.994848
0.9,20,29059.030668
0.76,24,29059.072836
0.7,20,29059.108781
0.72,18,29059.141773
0.61,19,29059.175754
0.81,19,29059.209598
0.28,62,29059.316776
0.91,19,29059.349929
0.88,22,29059.388757
0.92,18,29059.421128
0.83,27,29059.468772
0.8,30,29059.521293
0.69,21,29059.558742
0.82,18,29059.59126
0.79,21,29059.628624
0.73,17,29059.659263
0.72,18,29059.690865
0.8,20,29059.7263
0.78,22,29059.769789
0.9,20,29059.805492
0.9,20,29059.840966
0.66,34,29059.900968
0.59,21,29059.939666
0.91,19,29059.97347
0.81,19,29060.007184
-0.38,78,29060.144049
0.7,30,29060.19738
0.79,21,29060.235497
0.82,18,29060.267779
-0.09,49,29066.397109
0.8,20,29066.432195
0.75,25,29066.475823
0.6,30,29066.532427
0.59,31,29066.591813
0.71,19,29066.62557
0.7,20,29066.660766
0.8,20,29066.696136
0.4,30,29066.748697
0.71,19,29066.782325
0.82,18,29066.814214
0.81,19,29066.847844
0.9,20,29066.883271
0.78,22,29066.923697
0.77,23,29066.965153
0.77,23,29067.006374
0.83,27,29067.065114
0.7,30,29067.131442
0.24,56,29067.252914
0.9,20,29067.295066
0.63,27,29067.3536
0.69,21,29067.399458
0.79,21,29067.445711
0.89,21,29067.491682
0.78,22,29067.539363
-0.16,56,29067.656819
0.81,19,29067.695881
0.67,33,29067.764186
0.81,19,29067.797619
0.78,22,29067.835933
0.6,40,29067.905388
0.9,20,29067.941808
0.71,29,29067.994205
0.79,21,29068.030645
0.77,23,29068.070466
0.57,33,29068.127284
0.5,30,29068.179336
0.53,27,29068.226495
0.47,43,29073.794895
0.89,21,29073.831471
0.89,21,29073.868163
0.68,22,29073.906797
0.75,25,29073.950765
-0.11,71,29074.074167
0.75,25,29074.117831
0.71,19,29074.150851
0.9,20,29074.185379
0.7,20,29074.220572
0.48,32,29074.275993
0.89,21,29074.312439
0.92,18,29074.343745
0.6,20,29074.378414
0.78,22,29074.417279
0.8,20,29074.452425
0.58,32,29074.507955
0.78,22,29074.546946
0.81,19,29074.581546
0.79,21,29074.618425
0.79,21,29074.655963
0.81,19,29074.689508
0.94,16,29074.717252
0.95,15,29074.743598
0.72,18,29074.774876
0.86,24,29074.816316
0.69,21,29074.861623
0.77,33,29074.924525
0.98,12,29074.946177
0.68,22,29074.984799
0.79,21,29075.020961
0.55,35,29075.082082
0.82,18,29075.113965
0.72,18,29075.145633
0.76,24,29075.187496
0.73,27,29075.234832
0.5,40,29075.303845
0.8,20,29075.338947
0.67,23,29075.378809
0.81,19,29075.411927
0.72,18,29075.442849
0.91,19,29075.480751
0.92,18,29075.520127
0.68,22,29075.568196
0.82,18,29075.607342
0.79,21,29080.703472
0.61,29,29080.754163
0.8,20,29080.789171
0.81,19,29080.82244
0.88,22,29080.864906
0.83,17,29080.895422
0.51,49,29080.981285
0.9,20,29081.016707
0.31,49,29081.104421
0.88,22,29081.143996
0.89,21,29081.181705
0.79,21,29081.220148
0.59,31,29081.275129
0.89,21,29081.312387
0.8,20,29081.348098
0.67,23,29081.38936
0.81,19,29081.423432
0.78,22,29081.462715
0.8,20,29081.498625
0.28,42,29081.576943
0.89,21,29081.614944
0.44,36,29081.679222
0.69,21,29081.717347
0.65,25,29081.768848
0.47,33,29081.843149
0.4,40,29081.931939
0.82,18,29081.971782
0.78,22,29082.01584
0.72,18,29082.051405
0.47,33,29082.113949
0.69,21,29082.152874
0.69,21,29082.19135
0.61,29,29082.243239
0.68,32,29082.300776
0.88,22,29082.34011
0.87,23,29082.381345
0.81,19,29082.415209
0.74,16,29082.444018
0.78,22,29082.4837
0.77,23,29082.524711
0.76,24,29082.567564
0.8,20,29087.904084
0.78,22,29087.942302
0.55,35,29088.004031
0.57,33,29088.062296
0.82,18,29088.095916
0.68,32,29088.154963
0.59,31,29088.211401
0.78,22,29088.250182
0.81,19,29088.284095
0.9,20,29088.319588
0.41,49,29088.405773
0.77,23,29088.445495
0.71,19,29088.478778
0.74,26,29088.523823
0.61,29,29088.574874
0.34,46,29088.655329
0.88,22,29088.69381
0.73,27,29088.749845
0.66,24,29088.802524
0.55,35,29088.87862
0.56,34,29088.952686
0.8,20,29088.996697
0.72,18,29089.036313
0.78,22,29089.085125
0.71,19,29089.127929
0.77,23,29089.179099
0.91,19,29089.220512
0.58,42,29089.312306
0.69,31,29089.379817
0.81,19,29089.421164
0.88,22,29089.46929
0.77,23,29089.519034
0.8,20,29089.563601
0.82,18,29089.603766
0.69,41,29089.694204
0.5,30,29089.757774
0.78,22,29089.797534
0.87,23,29089.838633
0.69,31,29095.312891
0.85,25,29095.356492
0.59,31,29095.410851
0.95,15,29095.437157
0.83,17,29095.467055
0.8,20,29095.501894
0.71,19,29095.535234
0.52,38,29095.605122
0.79,21,29095.642895
0.69,21,29095.680311
0.7,20,29095.723714
0.59,41,29095.813665
0.83,17,29095.851637
0.88,22,29095.896037
0.61,19,29095.93067
0.78,22,29095.976978
0.72,18,29096.014746
0.77,23,29096.056593
0.66,24,29096.099982
0.8,20,29096.141326
0.79,21,29096.182703
0.68,32,29096.23991
0.16,64,29096.352852
0.91,19,29096.386863
0.71,19,29096.422098
0.81,19,29096.458916
0.9,20,29096.498656
0.66,34,29096.565268
0.89,21,29096.606825
0.16,54,29096.708488
0.74,16,29096.737947
0.31,49,29096.825578
0.4,40,29096.899333
0.78,22,29096.941576
0.89,21,29096.980875
0.49,31,29097.039818
0.42,58,29097.145309
0.83,17,29097.176392
0.56,34,29103.569045
0.81,19,29103.610973
0.8,20,29103.654474
0.5,30,29103.712314
0.22,48,29103.801466
0.79,21,29103.839631
0.68,32,29103.903118
0.7,30,29103.956558
0.79,21,29103.993798
0.69,21,29104.030703
0.88,22,29104.069553
0.56,34,29104.131983
0.18,52,29104.22349
0.81,19,29104.257493
0.88,22,29104.296381
0.81,19,29104.330077
0.11,59,29104.432895
0.82,18,29104.465026
0.71,19,29104.4986
0.8,20,29104.533632
0.78,22,29104.572697
0.91,19,29104.605996
0.81,19,29104.643841
0.69,21,29104.681469
0.5,50,29104.773062
0.91,19,29104.806715
0.69,21,29104.843922
0.7,20,29104.879044
0.8,20,29104.91468
0.9,20,29104.949978
0.82,18,29104.981758
0.79,21,29105.018804
0.54,36,29105.081769
0.8,20,29105.116939
0.73,27,29105.164384
0.8,30,29105.217948
0.79,21,29105.255957
0.72,18,29105.288463
0.72,18,29105.320917
0.7,20,29105.356354
0.79,21,29105.394663
0.79,21,29111.005991
0.77,23,29111.059915
0.81,19,29111.101622
0.74,26,29111.157952
0.74,26,29111.214651
0.62,18,29111.254231
0.52,28,29111.315221
0.63,27,29111.373345
0.57,33,29111.44464
0.8,20,29111.488292
0.89,21,29111.533793
0.7,20,29111.579079
0.69,31,29111.648445
0.66,34,29111.724172
0.79,21,29111.766524
0.83,17,29111.797746
0.74,26,29111.846371
0.79,21,29111.8881
0.43,37,29111.959059
0.79,21,29111.996509
0.8,20,29112.032458
0.46,34,29112.096202
0.81,19,29112.133298
0.79,21,29112.170644
0.7,20,29112.206239
0.56,34,29112.267201
0.73,17,29112.297498
0.8,20,29112.333273
0.91,19,29112.366946
0.49,31,29112.420984
0.59,31,29112.47491
0.34,46,29112.556656
0.83,17,29112.587763
0.81,19,29112.621934
0.67,23,29112.663589
0.85,15,29112.691296
0.67,33,29112.751959
0.72,18,29112.784734
0.67,23,29112.826609
0.89,21,29112.865506
0.91,19,29112.899609
0.8,20,29112.936969
0.81,19,29112.970715
0.81,19,29118.094892
0.78,22,29118.135432
0.8,20,29118.172
0.86,24,29118.216101
0.69,21,29118.254873
0.73,17,29118.285821
0.81,19,29118.320453
0.58,32,29118.377606
0.82,28,29118.432101
0.81,19,29118.471383
0.57,33,29118.531191
0.59,31,29118.587781
0.59,31,29118.644319
0.78,22,29118.683926
0.7,20,29118.720451
0.82,18,29118.753645
0.9,20,29118.789368
0.58,22,29118.828639
0.7,20,29118.865465
0.71,19,29118.899311
0.78,22,29118.944638
0.8,20,29118.983856
0.67,23,29119.025849
0.36,44,29119.103984
0.71,19,29119.13812
0.61,19,29119.172648
0.66,34,29119.233783
0.69,21,29119.271007
0.79,21,29119.308198
0.93,17,29119.339144
0.71,19,29119.373858
0.68,22,29119.414522
0.69,31,29119.474275
0.62,18,29119.507696
0.76,24,29119.553846
0.87,23,29119.594918
0.72,18,29119.627482
0.77,23,29119.668312
0.84,16,29119.697057
0.82,18,29119.729091
0.71,19,29119.763614
0.8,20,29119.798846
0.64,26,29119.844464
0.78,22,29119.885674
0.72,18,29119.923801
0.7,20,29119.964364
0.82,18,29124.63661
0.35,45,29124.736487
0.7,20,29124.78415
0.8,20,29124.830244
0.82,18,29124.87037
0.27,43,29124.961124
0.82,18,29124.999995
0.44,56,29125.099074
0.71,29,29125.150366
0.72,18,29125.181557
0.9,20,29125.216786
0.54,46,29125.296369
0.67,23,29125.336391
0.89,21,29125.372493
0.82,18,29125.404006
0.47,33,29125.461128
0.81,19,29125.49423
0.78,22,29125.532474
0.89,21,29125.57072
0.07,63,29125.712479
0.99,11,29125.733398
0.89,21,29125.777204
0.61,19,29125.813289
0.7,20,29125.853611
0.71,19,29125.897309
0.49,31,29125.95397
0.69,31,29126.009148
0.59,31,29126.064255
0.7,20,29126.099668
0.83,17,29126.130367
0.81,19,29126.164677
0.79,21,29126.2035
0.85,25,29126.250553
0.7,30,29126.307049
0.8,20,29126.344346
0.72,18,29126.377342
0.32,48,29126.463037
0.81,19,29126.497434
0.6,40,29132.763465
0.72,18,29132.794918
0.68,32,29132.850211
0.66,24,29132.898304
0.71,19,29132.937573
0.8,20,29132.975603
0.94,16,29133.009479
0.8,20,29133.053159
0.73,17,29133.090082
0.52,38,29133.17418
0.74,16,29133.209881
0.85,15,29133.242908
0.71,19,29133.288033
0.68,22,29133.3391
0.76,24,29133.391231
0.91,19,29133.432586
0.63,27,29133.491821
0.7,20,29133.535629
0.85,15,29133.568426
0.61,29,29133.631767
0.25,45,29133.73396
0.71,19,29133.77596
0.82,18,29133.815506
0.91,19,29133.857394
0.81,19,29133.899408
0.68,32,29133.969527
0.81,19,29134.011065
0.71,19,29134.052676
0.79,21,29134.098218
0.68,22,29134.145914
0.78,22,29134.194423
0.86,24,29134.247311
0.57,43,29134.338094
0.81,19,29134.378699
0.59,21,29134.424946
0.72,28,29134.486057
0.67,23,29134.53633
0.66,24,29134.589724
0.6,30,29134.654214
0.71,19,29134.695354
0.88,22,29134.74406
0.61,29,29134.807483
0.89,21,29134.853624
0.49,41,29134.941438
0.71,19,29140.051989
0.64,36,29140.114412
0.04,56,29140.210969
0.7,20,29140.246396
0.88,22,29140.284851
0.28,52,29140.374081
0.38,42,29140.447163
0.76,24,29140.489301
0.83,17,29140.519228
0.72,18,29140.550915
0.82,18,29140.582427
0.39,41,29140.6535
0.81,19,29140.69149
0.85,25,29140.739275
0.8,20,29140.775049
0.51,39,29140.843111
0.71,19,29140.876772
0.69,21,29140.913501
0.7,20,29140.948563
0.7,30,29141.003194
0.9,20,29141.047498
0.8,20,29141.091162
0.45,35,29141.168019
0.57,33,29141.241241
0.49,31,29141.31171
0.78,22,29141.362156
0.93,17,29141.400939
0.58,32,29141.471353
0.81,19,29141.513262
0.6,30,29141.579981
0.88,22,29141.628215
0.9,20,29141.672238
0.9,20,29141.718021
0.78,22,29141.769309
0.82,18,29141.809758
0.93,17,29141.847728
0.6,20,29141.892194
0.49,31,29141.94839
0.61,29,29142.000042
0.71,19,29147.792096
0.82,18,29147.831321
0.72,18,29147.870819
0.88,22,29147.916852
0.93,17,29147.947612
0.71,19,29147.981568
0.9,20,29148.017364
0.71,19,29148.051
0.33,47,29148.134422
0.81,19,29148.169315
0.77,23,29148.215239
0.81,19,29148.258709
0.45,45,29148.357191
0.81,19,29148.399029
0.8,20,29148.442707
0.49,41,29148.531923
0.9,20,29148.577512
0.72,18,29148.616783
0.57,33,29148.688459
0.71,19,29148.730184
0.81,19,29148.772457
0.48,42,29148.863658
0.9,20,29148.907694
0.69,21,29148.952917
0.82,18,29148.992707
0.65,25,29149.046956
0.7,20,29149.09108
0.66,24,29149.144146
0.41,39,29149.230982
0.71,19,29149.272772
0.72,18,29149.31252
0.82,18,29149.351463
0.81,19,29149.393122
0.39,41,29149.481317
0.82,28,29149.54175
0.69,21,29149.588064
0.82,18,29149.627888
0.58,32,29149.696953
0.73,17,29149.733906
0.55,25,29149.789088
0.79,21,29149.835312
0.35,45,29149.925261
0.5,30,29155.60559
0.67,23,29155.645759
0.67,23,29155.686029
0.88,22,29155.726761
0.47,43,29155.804206
0.56,54,29155.899463
0.48,42,29155.973278
0.7,20,29156.014207
0.8,20,29156.058965
0.48,32,29156.128552
0.54,26,29156.185397
0.67,33,29156.258321
0.42,48,29156.362793
0.71,19,29156.404794
0.92,18,29156.444026
0.71,29,29156.50669
0.91,19,29156.549334
0.38,32,29156.620596
0.81,19,29156.662759
0.77,33,29156.736083
0.58,42,29156.813348
0.8,20,29156.849784
0.66,34,29156.916665
0.82,18,29156.948766
0.77,23,29156.989444
0.8,20,29157.025028
0.81,19,29157.058571
0.59,31,29157.113564
0.87,23,29157.154563
0.81,19,29157.188516
0.82,18,29157.221135
0.89,21,29157.258833
0.89,21,29157.296332
0.88,22,29157.336073
0.51,29,29157.387701
0.8,20,29157.423246
0.82,18,29157.455498
0.74,26,29157.501195
0.51,29,29157.552348
0.55,45,29163.352712
0.58,32,29163.409286
0.72,18,29163.441297
0.77,23,29163.482264
0.15,55,29163.580716
0.8,20,29163.616469
0.79,21,29163.653669
0.81,19,29163.687462
0.7,20,29163.723875
0.77,23,29163.765289
0.9,20,29163.801522
0.71,19,29163.835472
0.71,19,29163.869621
0.91,19,29163.903941
0.37,43,29163.983242
0.9,20,29164.019178
0.78,22,29164.059117
0.8,20,29164.095433
0.52,38,29164.162708
0.55,55,29164.260444
0.47,43,29164.337639
0.9,20,29164.373358
0.61,29,29164.425626
0.57,33,29164.484503
0.82,18,29164.516945
0.79,21,29164.555657
0.9,20,29164.593141
0.8,20,29164.630111
0.62,18,29164.662941
0.69,21,29164.701044
0.65,35,29164.770274
0.79,21,29164.81696
0.89,21,29164.863761
0.46,34,29164.93759
0.57,33,29164.997915
0.83,17,29165.035339
0.78,22,29165.078979
0.92,18,29165.111599
0.88,22,29165.151269
0.7,20,29170.730696
0.72,18,29170.762834
0.84,26,29170.808934
0.09,61,29170.915683
0.72,18,29170.948001
0.72,28,29170.997157
0.92,18,29171.029381
0.67,23,29171.070309
0.9,20,29171.105555
0.76,34,29171.165374
0.91,19,29171.199652
0.78,22,29171.239434
0.81,19,29171.274361
0.89,21,29171.31471
0.73,17,29171.352405
0.6,30,29171.418483
0.56,24,29171.470553
0.82,18,29171.509646
0.6,20,29171.554202
0.6,20,29171.599193
0.61,19,29171.640729
0.68,22,29171.688324
0.81,19,29171.72971
0.89,21,29171.776686
0.82,18,29171.818137
0.82,18,29171.853499
0.69,31,29171.920807
0.71,19,29171.957855
0.69,21,29171.998842
0.66,24,29172.043075
0.33,37,29172.107603
0.81,19,29172.141093
0.68,22,29172.180576
0.65,35,29172.242657
0.82,18,29172.275307
0.01,69,29172.397187
0.89,21,29172.434366
0.78,32,29172.491261
0.62,28,29172.541018
0.88,22,29172.580582
0.88,22,29172.619377
0.9,20,29178.357827
0.68,22,29178.397362
0.63,27,29178.44467
0.8,20,29178.479806
0.9,20,29178.515122
0.85,15,29178.541947
0.55,35,29178.604188
1.0,10,29178.622059
0.8,20,29178.657459
0.87,23,29178.697745
0.71,19,29178.731564
0.53,37,29178.796836
0.78,32,29178.85337
0.52,28,29178.903041
0.91,19,29178.936738
0.8,20,29178.971969
0.8,20,29179.007408
0.78,22,29179.046337
0.77,23,29179.086728
0.82,18,29179.118394
0.59,31,29179.172523
0.8,20,29179.20768
0.65,25,29179.260142
0.89,21,29179.307098
0.69,31,29179.364323
0.79,21,29179.410367
0.73,17,29179.447941
0.9,20,29179.491459
0.73,17,29179.528475
0.89,21,29179.575461
0.71,19,29179.616736
0.66,34,29179.690482
0.89,21,29179.735967
0.9,20,29179.779285
0.76,24,29179.8316
0.79,21,29179.87819
0.8,20,29179.920039
0.69,21,29179.961305
0.95,15,29179.994201
0.78,22,29180.041956
0.8,20,29180.08531
0.6,30,29180.150024
0.89,21,29180.196066
0.59,21,29180.242983
0.83,17,29180.280306
0.72,18,29180.320136
0.8,20,29180.365138
0.26,44,29185.220108
0.72,18,29185.252749
0.47,33,29185.310285
0.74,16,29185.342189
0.82,18,29185.377302
0.57,33,29185.449105
0.79,21,29185.486679
0.7,20,29185.521918
0.69,21,29185.559789
0.81,19,29185.593235
0.72,18,29185.625518
0.65,25,29185.670002
0.42,38,29185.736676
0.55,35,29185.813481
0.7,20,29185.860237
0.71,19,29185.898741
0.83,17,29185.936808
0.69,21,29185.975218
0.72,18,29186.0105
0.74,36,29186.088365
0.62,18,29186.128044
0.79,21,29186.173711
0.9,20,29186.217322
0.08,72,29186.374566
0.76,24,29186.427152
0.36,44,29186.522149
0.69,21,29186.569853
0.7,20,29186.61414
0.79,21,29186.660455
0.24,56,29186.782601
0.69,21,29186.828824
0.64,26,29186.885995
0.82,18,29186.918268
0.79,21,29186.958658
0.8,20,29186.993845
0.7,20,29187.028488
0.79,21,29187.069947
0.82,18,29187.109304
0.61,19,29187.150903
0.83,17,29187.188269
0.62,38,29193.176991
0.79,21,29193.22333
0.63,27,29193.272277
0.9,20,29193.309222
0.88,22,29193.357856
0.89,21,29193.396551
0.7,20,29193.433359
0.79,21,29193.471277
0.71,19,29193.506272
0.91,19,29193.542439
0.9,20,29193.580204
0.54,36,29193.657545
0.65,25,29193.713642
0.56,34,29193.775267
0.89,21,29193.813738
0.79,21,29193.852089
0.81,19,29193.889483
0.59,31,29193.953146
0.71,19,29193.987738
0.88,22,29194.0281
0.77,23,29194.070155
0.87,23,29194.111943
0.9,20,29194.148433
0.46,34,29194.212007
0.8,20,29194.249081
0.84,16,29194.27829
0.79,21,29194.316758
0.82,18,29194.349618
0.83,17,29194.381219
0.81,19,29194.415592
0.82,18,29194.448383
0.82,18,29194.481362
0.62,18,29194.514266
0.8,20,29194.551932
0.8,20,29194.589556
0.79,21,29194.628003
0.36,44,29194.726258
0.49,31,29194.789375
0.59,31,29194.845792
0.73,17,29194.877052
0.8,20,29194.922141
0.82,18,29194.959977
0.91,19,29194.99457
0.81,19,29195.028662
0.73,17,29195.059473
0.71,19,29195.093472
0.89,21,29199.785681
0.8,20,29199.820673
0.7,20,29199.855539
0.87,23,29199.895835
0.69,31,29199.949351
0.58,32,29200.004785
0.49,31,29200.058532
0.87,23,29200.098711
0.67,33,29200.155179
0.81,19,29200.187975
0.7,20,29200.223223
0.91,19,29200.256392
0.78,22,29200.295043
0.71,19,29200.328294
0.78,22,29200.366867
0.49,31,29200.421432
0.78,22,29200.459464
0.71,19,29200.492348
0.71,19,29200.525163
0.66,24,29200.568025
0.79,21,29200.605405
0.8,20,29200.640246
0.86,24,29200.681939
0.7,20,29200.716633
0.81,19,29200.750682
0.8,20,29200.793153
0.9,20,29200.838338
0.72,18,29200.877726
0.91,19,29200.919831
0.92,18,29200.958378
0.8,20,29201.001482
0.56,34,29201.076256
0.87,23,29201.126516
0.78,22,29201.175553
0.82,18,29201.2154
0.79,21,29201.261976
0.35,45,29201.36058
0.83,17,29201.398688
0.85,15,29201.432472
0.37,53,29201.548933
0.79,21,29201.595449
0.83,17,29201.630493
0.81,19,29201.663873
0.7,30,29201.715791
0.69,31,29206.745627
0.67,23,29206.795738
0.79,21,29206.842851
0.7,20,29206.886597
0.78,22,29206.935305
0.8,20,29206.974206
0.72,18,29207.011142
0.95,15,29207.045044
0.6,20,29207.088957
0.61,29,29207.152512
0.47,33,29207.225425
0.67,43,29207.320009
0.81,19,29207.362289
0.91,19,29207.404624
0.82,18,29207.444687
0.81,19,29207.486338
0.72,18,29207.52605
0.8,20,29207.572365
0.63,27,29207.631759
0.79,21,29207.670345
0.64,36,29207.749423
0.71,29,29207.81414
0.92,18,29207.854182
0.67,33,29207.917189
0.81,19,29207.951745
0.68,22,29207.990486
0.81,19,29208.023756
0.79,21,29208.060271
0.53,27,29208.107925
0.6,30,29208.161115
0.64,26,29208.207226
0.92,18,29208.240754
0.77,23,29208.283638
0.82,18,29208.318031
0.82,18,29208.35119
0.82,18,29208.382936
0.89,21,29208.419763
0.61,19,29208.454708
0.69,31,29208.510172
0.89,21,29208.54752
0.64,26,29208.592745
0.72,28,29208.641604
0.49,31,29208.69544
0.68,32,29213.497898
0.74,16,29213.526302
0.78,32,29213.582422
0.91,19,29213.615842
0.92,18,29213.648326
0.77,23,29213.688494
0.87,23,29213.734991
0.71,19,29213.778255
0.58,32,29213.849575
0.81,19,29213.891473
0.47,33,29213.960923
0.72,18,29213.995115
0.55,25,29214.044975
0.9,20,29214.089023
0.83,17,29214.126689
0.76,24,29214.180021
0.81,19,29214.222164
0.82,18,29214.262337
0.49,41,29214.35158
0.73,17,29214.389365
0.79,21,29214.435624
0.56,34,29214.509435
0.82,18,29214.549311
0.72,18,29214.589643
0.8,20,29214.633664
0.78,32,29214.703677
0.64,26,29214.761193
0.81,19,29214.803353
0.58,32,29214.873056
0.95,15,29214.906368
0.61,19,29214.947762
0.52,28,29214.999531
0.78,22,29215.038509
0.55,35,29215.100667
0.8,20,29215.136186
0.8,20,29215.171836
0.46,44,29215.250328
0.6,30,29215.304336
0.71,19,29215.339057
0.9,20,29215.375118
0.72,18,29215.408326
0.78,22,29215.4478
0.82,18,29215.47985
0.91,19,29215.513643
0.59,31,29220.575532
0.79,21,29220.613307
0.73,37,29220.678843
0.79,21,29220.716384
0.45,35,29220.77799
0.77,23,29220.819134
0.91,19,29220.854325
0.73,17,29220.892794
0.82,18,29220.934835
0.8,20,29220.974858
0.73,17,29221.008129
0.8,20,29221.043684
0.89,21,29221.080842
0.8,20,29221.116302
0.82,18,29221.148488
0.64,26,29221.194858
0.91,19,29221.228446
0.77,23,29221.269917
0.73,17,29221.300678
0.83,17,29221.331071
0.56,34,29221.391355
0.82,18,29221.42337
0.9,20,29221.458447
0.61,19,29221.49213
0.8,20,29221.527388
0.61,39,29221.59703
0.64,26,29221.64347
0.7,20,29221.67931
0.54,26,29221.728339
0.37,43,29221.808234
0.75,35,29221.870882
0.8,20,29221.90977
0.61,19,29221.944977
0.79,31,29222.004886
0.8,20,29222.042495
0.8,20,29222.078514
0.81,19,29222.111679
0.52,38,29222.177438
0.8,20,29222.212166
0.69,31,29222.266249
0.87,23,29222.307178
0.67,33,29222.364391
0.8,20,29222.400923
0.71,19,29227.696516
0.66,34,29227.771276
0.79,21,29227.817863
0.8,20,29227.862217
0.75,35,29227.938192
0.8,20,29227.981696
0.6,30,29228.046457
0.76,24,29228.099097
0.77,23,29228.150188
0.91,19,29228.19209
0.77,23,29228.243353
0.79,21,29228.289958
0.71,19,29228.332439
0.71,19,29228.374762
0.64,36,29228.453906
0.57,43,29228.548395
0.8,20,29228.593078
0.79,21,29228.638883
0.71,19,29228.680873
0.72,18,29228.720384
0.78,32,29228.788246
0.82,18,29228.820732
0.58,32,29228.878631
0.57,33,29228.937352
0.92,18,29228.969218
0.77,23,29229.010399
0.9,20,29229.046232
0.8,20,29229.088622
0.45,55,29229.209109
0.72,18,29229.249525
0.61,19,29229.291664
0.7,20,29229.336019
0.7,20,29229.380957
0.9,20,29229.425863
0.86,24,29229.478596
0.92,18,29229.518033
0.58,32,29229.579537
0.72,28,29229.629935
0.32,48,29229.717182
0.92,18,29229.757409
0.73,17,29229.794699
0.81,19,29235.477047
0.79,31,29235.533406
0.73,27,29235.583128
0.47,43,29235.662338
0.81,19,29235.69784
0.82,18,29235.735704
0.65,35,29235.813119
0.83,17,29235.851756
0.58,32,29235.920181
0.82,18,29235.958796
0.91,19,29235.994127
0.25,45,29236.073811
0.81,19,29236.108079
0.91,19,29236.141837
0.92,18,29236.175064
0.34,36,29236.259402
0.78,22,29236.310407
0.83,17,29236.349952
0.6,30,29236.416161
0.9,20,29236.460523
0.79,21,29236.506819
0.79,21,29236.554165
0.46,34,29236.630315
0.93,17,29236.667748
0.79,21,29236.714723
0.62,38,29236.798866
0.56,34,29236.873887
0.89,21,29236.920357
0.91,19,29236.957002
0.7,30,29237.01427
0.85,15,29237.048008
0.77,23,29237.099086
0.81,19,29237.141505
0.81,19,29237.183607
0.71,19,29237.225565
0.82,18,29237.265838
0.71,19,29237.308145
0.7,30,29237.375313
0.72,18,29237.416335
0.8,20,29237.46127
0.78,22,29237.50938
0.91,19,29237.55209
0.81,19,29237.59522
0.81,19,29243.149169
0.85,15,29243.178818
0.62,18,29243.219323
0.69,21,29243.266076
0.79,21,29243.312235
0.83,17,29243.349788
0.72,18,29243.390248
0.49,31,29243.45841
0.62,18,29243.497873
0.81,19,29243.540291
0.79,21,29243.587216
0.75,25,29243.641856
0.68,22,29243.690161
0.69,21,29243.736415
0.93,17,29243.774322
0.71,19,29243.815683
0.77,23,29243.866929
0.82,18,29243.907803
0.8,20,29243.94513
0.81,19,29243.980404
0.8,20,29244.016222
0.89,21,29244.053643
0.7,20,29244.090214
0.57,33,29244.14998
0.81,19,29244.184681
0.71,19,29244.220107
0.82,18,29244.254692
0.72,18,29244.287463
0.83,17,29244.318387
0.69,21,29244.35615
0.69,31,29244.412032
0.65,25,29244.457762
0.72,18,29244.490563
0.8,20,29244.527115
0.71,29,29244.579724
0.39,61,29244.68705
0.67,33,29244.745826
0.71,19,29244.780067
0.58,32,29244.837328
0.67,33,29244.896002
0.9,20,29244.932578
0.7,20,29244.976071
0.79,21,29245.017855
0.73,17,29245.055727
0.91,19,29245.097157
0.42,38,29250.113289
0.56,34,29250.175554
0.38,42,29250.254343
0.54,36,29250.320669
0.8,20,29250.357398
0.63,17,29250.388259
0.4,50,29250.475681
0.62,18,29250.507595
0.76,24,29250.551757
0.86,24,29250.595345
0.53,47,29250.677725
0.91,19,29250.711505
0.89,21,29250.749576
0.9,20,29250.784698
0.92,18,29250.816388
0.74,26,29250.87455
0.77,23,29250.917828
0.65,25,29250.962232
0.9,20,29250.997636
0.59,21,29251.034796
0.79,21,29251.072461
0.77,23,29251.113041
0.88,22,29251.152048
0.61,29,29251.203156
0.7,30,29251.25711
0.82,18,29251.28956
0.2,60,29251.39495
0.49,31,29251.449665
0.77,23,29251.490126
0.82,18,29251.521912
0.8,20,29251.557698
0.81,19,29251.591735
0.88,22,29251.631325
0.65,35,29251.695423
0.7,20,29251.731894
0.78,22,29251.777004
0.86,24,29251.830164
0.82,18,29251.870731
0.69,31,29251.933275
0.85,15,29251.960346
0.65,25,29257.498808
0.72,18,29257.53183
0.52,28,29257.59356
0.78,22,29257.642719
0.86,24,29257.696066
0.61,19,29257.738883
0.72,18,29257.779293
0.8,20,29257.823991
0.8,20,29257.869421
0.9,20,29257.913813
0.72,18,29257.949568
0.91,19,29257.984388
0.7,30,29258.050926
0.68,22,29258.100275
0.83,17,29258.135061
0.71,19,29258.170912
0.72,18,29258.205288
0.14,46,29258.289612
0.87,23,29258.332107
0.82,18,29258.36517
0.78,22,29258.40488
0.49,41,29258.477757
0.78,22,29258.517253
0.84,16,29258.547173
0.77,23,29258.589275
0.83,17,29258.620075
0.21,39,29258.689174
0.71,19,29258.723289
0.81,19,29258.75762
0.9,20,29258.794122
0.91,19,29258.828424
0.72,18,29258.861416
0.8,20,29258.90173
0.9,20,29258.946912
0.9,20,29258.987805
0.8,20,29259.023456
0.71,19,29259.057257
0.83,17,29259.087721
0.68,22,29259.126949
0.7,30,29259.180164
0.58,32,29259.237087
0.81,19,29259.271151
-0.0,60,29259.378439
0.81,19,29259.415247
0.8,20,29259.454764
0.88,22,29264.572003
0.81,19,29264.605927
0.89,21,29264.643432
0.74,36,29264.707095
0.72,18,29264.748273
0.71,29,29264.801954
0.33,57,29264.903851
0.69,21,29264.946628
0.79,21,29264.985322
0.62,18,29265.016959
0.69,31,29265.071579
0.69,21,29265.108236
0.77,23,29265.148192
0.77,23,29265.188485
0.68,22,29265.227298
0.17,63,29265.336522
0.44,46,29265.416363
0.93,17,29265.446084
0.88,22,29265.484365
0.78,22,29265.522959
0.71,19,29265.55697
0.91,19,29265.591438
0.63,17,29265.621643
0.93,17,29265.652059
0.8,20,29265.692675
0.8,20,29265.736975
-0.05,95,29265.908936
0.79,21,29265.950524
0.79,21,29265.991233
0.4,40,29266.079258
0.91,19,29266.121809
0.67,23,29266.173312
0.22,48,29266.281419
0.78,22,29266.330366
0.8,20,29266.375049
0.89,21,29266.421762
0.91,19,29266.464846
0.25,45,29273.298781
0.76,24,29273.341841
0.73,17,29273.372607
0.79,21,29273.410246
0.8,20,29273.446054
0.62,18,29273.478343
0.68,22,29273.517286
0.83,17,29273.54882
0.32,58,29273.654113
0.62,28,29273.704232
0.71,19,29273.739828
0.7,20,29273.776619
0.72,18,29273.80869
0.61,29,29273.860145
0.9,20,29273.89552
0.84,16,29273.924128
0.71,19,29273.958045
0.79,21,29273.998042
0.67,23,29274.047846
0.64,36,29274.126126
0.8,20,29274.170137
0.75,25,29274.224703
0.75,25,29274.279089
0.79,21,29274.325313
0.36,44,29274.422083
0.81,19,29274.46388
0.53,47,29274.567116
0.8,20,29274.611064
0.82,18,29274.650771
0.79,31,29274.717886
0.84,16,29274.753532
0.74,36,29274.831337
0.72,18,29274.871067
0.76,24,29274.917058
0.43,37,29274.993799
0.9,20,29275.038998
0.87,23,29275.090832
0.71,19,29275.133442
0.91,19,29275.175459
0.6,20,29275.220557
0.65,35,29275.297713
0.55,35,29281.137269
0.8,20,29281.173424
0.91,19,29281.207824
0.81,19,29281.242536
0.6,30,29281.296595
0.82,18,29281.329309
0.59,31,29281.384897
0.8,20,29281.421569
0.69,21,29281.459553
0.51,29,29281.512584
0.9,20,29281.549624
0.83,17,29281.581055
0.67,23,29281.622656
0.82,18,29281.655926
0.77,23,29281.698966
0.94,16,29281.728501
0.7,20,29281.765328
0.71,19,29281.799975
0.82,18,29281.83296
0.72,18,29281.865976
0.8,20,29281.902907
0.82,18,29281.940507
0.72,18,29281.981563
0.61,19,29282.024072
0.79,21,29282.072582
0.79,21,29282.121611
0.53,37,29282.20775
0.91,19,29282.252724
0.83,17,29282.292092
0.48,32,29282.352424
0.46,44,29282.431699
0.92,18,29282.464267
0.8,20,29282.500446
0.68,32,29282.558659
0.57,33,29282.617712
0.81,19,29282.651988
0.78,22,29282.690887
0.68,22,29282.731217
0.66,24,29282.774703
0.61,19,29282.809317
0.48,42,29282.884815
0.91,19,29282.929315
0.84,16,29282.966723
0.56,34,29283.033402
0.49,31,29288.112262
0.7,20,29288.148108
0.65,45,29288.227029
0.8,20,29288.263515
0.63,17,29288.294829
0.49,41,29288.366722
0.43,37,29288.43173
0.71,19,29288.465321
0.77,23,29288.505644
0.71,19,29288.539204
0.75,25,29288.586442
0.35,55,29288.688614
0.81,19,29288.722338
0.87,23,29288.763288
0.15,55,29288.860448
0.58,32,29288.918399
0.79,21,29288.964818
0.66,24,29289.012215
0.71,19,29289.045742
0.82,28,29289.094601
0.79,21,29289.131428
0.7,20,29289.166916
0.71,19,29289.200901
0.58,32,29289.257245
0.8,30,29289.309388
0.9,20,29289.344986
0.61,19,29289.378317
0.89,21,29289.416055
0.72,18,29289.447581
0.81,19,29289.480882
0.65,25,29289.525167
0.73,27,29289.574839
0.51,29,29289.635824
0.73,17,29289.674604
0.81,19,29289.716857
0.59,31,29289.77938
0.58,32,29289.836388
0.59,41,29289.90911
0.92,18,29289.946909
0.96,14,29295.919789
0.62,18,29295.952416
0.8,20,29295.988189
0.92,18,29296.020746
0.72,18,29296.053028
0.48,32,29296.10951
0.62,18,29296.141924
0.78,22,29296.181066
0.83,27,29296.22921
0.72,18,29296.261755
0.62,18,29296.293777
0.66,24,29296.336773
0.71,19,29296.370964
0.69,21,29296.409387
0.5,30,29296.462507
0.6,20,29296.498299
0.63,27,29296.546444
0.56,34,29296.608843
0.8,20,29296.644845
0.67,33,29296.717517
0.69,21,29296.761963
0.73,17,29296.799075
0.77,33,29296.873258
0.47,33,29296.939192
0.81,19,29296.980621
0.72,18,29297.014076
0.59,31,29297.07176
0.7,20,29297.107971
0.72,18,29297.140324
0.71,19,29297.173949
0.62,18,29297.206062
0.78,22,29297.245078
0.7,20,29297.280495
0.71,19,29297.31446
0.66,24,29297.358017
0.72,18,29297.391929
0.59,31,29297.448631
0.73,17,29297.480945
0.72,18,29297.513244
0.82,18,29297.546148
0.65,25,29297.591953
0.62,28,29297.641442
0.64,36,29297.708879
0.79,21,29297.746882
0.8,20,29297.78285
0.83,17,29302.822149
0.61,19,29302.864632
0.65,25,29302.919539
0.73,17,29302.956969
0.92,18,29302.996653
0.43,27,29303.05512
0.79,21,29303.101584
0.78,32,29303.172183
0.59,21,29303.218161
0.81,29,29303.281294
0.67,23,29303.332096
0.72,18,29303.372102
0.56,34,29303.446658
0.68,32,29303.516712
0.78,22,29303.565779
0.73,17,29303.604474
0.55,45,29303.703814
0.62,18,29303.743536
0.81,19,29303.784894
0.69,21,29303.830685
0.71,19,29303.872902
0.7,20,29303.917276
0.78,32,29303.978885
0.8,20,29304.015068
0.92,18,29304.047306
0.56,24,29304.089977
0.6,20,29304.125324
0.9,20,29304.160385
0.71,19,29304.194326
0.79,21,29304.231722
0.61,19,29304.265495
0.73,17,29304.295589
0.78,22,29304.338786
0.78,22,29304.388179
0.81,19,29304.431609
0.7,20,29304.475898
0.63,27,29304.536028
0.72,18,29304.577859
0.88,22,29304.627213
0.67,23,29304.678061
0.8,20,29304.722884
0.9,20,29304.766986
0.86,24,29304.818916
0.91,19,29304.860286
0.77,23,29304.910429
0.7,20,29304.954648
0.81,19,29309.555662
0.82,18,29309.589184
0.81,19,29309.623646
0.74,26,29309.669751
0.65,25,29309.713487
0.8,20,29309.749946
0.8,20,29309.785753
0.81,19,29309.820168
0.6,30,29309.874259
0.8,20,29309.910726
0.91,19,29309.953273
0.51,19,29309.989087
0.82,18,29310.021103
0.94,16,29310.049786
0.55,35,29310.125104
0.69,21,29310.163191
0.81,19,29310.197542
0.87,23,29310.247981
0.58,22,29310.296756
0.74,26,29310.355865
0.58,32,29310.428804
0.61,19,29310.470815
0.62,18,29310.51032
0.87,23,29310.561162
0.92,18,29310.601028
0.71,29,29310.665003
0.85,25,29310.719917
0.82,18,29310.758422
0.46,44,29310.835611
0.69,21,29310.872654
0.78,22,29310.91151
0.81,19,29310.952586
0.81,19,29310.991735
0.63,17,29311.022319
0.82,18,29311.054352
0.7,20,29311.090164
0.65,25,29311.134346
0.57,33,29311.193002
0.83,17,29311.224044
0.26,44,29311.301458
0.64,36,29311.365118
0.56,24,29311.408101
0.82,18,29311.440769
0.71,19,29311.475118
0.64,36,29316.536528
0.78,22,29316.575635
0.72,38,29316.651767
0.72,18,29316.691409
0.7,20,29316.735667
0.62,28,29316.795528
0.71,19,29316.837497
0.79,21,29316.883527
0.8,20,29316.927678
0.69,31,29316.985784
0.91,19,29317.019977
0.79,21,29317.057022
0.62,18,29317.089317
0.65,35,29317.151527
0.73,27,29317.1994
0.69,21,29317.237208
0.7,20,29317.273514
0.86,24,29317.316205
0.53,27,29317.36475
0.79,21,29317.402288
0.79,21,29317.43931
0.75,35,29317.500633
0.9,20,29317.536041
0.59,31,29317.590847
0.82,18,29317.622727
0.82,18,29317.654682
0.75,25,29317.699111
0.72,18,29317.736372
0.89,21,29317.78291
0.65,35,29317.859847
0.91,19,29317.901205
0.68,22,29317.949243
0.81,19,29317.991439
0.61,19,29318.02957
0.81,19,29318.071447
0.68,22,29318.119253
0.89,21,29318.165206
0.8,20,29318.209188
0.82,18,29318.243199
0.79,21,29318.280429
0.88,22,29318.319995
0.82,18,29318.360078
0.94,16,29318.396003
0.92,18,29318.435917
0.79,21,29318.481593
0.81,19,29318.52343
0.7,20,29323.221589
0.72,18,29323.254362
0.75,25,29323.29864
0.9,20,29323.334751
0.55,35,29323.396737
0.82,18,29323.428894
0.7,20,29323.463856
0.82,18,29323.495368
0.78,22,29323.534092
0.81,19,29323.568494
0.91,19,29323.602662
0.6,20,29323.638093
0.89,21,29323.675727
0.58,32,29323.732975
0.63,17,29323.763219
0.7,20,29323.798256
0.82,18,29323.829752
0.82,18,29323.861473
0.56,24,29323.903936
0.61,19,29323.937537
0.78,22,29323.976368
0.7,20,29324.012701
0.56,24,29324.05542
0.86,24,29324.097339
0.61,19,29324.130332
0.94,16,29324.158797
0.73,17,29324.188386
0.67,33,29324.246205
0.71,19,29324.279884
0.71,19,29324.314446
0.75,15,29324.344569
0.96,14,29324.370707
0.73,17,29324.403827
0.67,43,29324.484557
0.68,22,29324.522848
0.8,20,29324.557929
0.89,21,29324.594966
0.5,40,29324.664729
0.89,21,29324.703645
0.6,40,29324.77863
0.62,18,29324.814318
0.67,23,29324.864435
0.82,18,29324.902759
0.7,30,29324.961954
0.65,25,29325.01384
0.71,19,29325.05594
0.63,17,29329.947146
0.84,16,29329.975194
0.94,16,29330.003758
0.8,20,29330.038913
0.9,20,29330.074291
0.75,25,29330.117682
0.54,36,29330.180548
0.67,23,29330.220903
0.6,20,29330.256747
0.55,35,29330.317929
0.79,21,29330.354789
0.9,20,29330.389964
0.69,21,29330.426654
0.73,17,29330.456341
0.39,31,29330.510314
0.73,17,29330.540648
0.67,43,29330.61553
0.72,18,29330.647667
0.7,20,29330.684209
0.81,19,29330.718767
0.79,21,29330.7566
0.71,29,29330.811955
0.82,18,29330.85237
0.9,20,29330.895426
0.46,44,29330.983677
0.5,30,29331.037064
0.81,19,29331.071186
0.71,19,29331.104737
0.92,18,29331.136075
0.88,22,29331.174658
0.9,20,29331.209905
0.62,28,29331.259216
0.92,18,29331.290914
0.61,19,29331.324087
0.62,18,29331.355645
0.51,29,29331.406415
0.83,17,29331.436431
0.66,24,29331.47823
0.82,18,29331.509956
0.9,20,29331.54642
0.79,21,29331.584845
0.69,41,29331.659413
0.5,30,29331.714159
0.66,24,29331.759331
0.91,19,29336.908303
0.74,26,29336.954078
0.83,17,29336.990472
0.77,23,29337.033076
0.69,21,29337.072827
0.59,31,29337.127779
0.37,33,29337.185776
0.88,22,29337.224627
0.9,20,29337.259509
0.7,20,29337.294474
0.61,19,29337.327704
0.75,15,29337.353711
0.43,37,29337.417215
0.68,32,29337.472334
0.8,20,29337.507292
0.57,33,29337.565185
0.68,22,29337.60427
0.68,32,29337.659936
0.8,20,29337.695041
0.71,19,29337.728693
0.58,42,29337.801531
1.0,10,29337.819604
0.74,26,29337.864772
0.8,20,29337.90135
0.63,27,29337.953402
0.82,18,29337.985955
0.7,20,29338.022544
0.58,42,29338.098947
0.9,20,29338.134466
0.67,23,29338.175046
0.61,19,29338.209285
0.78,22,29338.248541
0.81,19,29338.282745
0.8,20,29338.318608
0.81,19,29338.352829
0.81,19,29338.387024
0.82,18,29338.419064
0.62,18,29338.451646
0.78,22,29338.490799
0.69,21,29338.528218
0.79,21,29338.567025
0.3,50,29338.6552
0.67,33,29338.712661
0.91,19,29344.060759
0.79,21,29344.098545
0.8,20,29344.134766
0.9,20,29344.171793
0.82,18,29344.20412
0.72,18,29344.236145
0.7,20,29344.272248
0.79,21,29344.309975
0.78,22,29344.349448
0.69,21,29344.387175
0.89,21,29344.424792
0.73,27,29344.473229
0.79,21,29344.511585
0.81,19,29344.546812
0.9,20,29344.584157
0.62,18,29344.616775
0.79,21,29344.655179
0.91,19,29344.689806
0.89,21,29344.729579
0.77,23,29344.772852
0.7,20,29344.819198
0.69,31,29344.888805
0.36,34,29344.96353
0.48,32,29345.029051
0.74,16,29345.058053
0.73,17,29345.088955
0.73,17,29345.11998
0.78,22,29345.159434
0.66,24,29345.202309
0.69,21,29345.240499
0.83,17,29345.271306
0.79,21,29345.309118
0.76,24,29345.352066
0.8,20,29345.387991
0.61,29,29345.439558
0.23,47,29345.522625
0.83,17,29345.554054
0.8,20,29345.590628
0.55,25,29345.635668
0.85,25,29345.680496
0.71,29,29345.73246
0.62,18,29345.769933
0.74,16,29345.799385
0.78,22,29345.839194
0.7,20,29345.875784
0.8,20,29345.9121
0.68,22,29350.236667
0.88,22,29350.27553
0.79,21,29350.312879
0.72,18,29350.344562
0.8,20,29350.380143
0.7,30,29350.43356
0.71,19,29350.467105
0.91,19,29350.501137
0.72,18,29350.533442
0.56,34,29350.595218
0.83,27,29350.64467
0.78,22,29350.687243
0.6,20,29350.723787
0.81,19,29350.75873
0.67,33,29350.817985
0.61,19,29350.858334
0.7,20,29350.903305
0.92,18,29350.937048
0.77,23,29350.97895
0.81,19,29351.016533
0.77,23,29351.075247
0.71,19,29351.122857
0.77,33,29351.187524
0.8,20,29351.22348
0.55,35,29351.28488
0.89,21,29351.321608
0.38,42,29351.394883
0.86,24,29351.437252
0.79,21,29351.474626
0.73,27,29351.522309
0.03,57,29351.62342
0.88,22,29351.662371
0.66,24,29351.704641
0.78,22,29351.744307
0.81,19,29351.779829
0.33,77,29351.929362
0.71,19,29351.972073
0.9,20,29352.016371
0.91,19,29352.050637
0.73,17,29352.083736
0.64,36,29352.147346
0.72,18,29357.992903
0.81,19,29358.02862
0.81,19,29358.06313
0.4,30,29358.116304
0.81,19,29358.150529
0.87,23,29358.19121
0.82,18,29358.22364
0.8,20,29358.259893
0.7,30,29358.314656
0.87,23,29358.358281
0.73,17,29358.391175
0.77,23,29358.434709
0.73,27,29358.48467
0.77,23,29358.526217
0.87,23,29358.56913
0.53,27,29358.618129
0.82,18,29358.650757
0.68,22,29358.690449
0.87,23,29358.734995
0.65,25,29358.786005
0.59,31,29358.849195
0.82,18,29358.881623
0.75,25,29358.926813
0.79,21,29358.965374
0.59,31,29359.022667
0.74,16,29359.052204
0.89,21,29359.094279
0.91,19,29359.142226
0.53,37,29359.219216
0.79,21,29359.25917
0.73,17,29359.290927
0.44,46,29359.39185
0.78,32,29359.455875
0.87,23,29359.499173
0.71,19,29359.533363
0.65,35,29359.595321
0.8,20,29359.630787
0.8,20,29359.666182
0.68,42,29359.741136
0.89,21,29359.781232
0.82,18,29359.813825
0.83,17,29359.844158
0.9,20,29359.881155
0.82,18,29365.031038
0.61,19,29365.064642
0.86,24,29365.10681
0.81,19,29365.140097
0.71,19,29365.173205
0.38,42,29365.24722
0.91,19,29365.284463
0.82,18,29365.316187
0.67,33,29365.377785
0.92,18,29365.409997
0.56,34,29365.469012
0.9,20,29365.503893
0.61,19,29365.53704
0.63,27,29365.58516
0.63,17,29365.615213
0.52,28,29365.670687
0.82,18,29365.703107
0.67,23,29365.744537
0.88,22,29365.790177
0.7,20,29365.834777
0.81,19,29365.876068
0.51,19,29365.913309
0.8,20,29365.949392
0.78,22,29365.988662
0.9,20,29366.024519
0.98,12,29366.049676
0.6,30,29366.103733
0.88,22,29366.144811
0.93,17,29366.182693
0.81,19,29366.22116
0.47,23,29366.265835
0.6,20,29366.302908
0.84,16,29366.334362
0.72,18,29366.36712
0.6,20,29366.405787
0.58,32,29366.461222
0.81,19,29366.494467
0.9,20,29366.529446
0.8,20,29366.564374
0.83,27,29366.611723
0.34,46,29366.692283
0.6,20,29366.728085
0.71,19,29366.764681
0.02,78,29372.270162
0.66,34,29372.33062
0.37,43,29372.406005
0.87,23,29372.446268
0.79,21,29372.489771
0.72,18,29372.528909
0.68,32,29372.60172
0.66,24,29372.654464
0.9,20,29372.701233
0.83,17,29372.741616
0.71,29,29372.804521
0.79,31,29372.871418
0.7,30,29372.936234
0.79,31,29372.99144
0.89,21,29373.02907
0.73,17,29373.059283
0.82,18,29373.091655
0.81,19,29373.125408
0.84,16,29373.154181
0.79,21,29373.192721
0.81,19,29373.232365
0.74,16,29373.26104
0.61,39,29373.332619
0.76,24,29373.385002
0.92,18,29373.424069
0.82,18,29373.4632
0.69,21,29373.508972
0.4,40,29373.595297
0.91,19,29373.637685
0.57,23,29373.687585
0.83,17,29373.72493
0.7,20,29373.77337
0.91,19,29373.813936
0.82,18,29373.853606
0.7,30,29373.918071
0.92,18,29373.957603
0.41,49,29374.0565
0.68,22,29374.095562
0.84,16,29374.124291
0.83,17,29374.1549
0.67,23,29374.195948
0.71,19,29374.229963
0.81,19,29374.263856
0.71,19,29374.297193
0.79,31,29379.615329
0.65,25,29379.665205
0.9,20,29379.701577
0.8,20,29379.737705
0.79,21,29379.775092
0.82,18,29379.806777
0.8,30,29379.859719
0.79,21,29379.896986
0.81,19,29379.932375
0.71,19,29379.966253
0.7,20,29380.00163
0.7,30,29380.05435
0.78,22,29380.093647
0.81,19,29380.132804
0.52,48,29380.235527
0.78,22,29380.283848
0.92,18,29380.323869
0.5,40,29380.412305
0.88,22,29380.461156
0.79,21,29380.508239
0.79,31,29380.577718
0.86,24,29380.630662
0.61,19,29380.672843
0.82,18,29380.712344
0.78,22,29380.761
0.69,21,29380.80718
0.24,56,29380.928001
0.56,34,29380.990263
0.73,27,29381.044728
0.88,22,29381.090389
0.62,28,29381.151772
0.81,19,29381.197022
0.51,39,29381.28649
0.32,48,29381.390383
0.69,31,29381.457481
0.79,21,29381.503279
0.22,38,29381.588987
0.78,32,29381.658928
0.8,20,29381.703342
0.79,31,29387.43643
0.9,20,29387.471848
0.86,24,29387.513601
0.7,20,29387.548909
0.81,19,29387.582827
0.23,37,29387.64777
0.82,18,29387.679814
0.91,19,29387.712807
0.85,25,29387.767161
0.62,38,29387.850245
0.62,18,29387.89013
0.68,32,29387.950482
0.37,43,29388.027691
0.88,22,29388.066572
0.61,19,29388.100324
0.66,24,29388.14309
0.8,20,29388.178928
0.83,17,29388.209896
0.8,20,29388.245699
0.77,23,29388.286491
0.65,25,29388.331074
0.8,20,29388.367338
0.78,22,29388.40761
0.82,18,29388.440155
0.66,34,29388.502222
0.33,57,29388.604484
0.73,17,29388.635444
0.8,20,29388.672164
0.7,20,29388.707578
0.77,23,29388.74878
0.62,18,29388.78144
0.71,29,29388.84179
0.81,19,29388.884223
0.72,18,29388.923709
0.71,19,29388.959954
0.59,21,29388.998356
0.81,19,29389.032049
0.68,32,29389.088173
0.88,22,29389.126688
0.48,32,29389.182684
0.71,19,29389.216175
0.82,18,29389.248567
0.8,20,29394.456563
0.57,53,29394.551164
0.72,18,29394.584353
0.91,19,29394.618582
0.84,16,29394.648346
0.93,17,29394.680552
0.7,20,29394.717742
0.76,24,29394.76178
0.66,34,29394.821002
0.5,30,29394.874021
0.83,17,29394.904367
0.81,19,29394.937893
0.68,22,29394.976906
0.52,48,29395.061262
0.93,17,29395.09206
0.81,19,29395.126468
0.81,19,29395.160928
0.78,22,29395.200407
0.73,27,29395.247567
0.7,20,29395.282667
0.42,28,29395.331375
0.85,25,29395.374843
0.95,15,29395.401522
0.85,15,29395.427961
0.84,16,29395.456226
0.69,31,29395.510796
0.82,18,29395.542178
0.8,20,29395.577783
0.76,24,29395.619661
0.78,22,29395.658935
0.81,19,29395.693208
0.58,32,29395.753591
0.81,19,29395.787522
0.92,18,29395.819313
0.58,32,29395.875572
0.7,20,29395.912039
0.4,30,29395.977919
0.79,21,29396.024431
0.8,20,29396.061384
0.83,17,29396.091572
0.84,16,29396.120189
0.6,30,29396.172941
0.72,18,29396.205165
0.36,44,29396.284004
0.62,18,29401.689174
0.59,21,29401.731853
0.77,23,29401.775231
0.52,48,29401.860074
0.69,21,29401.899185
0.89,21,29401.937427
0.79,21,29401.97487
0.89,21,29402.012002
0.5,30,29402.064362
0.58,32,29402.121792
0.83,17,29402.153108
0.82,18,29402.185811
0.57,33,29402.244996
0.77,33,29402.303372
0.55,35,29402.364668
0.29,51,29402.453769
0.79,21,29402.490729
0.94,16,29402.518929
0.61,19,29402.553324
0.78,22,29402.592491
0.73,17,29402.623308
0.91,19,29402.656704
0.71,19,29402.690622
0.9,20,29402.725828
0.71,19,29402.759536
0.71,19,29402.793369
0.7,30,29402.846646
0.82,18,29402.878743
0.7,30,29402.933532
0.7,20,29402.969347
0.71,19,29403.00379
0.7,30,29403.06213
0.62,18,29403.094073
0.89,21,29403.131419
0.88,22,29403.17184
0.7,30,29403.22634
0.57,23,29403.267159
0.85,15,29403.293708
0.92,18,29403.325776
0.82,18,29403.357984
0.9,20,29403.393442
0.92,18,29403.425215
0.7,20,29403.460433
0.58,32,29408.472085
0.71,29,29408.524116
0.8,20,29408.561208
0.82,18,29408.594568
0.7,30,29408.648465
0.67,23,29408.69033
0.61,19,29408.729341
0.79,21,29408.770549
0.81,19,29408.80449
0.72,18,29408.836779
0.59,31,29408.892932
0.71,19,29408.927273
0.89,21,29408.964711
0.82,18,29408.996909
0.23,47,29409.080167
0.67,23,29409.121824
0.7,20,29409.159122
0.61,39,29409.229149
0.93,17,29409.25968
0.83,17,29409.28967
0.64,26,29409.33555
0.6,20,29409.370817
0.53,17,29409.401698
0.81,19,29409.435278
0.62,18,29409.467412
0.81,19,29409.501529
0.79,21,29409.538597
0.71,29,29409.591142
0.79,21,29409.629011
0.69,21,29409.667093
0.82,18,29409.699437
0.81,19,29409.733603
0.65,35,29409.796166
0.46,44,29409.877452
0.66,34,29409.949447
0.8,20,29409.986363
0.72,18,29410.020237
0.58,22,29410.060427
0.81,19,29410.095025
0.58,32,29410.153783
0.34,46,29410.238787
0.93,17,29410.26913
0.92,18,29410.301362
0.8,20,29415.705694
0.62,28,29415.757576
0.83,17,29415.788108
0.69,31,29415.84378
0.79,21,29415.884859
0.85,25,29415.941961
0.73,17,29415.973782
0.9,20,29416.016599
0.52,28,29416.076034
0.79,21,29416.122831
0.84,26,29416.180926
0.89,21,29416.228848
0.81,19,29416.271586
0.74,16,29416.307419
0.82,18,29416.347666
0.59,31,29416.416727
0.54,46,29416.517989
0.81,19,29416.560247
0.7,20,29416.605335
0.73,17,29416.64402
0.8,30,29416.710339
0.7,30,29416.772638
0.7,20,29416.816951
0.62,38,29416.901256
0.91,19,29416.935771
0.8,20,29416.973092
0.72,18,29417.006983
0.47,43,29417.084517
0.52,48,29417.17453
0.17,43,29417.25247
0.48,42,29417.328823
0.18,72,29417.456756
0.83,17,29417.48734
0.69,21,29417.525374
0.82,18,29417.558564
0.7,20,29417.595057
0.8,20,29417.631272
0.82,18,29417.664336
0.32,58,29423.757429
0.55,25,29423.801925
0.69,31,29423.857905
0.82,18,29423.89097
0.76,24,29423.934095
0.82,18,29423.966675
0.81,19,29424.001679
0.6,20,29424.047958
0.66,24,29424.100987
0.66,24,29424.153186
0.8,20,29424.19903
0.78,22,29424.247856
0.72,18,29424.288055
0.79,21,29424.334561
0.74,16,29424.370321
0.9,20,29424.414753
0.9,20,29424.459452
0.81,19,29424.501798
0.46,34,29424.577162
0.72,18,29424.617429
0.73,17,29424.655899
0.53,37,29424.737852
0.76,24,29424.791182
0.7,20,29424.835454
0.91,19,29424.877282
0.92,18,29424.917225
0.89,21,29424.964214
-0.35,75,29425.103859
0.7,30,29425.157738
0.67,33,29425.218163
0.93,17,29425.249024
0.9,20,29425.284293
0.74,36,29425.347476
0.9,20,29425.383553
0.73,17,29425.413897
0.81,19,29425.447352
0.92,18,29425.47915
0.92,18,29425.511067
0.81,19,29425.544802
0.84,16,29425.573944
0.72,18,29425.60613
0.77,23,29425.647127
0.71,19,29425.680999
0.71,19,29425.715182
0.61,19,29425.748943
0.82,18,29430.798096
0.75,25,29430.842452
0.58,22,29430.881961
0.71,29,29430.937476
0.83,17,29430.974762
0.63,17,29431.006986
0.93,17,29431.037255
0.79,21,29431.074497
0.48,42,29431.148257
0.51,29,29431.199315
0.91,19,29431.233242
0.9,20,29431.268774
0.79,21,29431.305658
0.8,20,29431.340799
0.73,17,29431.370593
0.61,19,29431.404445
0.38,42,29431.477876
0.79,21,29431.514684
0.68,22,29431.553348
0.84,16,29431.582202
0.62,18,29431.614763
0.85,25,29431.659228
0.75,25,29431.703462
0.81,19,29431.737329
0.8,20,29431.772961
0.92,18,29431.805021
0.9,20,29431.840346
0.9,20,29431.875961
0.91,19,29431.914806
0.6,30,29431.9679
0.82,18,29432.000069
0.81,19,29432.033572
0.83,17,29432.063568
0.65,25,29432.107542
0.79,21,29432.145015
0.58,32,29432.202595
0.7,20,29432.24118
0.79,21,29432.279611
0.85,15,29432.306329
0.52,28,29432.355823
0.79,21,29432.393349
0.63,27,29432.440805
0.81,29,29432.49203
0.79,21,29432.529139
0.61,19,29432.563378
0.68,22,29432.602406
0.89,21,29437.294639
0.78,22,29437.335112
0.72,18,29437.368954
0.58,32,29437.426932
0.36,54,29437.526448
0.19,51,29437.619096
0.48,42,29437.694386
0.69,31,29437.749513
0.73,17,29437.779744
0.92,18,29437.811979
0.92,18,29437.844366
0.7,20,29437.880615
0.81,19,29437.920585
0.9,20,29437.964932
0.73,17,29438.002832
0.71,29,29438.063565
0.72,28,29438.113794
0.65,35,29438.176698
0.48,32,29438.234417
0.9,20,29438.27033
0.81,19,29438.304331
0.63,37,29438.36943
0.92,18,29438.402012
0.62,28,29438.45191
0.82,18,29438.483757
0.74,26,29438.529684
0.49,31,29438.585048
0.87,23,29438.625948
0.71,19,29438.660271
0.73,17,29438.691084
0.83,17,29438.721182
0.85,15,29438.749713
0.8,20,29438.785491
0.8,20,29438.821623
0.83,17,29438.852489
0.79,21,29438.890124
0.55,35,29438.959873
0.7,40,29439.03269
0.93,17,29439.063047
0.79,21,29439.100297
0.57,43,29444.50658
0.58,42,29444.582087
0.8,20,29444.617322
0.77,23,29444.658368
0.76,24,29444.700916
0.71,19,29444.735048
0.92,18,29444.766957
0.8,20,29444.802484
0.62,28,29444.85417
0.71,19,29444.895403
0.82,18,29444.929415
0.53,37,29445.010588
0.81,19,29445.052744
0.83,17,29445.085196
0.82,18,29445.1257
0.69,31,29445.194565
0.35,45,29445.294923
0.62,18,29445.335489
0.4,50,29445.447942
0.91,19,29445.490716
0.69,31,29445.559651
0.91,19,29445.601265
0.58,42,29445.695644
0.79,31,29445.762473
0.81,19,29445.798259
0.81,19,29445.832583
0.73,17,29445.86376
0.81,19,29445.899633
0.68,32,29445.958205
0.69,31,29446.025954
0.58,32,29446.095615
0.88,22,29446.14569
0.68,22,29446.194783
0.82,18,29446.227825
0.7,20,29446.264801
0.72,18,29446.296687
0.71,19,29446.330041
0.82,18,29446.36135
0.82,18,29446.392863
0.92,18,29446.423944
0.69,21,29446.460517
0.82,18,29446.49198
0.92,18,29446.523127
0.84,16,29451.704292
0.93,17,29451.742084
0.8,20,29451.783783
0.61,29,29451.847286
0.39,41,29451.936277
0.82,18,29451.975993
0.69,31,29452.043646
0.64,36,29452.119293
0.81,19,29452.161237
0.8,20,29452.20544
0.69,31,29452.273164
0.71,19,29452.315955
0.62,28,29452.376974
0.54,46,29452.476608
0.74,26,29452.533259
0.79,21,29452.580481
0.9,20,29452.624417
0.59,21,29452.670266
0.68,32,29452.740639
0.81,19,29452.780173
0.83,17,29452.816882
0.43,47,29452.922288
0.78,22,29452.971951
0.72,18,29453.00894
0.77,33,29453.075218
0.81,19,29453.109958
0.92,18,29453.142751
0.81,19,29453.177109
0.89,21,29453.214356
0.92,18,29453.247383
0.5,30,29453.300539
0.9,20,29453.340678
0.57,33,29453.399242
0.72,18,29453.435606
0.9,20,29453.474015
0.73,37,29453.55319
0.79,21,29453.599368
0.8,20,29453.643231
0.8,20,29453.687555
0.9,20,29453.731986
0.83,17,29453.769769
0.72,28,29459.285689
0.71,19,29459.321009
0.66,34,29459.382723
0.46,34,29459.442183
0.75,35,29459.503362
0.81,19,29459.537487
0.61,19,29459.57208
0.72,18,29459.604084
0.71,19,29459.638039
0.92,18,29459.670395
0.6,30,29459.723776
0.63,17,29459.760617
0.89,21,29459.806586
0.7,20,29459.851953
0.92,18,29459.892151
0.92,18,29459.927974
0.64,46,29460.031702
0.68,32,29460.099312
0.72,18,29460.139722
0.73,17,29460.17755
0.8,20,29460.223084
0.77,23,29460.2763
0.81,19,29460.324313
0.83,17,29460.366711
0.74,16,29460.403497
0.58,42,29460.494897
0.89,21,29460.541196
0.8,20,29460.585611
0.7,20,29460.629416
0.8,20,29460.673982
0.91,19,29460.716076
0.47,43,29460.811275
0.46,44,29460.90697
0.9,20,29460.951051
0.81,19,29460.992875
0.71,19,29461.035165
0.78,22,29461.078732
0.69,31,29461.139994
0.81,19,29461.181717
0.79,21,29461.228459
0.6,30,29461.294504
0.62,18,29461.334324
0.92,18,29461.373464
0.75,15,29461.406515
0.8,20,29466.738012
0.75,25,29466.782052
0.68,22,29466.828799
0.76,24,29466.881813
0.79,21,29466.921237
0.89,21,29466.960918
0.68,42,29467.041006
0.53,37,29467.118025
0.71,19,29467.152915
0.92,18,29467.185615
0.71,29,29467.238011
0.9,20,29467.274231
0.93,17,29467.305132
0.68,22,29467.344677
0.81,19,29467.378852
-0.24,94,29467.56024
0.79,21,29467.60801
0.46,34,29467.683867
0.41,29,29467.745419
0.71,19,29467.787877
0.88,22,29467.836661
0.74,16,29467.872378
0.64,26,29467.926296
0.72,18,29467.958792
0.89,21,29468.003255
0.83,17,29468.041214
0.69,21,29468.083287
0.65,35,29468.155775
0.73,27,29468.216787
0.58,32,29468.287975
0.83,17,29468.326337
0.52,38,29468.409934
0.94,16,29468.445219
0.79,21,29468.491627
0.72,18,29468.53153
0.9,20,29468.577383
0.91,19,29468.615082
0.88,22,29468.655703
0.82,18,29468.689068
0.71,19,29468.724283
0.91,19,29468.759712
0.8,30,29474.50477
0.73,17,29474.535682
0.59,31,29474.591107
0.82,28,29474.640924
0.77,23,29474.681969
0.81,19,29474.715713
0.68,32,29474.773664
0.8,20,29474.818085
0.34,46,29474.910928
0.7,20,29474.947941
0.4,40,29475.021412
0.79,31,29475.083689
0.69,21,29475.121202
0.88,22,29475.160633
0.45,45,29475.241112
0.72,18,29475.273616
0.82,18,29475.308435
0.8,30,29475.361016
0.88,22,29475.399863
0.9,20,29475.434782
0.91,19,29475.468407
0.8,20,29475.504264
0.7,20,29475.540333
0.52,18,29475.574049
0.96,14,29475.599236
0.91,19,29475.633265
0.92,18,29475.665517
0.91,19,29475.700066
0.7,20,29475.735784
0.83,27,29475.783698
0.81,19,29475.81779
0.82,18,29475.849837
0.79,31,29475.904702
0.92,18,29475.937772
0.88,22,29475.97693
0.81,19,29476.010387
0.84,16,29476.039096
0.78,22,29476.077252
0.57,43,29476.150995
0.79,21,29476.187905
0.58,32,29476.244175
0.83,17,29476.273985
0.56,44,29481.633823
0.51,39,29481.703871
0.89,21,29481.741617
0.72,18,29481.773088
0.84,16,29481.801243
0.81,19,29481.834639
0.91,19,29481.868344
0.89,21,29481.905953
0.81,19,29481.942004
0.8,20,29481.986161
0.71,19,29482.02086
0.71,19,29482.05523
0.82,18,29482.088129
0.9,20,29482.124528
0.81,19,29482.159144
0.78,22,29482.197906
0.81,19,29482.232072
0.62,18,29482.264306
0.49,21,29482.301484
0.83,17,29482.331493
0.58,32,29482.387993
0.81,29,29482.439124
0.93,17,29482.469578
0.71,39,29482.537662
0.9,20,29482.573395
0.58,32,29482.631285
0.62,18,29482.663922
0.75,35,29482.725771
0.69,31,29482.781532
0.81,19,29482.815945
0.48,32,29482.872798
0.46,34,29482.944641
0.33,57,29483.061051
0.78,22,29483.101291
0.69,31,29483.156682
0.82,18,29483.188723
0.53,27,29483.237049
0.9,20,29483.272313
0.74,16,29483.300964
0.18,42,29483.374537
0.91,19,29483.408676
0.74,36,29483.471799
0.8,20,29488.774736
0.38,42,29488.852167
0.52,38,29488.928391
0.82,18,29488.961312
0.7,20,29488.999795
0.71,19,29489.039579
0.6,30,29489.099863
0.51,29,29489.153434
0.7,30,29489.208534
0.93,17,29489.239416
0.72,18,29489.272842
0.59,21,29489.313357
0.9,20,29489.352516
0.68,32,29489.413691
0.89,21,29489.455682
0.66,24,29489.500813
0.6,30,29489.556302
0.78,22,29489.597511
0.38,32,29489.653831
0.37,33,29489.71314
0.72,18,29489.745714
0.79,21,29489.783303
0.82,18,29489.814867
0.79,21,29489.85174
0.81,19,29489.88518
0.67,23,29489.925458
0.91,19,29489.959335
0.8,20,29489.99582
0.56,34,29490.067807
0.83,17,29490.099603
0.6,20,29490.135806
0.91,19,29490.169573
0.87,23,29490.210301
0.79,21,29490.247891
0.69,21,29490.28561
0.81,19,29490.320299
0.57,33,29490.379999
0.47,43,29490.457386
0.71,19,29490.492279
0.78,22,29490.532069
0.81,19,29490.566907
0.82,18,29490.598672
0.89,21,29490.635712
0.82,18,29495.575218
0.78,22,29495.614027
0.8,20,29495.650188
0.92,18,29495.682621
0.89,21,29495.719551
0.73,27,29495.768214
0.69,31,29495.82283
0.73,17,29495.853674
0.85,25,29495.903086
0.8,20,29495.946849
0.16,44,29496.031032
0.89,21,29496.077614
0.56,34,29496.142454
0.79,21,29496.179619
0.88,22,29496.22344
0.26,44,29496.308012
0.91,19,29496.349624
0.87,23,29496.400288
0.81,19,29496.438886
0.8,20,29496.475046
0.78,22,29496.513765
0.78,22,29496.552597
0.47,33,29496.611399
0.8,20,29496.647214
0.71,19,29496.681392
0.84,16,29496.710322
0.62,28,29496.761543
0.92,18,29496.793976
0.68,32,29496.850685
0.8,20,29496.890703
0.62,18,29496.923141
0.5,40,29496.994588
0.78,22,29497.039243
0.82,18,29497.071495
0.7,20,29497.107108
0.65,25,29497.161779
0.79,21,29497.207773
0.62,18,29497.24725
0.76,24,29497.299407
0.81,19,29497.34064
0.01,49,29497.44697
0.7,20,29497.490807
0.72,18,29497.530011
0.8,30,29502.893861
0.91,19,29502.93087
0.9,20,29502.974962
0.38,42,29503.067812
0.81,19,29503.104887
0.47,43,29503.181247
0.65,25,29503.22591
0.8,20,29503.261633
0.68,22,29503.300253
0.99,11,29503.31998
0.54,36,29503.383383
0.7,30,29503.436199
0.92,18,29503.467853
0.77,33,29503.525915
0.83,17,29503.556891
0.8,20,29503.592449
0.85,15,29503.619147
0.81,19,29503.652797
0.81,19,29503.686149
0.91,19,29503.719971
0.92,18,29503.75224
0.91,19,29503.78563
0.28,32,29503.841398
0.9,20,29503.876727
0.59,31,29503.931626
0.72,18,29503.97175
0.68,22,29504.017541
0.69,21,29504.053823
0.8,20,29504.088643
0.6,30,29504.141454
0.82,18,29504.172944
0.78,22,29504.210691
0.62,18,29504.242173
0.9,20,29504.276857
0.91,19,29504.309719
0.78,22,29504.347906
0.83,17,29504.377637
0.83,17,29504.407485
0.7,20,29504.442122
0.72,18,29504.473726
0.77,33,29504.5324
0.82,18,29504.564573
0.82,18,29504.595851
0.7,30,29504.647823
0.46,54,29509.60711
0.91,19,29509.641633
0.92,18,29509.673538
0.5,30,29509.727679
0.65,35,29509.791519
0.91,19,29509.826029
0.49,51,29509.918076
0.83,17,29509.948397
0.91,19,29509.982496
0.68,22,29510.021621
0.83,17,29510.052322
0.8,20,29510.087886
0.62,38,29510.155243
0.7,30,29510.209136
0.79,31,29510.263778
0.91,19,29510.297585
0.7,20,29510.334218
0.8,30,29510.387621
0.83,17,29510.417941
0.76,24,29510.460905
0.93,17,29510.491071
0.12,68,29510.612356
0.74,26,29510.658343
0.49,31,29510.713129
-0.13,73,29510.865652
0.82,18,29510.90546
0.91,19,29510.941014
0.81,19,29510.97397
0.84,16,29511.001901
0.91,19,29511.03495
0.82,18,29511.067598
0.66,34,29511.130455
0.83,17,29511.161422
0.78,22,29511.199656
0.37,33,29511.257877
0.79,31,29511.313715
0.51,19,29511.347526
0.89,21,29511.383963
0.64,36,29517.584101
0.61,29,29517.647584
0.87,23,29517.698256
0.7,20,29517.742084
0.79,21,29517.78517
0.84,26,29517.839756
0.8,20,29517.875028
0.79,21,29517.914481
0.73,17,29517.94521
0.5,40,29518.02061
0.89,21,29518.059564
0.89,21,29518.097497
0.72,18,29518.130466
0.6,30,29518.183312
0.62,18,29518.216136
0.7,20,29518.252308
0.8,20,29518.288074
0.66,24,29518.331066
0.67,33,29518.389905
0.8,20,29518.425871
0.8,20,29518.461495
0.84,26,29518.507296
0.8,30,29518.560901
0.81,19,29518.595276
0.81,19,29518.629162
0.92,18,29518.661484
0.58,42,29518.735202
0.82,18,29518.773209
0.81,19,29518.815207
0.71,19,29518.857214
0.81,19,29518.899168
0.83,17,29518.93289
0.95,15,29518.95988
0.43,57,29519.08109
0.66,24,29519.128154
0.89,21,29519.16876
0.93,17,29519.19974
0.91,19,29519.234637
0.88,22,29519.274088
0.64,26,29519.320735
0.34,46,29519.401809
0.73,27,29519.449473
0.72,18,29519.481838
0.89,21,29524.979841
0.8,30,29525.033079
0.7,30,29525.085505
0.79,21,29525.122736
0.74,16,29525.150658
-0.03,73,29525.277056
0.63,37,29525.342154
0.77,23,29525.382825
0.8,20,29525.418491
0.8,20,29525.453534
0.75,25,29525.496829
0.73,27,29525.543557
0.51,59,29525.655314
0.81,19,29525.69658
0.57,43,29525.790647
0.65,45,29525.88623
0.62,18,29525.926119
0.88,22,29525.975097
0.61,29,29526.034566
0.8,20,29526.074131
0.84,16,29526.105922
0.78,22,29526.145277
0.73,27,29526.193251
0.72,18,29526.225198
0.8,20,29526.260942
0.7,40,29526.331908
0.81,19,29526.365719
0.78,22,29526.404493
0.81,19,29526.438585
0.83,17,29526.469256
0.73,17,29526.503428
0.8,20,29526.551061
0.81,19,29526.596964
0.79,21,29526.64624
0.71,19,29526.688367
0.82,18,29526.728155
0.52,28,29526.789599
0.71,19,29526.832083
0.83,17,29526.869357
0.89,21,29526.915198
0.8,20,29526.959337
0.91,19,29532.767711
0.64,26,29532.813821
0.84,16,29532.842451
0.57,43,29532.920189
0.8,20,29532.957752
0.89,21,29532.995184
0.81,19,29533.028684
0.72,18,29533.060626
0.9,20,29533.096254
0.54,36,29533.172717
0.73,17,29533.202907
0.62,18,29533.2352
0.58,22,29533.274471
0.58,32,29533.33086
0.91,19,29533.364947
0.9,20,29533.40109
0.7,40,29533.473517
0.72,18,29533.505541
0.7,20,29533.541245
0.83,17,29533.572097
0.82,18,29533.604291
0.77,23,29533.647917
0.88,22,29533.696683
0.8,20,29533.737453
0.77,33,29533.795867
0.69,31,29533.850801
0.62,18,29533.882899
0.54,36,29533.946898
0.63,17,29533.977086
0.91,19,29534.011041
0.79,21,29534.047905
0.53,47,29534.132995
0.67,33,29534.191809
0.71,19,29534.225635
0.72,18,29534.259172
0.87,23,29534.300676
0.91,19,29534.335744
0.66,34,29534.406441
0.65,35,29534.469012
0.55,45,29534.549914
0.82,18,29534.582237
0.78,32,29540.176048
0.68,22,29540.223599
0.71,19,29540.258956
0.6,20,29540.295059
0.79,21,29540.340103
0.71,19,29540.38249
0.8,20,29540.422232
0.81,19,29540.465207
0.9,20,29540.508921
0.67,23,29540.559496
0.78,22,29540.608368
0.82,18,29540.648693
0.71,19,29540.690967
0.81,19,29540.732751
0.58,32,29540.803329
0.68,22,29540.851754
0.62,18,29540.891493
0.8,20,29540.934934
0.79,21,29540.978211
0.91,19,29541.020538
0.78,32,29541.090592
0.77,33,29541.171295
0.83,17,29541.209492
0.81,19,29541.252317
0.72,18,29541.29307
0.75,15,29541.326798
0.75,15,29541.36029
0.82,18,29541.400939
0.79,21,29541.44767
0.92,18,29541.487747
0.51,39,29541.575232
0.83,17,29541.613237
0.81,19,29541.656039
0.79,21,29541.704434
0.7,20,29541.749414
0.82,18,29541.786274
0.88,22,29541.82726
0.9,20,29541.865006
0.72,18,29541.901174
0.81,29,29541.955033
0.71,19,29541.989453
0.54,36,29542.054151
0.8,20,29542.089877
0.72,18,29542.121936
0.69,31,29542.176895
0.93,17,29542.207897
0.79,21,29542.24572
0.87,23,29542.287072
0.61,19,29546.994314
0.6,30,29547.060448
0.71,19,29547.101672
0.6,20,29547.138337
0.91,19,29547.172832
0.78,22,29547.213212
0.79,21,29547.252308
0.7,20,29547.288527
0.79,21,29547.325859
0.75,25,29547.370581
0.81,19,29547.404694
0.81,19,29547.439214
0.82,18,29547.471617
0.72,18,29547.503749
0.8,20,29547.539672
0.76,34,29547.60191
0.81,19,29547.63579
0.93,17,29547.666268
0.96,14,29547.691426
0.68,32,29547.748198
0.71,19,29547.782756
0.37,43,29547.858158
0.72,28,29547.907719
0.46,44,29548.004978
0.74,16,29548.042107
0.74,36,29548.118933
0.49,31,29548.176633
0.83,17,29548.208257
0.89,21,29548.246362
0.3,40,29548.318197
0.73,17,29548.348345
0.76,24,29548.39113
0.61,29,29548.45439
0.9,20,29548.490123
0.76,34,29548.551765
0.72,18,29548.592032
0.79,31,29548.659739
0.83,17,29548.697567
0.66,34,29548.77283
0.92,18,29548.812515
0.81,19,29548.854677
0.7,20,29548.899085
0.85,15,29548.932417
0.89,21,29554.081897
0.81,19,29554.116004
0.84,16,29554.144633
0.59,31,29554.200675
0.81,19,29554.235618
0.55,35,29554.298846
0.25,55,29554.397442
0.8,20,29554.434981
0.8,20,29554.4747
0.57,43,29554.558206
0.81,19,29554.596311
0.8,20,29554.633763
0.62,28,29554.685053
0.91,19,29554.719999
0.68,32,29554.777793
0.72,18,29554.80982
0.8,20,29554.845569
0.77,33,29554.904517
0.73,27,29554.953119
0.71,19,29554.987288
0.84,16,29555.016337
0.8,20,29555.05173
0.67,23,29555.09271
0.56,34,29555.153731
0.8,20,29555.189808
0.81,19,29555.224384
0.72,18,29555.257582
0.67,33,29555.316169
0.81,19,29555.349619
0.84,26,29555.396284
0.5,40,29555.466644
0.63,37,29555.532351
0.59,31,29555.588271
0.83,17,29555.619141
0.75,15,29555.646307
0.59,31,29555.701766
0.8,20,29555.738206
0.5,30,29555.791601
0.5,30,29555.845362
0.74,16,29555.874525
0.8,20,29555.910985
0.9,20,29561.43162
0.73,17,29561.469002
0.8,20,29561.5126
0.9,20,29561.557479
0.54,36,29561.636765
0.81,19,29561.678052
0.92,18,29561.717579
0.93,17,29561.751952
0.78,22,29561.800282
0.82,18,29561.839897
0.8,20,29561.883679
0.9,20,29561.927025
0.71,19,29561.968314
0.77,23,29562.018184
0.9,20,29562.061874
0.36,44,29562.149071
0.59,31,29562.204234
0.77,23,29562.245738
0.49,31,29562.300006
0.82,28,29562.349073
0.91,19,29562.382791
0.61,29,29562.433882
0.89,21,29562.470939
0.72,18,29562.502897
0.8,20,29562.538697
0.79,21,29562.575874
0.8,20,29562.611662
0.8,20,29562.647389
0.81,19,29562.68099
0.84,16,29562.709465
0.67,33,29562.767599
0.84,16,29562.800442
0.73,17,29562.834628
0.81,19,29562.876282
0.58,22,29562.923853
0.34,46,29563.021119
0.71,19,29563.054362
0.66,44,29563.130537
0.79,21,29563.17269
0.9,20,29563.217025
0.8,20,29563.254169
0.71,19,29563.289567
0.71,19,29563.323422
0.26,44,29563.401198
0.76,24,29568.655591
0.92,18,29568.687572
0.73,17,29568.720941
0.83,17,29568.758784
0.81,19,29568.800344
0.8,20,29568.844331
0.92,18,29568.884096
0.77,23,29568.933291
0.88,22,29568.978821
0.82,18,29569.011687
0.81,19,29569.045805
0.82,18,29569.077752
0.9,20,29569.113619
0.76,24,29569.156644
0.56,44,29569.235337
0.59,41,29569.307714
0.52,28,29569.357252
0.81,19,29569.391296
0.71,19,29569.425171
0.8,20,29569.461564
0.81,19,29569.495712
0.92,18,29569.527702
0.62,18,29569.560316
0.61,29,29569.611974
0.47,33,29569.670398
0.82,18,29569.702143
0.67,33,29569.760647
0.79,21,29569.797904
0.8,20,29569.833236
0.82,18,29569.864978
0.81,19,29569.898528
0.84,16,29569.927485
0.78,22,29569.966166
0.48,32,29570.022449
0.76,24,29570.064622
0.81,19,29570.097726
0.91,19,29570.131189
0.83,17,29570.161178
0.71,19,29570.194678
0.72,18,29570.226419
0.9,20,29570.261805
0.81,19,29570.295118
0.82,18,29570.326548
0.81,19,29570.359714
0.92,18,29570.391028
0.46,34,29570.449888
0.78,22,29575.054733
0.8,20,29575.095209
0.62,18,29575.134962
0.89,21,29575.180965
0.89,21,29575.226391
0.66,34,29575.300108
0.81,19,29575.342009
0.37,43,29575.43528
0.81,19,29575.477374
0.82,18,29575.517004
0.91,19,29575.559659
0.43,57,29575.683494
0.79,21,29575.729352
0.91,19,29575.770792
0.67,33,29575.842258
0.9,20,29575.884852
0.8,20,29575.92321
0.87,23,29575.97414
0.92,18,29576.012128
0.81,19,29576.046278
0.72,18,29576.078343
0.73,17,29576.108793
0.81,19,29576.142594
0.7,20,29576.178248
0.88,22,29576.217695
0.78,22,29576.256478
0.78,22,29576.295362
0.39,31,29576.349566
0.72,18,29576.381642
0.59,31,29576.436742
0.82,18,29576.46933
0.81,19,29576.5036
0.81,19,29576.537479
0.68,32,29576.59514
0.67,43,29576.670909
0.53,37,29576.737794
0.8,20,29576.774901
0.82,18,29576.80761
0.59,31,29576.864489
0.92,18,29576.903579
0.82,18,29576.935463
0.62,28,29576.984145
0.81,19,29577.017302
0.77,23,29582.33286
0.81,19,29582.367045
0.82,18,29582.399477
0.55,35,29582.461345
0.03,47,29582.544769
0.73,17,29582.575589
0.61,19,29582.608856
0.65,25,29582.652967
0.69,21,29582.695585
0.91,19,29582.737367
0.92,18,29582.77737
0.56,44,29582.874432
0.82,18,29582.913968
0.19,41,29582.995285
0.91,19,29583.029829
0.72,18,29583.06243
0.7,20,29583.098146
0.81,19,29583.13204
0.72,18,29583.164285
0.8,30,29583.217439
0.72,28,29583.267259
0.81,19,29583.301453
0.8,20,29583.337128
0.85,15,29583.364143
0.15,65,29583.478262
0.9,20,29583.513697
0.81,19,29583.548367
0.67,33,29583.608827
0.54,36,29583.672726
0.8,20,29583.708647
0.75,15,29583.735905
0.8,20,29583.771489
0.72,18,29583.803485
0.7,20,29583.839047
0.72,18,29583.871275
0.55,35,29583.934644
0.91,19,29583.96835
0.71,19,29584.001855
0.83,17,29584.032018
0.46,44,29584.109651
0.89,21,29584.147451
0.83,17,29584.178149
0.57,33,29590.390012
0.81,19,29590.423797
0.88,22,29590.462652
0.8,20,29590.497722
0.81,29,29590.550108
0.73,17,29590.580862
0.59,41,29590.652271
0.77,23,29590.693262
0.81,19,29590.727361
0.71,39,29590.795803
0.77,23,29590.835744
0.82,18,29590.867329
0.82,18,29590.899345
0.71,19,29590.938799
0.88,22,29590.986683
0.7,20,29591.022655
0.72,18,29591.055146
0.72,18,29591.087541
0.76,24,29591.131252
0.92,18,29591.163913
0.8,20,29591.199546
0.95,15,29591.226773
0.9,20,29591.263074
0.78,22,29591.301772
0.87,23,29591.342951
0.73,17,29591.37421
0.66,34,29591.437827
0.83,17,29591.470518
0.81,19,29591.504722
0.77,23,29591.54676
0.74,26,29591.594491
0.78,22,29591.633919
0.8,20,29591.670146
0.9,20,29591.706305
0.89,21,29591.744412
0.8,20,29591.788069
0.83,17,29591.825736
0.93,17,29591.863582
0.71,19,29591.900404
0.55,35,29591.963238
0.7,20,29591.999394
0.68,22,29592.038375
0.7,20,29592.080875
0.8,20,29592.117688
0.89,21,29592.156007
0.72,18,29592.188002
0.8,20,29592.224602
0.78,32,29596.734849
0.81,19,29596.770434
0.84,16,29596.800966
0.7,20,29596.836047
0.8,20,29596.873441
0.63,37,29596.957716
0.91,19,29596.997005
0.6,30,29597.065056
0.89,21,29597.111346
0.89,21,29597.155806
0.82,18,29597.195375
0.57,33,29597.267858
0.36,44,29597.363359
0.66,34,29597.438621
0.94,16,29597.474769
0.8,30,29597.540461
0.38,42,29597.634207
0.68,32,29597.704488
0.72,18,29597.743991
0.73,27,29597.797116
0.89,21,29597.83479
0.67,33,29597.898345
0.6,30,29597.959916
0.58,42,29598.051509
0.85,15,29598.084819
0.68,32,29598.147583
0.9,20,29598.18345
0.79,21,29598.229214
0.85,25,29598.283883
0.92,18,29598.323552
0.9,20,29598.367075
0.91,19,29598.40887
0.82,18,29598.448381
0.68,22,29598.496405
0.94,16,29598.531703
0.61,29,29598.597718
0.04,56,29598.722901
0.82,18,29598.761527
0.71,19,29598.803246
0.81,19,29598.844907
0.88,22,29604.485533
0.75,25,29604.530517
0.67,33,29604.590669
0.82,18,29604.623049
0.79,21,29604.660374
0.8,20,29604.700838
0.8,20,29604.744811
0.81,19,29604.779248
0.71,29,29604.841852
0.72,18,29604.875748
0.79,21,29604.913643
0.37,43,29604.991945
0.93,17,29605.023504
0.74,16,29605.052917
0.81,29,29605.1066
0.81,19,29605.141413
0.61,19,29605.175765
0.87,23,29605.217891
0.79,31,29605.273716
0.8,20,29605.309474
0.69,21,29605.347087
0.82,18,29605.379892
0.55,45,29605.463379
0.8,20,29605.499419
0.98,12,29605.521224
0.93,17,29605.552911
0.51,39,29605.640598
0.89,21,29605.687488
0.72,18,29605.727993
0.54,46,29605.814868
0.69,21,29605.852707
0.72,18,29605.885219
0.58,42,29605.964285
0.72,18,29606.004686
0.92,18,29606.045665
0.92,18,29606.08582
0.46,44,29606.172243
0.6,50,29606.262453
0.68,22,29606.303709
0.94,16,29606.333433
0.93,17,29606.364426
0.82,18,29606.396909
0.9,20,29612.147729
0.67,33,29612.206322
0.7,30,29612.259845
0.81,19,29612.293877
0.66,34,29612.353798
0.81,19,29612.387829
0.69,41,29612.459572
0.58,42,29612.533671
0.6,30,29612.587551
0.8,20,29612.623434
0.66,34,29612.685411
0.81,19,29612.721315
0.79,21,29612.762028
0.5,30,29612.828104
0.79,21,29612.874704
0.6,40,29612.959478
0.73,27,29613.01055
0.84,16,29613.046228
0.8,20,29613.091259
0.8,20,29613.133691
0.65,35,29613.196429
0.82,18,29613.229703
0.43,57,29613.331586
0.81,19,29613.365607
0.85,15,29613.393037
0.74,16,29613.422465
0.9,20,29613.460166
0.79,21,29613.498362
0.84,16,29613.527092
0.8,20,29613.563351
0.93,17,29613.594349
0.68,22,29613.634313
0.81,19,29613.66906
0.8,20,29613.707645
0.72,28,29613.770511
0.92,18,29613.803656
0.71,29,29613.857087
0.86,24,29613.902624
0.73,37,29613.975205
0.84,16,29614.011692
0.94,16,29614.042248
0.93,17,29614.073003
0.69,21,29619.496271
0.73,27,29619.547925
0.76,24,29619.592371
0.65,35,29619.654919
0.58,32,29619.712154
0.79,21,29619.749129
0.92,18,29619.780935
0.91,19,29619.814787
0.79,21,29619.852375
0.61,29,29619.904566
0.89,21,29619.950739
0.65,35,29620.023852
0.65,35,29620.089851
0.71,29,29620.141601
0.83,17,29620.171631
0.82,18,29620.204139
0.71,19,29620.238124
0.6,50,29620.327239
0.56,44,29620.41409
0.83,17,29620.447304
0.79,21,29620.488564
0.68,22,29620.531712
0.86,24,29620.578701
0.81,19,29620.616451
0.91,19,29620.653518
0.69,31,29620.712477
0.82,18,29620.747139
0.72,18,29620.778673
0.86,24,29620.820425
0.6,30,29620.873271
0.59,31,29620.92872
0.81,19,29620.970526
0.41,39,29621.045942
0.72,18,29621.077931
0.32,58,29621.181266
0.89,21,29621.219645
0.94,16,29621.24829
0.91,19,29621.282559
0.88,22,29621.322136
0.72,18,29621.354711
0.61,29,29627.142659
0.84,16,29627.171009
0.81,19,29627.2045
0.93,17,29627.23481
0.83,17,29627.264721
0.88,22,29627.303464
0.81,19,29627.33669
0.69,21,29627.373762
0.61,19,29627.407215
0.78,22,29627.445951
0.91,19,29627.480902
0.79,21,29627.519593
0.55,45,29627.601955
0.83,17,29627.632638
0.28,42,29627.707453
0.85,15,29627.736605
0.7,20,29627.773559
0.67,33,29627.836344
0.91,19,29627.870701
0.53,47,29627.955228
0.9,20,29627.997007
0.88,22,29628.045824
0.6,20,29628.090814
0.66,34,29628.159658
0.82,18,29628.192403
0.57,33,29628.252725
0.58,42,29628.336107
0.6,30,29628.390387
0.83,17,29628.42158
0.82,18,29628.454882
0.7,20,29628.491217
0.5,40,29628.562752
0.7,30,29628.616941
0.66,34,29628.680041
0.82,18,29628.7136
0.54,26,29628.760834
0.7,20,29628.796324
0.83,17,29628.826372
0.56,24,29628.86942
0.9,20,29628.910467
0.68,22,29628.95163
0.8,30,29634.296428
0.74,16,29634.325513
0.29,51,29634.416855
0.71,29,29634.467779
0.74,16,29634.495853
0.66,24,29634.538197
0.63,27,29634.586899
0.85,15,29634.61338
0.9,20,29634.648655
0.7,20,29634.683732
0.67,33,29634.750069
0.82,28,29634.803687
0.8,20,29634.847975
0.56,24,29634.898311
0.43,37,29634.964084
0.9,20,29634.999739
0.28,42,29635.074386
0.7,20,29635.110942
0.88,22,29635.151091
0.81,19,29635.185593
0.92,18,29635.218195
0.05,65,29635.332111
0.7,30,29635.385985
0.68,32,29635.442468
0.54,46,29635.523808
0.69,31,29635.578941
0.8,20,29635.614688
0.71,19,29635.648891
0.79,21,29635.686838
0.68,32,29635.743952
0.87,23,29635.783993
0.53,37,29635.848357
0.77,33,29635.905745
0.48,42,29635.9827
0.83,17,29636.013219
0.8,20,29636.048435
0.83,17,29636.078607
0.69,21,29636.115493
0.83,17,29642.009363
0.69,21,29642.04661
0.91,19,29642.080706
0.81,19,29642.11389
0.95,15,29642.140591
0.77,23,29642.181772
0.48,32,29642.240242
0.89,21,29642.278152
0.79,21,29642.315459
0.73,37,29642.381741
0.26,54,29642.475116
0.78,22,29642.513547
0.93,17,29642.543789
0.8,20,29642.579396
0.8,20,29642.614907
0.7,30,29642.667414
0.77,23,29642.707711
0.73,17,29642.737301
0.82,18,29642.769426
0.82,18,29642.801302
0.66,24,29642.849421
0.12,58,29642.973247
0.79,21,29643.020131
0.12,68,29643.162194
0.73,17,29643.192808
0.72,18,29643.225217
0.56,44,29643.302689
0.79,21,29643.339864
0.79,21,29643.376842
0.78,32,29643.432979
0.74,16,29643.461422
0.75,25,29643.505478
0.59,31,29643.562724
0.9,20,29643.60004
0.78,22,29643.639999
0.83,17,29643.670365
0.85,15,29643.697454
0.83,17,29643.728292
0.6,20,29643.767254
0.83,17,29643.797512
0.82,18,29643.82944
0.82,18,29643.861943
0.81,19,29649.459929
0.4,40,29649.530274
0.72,28,29649.58303
0.53,27,29649.631058
0.82,18,29649.663483
0.66,24,29649.710112
0.9,20,29649.753984
-0.17,87,29649.907073
0.8,20,29649.947988
0.83,27,29650.003382
0.9,20,29650.038709
0.84,26,29650.084431
0.46,44,29650.161796
0.68,22,29650.200939
0.83,17,29650.231328
0.77,23,29650.271992
0.72,18,29650.304854
0.36,44,29650.38139
0.7,30,29650.434273
0.57,33,29650.493467
0.92,18,29650.525913
0.8,20,29650.561708
0.67,33,29650.619863
0.75,35,29650.682016
0.59,31,29650.73795
0.53,57,29650.843473
0.05,65,29650.978688
0.81,19,29651.020612
0.7,20,29651.064449
0.88,22,29651.112357
0.54,36,29651.180322
0.93,17,29651.217754
0.8,30,29651.283552
0.76,24,29651.336286
0.89,21,29651.383685
0.8,30,29657.955888
0.65,35,29658.016661
0.66,24,29658.058443
0.8,20,29658.093477
0.85,15,29658.120242
0.67,23,29658.163065
0.72,28,29658.233916
0.57,33,29658.313766
0.8,20,29658.357282
0.78,32,29658.426791
0.74,16,29658.461872
0.91,19,29658.5032
0.76,34,29658.57768
0.71,19,29658.619675
0.91,19,29658.660947
0.59,31,29658.728719
0.82,18,29658.768751
0.38,42,29658.860144
0.54,36,29658.938538
0.81,19,29658.980153
0.78,22,29659.024922
0.68,32,29659.08059
0.89,21,29659.117332
0.81,19,29659.150683
0.84,16,29659.178422
0.84,26,29659.223216
0.71,19,29659.256696
0.67,33,29659.314008
0.66,24,29659.355821
0.89,21,29659.392465
0.91,19,29659.425344
0.73,27,29659.472287
0.53,27,29659.518813
0.7,20,29659.553824
0.88,22,29659.592529
0.89,21,29659.631323
0.77,23,29659.670867
0.85,25,29659.713598
0.7,20,29659.751174
0.71,19,29659.793228
0.81,19,29659.834877
0.61,29,29659.898281
0.72,18,29664.845151
0.82,18,29664.877059
0.81,19,29664.911001
0.79,21,29664.947737
0.7,20,29664.983204
0.79,21,29665.021096
0.52,28,29665.070141
0.63,37,29665.135435
0.9,20,29665.171405
0.71,19,29665.205378
0.82,18,29665.237919
0.73,17,29665.268172
0.57,33,29665.326979
0.8,20,29665.362129
0.73,27,29665.409948
0.78,22,29665.449095
0.8,20,29665.485258
0.73,17,29665.516781
0.95,15,29665.544844
0.78,22,29665.585788
0.89,21,29665.624407
0.89,21,29665.663922
0.69,31,29665.721319
0.91,19,29665.75681
0.46,54,29665.852755
0.7,20,29665.890332
0.6,20,29665.928342
0.71,19,29665.964274
0.71,29,29666.022838
0.78,32,29666.095253
0.67,23,29666.144331
0.7,30,29666.198099
0.82,18,29666.23051
0.83,17,29666.260873
0.82,18,29666.294477
0.91,19,29666.32905
0.71,29,29666.380683
0.81,19,29666.414896
0.74,16,29666.443155
0.8,20,29666.478473
0.62,18,29666.510288
0.81,19,29666.544303
0.77,33,29666.603853
0.78,22,29666.642986
0.79,21,29666.680708
0.74,26,29671.602092
0.71,19,29671.636119
0.79,21,29671.673813
0.85,15,29671.700675
0.88,22,29671.739899
0.82,18,29671.778467
0.9,20,29671.823285
0.66,34,29671.895027
0.71,19,29671.929832
0.73,17,29671.960922
0.9,20,29671.99727
0.79,21,29672.035259
0.9,20,29672.071755
0.78,22,29672.111971
0.72,18,29672.14523
0.7,20,29672.18127
0.9,20,29672.218
0.93,17,29672.248926
0.6,30,29672.303115
0.61,29,29672.355567
0.92,18,29672.389227
0.7,20,29672.425238
0.72,18,29672.457824
0.69,21,29672.49608
0.73,17,29672.527226
0.79,21,29672.566875
0.35,45,29672.647524
0.83,17,29672.678076
0.79,21,29672.715894
0.71,19,29672.750489
0.79,21,29672.787401
0.62,38,29672.855899
0.71,19,29672.89788
0.46,34,29672.960443
0.73,17,29672.991216
0.52,28,29673.040835
0.89,21,29673.078275
0.57,33,29673.136727
0.7,20,29673.172235
0.72,18,29673.205153
0.8,20,29673.241628
0.88,22,29673.280945
0.79,21,29673.318583
0.7,20,29673.353944
0.83,17,29673.384339
0.68,22,29673.423208
0.84,16,29673.45166
0.28,62,29678.352384
0.73,17,29678.382458
0.79,21,29678.419339
0.67,23,29678.459239
0.57,33,29678.516144
0.79,21,29678.553649
0.63,27,29678.601477
0.7,20,29678.637133
0.62,38,29678.703146
0.87,23,29678.743394
0.83,17,29678.779285
0.87,23,29678.829296
0.81,19,29678.870874
0.79,21,29678.916959
0.81,19,29678.957813
0.61,19,29678.999969
0.8,20,29679.043362
0.83,17,29679.08023
0.61,19,29679.122101
0.83,17,29679.15765
0.78,22,29679.201798
0.83,17,29679.232712
0.32,38,29679.309237
0.58,32,29679.374215
0.48,42,29679.449196
0.8,20,29679.485636
0.8,20,29679.526394
0.8,20,29679.57299
0.73,17,29679.611073
0.58,32,29679.681941
0.48,32,29679.752445
0.8,20,29679.796102
0.79,21,29679.842027
0.08,62,29679.96745
0.63,17,29680.004831
0.42,48,29680.089393
0.72,18,29680.120853
0.38,42,29680.193765
0.81,19,29680.227282
0.58,32,29686.131598
0.82,18,29686.167818
0.8,20,29686.211489
0.89,21,29686.259997
0.83,17,29686.29476
0.77,23,29686.34212
0.92,18,29686.382813
0.73,17,29686.421109
0.57,33,29686.496489
0.72,28,29686.559464
0.48,32,29686.631332
0.67,33,29686.704495
0.83,17,29686.740954
0.85,15,29686.773199
0.55,35,29686.850533
0.44,46,29686.950879
0.22,68,29687.101209
0.92,18,29687.141147
0.9,20,29687.178807
0.87,23,29687.219916
0.74,26,29687.26644
0.71,19,29687.300142
0.81,19,29687.333462
0.91,19,29687.367124
0.87,23,29687.4077
0.33,57,29687.506724
0.57,43,29687.584083
0.71,19,29687.617267
0.66,34,29687.676076
0.8,20,29687.711438
0.78,22,29687.750815
0.82,18,29687.783537
0.79,21,29687.820755
0.61,19,29687.854852
0.38,42,29687.934015
0.72,18,29687.966536
0.89,21,29688.011475
0.06,64,29688.128405
0.8,20,29694.18299
0.73,17,29694.213261
0.68,22,29694.251987
0.72,18,29694.28369
0.88,22,29694.322139
0.73,27,29694.369137
0.8,20,29694.404192
0.78,22,29694.442909
0.7,20,29694.478095
0.91,19,29694.511545
0.62,18,29694.543666
0.79,21,29694.581444
0.81,19,29694.615168
0.7,20,29694.650342
0.75,25,29694.700826
0.68,32,29694.767764
0.91,19,29694.801749
0.74,16,29694.830469
0.61,19,29694.872467
0.73,17,29694.906394
0.69,21,29694.945899
0.94,16,29694.974366
0.57,33,29695.032398
0.91,19,29695.066337
0.75,15,29695.092868
0.78,22,29695.131474
0.91,19,29695.164883
0.87,23,29695.205415
0.49,31,29695.260762
0.82,18,29695.292767
0.72,18,29695.325022
0.59,31,29695.379073
0.79,21,29695.416246
0.9,20,29695.45145
0.82,18,29695.483251
0.8,20,29695.51876
0.5,30,29695.572627
0.27,43,29695.648979
0.72,18,29695.681273
0.74,26,29695.72714
0.77,23,29695.768121
0.71,19,29695.802047
0.71,19,29695.835927
0.59,21,29695.880333
0.89,21,29695.92633
0.83,27,29695.984058
0.94,16,29696.018909
0.37,43,29700.645089
0.9,20,29700.680201
0.63,27,29700.727138
0.65,25,29700.771545
0.5,30,29700.823626
0.18,42,29700.904648
0.58,32,29700.967622
0.81,19,29701.002367
0.89,21,29701.039995
0.86,24,29701.083343
0.6,30,29701.144044
0.7,20,29701.180487
0.78,22,29701.21988
0.71,29,29701.271158
0.89,21,29701.309016
0.49,41,29701.382189
0.91,19,29701.415532
0.81,19,29701.449079
0.92,18,29701.481139
0.69,21,29701.518302
0.4,60,29701.624327
0.87,23,29701.665204
0.82,18,29701.696968
0.91,19,29701.731158
0.83,17,29701.76176
0.81,19,29701.795187
0.51,39,29701.86365
0.82,18,29701.896598
0.48,42,29701.988789
0.8,20,29702.032772
0.58,32,29702.102857
0.38,32,29702.172849
0.54,46,29702.27621
0.6,20,29702.319984
0.85,25,29702.375117
0.66,34,29702.450203
0.79,21,29702.497001
0.78,22,29708.481656
0.92,18,29708.517058
0.83,17,29708.547431
0.8,20,29708.587077
0.79,21,29708.624502
0.8,20,29708.659775
0.81,19,29708.693745
0.5,30,29708.746297
0.69,21,29708.783165
0.69,21,29708.820907
0.82,18,29708.852977
0.17,53,29708.953262
-0.12,72,29709.079412
0.84,16,29709.107907
0.7,20,29709.143107
0.37,23,29709.183881
0.77,23,29709.224325
0.68,32,29709.28104
0.72,18,29709.313096
0.67,23,29709.354038
0.79,21,29709.391072
0.95,15,29709.417639
0.52,28,29709.467297
0.94,16,29709.495881
0.81,19,29709.529881
0.71,19,29709.566653
0.73,17,29709.598801
0.7,20,29709.638052
0.97,13,29709.661628
0.7,20,29709.697069
0.78,22,29709.735954
0.81,19,29709.769771
0.48,32,29709.826263
0.81,19,29709.859776
0.76,24,29709.902111
0.71,19,29709.935687
0.88,22,29709.974124
0.72,18,29710.00567
0.68,22,29710.044323
0.86,24,29710.086541
0.81,19,29710.120188
0.81,19,29710.153492
0.53,47,29710.235689
0.82,18,29710.267716
0.59,31,29715.804049
0.62,28,29715.852917
0.82,18,29715.885214
0.81,19,29715.918491
0.53,37,29715.983455
0.71,19,29716.016979
0.64,26,29716.06216
0.83,17,29716.09233
0.8,20,29716.127118
0.82,18,29716.15886
0.69,21,29716.195858
0.89,21,29716.233229
0.79,21,29716.270272
0.92,18,29716.302118
0.39,41,29716.373086
0.79,21,29716.410091
0.8,20,29716.445142
0.83,17,29716.474802
0.8,30,29716.526824
0.44,36,29716.591358
0.62,18,29716.623076
0.82,18,29716.65487
0.85,15,29716.681769
0.7,20,29716.717011
0.81,19,29716.750875
0.68,32,29716.806664
0.79,21,29716.843395
0.81,19,29716.879297
0.6,30,29716.943998
0.79,21,29716.981316
0.8,20,29717.016816
0.22,48,29717.102047
0.71,19,29717.135851
0.8,20,29717.171495
0.75,15,29717.198024
0.79,21,29717.235806
0.78,22,29717.274904
0.59,31,29717.33
0.82,18,29717.361757
0.94,16,29717.390628
0.8,20,29717.426207
0.35,45,29717.508536
0.72,18,29717.548525
0.71,19,29717.591309
0.82,18,29717.628325
0.58,32,29722.869748
0.88,22,29722.915691
0.53,47,29723.000925
0.57,33,29723.059727
0.68,22,29723.098894
0.92,18,29723.131603
0.8,20,29723.167283
0.89,21,29723.205526
0.7,30,29723.259278
0.91,19,29723.293795
0.72,18,29723.326002
0.82,28,29723.376141
0.7,30,29723.429876
0.79,21,29723.467524
0.55,45,29723.548029
0.82,18,29723.58091
0.94,16,29723.609808
0.73,17,29723.640292
0.8,20,29723.677031
0.92,18,29723.710184
0.85,25,29723.755759
0.91,19,29723.78974
0.93,17,29723.820398
0.28,52,29723.913488
0.62,18,29723.946002
0.31,49,29724.032792
0.71,19,29724.06676
0.81,19,29724.100958
0.46,44,29724.179012
0.9,20,29724.215691
0.71,19,29724.24996
0.75,35,29724.312763
0.83,17,29724.343636
0.82,18,29724.376352
0.82,18,29724.408961
0.82,18,29724.441105
0.04,56,29724.539498
0.56,44,29724.618068
0.7,20,29724.654013
0.62,18,29730.656789
0.91,19,29730.690659
0.63,27,29730.738805
0.65,25,29730.782116
0.91,19,29730.815836
0.9,20,29730.859465
0.62,28,29730.913847
0.7,30,29730.971085
0.78,22,29731.019679
0.78,22,29731.068278
0.72,18,29731.10739
0.55,35,29731.179634
0.7,20,29731.216146
0.78,22,29731.255836
0.63,27,29731.303262
0.81,19,29731.337549
0.88,22,29731.376713
0.72,28,29731.425802
0.58,32,29731.481663
0.8,20,29731.516865
0.71,29,29731.568761
0.81,19,29731.602289
0.68,32,29731.658302
0.9,20,29731.693358
0.58,32,29731.749986
0.91,19,29731.784375
0.88,22,29731.823896
0.65,35,29731.887094
0.85,15,29731.916668
0.8,20,29731.955323
0.91,19,29731.993966
0.79,21,29732.040152
0.91,19,29732.082289
0.79,21,29732.129567
0.68,32,29732.194621
0.64,46,29732.295894
0.7,30,29732.362126
0.79,31,29732.429912
0.46,34,29732.504121
0.66,24,29732.556832
0.7,20,29732.601336
0.9,20,29732.645966
0.88,22,29737.60223
0.72,18,29737.634908
0.67,33,29737.694165
0.93,17,29737.725219
0.88,22,29737.768373
0.64,36,29737.832049
0.7,30,29737.885107
0.95,15,29737.911986
0.92,18,29737.949687
0.62,18,29737.98938
0.9,20,29738.031089
0.78,22,29738.079333
0.92,18,29738.119283
0.8,20,29738.162942
0.81,19,29738.198053
0.8,20,29738.235164
0.72,18,29738.267288
0.68,22,29738.306728
0.81,19,29738.340467
0.8,20,29738.376214
0.89,21,29738.413566
0.37,43,29738.488922
0.8,20,29738.524723
0.49,31,29738.584689
0.78,22,29738.632937
0.75,35,29738.695109
0.91,19,29738.729283
0.81,19,29738.763724
0.51,29,29738.815806
0.81,19,29738.849896
0.72,18,29738.882239
0.94,16,29738.911501
0.59,41,29738.984479
0.78,22,29739.024341
0.34,46,29739.105812
0.72,18,29739.138473
0.91,19,29739.173488
0.41,29,29739.226128
0.66,34,29739.286789
0.71,29,29739.338507
0.67,33,29739.411248
0.62,28,29739.474513
0.62,18,29744.71913
0.72,18,29744.751224
0.62,18,29744.782819
0.89,21,29744.819747
0.78,22,29744.858025
0.83,17,29744.887618
0.91,19,29744.920841
0.89,21,29744.95753
0.59,31,29745.011545
0.58,32,29745.081609
0.83,17,29745.118582
0.74,26,29745.17496
0.82,18,29745.214178
0.87,23,29745.265731
0.69,31,29745.334824
0.78,22,29745.382608
0.72,18,29745.421675
0.71,29,29745.484447
0.59,31,29745.551415
0.85,15,29745.584671
0.78,22,29745.632386
0.67,23,29745.68295
0.83,17,29745.72061
0.9,20,29745.764605
0.73,27,29745.823133
0.93,17,29745.86064
0.78,32,29745.929164
0.47,33,29745.994841
0.62,18,29746.026484
0.83,17,29746.056253
0.47,33,29746.114325
0.78,32,29746.170597
0.72,18,29746.202419
0.66,34,29746.262382
0.79,21,29746.299918
0.83,17,29746.329524
0.91,19,29746.363192
0.81,19,29746.396685
0.72,18,29746.428031
0.49,31,29746.482198
0.83,17,29746.512029
0.85,15,29746.53853
0.82,18,29746.569895
0.48,32,29746.625367
0.8,20,29746.668592
0.67,23,29751.369146
0.61,29,29751.419454
0.81,29,29751.469668
0.8,20,29751.50452
0.3,40,29751.575573
0.8,20,29751.611905
0.48,42,29751.684409
0.74,26,29751.729489
0.7,20,29751.764572
0.88,22,29751.811722
0.9,20,29751.855371
0.56,34,29751.919149
0.72,18,29751.955085
0.94,16,29751.990358
0.78,32,29752.049788
0.61,29,29752.100946
0.92,18,29752.133974
0.79,21,29752.17263
0.56,44,29752.252203
0.52,28,29752.302207
0.82,18,29752.334772
0.84,16,29752.363516
0.93,17,29752.394245
0.55,25,29752.43868
0.82,18,29752.471153
0.36,44,29752.549766
0.71,19,29752.584982
0.9,20,29752.620411
0.63,17,29752.651031
0.82,18,29752.683112
0.8,20,29752.718863
0.71,19,29752.75302
1.01,9,29752.769289
0.7,20,29752.80478
0.79,21,29752.84482
0.66,34,29752.91589
0.8,20,29752.95162
0.85,15,29752.978356
0.74,36,29753.041801
0.82,18,29753.07362
0.91,19,29753.107298
0.79,21,29753.144305
0.9,20,29753.180514
0.62,28,29758.397146
0.56,34,29758.456551
0.69,21,29758.493466
0.58,32,29758.549595
0.9,20,29758.585167
0.95,15,29758.611689
0.57,33,29758.669898
0.34,36,29758.733112
0.8,20,29758.768901
0.72,18,29758.800489
0.92,18,29758.832172
0.74,26,29758.877572
0.49,41,29758.949185
0.71,19,29758.98287
0.71,19,29759.016388
0.64,26,29759.061559
0.45,55,29759.158247
0.71,19,29759.192518
0.71,19,29759.226315
0.9,20,29759.261805
0.78,22,29759.300784
0.97,13,29759.323624
0.69,21,29759.360319
0.91,19,29759.39357
0.91,19,29759.42854
0.7,20,29759.463977
0.7,20,29759.499618
0.83,17,29759.530036
0.93,17,29759.561668
0.82,18,29759.594295
0.78,22,29759.633305
0.5,30,29759.688019
0.55,35,29759.750321
0.72,18,29759.782833
0.82,18,29759.815629
0.69,21,29759.853875
0.94,16,29759.884306
0.65,35,29759.961008
0.53,27,29760.020059
0.77,33,29760.091352
0.43,27,29760.149728
0.82,18,29760.187148
0.93,17,29760.217698
0.48,32,29765.321986
0.61,29,29765.373448
0.73,17,29765.411443
0.64,36,29765.490409
0.82,18,29765.530218
0.34,56,29765.651664
0.8,20,29765.688088
0.58,42,29765.764249
0.8,20,29765.80805
0.71,19,29765.850268
0.8,20,29765.89408
0.7,30,29765.955433
0.72,18,29765.995055
0.82,18,29766.032037
0.44,56,29766.130706
0.81,19,29766.164978
0.9,20,29766.200686
0.52,28,29766.250564
0.8,20,29766.286282
0.92,18,29766.318077
0.68,22,29766.356776
0.48,32,29766.413165
0.8,20,29766.448695
0.81,19,29766.482826
0.82,18,29766.514637
0.85,15,29766.541559
0.9,20,29766.577318
0.82,18,29766.609378
0.88,22,29766.648819
0.91,19,29766.682724
0.91,19,29766.716587
0.6,30,29766.779609
0.81,19,29766.822422
0.7,20,29766.867051
0.63,17,29766.904396
0.77,23,29766.954817
0.79,21,29766.997589
0.81,19,29767.038519
0.9,20,29767.082345
0.92,18,29767.122036
0.9,20,29767.166532
0.94,16,29767.19688
0.82,18,29767.232049
0.42,48,29772.736375
0.82,18,29772.772153
0.69,21,29772.809557
0.82,18,29772.841692
0.73,17,29772.87238
0.81,19,29772.907284
0.87,23,29772.949736
0.91,19,29772.984438
0.47,33,29773.042255
0.57,43,29773.117836
0.8,20,29773.153463
0.88,22,29773.192086
0.89,21,29773.22913
0.76,24,29773.271293
0.73,27,29773.318322
0.49,31,29773.372161
0.5,40,29773.441499
0.72,18,29773.472592
0.77,23,29773.512764
0.9,20,29773.548429
0.71,29,29773.599754
0.83,17,29773.629684
0.71,19,29773.663116
0.31,59,29773.782494
0.79,21,29773.821624
0.78,22,29773.869054
0.82,18,29773.908089
0.2,40,29773.995677
0.8,20,29774.039961
0.79,21,29774.085444
0.81,19,29774.127299
0.81,19,29774.169236
0.92,18,29774.202845
0.72,18,29774.235086
0.9,20,29774.270388
0.63,27,29774.317621
0.68,22,29774.356113
0.81,19,29774.389635
0.83,17,29774.419343
0.88,22,29774.457367
0.94,16,29774.485404
0.69,31,29774.539527
0.79,21,29774.576437
0.7,20,29774.610912
0.7,20,29779.716518
0.8,20,29779.752834
0.7,20,29779.793012
0.83,17,29779.82341
0.98,12,29779.845317
0.81,19,29779.879576
0.78,22,29779.922485
0.92,18,29779.962129
0.9,20,29780.006083
0.81,19,29780.047721
0.67,33,29780.119761
0.83,17,29780.156789
0.9,20,29780.197313
0.82,18,29780.229533
0.8,20,29780.267714
0.77,23,29780.308956
0.9,20,29780.34439
0.73,17,29780.374646
0.73,17,29780.405173
0.7,20,29780.440816
0.81,19,29780.47439
0.62,18,29780.506771
0.58,32,29780.565435
0.95,15,29780.593387
0.67,33,29780.652753
0.86,24,29780.695828
0.36,34,29780.755616
0.79,21,29780.794243
0.73,17,29780.824247
0.7,20,29780.859716
0.81,19,29780.89301
0.82,18,29780.925115
0.77,23,29780.973211
0.91,19,29781.006891
0.57,33,29781.063535
0.8,20,29781.09816
0.76,24,29781.139641
0.45,35,29781.201224
0.81,19,29781.234559
0.92,18,29781.265966
0.86,24,29781.307981
0.8,20,29781.343184
0.61,19,29781.377491
0.92,18,29781.416098
0.69,21,29781.469569
0.85,15,29781.507564
0.61,19,29781.555406
0.79,21,29781.604503
0.61,29,29786.181588
0.7,20,29786.217116
0.81,19,29786.250663
0.8,20,29786.286294
0.7,20,29786.322765
0.71,19,29786.359887
0.7,20,29786.396096
0.72,18,29786.428588
0.82,18,29786.460818
0.59,31,29786.516788
0.71,19,29786.551486
0.68,22,29786.591003
0.85,15,29786.617412
0.7,20,29786.652878
0.78,22,29786.691602
0.9,20,29786.732591
0.63,27,29786.788723
0.9,20,29786.824651
0.63,37,29786.902326
0.93,17,29786.940092
0.73,17,29786.977496
0.75,35,29787.05427
0.7,20,29787.098651
0.81,19,29787.140695
0.82,18,29787.180751
0.78,22,29787.221481
0.79,21,29787.259716
0.28,52,29787.352712
0.61,29,29787.404984
0.77,23,29787.446564
0.6,30,29787.499847
0.82,18,29787.532396
0.67,33,29787.593161
0.8,20,29787.62926
0.69,31,29787.684376
0.52,28,29787.734483
0.74,16,29787.766831
0.7,20,29787.802932
0.92,18,29787.83522
0.7,20,29787.87154
0.81,19,29787.905531
0.83,17,29787.936974
0.79,21,29787.97442
0.8,20,29788.010046
0.56,34,29788.070133
0.73,27,29793.001223
0.72,18,29793.041709
0.5,30,29793.107632
0.89,21,29793.155354
0.57,33,29793.221134
0.9,20,29793.257769
0.62,18,29793.291158
0.89,21,29793.330529
0.44,36,29793.395814
0.81,19,29793.430764
0.8,20,29793.46729
0.79,21,29793.505311
0.11,59,29793.611543
0.79,21,29793.649835
0.61,19,29793.684204
0.85,15,29793.711307
0.77,23,29793.753343
0.91,19,29793.787421
0.61,19,29793.822334
0.68,22,29793.86206
0.8,20,29793.897826
0.66,34,29793.96354
0.77,23,29794.006079
0.65,35,29794.070757
0.78,22,29794.110868
0.59,31,29794.166722
0.81,19,29794.201241
0.69,21,29794.239497
0.86,14,29794.265339
0.47,33,29794.325388
0.83,17,29794.356754
0.69,31,29794.414021
0.75,15,29794.441595
0.57,33,29794.501535
0.62,28,29794.552984
0.84,16,29794.583028
0.71,19,29794.618093
0.6,20,29794.654937
0.67,33,29794.714987
0.79,21,29794.754362
0.8,20,29794.798519
0.7,20,29794.843582
0.26,44,29800.258076
0.8,20,29800.294102
0.82,18,29800.326334
0.82,18,29800.358879
0.76,34,29800.41965
0.87,23,29800.461257
0.59,31,29800.516801
0.63,17,29800.54738
0.82,28,29800.59747
0.81,19,29800.63186
0.72,18,29800.664153
0.52,48,29800.749893
0.69,21,29800.787789
0.91,19,29800.82208
0.8,20,29800.857588
0.82,18,29800.889492
0.8,20,29800.930787
0.38,42,29801.022915
0.9,20,29801.06707
0.81,19,29801.108903
0.85,15,29801.142219
0.75,15,29801.175532
0.81,19,29801.212485
0.79,21,29801.259203
0.88,22,29801.307116
0.66,24,29801.361153
0.9,20,29801.40525
0.86,14,29801.436235
0.81,19,29801.477628
0.78,22,29801.526258
0.91,19,29801.569609
0.69,21,29801.615991
0.66,24,29801.668746
0.85,15,29801.702186
0.24,46,29801.791534
0.92,18,29801.823869
0.8,20,29801.860035
0.83,17,29801.890735
0.83,17,29801.921346
0.49,31,29801.983453
0.41,29,29802.037213
0.8,20,29802.073109
0.79,21,29802.112051
0.78,22,29802.153454
0.8,20,29802.189428
0.72,18,29802.221622
0.72,18,29807.297696
0.91,19,29807.331274
0.89,21,29807.368274
0.79,21,29807.405355
0.71,19,29807.439052
0.72,18,29807.47139
0.83,17,29807.502015
0.82,18,29807.534111
0.77,23,29807.576008
0.79,21,29807.614598
0.76,34,29807.678727
0.78,22,29807.723771
0.79,21,29807.771121
0.52,28,29807.833176
0.72,18,29807.873424
0.5,30,29807.939263
0.82,18,29807.980375
0.72,18,29808.02157
0.77,33,29808.094814
0.8,20,29808.141734
0.68,22,29808.190614
0.68,32,29808.249432
0.64,26,29808.296011
0.79,21,29808.333977
0.92,18,29808.366761
0.91,19,29808.401226
0.71,19,29808.435323
0.81,19,29808.469886
0.89,21,29808.508076
0.73,17,29808.539355
0.65,25,29808.585148
0.79,21,29808.622902
0.6,20,29808.659167
0.57,33,29808.721063
0.53,27,29808.781827
0.72,18,29808.822737
0.93,17,29808.862218
0.17,43,29808.958527
0.75,25,29809.00545
0.63,17,29809.036712
0.64,36,29809.101707
0.4,40,29809.179181
0.54,26,29809.229033
0.77,23,29809.270984
0.84,16,29814.139529
0.95,15,29814.166947
0.91,19,29814.20054
0.55,35,29814.262184
0.69,31,29814.316468
0.83,17,29814.34629
0.62,18,29814.377752
0.83,17,29814.40838
0.79,21,29814.445998
0.72,18,29814.47844
0.8,20,29814.51401
0.65,35,29814.576922
0.74,16,29814.605485
0.81,19,29814.63876
0.62,28,29814.687736
0.72,18,29814.719231
0.82,18,29814.751969
0.72,18,29814.783876
0.82,18,29814.815637
0.8,20,29814.85083
0.89,21,29814.887509
0.76,24,29814.929629
0.8,20,29814.965074
0.8,20,29815.001019
0.36,64,29815.112368
0.81,19,29815.146139
0.72,18,29815.177734
0.9,20,29815.213405
0.79,31,29815.267981
0.73,17,29815.298923
0.63,37,29815.364447
0.83,17,29815.395549
0.85,15,29815.422657
0.82,18,29815.455772
0.91,19,29815.48929
0.8,20,29815.524877
0.63,27,29815.575987
0.82,18,29815.608139
0.79,21,29815.646104
0.62,18,29815.679693
0.62,18,29815.720574
0.85,15,29815.751148
0.66,34,29815.816737
0.89,21,29815.863795
0.7,20,29815.901293
0.76,34,29815.965487
0.81,19,29821.190542
0.48,42,29821.263939
0.93,17,29821.293773
0.82,18,29821.325171
0.82,18,29821.356607
0.5,30,29821.409966
0.7,20,29821.44611
0.9,20,29821.482156
0.73,17,29821.512658
0.82,18,29821.545517
0.79,31,29821.600338
0.78,32,29821.655922
0.9,20,29821.690692
0.81,19,29821.724072
0.81,19,29821.757523
0.7,20,29821.79295
0.71,19,29821.82639
0.69,21,29821.871238
0.68,32,29821.934055
0.38,32,29821.991392
0.8,20,29822.026762
0.82,18,29822.058867
0.5,40,29822.128858
0.82,18,29822.160633
0.8,20,29822.195969
0.8,20,29822.231498
0.73,17,29822.261886
0.88,22,29822.300665
0.89,21,29822.337569
0.81,19,29822.371128
0.69,31,29822.425865
0.62,18,29822.45867
0.61,29,29822.510295
0.81,19,29822.545159
0.61,29,29822.596855
0.71,19,29822.630793
0.65,35,29822.692174
0.61,19,29822.725958
0.48,32,29822.782598
0.91,19,29822.822308
0.82,18,29822.862768
0.81,19,29822.904726
0.84,16,29822.935722
0.83,17,29822.96744
0.88,22,29823.009958
0.81,19,29827.998892
0.38,32,29828.055244
0.71,29,29828.106334
0.81,19,29828.140428
0.69,31,29828.195147
0.78,22,29828.235708
0.66,34,29828.297136
0.72,18,29828.330094
0.91,19,29828.364404
0.85,15,29828.391226
0.88,22,29828.430387
0.6,20,29828.465903
0.82,18,29828.497954
0.72,18,29828.529699
0.59,31,29828.585276
0.45,45,29828.663669
0.78,22,29828.706896
0.66,34,29828.772177
0.79,21,29828.808802
0.65,35,29828.87058
0.83,17,29828.904746
0.68,22,29828.947963
0.85,25,29829.002133
0.55,35,29829.064711
0.71,19,29829.099074
0.24,56,29829.197004
0.72,18,29829.229142
0.73,17,29829.26524
0.83,17,29829.302558
0.6,30,29829.359605
0.8,20,29829.403892
0.61,19,29829.446484
0.8,20,29829.491111
0.89,21,29829.537754
0.5,30,29829.604705
0.83,17,29829.642301
0.9,20,29829.686312
0.7,20,29829.730479
0.91,19,29829.773148
0.83,27,29829.824819
0.71,29,29829.876598
0.8,20,29829.915917
0.81,19,29829.94999
0.83,27,29835.387159
0.14,66,29835.501113
0.8,20,29835.53646
0.69,21,29835.57385
0.1,60,29835.677732
0.9,20,29835.71278
0.58,32,29835.774641
0.7,20,29835.810597
0.77,23,29835.851501
0.78,22,29835.890822
0.63,27,29835.940461
0.7,30,29835.993269
0.58,42,29836.068719
0.9,20,29836.112727
0.85,15,29836.145822
0.77,23,29836.195786
0.81,19,29836.232427
0.79,21,29836.271551
0.95,15,29836.301635
0.6,30,29836.355392
0.92,18,29836.395256
0.82,18,29836.4353
0.79,21,29836.482335
0.9,20,29836.526472
0.9,20,29836.57108
0.79,21,29836.617438
0.19,61,29836.748986
0.57,43,29836.842556
0.58,32,29836.912164
0.72,18,29836.948098
0.62,18,29836.980125
0.76,24,29837.023747
0.72,18,29837.056099
0.71,19,29837.08989
0.8,20,29837.125276
0.68,22,29837.171721
0.93,17,29837.207904
0.9,20,29837.243974
0.54,46,29843.183764
0.74,26,29843.229877
0.91,19,29843.264344
0.17,53,29843.356795
0.77,23,29843.397696
0.65,35,29843.459653
0.46,44,29843.538501
0.57,43,29843.615975
0.8,20,29843.651393
0.45,35,29843.712754
0.58,32,29843.769091
0.7,20,29843.804746
0.74,16,29843.833236
0.62,48,29843.931979
0.85,15,29843.961765
0.81,29,29844.013889
0.93,17,29844.044044
0.68,32,29844.100293
0.86,24,29844.143467
0.81,19,29844.177083
0.4,40,29844.247893
0.55,35,29844.312959
0.86,24,29844.356541
0.81,19,29844.390308
0.81,19,29844.423919
0.7,20,29844.46028
0.76,24,29844.504606
0.82,18,29844.537744
0.81,19,29844.572516
0.87,23,29844.614158
0.43,47,29844.702482
0.7,30,29844.755077
0.71,19,29844.78866
0.82,18,29844.822775
0.26,54,29844.918522
0.85,15,29844.948332
0.73,17,29844.97845
0.81,19,29845.017258
0.62,18,29851.143044
0.81,19,29851.176028
0.81,19,29851.209669
0.56,34,29851.268904
0.95,15,29851.295649
0.71,19,29851.329114
0.78,22,29851.367507
0.52,48,29851.451493
0.72,18,29851.483412
0.71,19,29851.517246
0.82,18,29851.553726
0.7,20,29851.594326
0.68,32,29851.650383
0.91,19,29851.683419
0.54,36,29851.745786
0.7,20,29851.780568
0.84,16,29851.808675
0.72,18,29851.840574
0.41,49,29851.929705
0.26,44,29852.016089
0.93,17,29852.055122
0.92,18,29852.09481
0.95,15,29852.128229
0.79,21,29852.174861
0.9,20,29852.2177
0.8,20,29852.257111
0.83,17,29852.295469
0.71,19,29852.340018
0.61,29,29852.396121
0.79,21,29852.434001
0.9,20,29852.472385
0.81,19,29852.513537
0.67,33,29852.572839
0.92,18,29852.609541
0.57,53,29852.714918
0.9,20,29852.750887
0.91,19,29852.785383
0.8,20,29852.821642
0.82,18,29852.855017
0.56,34,29852.916875
0.8,20,29852.954027
0.55,35,29853.016937
0.85,25,29858.906409
0.69,21,29858.9448
0.69,21,29858.982428
0.91,19,29859.017039
0.9,20,29859.053158
0.83,17,29859.083061
0.78,22,29859.122212
0.69,31,29859.176718
0.59,31,29859.230872
0.71,19,29859.264474
0.77,23,29859.305026
0.81,19,29859.339167
0.87,23,29859.380033
0.61,19,29859.41381
0.93,17,29859.443847
0.67,33,29859.502302
0.79,21,29859.540045
0.48,32,29859.5973
0.95,15,29859.623862
0.72,18,29859.655982
0.71,19,29859.689648
0.9,20,29859.724803
0.8,20,29859.76155
0.54,36,29859.83914
0.74,16,29859.874818
0.74,26,29859.932948
0.64,26,29859.989803
0.65,35,29860.067083
0.59,31,29860.135977
0.81,19,29860.178129
0.44,36,29860.249354
0.72,18,29860.282081
0.21,69,29860.41163
0.82,28,29860.464392
0.57,33,29860.52546
0.91,19,29860.560596
0.88,22,29860.600825
0.53,37,29860.667903
0.9,20,29860.704323
0.53,27,29860.753334
0.64,36,29860.826509
0.81,19,29866.576424
0.69,21,29866.614606
0.8,20,29866.65064
0.73,27,29866.705229
0.87,23,29866.75661
0.83,17,29866.793749
0.81,19,29866.83443
0.8,20,29866.880131
0.59,31,29866.9376
0.46,44,29867.030228
0.91,19,29867.065631
0.81,19,29867.101262
0.9,20,29867.137468
0.95,15,29867.164567
0.78,22,29867.204204
0.82,18,29867.236715
0.83,17,29867.267326
0.93,17,29867.297965
0.42,38,29867.366977
0.63,37,29867.434945
0.74,26,29867.483726
0.54,26,29867.53057
0.83,17,29867.56239
0.62,38,29867.630519
0.9,20,29867.666894
0.6,40,29867.738292
0.73,17,29867.770095
0.73,37,29867.835838
0.67,33,29867.89466
0.27,43,29867.973518
0.7,20,29868.009799
0.83,17,29868.04095
0.69,21,29868.078987
0.9,20,29868.11529
0.81,29,29868.16775
0.6,30,29868.22212
0.79,21,29868.260899
0.55,45,29868.34062
0.72,18,29868.37439
0.82,18,29868.407631
0.9,20,29868.444776
0.81,19,29873.948128
0.79,21,29873.985818
0.92,18,29874.018051
0.71,19,29874.051913
0.71,19,29874.086147
0.9,20,29874.121933
0.45,45,29874.200754
0.8,20,29874.235664
0.8,20,29874.271028
0.82,18,29874.302446
0.9,20,29874.33759
0.71,19,29874.372406
0.61,29,29874.426552
0.54,46,29874.510294
0.83,17,29874.541608
0.82,18,29874.574443
0.62,18,29874.606193
0.72,18,29874.637861
0.68,32,29874.694517
0.84,16,29874.723313
0.28,42,29874.796368
0.69,21,29874.833219
0.81,19,29874.866921
0.84,16,29874.898737
0.82,18,29874.939254
0.54,36,29875.005524
0.69,21,29875.051006
0.8,20,29875.094766
0.71,19,29875.136641
0.9,20,29875.180558
0.57,33,29875.246125
0.77,23,29875.286182
0.72,18,29875.317962
0.8,20,29875.352658
0.79,21,29875.389632
0.92,18,29875.421196
0.89,21,29875.458044
0.71,19,29875.49125
0.66,24,29875.532435
0.83,17,29875.562751
0.82,18,29875.594502
0.79,21,29875.63124
0.78,22,29875.670659
0.8,20,29875.705851
0.78,32,29875.773411
0.82,18,29875.813015
0.9,20,29881.570139
0.9,20,29881.607142
0.89,21,29881.644909
0.65,45,29881.724825
0.91,19,29881.759929
0.45,45,29881.841083
0.82,18,29881.87497
0.92,18,29881.908658
0.72,18,29881.942033
0.88,22,29881.982439
0.72,18,29882.022655
0.8,20,29882.069161
0.77,33,29882.145181
0.78,22,29882.195781
0.81,19,29882.236224
0.71,19,29882.271734
0.61,19,29882.306772
0.85,25,29882.353874
0.65,35,29882.421672
0.83,17,29882.454139
0.76,24,29882.498543
0.5,50,29882.593399
0.91,19,29882.639265
0.82,18,29882.676427
0.86,24,29882.721462
0.71,29,29882.777463
0.38,32,29882.836151
0.82,18,29882.871871
0.81,19,29882.918376
0.7,30,29882.993964
0.91,19,29883.038785
0.77,33,29883.113971
0.76,24,29883.17066
0.84,16,29883.208136
0.61,29,29883.264821
0.72,18,29883.298272
0.86,24,29883.343765
0.7,20,29883.382476
0.71,19,29883.418266
0.89,21,29883.459182
0.78,32,29883.52223
0.93,17,29883.556399
0.73,27,29889.074336
0.91,19,29889.108458
0.45,35,29889.169365
0.93,17,29889.199591
0.84,16,29889.227704
0.94,16,29889.256163
0.83,17,29889.285592
0.92,18,29889.317395
0.69,21,29889.353922
0.9,20,29889.389422
0.72,18,29889.42178
0.82,18,29889.453526
0.56,34,29889.512762
0.31,39,29889.582441
0.81,19,29889.61607
0.81,19,29889.650307
0.71,19,29889.683721
0.83,17,29889.71388
0.79,21,29889.752673
0.74,36,29889.817065
0.71,19,29889.851171
0.79,21,29889.888686
0.68,22,29889.929654
0.7,20,29889.974156
0.79,21,29890.01669
0.92,18,29890.05689
0.75,15,29890.090367
0.73,17,29890.128241
0.8,20,29890.173097
0.71,19,29890.214941
0.73,17,29890.247825
0.92,18,29890.283292
0.72,18,29890.323126
0.72,18,29890.362529
0.81,19,29890.404221
0.9,20,29890.448379
0.57,33,29890.520509
0.8,20,29890.565354
0.72,18,29890.606764
0.75,25,29890.665554
0.91,19,29890.711237
0.78,22,29890.761266
0.81,19,29890.803247
0.84,16,29890.83868
0.93,17,29890.876223
0.8,20,29890.920249
0.8,20,29890.963756
0.79,21,29891.010022
0.68,22,29891.05851
0.91,19,29891.100139
0.9,20,29895.705532
0.72,18,29895.737672
0.81,19,29895.771128
0.53,27,29895.818112
0.93,17,29895.848257
0.92,18,29895.880616
0.81,19,29895.914217
0.81,19,29895.948063
0.9,20,29895.983043
0.91,19,29896.020309
0.04,66,29896.157609
0.73,17,29896.188123
0.79,21,29896.225601
0.82,18,29896.257714
0.78,22,29896.29647
0.91,19,29896.330055
0.41,59,29896.434186
0.81,19,29896.468503
0.57,33,29896.528505
0.79,21,29896.576448
0.73,17,29896.615129
0.75,25,29896.662571
0.9,20,29896.698344
0.67,33,29896.760091
0.67,23,29896.800846
0.7,30,29896.853572
0.78,22,29896.892738
0.89,21,29896.930438
0.9,20,29896.965546
0.55,45,29897.043292
0.89,21,29897.080321
0.72,18,29897.11211
0.71,19,29897.145572
0.69,31,29897.199998
0.56,34,29897.259743
0.4,40,29897.329403
0.72,18,29897.36092
0.77,23,29897.401618
0.43,47,29897.483273
0.89,21,29897.519993
0.79,21,29903.283742
0.71,19,29903.31745
0.9,20,29903.353309
0.71,19,29903.387088
0.92,18,29903.418719
0.84,16,29903.447227
0.99,11,29903.466748
0.33,57,29903.567197
0.41,39,29903.635421
0.83,17,29903.665511
0.77,23,29903.705902
0.92,18,29903.737497
0.77,23,29903.778041
0.93,17,29903.807803
0.6,30,29903.86059
0.81,19,29903.894024
0.83,17,29903.924291
0.83,17,29903.954165
0.33,47,29904.036206
0.91,19,29904.07022
0.81,19,29904.103729
0.9,20,29904.138959
0.78,22,29904.17758
0.8,20,29904.213609
0.59,31,29904.2693
0.78,22,29904.316124
0.76,24,29904.373182
0.82,18,29904.413244
0.61,39,29904.500687
0.7,20,29904.54529
0.71,19,29904.587168
0.38,62,29904.721207
0.6,30,29904.787266
0.9,20,29904.831218
0.77,23,29904.881907
0.8,20,29904.92123
0.78,22,29904.959889
0.79,21,29904.997318
0.82,18,29905.028956
0.7,20,29905.064121
0.47,33,29905.121309
0.58,32,29905.177234
0.87,23,29910.817704
0.78,22,29910.856617
0.9,20,29910.892149
0.81,19,29910.926431
0.82,18,29910.958508
0.81,19,29910.992326
0.79,21,29911.029423
0.48,32,29911.085992
0.56,34,29911.145308
0.28,62,29911.253619
0.93,17,29911.284497
0.6,30,29911.337526
0.48,52,29911.431109
0.69,31,29911.485973
0.67,33,29911.545219
0.75,25,29911.591803
0.79,21,29911.628549
0.77,23,29911.669127
0.9,20,29911.704164
0.71,19,29911.737828
0.8,20,29911.772994
0.8,20,29911.807809
0.83,17,29911.837574
0.73,17,29911.867234
0.44,46,29911.95791
0.83,17,29911.988319
0.82,18,29912.024596
0.72,18,29912.064248
0.79,21,29912.110401
0.8,20,29912.154748
0.72,18,29912.194373
0.81,19,29912.23593
0.73,17,29912.269246
0.35,45,29912.35063
0.92,18,29912.390203
0.9,20,29912.434001
0.45,35,29912.511012
0.8,20,29912.557165
0.51,29,29912.622569
0.49,31,29912.690821
0.7,20,29912.732164
0.75,25,29918.229134
0.91,19,29918.262513
0.68,32,29918.318101
0.79,21,29918.354811
0.69,21,29918.391418
0.82,18,29918.423045
0.71,19,29918.456225
0.8,20,29918.491131
0.25,45,29918.571686
0.48,32,29918.629924
0.74,26,29918.677402
0.55,35,29918.739543
0.84,16,29918.767352
0.88,22,29918.805479
0.72,28,29918.853756
0.9,20,29918.888821
0.73,17,29918.920071
0.9,20,29918.955996
0.66,44,29919.033975
0.81,19,29919.067858
0.68,32,29919.124146
0.8,20,29919.159811
0.63,17,29919.191072
0.78,22,29919.229782
0.82,18,29919.262241
0.67,33,29919.320545
0.72,18,29919.352319
0.81,19,29919.385979
0.71,19,29919.419824
0.86,24,29919.46232
0.73,17,29919.492638
0.91,19,29919.52615
0.81,19,29919.56031
0.79,21,29919.597911
0.73,17,29919.628403
0.45,45,29919.708329
0.78,22,29919.747766
0.87,23,29919.790939
0.71,19,29919.825362
0.81,19,29919.85962
0.81,19,29919.898254
0.89,11,29919.922839
0.74,16,29919.958288
0.47,33,29920.02582
0.89,21,29925.247595
0.77,23,29925.288867
0.93,17,29925.319226
0.91,19,29925.357285
0.71,19,29925.395408
0.81,19,29925.430454
0.72,28,29925.47982
0.83,17,29925.510041
0.71,19,29925.544046
0.48,22,29925.583738
0.79,21,29925.6218
0.8,20,29925.666009
0.91,19,29925.709581
0.81,19,29925.74857
0.62,18,29925.784978
0.71,29,29925.848492
0.69,21,29925.894285
0.85,25,29925.939585
0.95,15,29925.966315
0.72,18,29925.998516
0.66,24,29926.046689
0.87,23,29926.098059
0.81,19,29926.140833
0.85,15,29926.174148
0.58,32,29926.246641
0.54,46,29926.32858
0.46,44,29926.405114
0.84,16,29926.433523
0.76,24,29926.476074
0.79,21,29926.513102
0.8,20,29926.548948
0.76,34,29926.610481
0.64,36,29926.675593
0.82,18,29926.707978
0.66,34,29926.772272
0.87,23,29926.813794
0.82,18,29926.846049
0.88,22,29926.885317
0.73,27,29926.938698
0.61,19,29926.981165
0.78,32,29927.052433
0.72,18,29927.091678
0.81,19,29927.133994
0.81,19,29927.175687
0.87,23,29927.226715
0.82,18,29931.955023
0.75,15,29931.981863
0.43,57,29932.081968
0.82,18,29932.11403
0.73,27,29932.162334
0.78,22,29932.201557
0.71,19,29932.235069
0.72,18,29932.267075
0.72,18,29932.299068
0.61,19,29932.332662
0.78,22,29932.371515
0.84,16,29932.399904
0.83,17,29932.429868
0.56,34,29932.489982
0.77,33,29932.549535
0.85,15,29932.577838
0.79,21,29932.61728
0.69,31,29932.674015
0.92,18,29932.714336
0.63,17,29932.752383
0.71,29,29932.815366
0.49,31,29932.884091
0.8,20,29932.928668
0.81,19,29932.971445
0.67,23,29933.017675
0.81,19,29933.059183
0.69,21,29933.105427
0.69,31,29933.17399
0.61,29,29933.23796
0.81,19,29933.274953
0.7,20,29933.30993
0.79,21,29933.346461
0.9,20,29933.38386
0.62,38,29933.466681
0.8,20,29933.510406
0.8,20,29933.555234
0.72,18,29933.595344
0.92,18,29933.635463
0.82,18,29933.674901
0.88,22,29933.722635
0.73,17,29933.759174
0.47,43,29933.835442
0.78,22,29933.874703
0.91,19,29933.909477
0.95,15,29933.936583
0.79,21,29939.032453
0.59,31,29939.100154
0.62,38,29939.181948
0.61,19,29939.223115
0.79,21,29939.26709
0.68,22,29939.313648
0.71,19,29939.355131
0.59,21,29939.400874
0.83,17,29939.437536
0.9,20,29939.481075
0.52,38,29939.564298
0.79,21,29939.610224
0.56,34,29939.684505
0.78,32,29939.747474
0.8,20,29939.78389
0.71,39,29939.853706
0.31,49,29939.942155
0.8,20,29939.978767
0.82,18,29940.011829
0.24,56,29940.124177
0.91,19,29940.168515
0.81,19,29940.212807
0.51,29,29940.275086
0.8,20,29940.311379
0.77,23,29940.35846
0.78,22,29940.407365
0.66,24,29940.460019
0.83,17,29940.497327
0.83,17,29940.534187
0.95,15,29940.567711
0.81,19,29940.61068
0.85,15,29940.644273
0.81,19,29940.685975
0.8,20,29940.72974
0.83,17,29940.762075
0.7,20,29940.797091
0.6,20,29940.832218
0.8,20,29940.868903
0.8,20,29940.906762
0.82,18,29940.943888
0.69,21,29940.981443
0.48,32,29941.042758
0.77,23,29941.093347
0.89,21,29946.239918
0.91,19,29946.273346
0.77,23,29946.313452
0.77,23,29946.353832
0.82,18,29946.385373
0.65,45,29946.464905
0.81,19,29946.50274
0.61,19,29946.540841
0.6,30,29946.599637
0.79,21,29946.641762
0.73,17,29946.675764
0.72,18,29946.711607
0.58,32,29946.774297
0.61,19,29946.813371
0.92,18,29946.853843
0.69,31,29946.917867
0.91,19,29946.959857
0.79,21,29947.008024
0.61,19,29947.045581
0.7,20,29947.083083
0.68,32,29947.141247
0.72,18,29947.174377
0.88,22,29947.213969
0.58,32,29947.270656
0.93,17,29947.300812
0.82,18,29947.332417
0.72,28,29947.381524
0.81,19,29947.414973
0.82,18,29947.446508
0.68,32,29947.502003
0.71,19,29947.535782
0.57,33,29947.594433
0.82,18,29947.626447
0.81,29,29947.6772
0.9,20,29947.712757
0.49,31,29947.768552
0.59,31,29947.822222
0.73,17,29947.851954
0.71,19,29947.885189
0.93,17,29947.916225
0.83,17,29947.94695
0.74,16,29947.97547
0.81,19,29948.00872
0.72,18,29948.040196
0.59,31,29948.09385
0.7,20,29952.819191
0.61,29,29952.869848
0.49,31,29952.927351
0.78,32,29952.988826
0.82,28,29953.049917
0.57,43,29953.142758
0.45,35,29953.218127
0.71,19,29953.259874
0.79,21,29953.299655
0.48,42,29953.390123
0.6,30,29953.455227
0.92,18,29953.494334
0.9,20,29953.538117
0.55,35,29953.614926
0.72,18,29953.654379
0.73,17,29953.691206
0.54,36,29953.767506
0.94,16,29953.802623
0.8,20,29953.846265
0.72,18,29953.885474
0.81,19,29953.926238
0.82,18,29953.957577
0.73,17,29953.987787
0.69,31,29954.05184
0.79,21,29954.097351
0.81,19,29954.138758
0.85,15,29954.172063
0.96,14,29954.202468
0.67,23,29954.252365
0.89,21,29954.291632
0.8,20,29954.333964
0.81,19,29954.375515
0.87,23,29954.425396
0.79,21,29954.470578
0.69,21,29954.515984
0.69,31,29954.584529
0.93,17,29954.621734
0.93,17,29954.659413
0.78,22,29954.707573
0.83,17,29954.745014
0.73,17,29954.78192
0.81,19,29954.823255
0.81,19,29954.864668
0.9,20,29954.90406
0.64,26,29959.757517
0.89,21,29959.794055
0.79,21,29959.830533
0.24,56,29959.930688
0.74,16,29959.963817
0.81,19,29960.005433
0.8,20,29960.04931
0.8,20,29960.092999
0.38,42,29960.183293
0.52,38,29960.265385
0.69,31,29960.321199
0.72,18,29960.359832
0.44,46,29960.459386
0.84,16,29960.494617
0.82,18,29960.533748
0.44,46,29960.633121
0.9,20,29960.67711
0.75,15,29960.710063
0.56,34,29960.783849
0.82,18,29960.823511
0.69,21,29960.869083
0.79,21,29960.911946
0.92,18,29960.943172
0.75,15,29960.96988
0.6,40,29961.040321
0.71,19,29961.074034
0.92,18,29961.108181
0.49,31,29961.163123
0.82,18,29961.19486
0.9,20,29961.230187
0.81,19,29961.263849
0.82,18,29961.295568
0.54,36,29961.358913
0.67,23,29961.399772
0.5,30,29961.452134
0.81,19,29961.485735
0.71,29,29961.536784
0.7,20,29961.572902
0.68,32,29961.629047
0.81,19,29961.662683
0.81,19,29961.696402
0.8,20,29967.549602
0.35,45,29967.627741
0.62,38,29967.702783
0.82,18,29967.735878
0.82,18,29967.767803
0.47,43,29967.842132
0.69,21,29967.880139
0.74,26,29967.936899
0.81,29,29967.996785
0.82,18,29968.036242
0.81,29,29968.098878
0.83,17,29968.136045
0.8,20,29968.179811
0.89,21,29968.225523
0.62,28,29968.283513
0.68,32,29968.35061
0.46,34,29968.423867
0.61,29,29968.487573
0.76,34,29968.563845
0.51,39,29968.648372
0.84,16,29968.683287
0.67,33,29968.755492
0.69,31,29968.822292
0.73,37,29968.90242
0.88,22,29968.940536
0.81,19,29968.973304
0.62,38,29969.038418
0.8,20,29969.073167
0.69,21,29969.109553
0.79,21,29969.145852
0.89,21,29969.182521
0.8,20,29969.217686
0.78,22,29969.255969
0.93,17,29969.285349
0.91,19,29969.318295
0.56,34,29969.377289
0.9,20,29969.412343
0.92,18,29969.443408
0.9,20,29969.477762
0.76,24,29969.519055
0.72,18,29974.8035
0.81,19,29974.836695
0.71,19,29974.873971
0.94,16,29974.902575
0.57,43,29974.994802
0.45,55,29975.115021
0.55,35,29975.190091
0.9,20,29975.233617
0.83,17,29975.270736
0.72,18,29975.30281
0.81,19,29975.336717
0.87,23,29975.377292
0.48,42,29975.451084
0.91,19,29975.484814
0.82,18,29975.516921
0.8,20,29975.553027
0.73,27,29975.60087
0.78,22,29975.640495
0.78,22,29975.68073
0.87,23,29975.722497
0.85,15,29975.750253
0.54,46,29975.834582
0.9,20,29975.870947
0.61,29,29975.934561
0.73,17,29975.971347
0.79,21,29976.015587
0.57,33,29976.080752
0.52,18,29976.113078
0.92,18,29976.145793
0.8,20,29976.182021
0.88,22,29976.22361
0.47,43,29976.301805
0.91,19,29976.335586
0.8,20,29976.371582
0.81,19,29976.405899
0.64,36,29976.469467
0.79,21,29976.506568
0.83,17,29976.537329
0.83,17,29976.569481
0.71,19,29976.604969
0.81,19,29976.639814
0.79,21,29976.678127
0.74,36,29982.167988
0.58,32,29982.224151
0.88,22,29982.263231
0.58,42,29982.336664
0.73,17,29982.366541
0.93,17,29982.39697
0.84,16,29982.425703
0.47,43,29982.50148
0.82,18,29982.534079
0.71,19,29982.56918
0.62,18,29982.601168
0.6,30,29982.654219
0.91,19,29982.687457
0.47,33,29982.746022
0.81,19,29982.779703
0.82,18,29982.811323
0.84,16,29982.839722
0.73,17,29982.871586
0.79,21,29982.915723
0.91,19,29982.957401
0.81,19,29982.999496
0.92,18,29983.039345
0.89,21,29983.085713
0.82,18,29983.125839
0.73,17,29983.163738
0.92,18,29983.203447
0.79,21,29983.24971
0.82,18,29983.286412
0.73,17,29983.316891
0.72,18,29983.34918
0.8,20,29983.385052
0.64,36,29983.459037
0.59,31,29983.526231
0.92,18,29983.566417
0.55,35,29983.642916
0.81,19,29983.684593
0.69,31,29983.751787
0.85,15,29983.784704
0.69,31,29983.849854
0.73,27,29983.900897
0.79,21,29983.937648
0.56,34,29983.997708
0.82,18,29984.0301
0.47,33,29984.08926
0.73,17,29984.119929
0.8,20,29988.972029
0.75,15,29989.001014
0.49,31,29989.057373
0.8,20,29989.093905
0.7,20,29989.138001
0.83,17,29989.175898
0.83,17,29989.212886
0.89,21,29989.250649
0.9,20,29989.288671
0.48,42,29989.363641
0.85,15,29989.390964
0.92,18,29989.423414
0.66,24,29989.466875
0.41,39,29989.537246
0.84,26,29989.584404
0.19,61,29989.693154
0.67,33,29989.752162
0.53,27,29989.800989
0.87,23,29989.842055
0.86,24,29989.884777
0.59,31,29989.944512
0.66,24,29989.987645
0.69,21,29990.02584
0.71,19,29990.060305
0.75,15,29990.087121
0.72,18,29990.119576
0.73,17,29990.155458
0.78,22,29990.204232
0.72,18,29990.244407
0.89,21,29990.288229
0.69,21,29990.329762
0.62,18,29990.370485
0.78,22,29990.419831
0.9,20,29990.46415
0.9,20,29990.508626
0.81,19,29990.552006
0.82,18,29990.592832
0.7,20,29990.637095
0.82,18,29990.677503
0.72,18,29990.717693
0.89,21,29990.765572
0.76,24,29990.818688
0.56,34,29990.894158
0.85,15,29990.927541
0.81,19,29990.969989
0.81,19,29995.91408
0.8,20,29995.949792
0.89,21,29995.986511
0.65,35,29996.047937
0.79,21,29996.084983
0.97,13,29996.108347
0.82,18,29996.140332
0.72,18,29996.17186
0.81,29,29996.223375
0.71,19,29996.257452
0.86,14,29996.28274
0.74,36,29996.346313
0.82,18,29996.378148
0.65,25,29996.42224
0.79,21,29996.458998
0.59,31,29996.513294
0.45,35,29996.574579
0.64,46,29996.65472
0.84,16,29996.683039
0.71,19,29996.716466
0.81,19,29996.750198
0.84,16,29996.778283
0.72,18,29996.811097
0.77,33,29996.87045
0.56,34,29996.942927
0.42,28,29996.993193
0.69,21,29997.03226
0.82,18,29997.071817
0.88,22,29997.120587
0.74,16,29997.155914
0.74,16,29997.190815
0.47,33,29997.26294
0.49,41,29997.350567
0.55,35,29997.426403
0.71,19,29997.468154
0.62,18,29997.507671
0.71,19,29997.549927
0.81,19,29997.592065
0.92,18,29997.632217
0.58,32,29997.70276
0.92,18,29997.744398
0.83,17,29997.782692
0.92,18,29997.822753
0.9,20,29997.860877
0.72,18,30003.054996
0.78,22,30003.094069
0.86,24,30003.135877
0.78,32,30003.191563
0.72,18,30003.223179
0.82,18,30003.255173
0.79,21,30003.291825
0.79,21,30003.328421
0.68,32,30003.384213
0.9,20,30003.419069
0.35,45,30003.500635
0.59,21,30003.538972
0.78,22,30003.579957
0.81,19,30003.613995
0.73,17,30003.644525
0.58,32,30003.706071
0.8,20,30003.746025
0.74,16,30003.774861
0.67,33,30003.833082
0.74,16,30003.864862
0.84,16,30003.896041
0.7,20,30003.932969
0.78,22,30003.972639
0.8,20,30004.008994
0.67,23,30004.050075
0.72,18,30004.08251
0.56,34,30004.143114
0.76,24,30004.18578
0.59,41,30004.258489
0.59,31,30004.313869
0.68,32,30004.370601
0.73,17,30004.401446
0.79,21,30004.439124
0.9,20,30004.474934
0.67,23,30004.516268
0.9,20,30004.552718
0.74,16,30004.58181
0.81,19,30004.615903
0.82,18,30004.648205
0.79,21,30004.685617
0.82,18,30004.717829
0.81,19,30004.754256
0.68,32,30004.812338
0.12,58,30010.110839
0.54,36,30010.190393
0.82,18,30010.230983
0.94,16,30010.266369
0.91,19,30010.305027
0.92,18,30010.337728
0.84,16,30010.367171
0.95,15,30010.394115
0.92,18,30010.426176
0.24,46,30010.508286
0.76,24,30010.552001
0.81,19,30010.586178
0.89,21,30010.624024
0.67,33,30010.684067
0.86,24,30010.7282
0.9,20,30010.767816
0.73,17,30010.806191
0.9,20,30010.853195
0.81,19,30010.894008
0.82,18,30010.926337
0.71,19,30010.965893
0.81,19,30011.008201
0.67,33,30011.068264
0.78,22,30011.108263
0.79,31,30011.163509
0.88,22,30011.202942
0.8,20,30011.239252
0.83,17,30011.27003
0.81,19,30011.304432
0.91,19,30011.338498
0.89,21,30011.376108
0.79,21,30011.41398
0.84,16,30011.443094
0.79,21,30011.480584
0.73,17,30011.511329
0.46,34,30011.573382
0.73,17,30011.604359
0.65,25,30011.649522
0.75,35,30011.711632
0.51,29,30011.764421
0.8,20,30011.801318
0.81,19,30011.836073
0.8,20,30011.872041
0.73,17,30011.902536
0.81,19,30011.937932
0.72,18,30011.970695
0.89,21,30016.80136
0.71,19,30016.84336
0.93,17,30016.882932
0.54,26,30016.93212
0.53,37,30016.997661
0.93,17,30017.028008
0.57,33,30017.085814
0.86,24,30017.128283
0.72,18,30017.160296
0.62,28,30017.209935
0.24,46,30017.290679
0.81,19,30017.324312
0.95,15,30017.35116
0.65,35,30017.41767
0.78,22,30017.456847
0.71,19,30017.490993
0.81,19,30017.5249
0.69,31,30017.580412
0.73,27,30017.628104
0.61,29,30017.68366
0.82,18,30017.715801
0.91,19,30017.750073
0.71,19,30017.784067
0.8,20,30017.826433
0.79,31,30017.884003
0.77,23,30017.932738
0.51,39,30018.000792
0.8,20,30018.035756
0.8,20,30018.070965
0.49,51,30018.159659
0.59,31,30018.215554
0.47,33,30018.27375
0.69,21,30018.310369
0.91,19,30018.343338
0.8,20,30018.37816
0.68,32,30018.434229
0.8,20,30018.469421
0.66,24,30018.511492
0.73,37,30018.576369
0.81,19,30018.61019
0.8,20,30018.65427
0.49,31,30024.2533
0.7,20,30024.288815
0.7,20,30024.324966
0.71,19,30024.358674
0.84,16,30024.387314
0.72,18,30024.419439
0.91,19,30024.453356
0.78,22,30024.492768
0.77,33,30024.550739
0.67,23,30024.591592
0.81,19,30024.624994
0.69,31,30024.679175
0.78,22,30024.717954
0.75,25,30024.767862
0.85,15,30024.795073
0.79,21,30024.832042
0.83,17,30024.862543
0.8,20,30024.899489
0.81,19,30024.933487
0.89,21,30024.970803
0.89,21,30025.00783
0.92,18,30025.04012
0.65,35,30025.108279
0.49,31,30025.176955
0.58,32,30025.248777
0.75,25,30025.302273
0.86,24,30025.345814
0.52,28,30025.396793
0.84,26,30025.44417
0.89,21,30025.48251
0.95,15,30025.509479
0.89,21,30025.547689
0.79,21,30025.586465
0.27,53,30025.6821
0.85,15,30025.709155
0.38,42,30025.788042
0.9,20,30025.824464
0.84,26,30025.871606
0.87,23,30025.913137
0.82,18,30025.94692
0.72,18,30025.982546
0.79,21,30026.021117
0.89,21,30026.058539
0.51,29,30031.166888
0.78,22,30031.216293
0.6,20,30031.262134
0.8,20,30031.304406
0.71,29,30031.356388
0.93,17,30031.387177
0.65,25,30031.431143
0.82,18,30031.463199
0.61,29,30031.514386
0.7,20,30031.549873
0.67,43,30031.625602
0.85,25,30031.669816
0.46,34,30031.729763
0.92,18,30031.761756
0.8,20,30031.797103
0.8,20,30031.832768
0.83,27,30031.882444
0.93,17,30031.915939
0.8,20,30031.951303
0.68,22,30031.989715
0.81,19,30032.023226
0.7,30,30032.076083
0.81,19,30032.110018
0.9,20,30032.145781
0.63,27,30032.193597
0.81,19,30032.227093
0.72,18,30032.258503
0.84,16,30032.28634
0.84,16,30032.314059
0.7,20,30032.348665
0.78,22,30032.387177
0.8,20,30032.422099
0.9,20,30032.456946
0.72,18,30032.487998
0.89,21,30032.524432
0.91,19,30032.55831
0.77,23,30032.598398
0.72,18,30032.629592
0.79,21,30032.666094
0.93,17,30032.695642
0.35,45,30032.77358
0.79,21,30032.810109
0.77,33,30032.866974
0.82,18,30032.8985
0.91,19,30032.939958
0.9,20,30032.984845
0.62,18,30037.780998
0.94,16,30037.810129
0.85,15,30037.837461
0.58,32,30037.894021
0.82,18,30037.926382
0.79,21,30037.963405
0.7,20,30037.998818
0.82,18,30038.03127
0.72,18,30038.063283
0.94,16,30038.092233
0.92,18,30038.124531
0.83,17,30038.154719
0.82,18,30038.186517
0.8,20,30038.221873
0.92,18,30038.254117
0.78,22,30038.293216
0.8,20,30038.328515
0.71,29,30038.380517
0.96,14,30038.405392
0.73,17,30038.435607
0.82,18,30038.467875
0.74,16,30038.496232
0.81,19,30038.53045
0.84,16,30038.560463
0.84,16,30038.589421
0.9,20,30038.625079
0.79,31,30038.68558
0.78,22,30038.733361
0.61,29,30038.785501
0.84,16,30038.822435
0.42,48,30038.926567
0.7,20,30038.971621
0.9,20,30039.015177
0.68,22,30039.064618
0.73,17,30039.102793
0.91,19,30039.144993
0.71,19,30039.186901
0.8,20,30039.231518
0.67,23,30039.282536
0.79,21,30039.3237
0.68,32,30039.381683
0.8,30,30039.436221
0.9,20,30039.472387
0.81,19,30039.506728
0.71,19,30039.541533
0.28,72,30039.675056
0.77,33,30044.961593
0.69,21,30045.000604
0.77,33,30045.073116
0.8,20,30045.117209
0.72,18,30045.157445
0.82,18,30045.197644
0.8,30,30045.265476
0.56,44,30045.3511
0.94,16,30045.380121
0.82,18,30045.412721
0.9,20,30045.448745
0.65,35,30045.510995
0.46,54,30045.617802
0.82,18,30045.658444
0.7,20,30045.702932
0.93,17,30045.741021
0.67,33,30045.806135
0.36,44,30045.90149
0.81,19,30045.938506
0.73,17,30045.969524
0.66,24,30046.012499
0.59,21,30046.057775
0.78,22,30046.106631
0.74,16,30046.142684
0.78,22,30046.190941
0.76,24,30046.24447
0.85,15,30046.277474
0.79,21,30046.319626
0.73,27,30046.377205
0.8,20,30046.421504
0.91,19,30046.464241
0.92,18,30046.504092
0.92,18,30046.543717
0.73,27,30046.602263
0.77,23,30046.652144
0.72,18,30046.692004
0.85,15,30046.72583
0.8,20,30046.770348
0.39,51,30046.883691
0.85,15,30046.91696
0.77,23,30046.958984
0.9,20,30046.996106
0.89,21,30047.03462
0.9,20,30047.070286
0.59,31,30052.462522
0.83,17,30052.49268
-0.03,53,30052.587165
0.65,35,30052.650767
0.83,27,30052.699275
0.77,23,30052.741071
0.59,31,30052.796518
0.66,34,30052.857085
0.8,20,30052.892693
0.92,18,30052.92476
0.79,21,30052.962003
0.79,21,30053.000033
0.92,18,30053.037393
0.8,20,30053.081668
0.82,18,30053.121179
0.73,27,30053.180256
0.55,35,30053.256397
0.8,20,30053.300203
0.72,18,30053.333154
0.93,17,30053.363857
0.89,21,30053.403482
0.92,18,30053.443049
0.81,19,30053.484671
0.8,20,30053.528519
0.82,18,30053.568157
0.88,22,30053.616059
0.58,32,30053.685207
0.65,25,30053.739698
0.92,18,30053.778918
0.81,19,30053.820101
0.92,18,30053.859769
0.9,20,30053.903339
0.81,19,30053.945107
0.83,17,30053.981956
0.82,18,30054.021602
0.76,34,30054.085011
0.71,19,30054.118719
0.56,44,30054.194601
0.68,32,30054.2505
0.68,22,30054.288949
0.93,17,30054.319067
0.66,34,30054.378473
0.71,19,30059.414112
0.78,22,30059.453822
0.56,54,30059.552474
0.82,18,30059.586965
0.37,43,30059.663978
0.74,16,30059.693056
0.35,45,30059.779324
0.53,47,30059.884571
0.81,19,30059.92327
0.96,14,30059.948755
0.75,15,30059.976761
0.62,28,30060.038029
0.82,18,30060.077525
0.82,18,30060.117124
0.7,20,30060.161293
0.89,21,30060.207708
0.67,23,30060.258574
0.74,16,30060.294376
0.91,19,30060.332955
0.66,24,30060.386196
0.78,22,30060.434562
0.7,20,30060.478569
0.71,19,30060.520293
0.83,17,30060.558219
0.85,15,30060.591698
0.72,18,30060.631154
0.8,20,30060.675319
0.79,21,30060.721851
0.73,27,30060.776816
0.69,21,30060.823704
0.81,19,30060.866312
0.94,16,30060.901775
0.76,24,30060.950301
0.81,19,30060.984371
0.93,17,30061.016069
0.78,22,30061.056622
0.82,18,30061.089553
0.89,21,30061.12773
0.92,18,30061.160037
0.7,20,30061.195709
0.73,17,30061.226585
0.49,31,30061.28201
0.77,23,30061.322868
0.6,30,30061.377301
0.62,28,30061.43886
0.9,20,30061.482694
0.75,15,30066.345958
0.65,25,30066.390164
0.62,48,30066.472666
0.87,23,30066.512907
0.69,21,30066.551226
0.8,20,30066.587251
0.84,16,30066.615701
0.82,18,30066.647097
-0.02,62,30066.765489
0.75,25,30066.821478
0.67,23,30066.87212
0.73,17,30066.905005
0.57,33,30066.975502
0.71,29,30067.035413
0.8,20,30067.081629
0.7,20,30067.128005
0.61,29,30067.193037
0.88,22,30067.241908
0.9,20,30067.286834
0.48,42,30067.366304
0.7,20,30067.402065
0.69,21,30067.439628
0.81,19,30067.473386
0.94,16,30067.501765
0.81,19,30067.535496
0.32,48,30067.620906
0.73,17,30067.65137
0.79,21,30067.688527
0.83,17,30067.719311
0.39,41,30067.792037
0.79,21,30067.82952
0.79,21,30067.867889
0.44,46,30067.96084
0.84,16,30067.992223
0.7,20,30068.027763
0.78,22,30068.067182
0.9,20,30068.102882
0.93,17,30068.133159
0.81,29,30068.184771
0.8,20,30068.220877
0.73,17,30068.25151
0.93,17,30074.148396
0.86,14,30074.179464
0.65,25,30074.234363
0.78,22,30074.282485
0.61,19,30074.322647
0.76,34,30074.39647
0.92,18,30074.436585
0.89,21,30074.482957
0.96,14,30074.513778
0.83,17,30074.551996
0.92,18,30074.592932
0.84,16,30074.628692
0.73,17,30074.666286
0.79,21,30074.712373
0.9,20,30074.756021
0.69,21,30074.80019
0.89,21,30074.838001
0.67,33,30074.901475
0.81,19,30074.944103
0.76,24,30074.988326
0.47,33,30075.046503
0.92,18,30075.078604
0.82,18,30075.115211
0.7,30,30075.169188
0.96,14,30075.194319
0.9,20,30075.229927
0.6,30,30075.283418
0.85,25,30075.328214
0.8,20,30075.364116
0.81,19,30075.398159
0.8,20,30075.433593
0.8,20,30075.468929
0.9,20,30075.505035
0.81,19,30075.539806
0.91,19,30075.575294
0.81,19,30075.609142
0.69,31,30075.66361
0.71,19,30075.697052
0.92,18,30075.729238
0.78,22,30075.768022
0.72,18,30075.800407
0.83,17,30075.830658
0.9,20,30075.866538
0.68,22,30075.905707
0.47,33,30075.968334
0.88,22,30076.008542
0.85,15,30076.036248
0.9,20,30076.071725
0.62,18,30076.103287
0.92,18,30080.582902
0.71,19,30080.617051
0.7,30,30080.669777
0.47,43,30080.746469
0.89,21,30080.783919
0.71,19,30080.817336
0.72,18,30080.849254
0.81,19,30080.883245
0.47,43,30080.958024
0.91,19,30080.991583
0.83,17,30081.021377
0.79,21,30081.058615
0.92,18,30081.090572
0.82,18,30081.122299
0.71,19,30081.155786
0.5,50,30081.243317
0.8,20,30081.278799
0.7,20,30081.314483
0.83,17,30081.344585
0.71,19,30081.377955
0.65,35,30081.439673
0.79,21,30081.47639
0.83,17,30081.506351
0.82,18,30081.537991
0.68,32,30081.595632
0.81,19,30081.630102
0.66,34,30081.69651
0.59,41,30081.773944
0.83,17,30081.805341
0.81,19,30081.839869
0.49,31,30081.895565
0.91,19,30081.930572
0.77,23,30081.972421
0.8,20,30082.014094
0.6,30,30082.082266
0.92,18,30082.122844
0.62,38,30082.209785
0.88,22,30082.260234
0.88,22,30082.310918
0.81,19,30082.345761
0.49,41,30082.419384
0.82,18,30082.451372
0.69,31,30088.407603
0.72,18,30088.439651
0.72,18,30088.471477
0.81,19,30088.50504
0.75,35,30088.567065
0.79,21,30088.604709
0.79,21,30088.641982
0.71,19,30088.675703
0.86,14,30088.700573
0.7,20,30088.736266
0.82,18,30088.770764
0.81,19,30088.816325
0.72,18,30088.861943
0.71,19,30088.907663
0.83,17,30088.942158
0.8,20,30088.982759
0.84,16,30089.012274
0.57,33,30089.070962
0.6,30,30089.124747
0.61,29,30089.175455
0.55,35,30089.23732
0.84,16,30089.266154
0.59,21,30089.303703
0.75,25,30089.348995
0.51,29,30089.400608
0.94,16,30089.429127
0.85,15,30089.45548
0.87,23,30089.497447
0.92,18,30089.537482
0.8,20,30089.58252
0.8,20,30089.626316
0.47,43,30089.719931
0.8,20,30089.759507
0.01,69,30089.909309
0.83,17,30089.947054
0.83,27,30090.006247
0.69,21,30090.052347
0.93,17,30090.089315
0.55,45,30090.18686
0.72,18,30090.226944
0.72,18,30090.267754
0.78,22,30090.315597
0.73,17,30090.351913
0.9,20,30090.395968
0.93,17,30095.575394
0.59,31,30095.631342
0.93,17,30095.662575
0.78,22,30095.705738
0.9,20,30095.751798
0.6,30,30095.820848
0.65,35,30095.895848
0.84,16,30095.925142
0.75,15,30095.954698
0.79,21,30096.000665
0.89,21,30096.047203
0.59,21,30096.093235
0.79,21,30096.140236
0.77,23,30096.190624
0.84,16,30096.22595
0.7,40,30096.315037
0.94,16,30096.345437
0.82,18,30096.382111
0.69,31,30096.441666
0.72,18,30096.473843
0.72,18,30096.505935
0.93,17,30096.536472
0.82,18,30096.569963
0.41,49,30096.656971
0.57,43,30096.732657
0.94,16,30096.766263
0.92,18,30096.799632
0.9,20,30096.835172
0.84,16,30096.863746
0.63,17,30096.894551
0.67,33,30096.953633
0.14,56,30097.052229
0.77,33,30097.109744
0.9,20,30097.146293
0.5,30,30097.199371
0.59,31,30097.2541
0.54,46,30097.337694
0.66,34,30097.399093
0.9,20,30097.441326
0.92,18,30097.477522
0.8,20,30097.523042
0.7,30,30103.324323
0.84,16,30103.353183
0.97,13,30103.376615
0.69,21,30103.414163
0.51,19,30103.44787
0.91,19,30103.481469
0.72,18,30103.513188
0.73,17,30103.550656
0.47,33,30103.625722
0.57,33,30103.698543
0.89,21,30103.745248
0.75,25,30103.801109
0.79,21,30103.847959
0.48,42,30103.929368
0.89,21,30103.973867
0.76,34,30104.040198
0.8,20,30104.075634
0.72,18,30104.107254
0.82,18,30104.139187
0.66,34,30104.199888
0.67,43,30104.275639
0.71,29,30104.326822
0.87,23,30104.367767
0.67,23,30104.409338
0.73,17,30104.439601
0.82,18,30104.471732
0.91,19,30104.505484
0.66,34,30104.576747
0.81,19,30104.618977
0.84,16,30104.654901
0.8,20,30104.699237
0.69,21,30104.745181
0.65,25,30104.800638
0.91,19,30104.843254
0.47,43,30104.933688
0.92,18,30104.966177
0.78,22,30105.005554
0.83,17,30105.036022
0.78,32,30105.092649
0.71,19,30105.126369
0.76,24,30105.169515
0.72,18,30105.203
0.79,21,30105.241124
0.57,43,30110.316031
0.89,21,30110.35275
0.8,20,30110.388011
0.8,20,30110.423697
0.81,19,30110.458449
0.7,30,30110.518238
0.93,17,30110.551954
0.9,20,30110.589696
0.81,19,30110.627054
0.93,17,30110.658329
0.88,22,30110.697888
0.89,21,30110.736149
0.81,19,30110.771081
0.76,14,30110.796555
0.89,21,30110.834271
0.6,20,30110.870378
0.61,39,30110.94015
0.82,18,30110.97238
0.8,20,30111.008021
0.75,35,30111.069809
0.49,31,30111.125122
0.93,17,30111.156457
0.6,30,30111.211399
0.84,16,30111.241054
0.82,18,30111.273532
0.8,20,30111.308752
0.82,18,30111.340105
0.81,29,30111.390788
0.69,21,30111.427178
0.92,18,30111.458734
0.84,16,30111.486977
0.43,47,30111.567904
0.6,40,30111.637195
0.61,19,30111.670705
0.82,18,30111.702031
0.91,19,30111.735177
0.71,29,30111.787065
0.7,20,30111.822469
0.89,21,30111.85998
0.91,19,30111.898969
0.85,15,30111.932026
0.92,18,30111.97157
0.92,18,30112.010458
0.92,18,30112.049869
0.59,31,30112.116355
0.8,20,30116.991566
0.58,32,30117.050408
0.74,16,30117.079453
0.81,19,30117.11359
0.79,21,30117.151381
0.82,18,30117.184069
0.81,19,30117.220639
0.19,51,30117.316359
0.82,18,30117.350171
0.49,31,30117.407063
0.65,25,30117.453071
0.61,19,30117.487523
0.84,16,30117.516432
0.91,19,30117.551324
0.83,17,30117.582521
0.78,32,30117.640083
0.7,20,30117.676045
0.51,29,30117.735122
0.82,18,30117.770056
0.81,19,30117.804709
0.78,22,30117.844513
0.91,19,30117.879058
0.7,20,30117.921843
0.7,40,30118.010215
0.87,23,30118.061083
0.84,16,30118.096781
0.49,41,30118.192502
0.9,20,30118.237709
0.8,20,30118.284501
0.81,19,30118.32809
0.45,45,30118.412704
0.39,41,30118.486274
0.72,18,30118.518211
0.66,24,30118.561132
0.68,32,30118.618061
0.82,18,30118.650034
0.82,18,30118.681781
0.88,22,30118.720521
0.84,16,30118.750129
0.89,21,30118.796277
0.46,44,30118.89224
0.67,43,30118.973004
0.94,16,30124.596977
0.8,20,30124.631893
0.79,21,30124.66833
0.75,25,30124.722001
0.78,32,30124.788967
0.71,29,30124.83919
0.78,22,30124.877464
0.83,17,30124.907319
0.6,20,30124.941871
0.89,21,30124.978016
0.81,19,30125.015157
0.55,35,30125.077939
0.76,24,30125.120651
0.95,15,30125.148786
0.58,42,30125.228187
0.82,18,30125.261615
0.71,19,30125.296671
0.92,18,30125.329771
0.81,19,30125.364342
0.84,16,30125.393478
0.82,18,30125.42537
0.81,19,30125.459509
0.58,32,30125.515815
0.9,20,30125.552271
0.82,18,30125.587392
0.58,32,30125.652289
0.7,20,30125.696658
0.91,19,30125.738221
0.91,19,30125.779828
0.72,18,30125.819618
0.96,14,30125.851034
0.81,19,30125.893162
0.7,20,30125.937673
0.5,30,30126.004432
0.79,21,30126.050839
0.93,17,30126.088161
0.78,22,30126.136339
0.21,69,30126.273755
0.81,19,30126.316947
0.8,20,30126.360539
0.69,31,30126.428501
0.41,39,30126.513082
0.89,21,30126.559433
0.81,19,30126.601273
0.91,19,30131.910348
0.83,17,30131.942954
0.81,19,30131.985063
0.7,30,30132.050705
0.59,31,30132.11827
0.76,34,30132.19242
0.61,29,30132.256258
0.71,19,30132.298297
0.79,21,30132.341987
0.81,29,30132.393996
0.73,17,30132.428755
0.51,29,30132.492577
0.8,20,30132.529727
0.63,27,30132.578405
0.82,18,30132.611127
0.82,18,30132.643534
-0.26,76,30132.785005
0.9,20,30132.829937
0.82,18,30132.870029
0.69,21,30132.916319
0.82,18,30132.952814
0.72,18,30132.990724
0.82,18,30133.030775
0.29,41,30133.120627
0.68,22,30133.169259
0.78,22,30133.217761
0.81,19,30133.25959
0.74,26,30133.316805
0.82,18,30133.355698
0.93,17,30133.394013
0.86,14,30133.425031
0.91,19,30133.466969
0.71,29,30133.530694
0.73,17,30133.569236
0.36,34,30133.644119
0.73,17,30133.682084
0.82,18,30133.722052
0.45,45,30133.809707
0.82,18,30133.842426
0.45,55,30133.941018
0.93,17,30133.971821
0.83,17,30139.7965
0.64,26,30139.843623
0.69,21,30139.881543
0.81,19,30139.917634
0.89,21,30139.955138
0.32,48,30140.039256
0.79,21,30140.07631
0.67,43,30140.152426
0.44,36,30140.215964
0.8,20,30140.251837
0.8,30,30140.305031
0.66,24,30140.34876
0.73,27,30140.398121
0.8,20,30140.434383
0.84,16,30140.4632
0.73,27,30140.511612
0.8,20,30140.547587
0.65,25,30140.592525
0.81,19,30140.626697
0.82,18,30140.659746
0.86,14,30140.685788
0.8,20,30140.721472
0.81,19,30140.75536
0.86,14,30140.780305
0.74,16,30140.815158
0.8,20,30140.851284
0.82,18,30140.883648
0.93,17,30140.914258
0.95,15,30140.943944
0.58,32,30141.011302
0.85,15,30141.038349
0.9,20,30141.081842
0.75,15,30141.114798
0.69,31,30141.173035
0.59,31,30141.228641
0.68,22,30141.268352
0.78,22,30141.307844
0.62,28,30141.357604
0.81,19,30141.391583
0.65,35,30141.454276
0.82,18,30141.486357
0.8,30,30141.539758
0.84,16,30141.56862
0.8,20,30141.606889
0.8,20,30141.642928
0.85,15,30146.695651
0.54,36,30146.759766
0.82,18,30146.792375
0.7,30,30146.84538
0.71,29,30146.896755
0.81,19,30146.931072
0.62,18,30146.962433
0.82,18,30146.993792
0.92,18,30147.026311
0.69,21,30147.0634
0.41,49,30147.149749
0.61,29,30147.200957
0.89,21,30147.238358
0.96,14,30147.263809
0.66,24,30147.306388
0.72,18,30147.338558
0.26,44,30147.416546
0.91,19,30147.451034
0.79,21,30147.488296
0.87,23,30147.529448
0.74,16,30147.558391
0.57,23,30147.599493
0.69,31,30147.654785
0.72,18,30147.6865
0.81,19,30147.72036
0.81,19,30147.75587
0.65,25,30147.802636
0.78,22,30147.842135
0.57,33,30147.90108
0.88,12,30147.926626
0.84,16,30147.958427
0.92,18,30147.998405
0.65,35,30148.074508
0.8,20,30148.118455
0.49,41,30148.217273
0.69,21,30148.267901
0.71,19,30148.312746
0.72,18,30148.351772
0.83,17,30148.383631
0.89,21,30148.422711
0.75,15,30148.450601
0.8,30,30148.506497
0.8,20,30148.543145
0.81,19,30148.577503
0.82,18,30148.609691
0.87,23,30154.008324
0.43,37,30154.090032
0.79,21,30154.136037
0.91,19,30154.177515
0.61,19,30154.219277
0.84,16,30154.255854
0.83,17,30154.294276
0.8,20,30154.340199
0.7,30,30154.39553
0.84,16,30154.425041
0.68,32,30154.483689
0.62,38,30154.551412
0.89,21,30154.589776
0.51,39,30154.659949
0.74,16,30154.688753
0.75,25,30154.733015
0.77,23,30154.774568
0.83,17,30154.805451
0.83,17,30154.836095
0.36,54,30154.940176
0.72,28,30155.000617
0.92,18,30155.040625
0.84,16,30155.075798
0.6,30,30155.141173
0.86,14,30155.172287
0.09,61,30155.304578
0.91,19,30155.345934
0.76,24,30155.398154
0.58,42,30155.490416
0.7,30,30155.556676
0.88,22,30155.605161
0.79,21,30155.651565
0.49,41,30155.741627
0.91,19,30155.784175
0.68,22,30155.832893
0.92,18,30155.872879
0.72,18,30155.912332
0.9,20,30155.949027
0.81,19,30155.982967
0.92,18,30156.015874
0.82,18,30156.050906
0.8,20,30161.555136
0.89,21,30161.592448
0.8,20,30161.627846
0.82,18,30161.660236
0.72,18,30161.698564
0.91,19,30161.740336
0.88,22,30161.780679
0.96,14,30161.805449
0.72,18,30161.837063
0.83,17,30161.867033
0.9,20,30161.902076
0.89,21,30161.943537
0.68,22,30161.991454
0.79,21,30162.02813
0.8,20,30162.062682
0.92,18,30162.093972
0.82,18,30162.125544
0.79,21,30162.16303
0.73,27,30162.209805
0.69,31,30162.263505
0.55,35,30162.324509
-0.17,87,30162.475983
0.94,16,30162.504125
0.73,17,30162.533799
0.8,20,30162.569207
0.77,23,30162.609148
0.63,37,30162.673486
0.7,30,30162.725379
0.83,17,30162.755921
0.89,21,30162.792212
0.93,17,30162.822094
0.78,22,30162.860955
0.89,21,30162.898257
0.94,16,30162.926133
0.94,16,30162.955282
0.78,32,30163.011862
0.72,18,30163.044203
0.63,37,30163.108912
0.84,16,30163.137794
0.81,19,30163.172014
0.4,40,30163.243096
0.63,37,30163.308808
0.8,20,30163.344011
0.68,22,30168.855985
0.78,22,30168.895727
0.94,16,30168.924516
0.72,18,30168.956877
0.57,33,30169.01535
0.89,21,30169.052862
0.92,18,30169.085562
0.91,19,30169.120653
0.91,19,30169.155605
0.79,21,30169.193196
0.82,18,30169.225262
0.26,54,30169.32188
0.92,18,30169.354112
0.81,19,30169.387926
0.49,21,30169.425469
0.79,21,30169.462755
0.71,19,30169.496269
0.9,20,30169.531925
0.93,17,30169.562716
0.93,17,30169.592796
0.73,17,30169.623384
0.91,19,30169.65709
0.91,19,30169.696486
0.8,20,30169.741039
0.71,19,30169.783165
0.7,30,30169.850612
0.91,19,30169.893307
0.8,30,30169.953482
0.66,34,30170.017507
0.65,25,30170.062433
0.9,20,30170.098062
0.8,20,30170.133664
0.87,23,30170.174627
0.8,20,30170.21088
0.62,28,30170.260905
0.7,30,30170.314297
0.72,18,30170.34702
0.92,18,30170.379647
0.8,20,30170.416331
0.22,68,30170.537423
0.8,20,30170.573642
0.91,19,30170.607808
0.9,20,30170.643704
0.89,21,30170.680764
0.71,19,30170.714679
0.72,18,30175.996708
0.81,19,30176.03046
0.8,20,30176.066075
0.8,20,30176.101687
0.94,16,30176.130232
0.6,30,30176.182954
0.59,31,30176.237898
0.6,30,30176.291566
0.83,17,30176.321971
0.49,41,30176.395045
0.55,25,30176.439986
0.81,19,30176.475655
0.7,30,30176.532986
0.81,19,30176.570189
0.79,21,30176.609451
0.78,22,30176.652233
0.84,16,30176.681117
0.79,21,30176.721721
0.69,31,30176.781932
0.82,18,30176.815461
0.83,17,30176.84685
0.44,46,30176.935489
0.7,30,30176.993678
0.9,20,30177.029482
0.58,32,30177.085636
0.82,18,30177.117813
0.73,17,30177.148267
0.81,19,30177.182353
0.92,18,30177.214786
0.83,17,30177.245281
0.61,29,30177.296727
0.78,22,30177.336308
0.75,25,30177.381625
0.91,19,30177.416523
0.85,25,30177.462076
0.79,21,30177.499474
0.69,21,30177.536592
0.72,18,30177.569266
0.82,18,30177.602054
0.81,19,30177.635575
0.87,13,30177.658956
0.53,27,30177.707203
0.77,23,30177.748308
0.8,30,30177.802698
0.89,21,30177.840405
0.72,18,30182.876078
0.8,20,30182.91187
0.82,18,30182.943848
0.92,18,30182.975794
0.57,33,30183.033262
0.78,22,30183.071599
0.68,32,30183.127421
0.6,40,30183.198154
0.61,39,30183.267768
0.66,34,30183.328837
0.81,19,30183.364179
0.84,16,30183.398653
0.92,18,30183.431394
0.91,19,30183.465338
0.81,19,30183.499632
0.76,24,30183.542738
0.92,18,30183.575436
0.82,18,30183.607516
0.59,41,30183.680443
0.87,13,30183.703947
0.72,18,30183.736059
0.59,31,30183.80332
0.85,15,30183.837426
0.84,16,30183.873272
0.84,16,30183.903117
0.84,16,30183.932242
0.79,21,30183.970358
0.61,39,30184.043072
0.57,33,30184.101871
0.93,17,30184.132952
0.72,28,30184.183175
0.43,37,30184.248983
0.49,51,30184.340261
0.91,19,30184.377317
0.62,28,30184.440005
0.58,32,30184.511124
0.51,29,30184.573784
0.7,20,30184.618309
0.59,31,30184.687977
0.79,21,30184.729948
0.91,19,30184.764706
0.83,17,30190.192145
0.8,20,30190.227948
0.58,32,30190.283931
0.72,18,30190.315883
0.73,17,30190.345887
0.68,22,30190.384578
0.81,19,30190.418094
0.76,24,30190.459806
0.71,19,30190.493163
0.77,33,30190.550888
0.72,18,30190.582878
0.91,19,30190.61665
0.93,17,30190.646774
0.46,34,30190.705907
0.8,20,30190.741844
0.91,19,30190.775419
0.85,15,30190.802063
0.82,18,30190.83418
0.9,20,30190.86895
0.69,21,30190.905803
0.9,20,30190.941251
0.81,19,30190.974341
0.91,19,30191.007776
0.72,28,30191.057116
0.7,30,30191.110944
0.9,20,30191.146784
0.49,41,30191.217852
0.58,32,30191.273884
0.81,19,30191.307623
0.83,17,30191.337815
0.72,18,30191.370581
0.6,30,30191.423355
0.81,19,30191.457078
0.69,31,30191.513287
0.81,19,30191.54829
0.58,32,30191.605069
0.91,19,30191.638745
0.74,16,30191.667418
0.83,17,30191.700884
0.67,33,30191.773582
0.52,28,30191.835185
0.61,29,30191.898379
0.86,14,30191.929915
0.72,18,30191.970019
0.9,20,30192.014352
0.28,52,30196.923259
0.89,21,30196.961271
0.82,28,30197.010917
0.8,20,30197.046338
0.79,21,30197.082944
0.75,15,30197.109348
0.79,31,30197.163947
0.65,45,30197.243596
0.61,29,30197.294759
0.69,31,30197.349096
0.73,17,30197.379253
0.79,21,30197.416376
0.37,33,30197.473773
0.62,28,30197.523157
0.76,24,30197.566317
0.92,18,30197.59833
0.93,17,30197.628067
0.57,33,30197.685129
0.77,33,30197.746539
0.72,18,30197.786505
0.87,23,30197.832939
0.63,27,30197.881476
0.85,15,30197.909398
0.92,18,30197.943457
0.46,34,30198.003396
0.56,34,30198.06329
0.13,77,30198.197878
0.79,21,30198.235476
0.79,21,30198.273568
0.93,17,30198.304012
0.79,21,30198.341503
0.9,20,30198.377092
0.73,17,30198.407505
0.92,18,30198.439583
0.81,19,30198.473383
0.79,21,30198.511239
0.84,16,30198.540086
0.83,17,30198.571528
0.62,28,30198.621777
0.89,21,30198.6594
0.92,18,30198.691334
0.79,31,30204.024741
0.68,22,30204.064198
0.72,18,30204.096379
0.79,21,30204.134086
0.91,19,30204.168268
0.9,20,30204.204263
0.79,21,30204.242347
0.79,21,30204.280301
0.92,18,30204.312648
0.44,46,30204.394975
0.82,18,30204.427921
0.59,41,30204.502024
0.7,20,30204.538977
0.81,19,30204.574457
0.25,55,30204.671542
0.81,19,30204.705812
0.8,20,30204.742215
0.83,17,30204.773668
0.62,38,30204.84125
0.73,17,30204.872563
0.77,23,30204.913839
0.81,19,30204.948202
0.61,29,30205.000541
0.67,33,30205.0602
0.6,30,30205.114344
0.81,19,30205.148883
0.69,31,30205.20615
0.84,16,30205.236337
0.8,20,30205.273064
0.61,29,30205.325011
0.89,21,30205.362609
0.82,18,30205.395059
0.74,26,30205.441697
0.9,20,30205.477505
0.8,20,30205.513476
0.84,16,30205.542853
0.7,30,30205.601125
0.67,33,30205.674039
0.77,23,30205.724893
0.7,20,30205.764302
0.94,16,30205.799611
0.73,17,30205.837182
0.72,18,30205.876582
0.48,42,30211.235419
0.91,19,30211.269502
0.76,34,30211.330498
0.8,20,30211.366982
0.75,15,30211.396105
0.78,22,30211.445794
0.82,18,30211.491587
0.74,26,30211.555167
0.8,20,30211.60124
0.5,40,30211.689711
0.7,20,30211.734241
0.91,19,30211.777623
0.82,18,30211.817725
0.16,64,30211.960768
0.87,23,30212.01209
0.29,41,30212.103229
0.5,40,30212.191155
0.74,26,30212.249954
0.8,20,30212.294792
0.92,18,30212.335229
0.92,18,30212.373549
0.51,49,30212.474512
0.22,68,30212.626485
0.56,34,30212.702116
0.69,31,30212.765509
0.89,21,30212.803394
0.8,20,30212.839615
0.48,32,30212.896791
0.69,31,30212.953466
0.8,20,30212.989882
0.89,21,30213.027766
0.82,18,30213.059929
0.81,19,30213.093565
0.79,21,30213.131252
0.82,18,30213.163735
0.38,62,30213.273095
0.92,18,30219.396529
0.82,18,30219.428048
0.83,17,30219.458201
0.87,23,30219.498679
0.83,17,30219.528566
0.81,19,30219.563206
0.79,21,30219.600801
0.83,17,30219.631076
0.73,17,30219.661832
0.62,18,30219.701069
0.64,26,30219.747817
0.79,21,30219.785837
0.81,19,30219.819654
0.52,48,30219.904672
0.89,21,30219.942868
0.15,65,30220.057673
0.83,17,30220.08802
0.75,15,30220.114942
0.81,19,30220.15009
0.73,17,30220.181139
0.72,18,30220.213542
0.66,24,30220.256643
0.85,15,30220.284289
0.7,20,30220.320345
0.94,16,30220.34935
0.96,14,30220.374546
0.91,19,30220.408349
0.83,17,30220.438861
0.92,18,30220.471581
0.74,26,30220.517315
0.69,21,30220.55466
0.9,20,30220.590898
0.91,19,30220.62473
0.85,15,30220.651661
0.71,19,30220.685529
0.58,32,30220.744213
0.81,19,30220.780401
0.73,17,30220.811877
0.91,19,30220.846765
0.8,20,30220.88468
0.7,30,30220.938676
0.71,19,30220.973008
1.01,9,30220.989013
0.5,30,30221.042363
0.91,19,30221.076178
0.63,47,30221.158115
0.68,22,30221.197294
0.83,17,30226.369464
0.8,20,30226.404993
0.79,21,30226.443534
0.81,19,30226.477977
0.7,30,30226.531376
0.72,18,30226.563411
0.8,20,30226.598459
0.91,19,30226.632515
0.81,19,30226.666342
0.82,28,30226.71631
0.83,17,30226.748768
0.83,17,30226.783675
0.72,28,30226.846146
0.65,35,30226.917069
0.73,17,30226.948068
0.8,30,30227.001158
0.82,18,30227.033687
0.57,43,30227.116947
0.87,23,30227.167614
0.94,16,30227.200194
0.42,48,30227.298126
0.83,17,30227.3362
0.81,19,30227.375797
0.83,27,30227.423397
0.76,24,30227.466055
0.75,25,30227.511134
0.73,17,30227.54193
0.82,18,30227.574607
0.35,45,30227.655299
0.69,31,30227.710824
0.78,22,30227.750572
0.86,14,30227.776098
0.47,53,30227.869763
0.7,30,30227.923067
0.8,20,30227.958918
0.69,31,30228.015217
0.83,17,30228.045645
0.81,19,30228.079591
0.14,56,30228.17825
0.38,42,30228.25274
0.89,21,30234.228648
0.8,20,30234.273768
0.81,19,30234.316026
0.72,18,30234.356071
0.79,31,30234.414875
0.83,17,30234.446324
0.69,21,30234.487491
0.93,17,30234.525804
0.73,17,30234.562812
0.9,20,30234.600067
0.69,31,30234.669794
0.7,20,30234.715778
0.8,20,30234.761362
0.97,13,30234.786716
0.83,17,30234.817811
0.85,15,30234.845247
0.81,19,30234.879499
0.72,18,30234.917699
0.87,23,30234.969256
0.73,37,30235.050377
0.95,15,30235.083361
0.46,44,30235.179143
0.8,20,30235.223697
0.68,32,30235.294855
0.91,19,30235.336591
0.75,25,30235.388388
0.63,27,30235.43667
0.82,18,30235.474731
0.82,18,30235.514576
0.72,18,30235.554604
0.71,19,30235.596686
0.5,40,30235.689282
0.46,54,30235.808629
0.57,33,30235.881986
0.82,18,30235.922035
0.55,45,30236.021047
0.83,17,30236.05941
0.52,18,30236.09931
0.71,19,30236.141306
0.84,16,30236.17678
0.73,17,30236.21489
0.68,32,30236.285236
0.54,36,30236.364178
0.68,32,30241.919508
0.73,17,30241.949509
0.81,19,30241.982545
0.6,30,30242.034414
0.79,21,30242.070793
0.57,33,30242.128417
0.68,32,30242.184013
0.92,18,30242.216121
0.79,21,30242.252989
0.72,18,30242.285417
0.66,34,30242.345499
0.9,20,30242.38089
0.62,38,30242.449221
0.83,17,30242.48182
0.93,17,30242.514873
0.76,24,30242.560285
0.87,23,30242.603604
0.81,19,30242.638039
0.73,17,30242.669076
0.49,31,30242.723912
0.8,20,30242.766723
0.83,17,30242.805372
0.25,45,30242.902536
0.7,30,30242.968654
0.5,50,30243.079072
0.8,20,30243.120628
0.8,20,30243.164292
0.8,20,30243.208998
0.91,19,30243.251635
0.83,17,30243.289322
0.67,33,30243.361721
0.8,20,30243.399924
0.81,19,30243.440139
0.35,35,30243.516783
0.43,37,30243.599314
0.68,32,30243.669085
0.83,17,30243.708262
0.82,18,30243.747923
0.93,17,30243.785623
0.73,17,30243.823105
0.93,17,30243.860753
0.83,17,30243.898242
0.7,20,30243.936996
0.91,19,30249.169721
0.95,15,30249.196421
0.78,22,30249.235702
0.91,19,30249.270337
0.59,31,30249.325864
0.61,29,30249.377641
0.8,20,30249.413431
0.68,32,30249.471648
0.71,19,30249.504838
0.69,31,30249.559724
0.9,20,30249.595364
0.81,19,30249.628587
0.83,17,30249.659168
0.73,17,30249.689264
0.45,45,30249.767828
0.73,17,30249.7979
0.6,20,30249.833032
0.86,14,30249.858181
0.42,48,30249.954282
0.7,20,30249.990118
0.92,18,30250.025158
0.71,19,30250.059115
0.71,19,30250.092633
0.5,40,30250.163023
0.89,21,30250.200591
0.69,31,30250.255498
0.81,19,30250.289122
0.81,19,30250.323275
0.9,20,30250.358783
0.84,16,30250.387642
0.95,15,30250.414601
0.74,16,30250.443075
0.81,19,30250.476542
0.92,18,30250.508683
0.81,19,30250.542764
0.82,18,30250.575482
0.6,40,30250.646549
0.6,20,30250.691492
0.83,17,30250.729188
0.32,58,30250.843789
0.75,25,30250.888563
0.67,33,30250.946408
0.69,31,30256.520565
0.73,17,30256.552354
0.55,35,30256.61597
0.81,19,30256.650232
0.5,30,30256.70347
0.69,31,30256.760367
0.94,16,30256.789687
0.8,20,30256.832982
0.91,19,30256.875516
0.85,15,30256.905873
0.22,48,30256.998544
0.92,18,30257.038994
0.81,19,30257.080937
0.83,17,30257.116283
0.91,19,30257.154903
0.82,18,30257.194952
0.73,27,30257.254923
0.39,41,30257.345761
0.79,21,30257.383402
0.81,19,30257.417343
0.7,20,30257.452565
0.93,17,30257.483168
0.9,20,30257.518648
0.66,24,30257.562254
0.8,20,30257.597637
0.79,21,30257.634953
0.73,17,30257.665219
0.36,44,30257.742377
0.91,19,30257.776582
0.9,20,30257.811683
0.8,20,30257.84736
0.69,21,30257.885127
0.84,26,30257.930979
0.37,53,30258.024011
0.75,15,30258.051401
0.81,19,30258.085237
0.44,46,30258.165857
0.79,21,30258.20306
0.91,19,30258.236922
0.8,20,30258.272655
0.69,21,30258.30998
0.71,19,30258.343564
0.83,17,30258.373542
0.58,32,30258.430443
0.82,18,30264.096244
0.64,26,30264.142105
0.9,20,30264.177427
0.93,17,30264.207312
0.69,21,30264.246666
0.91,19,30264.288749
0.88,22,30264.33776
0.8,20,30264.381593
0.89,21,30264.42865
0.7,30,30264.499743
0.83,17,30264.5394
0.88,22,30264.5897
0.67,33,30264.66266
0.54,26,30264.718371
0.8,20,30264.757252
0.81,19,30264.799105
0.71,19,30264.841588
0.93,17,30264.879222
0.84,16,30264.91205
0.84,16,30264.94017
0.76,24,30264.986321
0.9,20,30265.030827
0.77,23,30265.081229
0.5,30,30265.147223
0.67,33,30265.219104
0.87,23,30265.27018
-0.1,70,30265.400926
0.8,20,30265.442833
0.81,19,30265.484875
0.59,41,30265.576905
0.79,31,30265.645717
0.55,45,30265.745689
0.68,42,30265.834902
0.6,30,30265.901344
0.88,22,30265.945999
0.63,27,30265.99509
0.94,16,30266.023872
0.83,17,30266.054385
0.73,17,30266.084805
0.25,55,30266.181253
0.91,19,30272.011127
0.84,16,30272.043665
0.81,29,30272.108313
0.75,15,30272.142088
0.7,20,30272.187167
0.62,28,30272.251189
0.81,19,30272.29456
0.3,30,30272.36158
0.7,20,30272.401799
0.49,31,30272.456796
0.67,33,30272.514866
0.82,18,30272.547194
0.57,33,30272.606274
0.63,37,30272.672021
0.92,18,30272.704543
0.83,17,30272.737001
0.8,20,30272.77674
0.52,28,30272.825802
0.7,20,30272.861876
0.69,31,30272.919973
0.81,19,30272.965607
0.81,19,30273.001774
0.91,19,30273.03705
0.71,19,30273.072292
0.77,23,30273.11365
0.88,22,30273.152933
0.96,14,30273.177995
0.23,57,30273.279738
0.78,22,30273.319609
0.79,21,30273.359508
0.83,17,30273.399284
0.55,35,30273.463827
0.89,21,30273.501523
0.84,16,30273.530457
0.83,17,30273.561007
0.81,19,30273.596687
0.78,22,30273.640136
0.91,19,30273.679282
0.78,22,30273.722746
0.72,28,30273.785074
0.93,17,30273.818817
0.52,28,30273.87807
0.65,35,30273.955455
0.77,23,30279.211769
0.74,16,30279.239951
0.82,18,30279.271191
0.8,20,30279.305758
0.73,17,30279.335927
0.69,21,30279.372522
0.72,18,30279.404533
0.8,20,30279.439602
0.82,18,30279.471121
0.61,29,30279.521731
0.91,19,30279.558024
0.86,24,30279.611506
0.75,15,30279.645255
0.59,31,30279.71447
0.88,22,30279.763594
0.72,18,30279.803346
0.6,30,30279.873076
0.73,17,30279.910409
0.65,25,30279.957826
0.39,51,30280.060466
0.46,34,30280.135757
0.79,21,30280.182437
0.16,44,30280.278652
0.82,18,30280.318532
0.94,16,30280.353913
0.8,20,30280.396137
0.96,14,30280.421649
0.55,45,30280.501471
0.81,19,30280.544397
0.83,17,30280.583498
0.87,23,30280.634064
0.72,18,30280.674076
0.83,17,30280.71145
0.81,19,30280.75155
0.81,19,30280.78615
0.77,23,30280.83629
0.69,21,30280.882489
0.72,18,30280.922525
0.68,32,30280.990066
0.8,20,30281.02754
0.82,18,30281.064008
0.67,23,30281.115915
0.94,16,30281.151405
0.89,21,30281.197464
0.57,33,30281.269793
0.7,20,30286.368285
0.66,24,30286.411286
0.82,18,30286.443733
0.35,45,30286.524568
0.71,19,30286.559195
0.48,32,30286.615541
0.51,39,30286.68475
0.72,18,30286.717497
0.74,16,30286.745732
0.7,20,30286.781015
0.91,19,30286.814748
0.7,30,30286.872725
0.83,17,30286.911119
0.84,16,30286.943436
0.9,20,30286.979221
0.8,20,30287.021478
0.38,32,30287.091913
0.86,14,30287.122825
0.94,16,30287.157978
0.78,22,30287.206497
0.58,32,30287.277242
0.59,31,30287.345179
0.95,15,30287.378536
0.91,19,30287.414636
0.91,19,30287.449595
0.71,19,30287.484097
0.82,18,30287.516843
0.91,19,30287.551768
0.72,18,30287.584653
0.69,21,30287.622321
0.72,18,30287.654468
0.74,16,30287.682957
0.91,19,30287.716935
0.85,25,30287.764301
0.34,56,30287.865057
0.9,20,30287.905617
0.93,17,30287.936475
0.92,18,30287.971709
0.91,19,30288.012216
0.71,19,30288.045999
0.82,18,30288.079149
0.92,18,30288.111779
0.84,16,30288.14023
0.9,20,30288.175763
0.89,21,30288.21308
0.6,30,30288.265855
0.92,18,30288.297859
0.72,18,30293.538704
0.83,17,30293.570549
0.84,16,30293.600305
0.85,25,30293.645744
0.78,22,30293.685597
0.73,17,30293.716343
0.73,17,30293.747297
0.82,18,30293.780043
0.68,22,30293.819878
0.79,21,30293.859425
0.84,16,30293.891316
0.7,30,30293.94964
0.59,31,30294.00815
0.89,21,30294.047121
0.92,18,30294.080669
0.8,20,30294.117769
0.88,22,30294.15837
0.59,31,30294.214317
0.72,18,30294.246871
0.71,19,30294.281105
0.94,16,30294.309936
0.73,27,30294.358202
0.79,21,30294.396155
0.83,17,30294.4284
0.87,23,30294.470759
0.71,29,30294.523836
0.91,19,30294.559452
0.9,20,30294.596244
0.82,18,30294.62915
0.8,20,30294.664974
0.61,29,30294.716967
0.69,31,30294.776236
0.92,18,30294.808808
0.79,21,30294.846677
0.82,18,30294.878986
0.69,21,30294.917087
0.8,20,30294.953475
0.82,18,30294.986553
0.73,17,30295.017217
0.46,44,30295.096075
0.73,17,30295.126797
0.72,28,30295.176813
0.97,13,30295.200492
0.57,43,30295.276909
0.71,19,30295.311563
0.8,20,30295.347396
0.93,17,30295.378168
0.97,13,30300.236908
0.36,54,30300.33089
0.83,27,30300.378249
0.69,31,30300.432531
0.81,19,30300.466005
0.8,20,30300.500953
0.82,18,30300.532437
0.8,20,30300.568066
0.87,23,30300.608516
0.88,22,30300.647552
0.83,17,30300.677796
0.8,30,30300.730054
0.9,20,30300.765401
0.64,36,30300.828546
0.57,33,30300.889231
0.75,15,30300.917073
0.7,30,30300.971622
0.53,37,30301.036702
0.54,56,30301.134666
0.8,20,30301.170146
0.38,42,30301.244333
0.82,18,30301.276302
0.94,16,30301.304769
0.74,16,30301.333503
0.81,19,30301.367425
0.67,43,30301.443426
0.82,18,30301.475386
0.85,15,30301.502429
0.82,18,30301.53464
0.72,18,30301.567313
0.9,20,30301.603449
0.52,28,30301.653124
0.72,18,30301.685499
0.91,19,30301.719498
0.82,18,30301.751899
0.71,19,30301.785607
0.7,30,30301.838811
0.84,16,30301.867446
0.77,23,30301.910024
0.57,33,30301.968221
0.9,20,30302.009389
0.89,21,30302.056358
0.61,19,30307.661767
0.58,22,30307.700594
0.69,21,30307.740187
0.51,29,30307.804168
0.82,18,30307.844259
0.82,18,30307.880874
0.72,18,30307.917751
0.88,22,30307.960376
0.59,31,30308.015445
0.73,17,30308.046003
0.7,30,30308.099131
0.71,19,30308.133777
0.88,22,30308.173847
0.84,16,30308.203205
-0.15,75,30308.336608
0.8,20,30308.372961
0.82,18,30308.405671
0.7,20,30308.441339
0.94,16,30308.470037
0.51,29,30308.525959
0.85,15,30308.56069
0.85,15,30308.594316
0.93,17,30308.631759
0.86,14,30308.662901
0.92,18,30308.702761
0.84,16,30308.738108
0.72,18,30308.77668
0.47,43,30308.854963
0.79,21,30308.899474
0.79,21,30308.943406
0.72,18,30308.975119
0.71,19,30309.009544
0.8,20,30309.053909
0.9,20,30309.097709
0.9,20,30309.141777
0.82,18,30309.18129
0.44,46,30309.283224
0.48,42,30309.375372
0.91,19,30309.415392
0.58,32,30309.486156
0.83,17,30309.523533
0.6,40,30309.612114
0.81,19,30309.653922
0.68,32,30315.322886
0.57,43,30315.398757
0.86,24,30315.440934
0.82,18,30315.473637
0.8,20,30315.508951
0.72,18,30315.540796
0.72,18,30315.574183
0.78,22,30315.613279
0.77,23,30315.654439
0.56,44,30315.732634
0.71,19,30315.774987
0.69,31,30315.84292
0.77,33,30315.913845
0.83,17,30315.944459
0.92,18,30315.977021
0.72,18,30316.009724
0.82,18,30316.042798
0.9,20,30316.077671
0.79,31,30316.131457
0.83,17,30316.160814
0.81,19,30316.19401
0.8,20,30316.229086
0.93,17,30316.258662
0.93,17,30316.288287
0.81,19,30316.321393
0.8,20,30316.355965
0.72,18,30316.387749
0.58,32,30316.443621
0.83,17,30316.473729
0.69,21,30316.511087
0.73,17,30316.541346
0.8,20,30316.586242
0.79,21,30316.632108
0.85,15,30316.665479
0.79,31,30316.732953
0.37,43,30316.815249
0.8,20,30316.851326
0.91,19,30316.885088
0.44,36,30316.953715
0.82,18,30316.994208
0.91,19,30317.029446
0.71,19,30317.063897
0.83,17,30317.096448
0.85,15,30317.13029
0.92,18,30317.169758
0.91,19,30317.212045
0.52,28,30322.224316
0.75,15,30322.251854
0.89,21,30322.289785
0.68,22,30322.329312
0.84,16,30322.357729
0.75,25,30322.401498
0.81,19,30322.435026
0.67,43,30322.510015
0.82,18,30322.542529
0.6,30,30322.599884
0.8,20,30322.638771
0.81,19,30322.673926
0.93,17,30322.708822
0.82,18,30322.741905
0.72,18,30322.775243
0.32,48,30322.881893
0.72,18,30322.916518
0.85,15,30322.949897
0.79,21,30322.996213
0.91,19,30323.038509
0.55,35,30323.116437
0.91,19,30323.159004
0.96,14,30323.190415
0.89,21,30323.237507
0.81,19,30323.279853
0.83,17,30323.316754
0.85,15,30323.349719
0.79,21,30323.388416
0.54,46,30323.467426
0.82,18,30323.498645
0.82,18,30323.529841
0.9,20,30323.566069
0.91,19,30323.599802
0.55,25,30323.643408
0.77,23,30323.683779
0.85,15,30323.710339
0.91,19,30323.743932
0.84,16,30323.771948
0.84,16,30323.799607
0.8,20,30323.834106
0.61,39,30323.906509
0.67,33,30323.964312
0.78,22,30324.010278
0.92,18,30324.049843
0.86,14,30324.080668
0.8,20,30324.124294
0.69,21,30324.169923
0.96,14,30329.23524
0.64,36,30329.299345
0.73,17,30329.332751
0.91,19,30329.37061
0.79,21,30329.41137
0.86,14,30329.437867
0.79,21,30329.475695
0.75,15,30329.502166
0.83,17,30329.532035
0.84,16,30329.561525
0.67,23,30329.603079
0.9,20,30329.639533
0.49,31,30329.70096
0.7,20,30329.739787
0.8,30,30329.792719
0.85,15,30329.819698
0.7,20,30329.855032
0.75,15,30329.882413
0.79,21,30329.920092
0.83,17,30329.951294
0.6,30,30330.005983
0.84,16,30330.035613
0.76,24,30330.079026
0.83,17,30330.108881
0.82,18,30330.141006
0.94,16,30330.169406
0.71,19,30330.203659
0.9,20,30330.239279
0.79,21,30330.276212
0.83,17,30330.305983
0.82,18,30330.338181
0.77,23,30330.378497
0.62,28,30330.428097
0.8,20,30330.463205
0.79,21,30330.500486
0.54,26,30330.546476
0.71,19,30330.580786
0.85,15,30330.60724
0.81,19,30330.640732
0.69,31,30330.694949
0.83,17,30330.725452
0.65,25,30330.778488
0.67,23,30330.827635
0.6,40,30330.910388
0.81,19,30330.952875
0.7,20,30330.99495
0.81,19,30331.029217
0.89,21,30331.073334
0.83,17,30331.110663
0.72,18,30335.73813
0.6,30,30335.792148
0.7,30,30335.845313
0.6,30,30335.902737
0.81,19,30335.936589
0.94,16,30335.96521
0.59,31,30336.021819
0.59,41,30336.098071
0.55,35,30336.160832
0.82,18,30336.193304
0.6,30,30336.247369
0.82,18,30336.28002
0.79,21,30336.317777
0.84,26,30336.364462
0.59,31,30336.420509
0.45,45,30336.49998
0.89,21,30336.537412
0.82,18,30336.570379
0.84,16,30336.600104
0.58,42,30336.674476
0.6,30,30336.728741
0.82,28,30336.790992
0.75,15,30336.825422
0.81,19,30336.869366
0.73,17,30336.907306
0.77,23,30336.958503
0.73,17,30336.99715
0.43,37,30337.079195
0.85,15,30337.112571
0.71,19,30337.154689
0.8,30,30337.222321
0.78,32,30337.293761
0.84,16,30337.329985
0.82,18,30337.370262
0.7,20,30337.414287
0.77,23,30337.456424
0.72,18,30337.489659
0.71,19,30337.524005
0.79,21,30337.56231
0.83,17,30337.593273
0.8,20,30337.629491
0.77,23,30337.6716
0.62,28,30343.131191
0.73,17,30343.169162
0.33,27,30343.230138
0.71,19,30343.272221
0.72,18,30343.312072
0.62,18,30343.351448
0.81,19,30343.393819
0.69,21,30343.434153
0.42,28,30343.483568
0.8,20,30343.520034
0.72,18,30343.553892
0.84,16,30343.584276
0.93,17,30343.61511
0.77,23,30343.656335
0.58,32,30343.713239
0.71,19,30343.747256
0.7,30,30343.802495
0.81,19,30343.836619
0.78,22,30343.876153
0.16,54,30343.971828
0.52,38,30344.041281
0.6,30,30344.095619
0.68,32,30344.152957
0.84,16,30344.181658
0.77,23,30344.222749
0.79,21,30344.259848
0.8,20,30344.295953
0.89,21,30344.333759
0.56,34,30344.394185
0.82,18,30344.426505
0.69,21,30344.464104
0.48,32,30344.520524
0.92,18,30344.55298
0.84,16,30344.582139
0.43,37,30344.646846
0.7,30,30344.700225
0.81,19,30344.740695
0.79,21,30344.786991
0.73,17,30344.825077
0.9,20,30344.869309
0.91,19,30344.90944
0.84,16,30344.944822
0.82,18,30344.984169
0.9,20,30345.029593
0.93,17,30345.066805
0.89,21,30350.170253
0.72,18,30350.204505
0.81,19,30350.239369
0.58,32,30350.296078
0.85,15,30350.322835
0.9,20,30350.358408
0.7,20,30350.394185
0.8,20,30350.429425
0.91,19,30350.462915
0.81,19,30350.496067
0.93,17,30350.525836
0.82,18,30350.559231
0.69,21,30350.597296
0.68,22,30350.63636
0.81,19,30350.671101
0.77,23,30350.715197
0.93,17,30350.747339
0.82,18,30350.782289
0.92,18,30350.814573
0.89,21,30350.852283
0.89,21,30350.890124
0.83,17,30350.922189
0.91,19,30350.956352
0.79,21,30350.997586
0.83,17,30351.035167
0.78,22,30351.077059
0.78,32,30351.134153
0.82,28,30351.183607
0.82,18,30351.216208
0.91,19,30351.250365
0.79,21,30351.288757
0.72,18,30351.321693
0.77,23,30351.363016
0.89,21,30351.400628
0.62,28,30351.450547
0.75,25,30351.495657
0.81,19,30351.529951
0.91,19,30351.5646
0.81,19,30351.599293
0.8,20,30351.635823
0.79,21,30351.674882
0.81,19,30351.709299
0.82,18,30351.741642
0.41,39,30351.811298
0.8,20,30351.847731
0.7,20,30351.887358
0.82,18,30351.9195
0.81,19,30351.953522
0.83,17,30351.983921
0.71,19,30356.232366
0.72,28,30356.282029
0.56,34,30356.342026
0.89,21,30356.378682
0.81,19,30356.412589
0.73,17,30356.442827
0.92,18,30356.474789
0.76,24,30356.516923
0.81,19,30356.551134
0.84,16,30356.580281
0.9,20,30356.61531
0.82,18,30356.647779
0.69,21,30356.688113
0.82,18,30356.728934
0.93,17,30356.761489
0.76,24,30356.80429
0.57,33,30356.86408
0.78,22,30356.910016
0.84,16,30356.940369
0.72,18,30356.973373
0.71,19,30357.011626
0.81,19,30357.045389
0.79,21,30357.082351
0.72,18,30357.113934
0.37,53,30357.206704
0.06,54,30357.302829
0.8,20,30357.33877
0.8,20,30357.374437
0.68,22,30357.413316
0.79,21,30357.450423
0.68,32,30357.505912
0.56,34,30357.56706
0.91,19,30357.600762
0.92,18,30357.632601
0.81,29,30357.684297
0.6,20,30357.720514
0.81,19,30357.755763
0.7,20,30357.791713
0.81,19,30357.825761
0.81,19,30357.859688
0.88,22,30357.900198
0.6,30,30357.953859
0.82,18,30357.986218
0.82,18,30358.0188
0.39,41,30363.036903
0.7,20,30363.07252
0.59,31,30363.127296
0.83,17,30363.157416
0.73,17,30363.187769
0.81,19,30363.221578
0.93,17,30363.251844
0.52,28,30363.301536
0.79,21,30363.338202
0.37,53,30363.430159
0.91,19,30363.463841
0.92,18,30363.495584
0.74,16,30363.524526
0.8,20,30363.560709
0.82,18,30363.592898
0.9,20,30363.628706
0.68,32,30363.684949
0.92,18,30363.71709
0.71,19,30363.751406
0.91,19,30363.785228
0.82,18,30363.817275
0.63,47,30363.901156
0.91,19,30363.939709
0.73,17,30363.978379
0.75,15,30364.012906
0.7,20,30364.0582
0.9,20,30364.102164
0.59,31,30364.172286
0.73,17,30364.211519
0.72,18,30364.252324
0.68,32,30364.322819
0.92,18,30364.362857
0.79,21,30364.409391
0.38,32,30364.467143
0.78,22,30364.506134
0.89,21,30364.544091
0.67,23,30364.585409
0.82,18,30364.617144
0.91,19,30364.650382
0.83,17,30364.680459
0.53,37,30364.746765
0.49,31,30364.806146
0.8,20,30364.841908
0.72,18,30364.873814
0.75,25,30364.918542
0.58,42,30369.968966
0.83,17,30369.999279
0.83,17,30370.02905
0.44,46,30370.110068
0.63,17,30370.140621
0.93,17,30370.171188
0.82,18,30370.203646
0.81,19,30370.238194
0.91,19,30370.272583
0.92,18,30370.304153
0.56,44,30370.38148
0.63,37,30370.44744
0.3,60,30370.559731
0.74,16,30370.596586
0.71,19,30370.632904
0.85,15,30370.660064
0.72,18,30370.693192
0.98,12,30370.71525
0.9,20,30370.751627
0.73,27,30370.799849
0.81,19,30370.837967
0.71,29,30370.89924
0.91,19,30370.933906
0.46,34,30371.007166
0.84,16,30371.037022
0.67,33,30371.09655
0.19,41,30371.170413
0.64,26,30371.217035
0.81,19,30371.251106
0.9,20,30371.286581
0.81,19,30371.320801
0.89,21,30371.35826
0.48,42,30371.432207
0.7,30,30371.485285
0.8,20,30371.520787
0.89,21,30371.559908
0.85,15,30371.592059
0.49,31,30371.650397
0.73,27,30371.698533
0.92,18,30371.730914
0.74,16,30371.760071
0.79,21,30371.798208
0.46,44,30377.541134
0.82,18,30377.574975
0.94,16,30377.603951
0.38,42,30377.680494
0.69,21,30377.726959
0.57,33,30377.787756
0.8,20,30377.823432
0.91,19,30377.857978
0.79,21,30377.896455
0.36,54,30377.996253
0.92,18,30378.030055
0.9,20,30378.065702
0.91,19,30378.09979
0.93,17,30378.130738
0.68,22,30378.170821
0.69,21,30378.209853
0.8,20,30378.245638
0.82,18,30378.278056
0.7,20,30378.31397
0.84,16,30378.3426
0.8,20,30378.378046
0.83,17,30378.408413
0.85,25,30378.45246
0.7,20,30378.48799
0.9,20,30378.524212
0.81,19,30378.559613
0.91,19,30378.594111
0.79,21,30378.631377
0.51,29,30378.683038
0.81,19,30378.717169
0.82,18,30378.74991
0.72,18,30378.782056
0.91,19,30378.823371
0.37,43,30378.911849
0.8,20,30378.948209
0.84,16,30378.983776
0.92,18,30379.02237
0.93,17,30379.060305
0.69,31,30379.127479
0.54,36,30379.207316
0.6,20,30379.251428
0.36,54,30379.367197
0.62,18,30379.40087
0.12,58,30385.127775
0.77,23,30385.169122
0.76,34,30385.229759
0.72,18,30385.262377
0.89,21,30385.300106
0.83,17,30385.330105
0.83,17,30385.360159
0.85,15,30385.386711
0.91,19,30385.420334
0.95,15,30385.446744
0.91,19,30385.48074
0.81,19,30385.514395
0.58,32,30385.574245
0.89,21,30385.613148
0.81,19,30385.6488
0.89,21,30385.693947
0.44,56,30385.820152
0.84,16,30385.85689
0.82,18,30385.898353
0.8,20,30385.944173
0.81,19,30385.987193
0.9,20,30386.032063
0.85,15,30386.065471
0.81,19,30386.107264
0.89,21,30386.153738
0.66,34,30386.229849
0.72,18,30386.271685
0.71,19,30386.314403
0.73,27,30386.374367
0.51,39,30386.45338
0.8,20,30386.489239
0.75,15,30386.516721
0.82,18,30386.550255
0.8,30,30386.613195
0.71,19,30386.654916
0.72,28,30386.71687
0.58,52,30386.824307
0.98,12,30386.846788
0.74,16,30386.875676
0.95,15,30386.902929
0.94,16,30386.930837
0.81,19,30386.963799
0.82,18,30386.995246
0.57,33,30387.056588
0.73,17,30392.639962
0.68,32,30392.696986
0.76,34,30392.762276
0.73,17,30392.792955
0.83,17,30392.823539
0.57,33,30392.882758
0.61,29,30392.936655
0.82,18,30392.971122
0.54,46,30393.05354
0.82,18,30393.085884
0.79,31,30393.140906
0.96,14,30393.166317
0.92,18,30393.198992
0.72,18,30393.231982
0.61,29,30393.284068
0.69,31,30393.339806
0.83,17,30393.370131
0.84,16,30393.398999
0.52,38,30393.465827
0.8,20,30393.501343
0.84,16,30393.53001
0.75,15,30393.557017
0.84,16,30393.585882
0.57,43,30393.661521
0.48,32,30393.718568
0.92,18,30393.751676
0.9,20,30393.787205
0.57,33,30393.846085
0.88,22,30393.884503
0.92,18,30393.915926
0.66,34,30393.974834
0.6,40,30394.046077
0.87,23,30394.086803
0.86,24,30394.12893
0.81,19,30394.16283
0.66,24,30394.205751
0.63,17,30394.237273
0.71,19,30394.271951
0.51,49,30394.358621
0.93,17,30394.389329
0.69,21,30394.42663
0.84,16,30394.455186
0.55,45,30400.23265
0.81,19,30400.267159
0.92,18,30400.299862
0.73,27,30400.348848
0.74,16,30400.377491
0.86,14,30400.402231
0.5,30,30400.454715
0.92,18,30400.486615
0.9,20,30400.522299
0.73,17,30400.553215
0.82,18,30400.585198
0.7,20,30400.620236
0.81,19,30400.654154
0.84,16,30400.682631
0.57,33,30400.750309
0.82,18,30400.790236
0.84,16,30400.825716
0.48,42,30400.91493
0.6,40,30400.985856
0.53,47,30401.070751
0.82,18,30401.102842
0.91,19,30401.136904
0.71,19,30401.170632
0.52,28,30401.220942
0.73,17,30401.251631
0.77,23,30401.292849
0.68,22,30401.331842
0.68,32,30401.388477
0.74,16,30401.417039
0.78,22,30401.456112
0.61,19,30401.489859
0.8,20,30401.525495
0.86,24,30401.569476
0.74,16,30401.598221
0.73,17,30401.628603
0.66,24,30401.67112
0.8,20,30401.706849
0.86,14,30401.73263
0.91,19,30401.767189
0.81,19,30401.801472
0.48,32,30401.858266
0.1,50,30401.951476
0.65,35,30402.019909
0.82,18,30407.334723
0.83,17,30407.365388
0.9,20,30407.401725
0.79,21,30407.439247
-0.1,70,30407.56244
0.79,21,30407.600045
0.9,20,30407.635483
0.91,19,30407.669418
0.69,41,30407.748216
0.68,32,30407.805693
0.93,17,30407.836956
0.47,43,30407.922702
0.87,13,30407.951055
0.99,11,30407.971077
0.89,21,30408.012073
0.74,16,30408.048238
0.61,29,30408.102783
0.81,19,30408.143701
0.59,31,30408.212608
0.78,22,30408.262172
0.49,41,30408.35717
0.76,34,30408.433362
0.74,16,30408.462715
0.79,21,30408.500955
0.81,19,30408.542359
0.56,34,30408.62036
0.78,22,30408.669174
0.68,32,30408.740698
0.79,21,30408.787703
0.81,19,30408.830039
0.88,22,30408.878907
0.84,16,30408.912066
0.47,43,30408.988421
0.81,19,30409.022941
0.98,12,30409.044785
0.62,28,30409.094793
0.79,21,30409.132705
0.56,34,30409.192404
0.91,19,30409.225943
0.9,20,30409.261877
0.78,32,30409.319042
0.69,31,30415.459431
0.71,29,30415.511781
0.81,19,30415.546428
0.8,20,30415.583357
0.79,21,30415.621329
0.81,19,30415.656127
0.74,16,30415.685282
0.54,46,30415.770444
0.79,31,30415.824961
0.71,19,30415.859127
0.74,16,30415.89116
0.69,21,30415.936542
0.81,19,30415.97838
0.78,22,30416.02703
0.87,13,30416.056546
0.36,54,30416.17463
0.86,14,30416.206007
0.82,18,30416.24674
0.92,18,30416.2881
0.76,24,30416.346736
0.38,52,30416.460789
0.6,40,30416.532266
0.82,18,30416.565333
0.89,21,30416.603639
0.71,19,30416.638061
0.79,31,30416.694111
0.59,31,30416.761135
0.76,24,30416.804274
0.88,22,30416.844233
0.91,19,30416.87831
0.37,43,30416.954821
0.91,19,30416.98912
0.91,19,30417.022933
0.6,30,30417.075436
0.84,16,30417.103737
0.58,32,30417.160234
0.83,17,30417.190662
0.46,54,30417.285203
0.95,15,30417.312703
0.8,20,30417.348414
0.41,29,30423.409681
0.79,21,30423.446828
0.94,16,30423.475236
0.71,19,30423.508773
0.83,17,30423.53886
0.79,21,30423.576729
0.91,19,30423.610814
0.92,18,30423.643338
0.8,20,30423.679932
0.68,32,30423.737919
0.81,19,30423.772064
0.7,20,30423.807239
0.91,19,30423.840952
0.81,19,30423.877933
0.61,29,30423.940018
0.8,20,30423.975843
0.82,18,30424.008102
0.83,17,30424.03865
0.71,19,30424.072358
0.8,20,30424.107939
0.83,17,30424.138531
0.78,22,30424.177403
0.83,17,30424.20797
0.89,21,30424.245307
0.81,19,30424.279191
0.71,19,30424.313209
0.72,18,30424.346448
0.71,29,30424.399573
0.81,19,30424.434175
0.8,20,30424.469845
0.74,16,30424.498264
0.56,44,30424.575931
0.69,21,30424.613243
0.81,19,30424.646921
0.62,18,30424.679328
0.81,19,30424.713349
0.8,20,30424.749337
0.81,19,30424.78254
0.83,17,30424.812481
0.84,16,30424.841247
0.93,17,30424.87153
0.45,35,30424.949453
0.77,33,30425.022013
0.72,18,30425.061757
0.89,21,30425.107881
0.81,19,30425.149509
0.74,26,30425.206487
0.39,31,30425.274484
0.75,25,30425.329145
0.47,43,30430.006248
0.67,33,30430.068073
0.72,18,30430.100438
0.9,20,30430.13615
0.74,16,30430.164985
0.75,15,30430.192034
0.81,19,30430.226342
0.9,20,30430.262861
0.4,50,30430.352537
0.52,28,30430.404423
0.9,20,30430.441044
0.65,25,30430.4864
0.82,18,30430.519788
0.66,34,30430.583712
0.7,30,30430.638304
0.79,21,30430.676251
0.72,18,30430.708918
0.79,31,30430.765203
0.69,31,30430.821539
0.81,19,30430.864978
0.38,42,30430.948141
0.29,41,30431.021353
0.49,41,30431.093615
0.83,17,30431.124248
0.89,21,30431.16128
0.71,19,30431.194662
0.72,18,30431.226635
0.39,41,30431.300102
0.83,17,30431.331135
0.67,23,30431.37235
0.35,55,30431.469108
0.83,17,30431.499346
0.62,18,30431.531443
0.69,31,30431.587622
0.7,30,30431.641026
0.95,15,30431.668072
0.53,27,30431.715751
0.62,18,30431.74898
0.64,16,30431.785563
0.81,19,30437.707596
0.88,22,30437.747223
0.72,18,30437.779942
0.87,13,30437.803923
0.71,19,30437.838428
0.8,20,30437.874603
0.82,18,30437.911471
0.63,17,30437.950162
0.78,22,30437.999146
0.89,21,30438.041292
0.59,31,30438.097128
0.8,20,30438.132703
0.71,19,30438.166259
0.71,19,30438.200047
0.22,68,30438.320886
0.84,16,30438.349719
0.8,20,30438.38625
0.83,17,30438.416663
0.67,23,30438.457238
0.85,15,30438.483998
0.9,20,30438.520352
0.81,19,30438.555887
0.49,31,30438.613531
0.75,25,30438.658626
0.81,19,30438.692502
0.75,25,30438.73845
0.91,19,30438.781049
0.72,18,30438.821188
0.91,19,30438.863155
0.69,31,30438.930636
0.89,21,30438.977302
0.63,17,30439.015308
0.7,30,30439.081175
0.74,16,30439.116429
0.7,30,30439.182122
0.73,17,30439.219452
0.7,20,30439.263188
0.8,20,30439.307186
0.75,15,30439.340752
0.82,18,30439.381422
0.71,19,30439.424238
0.82,18,30439.463682
0.25,65,30439.610276
0.53,27,30439.669972
0.8,20,30439.714065
0.61,19,30445.12287
0.8,20,30445.159125
0.9,20,30445.195405
0.78,22,30445.234669
0.92,18,30445.267251
0.91,19,30445.30144
0.47,23,30445.342147
0.79,21,30445.379184
0.61,29,30445.430785
0.83,17,30445.460654
0.72,18,30445.492528
0.75,15,30445.518879
0.81,19,30445.553025
0.85,15,30445.580354
0.83,17,30445.610873
0.43,57,30445.722864
0.65,25,30445.776204
0.69,21,30445.814533
0.57,33,30445.874582
0.8,20,30445.91598
0.81,19,30445.958692
0.75,15,30445.992111
0.66,34,30446.067406
0.68,22,30446.116163
0.83,17,30446.154197
0.84,16,30446.189681
0.78,22,30446.238912
0.81,19,30446.280541
0.72,18,30446.321102
0.79,21,30446.367858
0.83,17,30446.406249
0.74,26,30446.461045
0.9,20,30446.498051
0.94,16,30446.533285
0.71,29,30446.598063
0.79,21,30446.644507
0.91,19,30446.686393
0.83,27,30446.745925
0.81,19,30446.785591
0.69,31,30446.848802
0.67,43,30446.929958
0.72,18,30446.967854
0.78,22,30447.012098
0.64,36,30447.091973
0.85,15,30447.125239
0.68,22,30447.173322
0.81,19,30452.400893
0.72,38,30452.470573
0.84,16,30452.500783
0.91,19,30452.538895
0.73,17,30452.570288
0.7,20,30452.606268
0.86,14,30452.631315
0.82,18,30452.66348
0.73,17,30452.693691
0.57,33,30452.753636
0.81,19,30452.78725
0.68,32,30452.843536
0.91,19,30452.876656
0.79,21,30452.913838
0.89,21,30452.950886
0.84,16,30452.979615
0.91,19,30453.013157
0.6,30,30453.065761
0.81,19,30453.099154
0.68,32,30453.155396
0.89,21,30453.192023
0.83,17,30453.222325
0.72,18,30453.254149
0.84,16,30453.283104
0.79,21,30453.320122
0.82,18,30453.352194
0.75,15,30453.378671
0.88,22,30453.417648
0.4,60,30453.521343
0.77,23,30453.561321
0.93,17,30453.591187
0.77,23,30453.631324
0.9,20,30453.668132
0.79,21,30453.704714
0.61,19,30453.737911
0.9,20,30453.773448
0.74,16,30453.801921
0.83,17,30453.83226
0.8,20,30453.868152
0.69,31,30453.924416
0.63,17,30453.954448
0.85,15,30453.981398
0.73,17,30454.011673
0.63,17,30454.041683
0.83,17,30454.071389
0.36,44,30454.147243
0.73,17,30454.183059
0.76,24,30459.516984
0.74,16,30459.546506
0.82,18,30459.580645
0.71,19,30459.615152
0.26,44,30459.693333
0.73,17,30459.724605
0.39,41,30459.799422
0.73,27,30459.847849
0.92,18,30459.880875
0.63,17,30459.913202
0.85,15,30459.940178
0.81,19,30459.974393
0.82,18,30460.006499
0.83,17,30460.036767
0.74,16,30460.065453
0.8,20,30460.101045
0.81,19,30460.135127
0.37,53,30460.227971
0.91,19,30460.26258
0.75,15,30460.289213
0.7,30,30460.342223
0.8,20,30460.377753
0.71,19,30460.412324
0.83,17,30460.443134
0.77,23,30460.485405
0.94,16,30460.514629
0.84,16,30460.545162
0.68,32,30460.60462
0.89,21,30460.643197
0.82,18,30460.676052
0.73,17,30460.706339
0.93,17,30460.737148
0.72,18,30460.769998
0.78,22,30460.812643
0.76,34,30460.878792
0.92,18,30460.914164
0.63,17,30460.945744
0.73,17,30460.977295
0.82,18,30461.010405
0.92,18,30461.048695
0.89,21,30461.092539
0.49,41,30461.182933
0.7,20,30461.227776
0.72,18,30461.267709
0.78,22,30461.31626
0.77,23,30461.367214
0.78,22,30461.417718
0.85,15,30466.546715
0.22,48,30466.636009
0.83,17,30466.667481
0.57,33,30466.731517
0.72,18,30466.770268
0.78,22,30466.809335
0.72,18,30466.841578
0.73,17,30466.87176
0.82,18,30466.904343
0.81,19,30466.938386
0.79,21,30466.976012
0.83,17,30467.006341
0.8,30,30467.060007
0.56,34,30467.12072
0.62,28,30467.170325
0.94,16,30467.198992
0.89,21,30467.236459
0.73,17,30467.267064
0.68,32,30467.324519
0.83,17,30467.355208
0.71,19,30467.3894
0.81,19,30467.423739
0.92,18,30467.455813
0.83,17,30467.486039
0.83,17,30467.516301
0.81,19,30467.550964
0.57,33,30467.61009
0.72,18,30467.642308
0.73,17,30467.673337
0.93,17,30467.704883
0.9,20,30467.742294
0.84,16,30467.771179
0.8,20,30467.806767
0.92,18,30467.839655
0.94,16,30467.868701
0.68,42,30467.943332
0.55,35,30468.005928
0.95,15,30468.032962
0.77,23,30468.073759
0.69,21,30468.111037
0.74,16,30468.139812
0.79,31,30468.197991
0.71,19,30468.240419
0.79,21,30468.286533
0.42,48,30468.392144
0.83,17,30468.429935
0.58,32,30473.673772
0.82,18,30473.705906
0.79,21,30473.743595
0.78,22,30473.789533
0.64,16,30473.825165
0.78,22,30473.874189
0.9,20,30473.918027
0.83,17,30473.950185
0.72,18,30473.983373
0.77,23,30474.033999
0.59,31,30474.102174
0.8,20,30474.146487
0.83,27,30474.206012
0.78,22,30474.254322
0.91,19,30474.29647
0.92,18,30474.336376
0.75,15,30474.370031
0.85,15,30474.404155
0.82,18,30474.444315
0.91,19,30474.480211
0.95,15,30474.507863
0.7,20,30474.546066
0.9,20,30474.583317
0.59,31,30474.638347
0.9,20,30474.673415
0.61,39,30474.741367
0.84,16,30474.770371
0.85,15,30474.80399
0.71,19,30474.84646
0.81,19,30474.888179
0.72,28,30474.94959
0.86,14,30474.980452
0.77,33,30475.045601
0.8,20,30475.081894
0.51,39,30475.151639
0.82,18,30475.183774
0.79,21,30475.222152
0.78,22,30475.268892
0.55,35,30475.350231
0.82,28,30475.414389
0.65,25,30475.466803
0.93,17,30475.500185
0.81,29,30475.565469
0.84,16,30475.600354
0.29,51,30475.692942
0.82,18,30480.85655
0.74,16,30480.892958
0.73,17,30480.929803
0.83,17,30480.96767
0.71,19,30481.002768
0.85,15,30481.030283
0.8,20,30481.067348
0.84,16,30481.096918
0.56,44,30481.189075
0.69,41,30481.281878
0.69,31,30481.351954
0.84,16,30481.388902
0.88,22,30481.438973
0.71,19,30481.477463
0.84,16,30481.513582
0.83,17,30481.553576
0.9,20,30481.60084
0.81,19,30481.644711
0.81,19,30481.688632
0.93,17,30481.728094
0.78,22,30481.779227
0.82,18,30481.82078
0.22,48,30481.928373
0.5,40,30482.007589
0.68,32,30482.080293
0.7,20,30482.125451
0.37,63,30482.270178
0.8,20,30482.316294
0.88,22,30482.365921
0.81,19,30482.409044
0.81,19,30482.452398
0.9,20,30482.489977
0.92,18,30482.523908
0.71,19,30482.561271
0.48,42,30482.639513
0.87,23,30482.68169
0.82,18,30482.715129
0.74,16,30482.74441
0.92,18,30482.778029
0.39,41,30482.854029
0.93,17,30482.886799
0.8,20,30482.924874
0.83,17,30482.957097
0.78,22,30488.75205
0.85,15,30488.780274
0.8,20,30488.816484
0.78,22,30488.856567
0.71,39,30488.927237
0.78,32,30488.98646
0.82,18,30489.019708
0.72,18,30489.053014
0.83,17,30489.083722
0.58,32,30489.141692
0.51,39,30489.211789
0.92,18,30489.244883
0.6,30,30489.299461
0.33,47,30489.383567
0.81,19,30489.418022
0.69,21,30489.455919
0.92,18,30489.487934
0.88,22,30489.526498
0.84,26,30489.573186
0.83,17,30489.603715
0.83,17,30489.634132
0.79,21,30489.672281
0.81,19,30489.714357
0.89,21,30489.761394
0.83,17,30489.799777
0.89,21,30489.847041
0.56,34,30489.925599
0.69,31,30489.984234
0.92,18,30490.017307
0.81,19,30490.052413
0.83,17,30490.082975
0.69,21,30490.120747
0.13,77,30490.27166
0.91,19,30490.31441
0.82,18,30490.355003
0.66,44,30490.45324
0.69,21,30490.493376
0.52,28,30490.544774
0.77,23,30490.589232
0.82,28,30490.654873
0.84,16,30490.687543
0.77,23,30496.491103
0.83,17,30496.521099
0.59,31,30496.57658
0.8,30,30496.629622
0.76,24,30496.671751
0.7,20,30496.706827
0.85,15,30496.741194
0.71,19,30496.784226
0.84,16,30496.820195
0.82,18,30496.861879
0.84,16,30496.898299
0.81,29,30496.951368
0.68,42,30497.025355
0.75,15,30497.052267
0.59,21,30497.089647
0.8,20,30497.125613
0.8,20,30497.161565
0.72,18,30497.193537
0.67,33,30497.252255
0.91,19,30497.28625
0.83,17,30497.317106
0.93,17,30497.34782
0.85,15,30497.374855
0.59,41,30497.44778
0.91,19,30497.48139
0.59,31,30497.550009
0.78,22,30497.593296
0.67,33,30497.652712
0.82,18,30497.685248
0.84,16,30497.713803
0.55,35,30497.77602
0.94,16,30497.80495
0.81,19,30497.839807
0.26,44,30497.918053
0.74,16,30497.953886
0.89,21,30497.998053
0.83,17,30498.02873
0.73,17,30498.059067
0.82,18,30498.091175
0.84,26,30498.13722
0.72,28,30498.187714
0.82,18,30498.22183
0.88,22,30498.261721
0.77,23,30498.302664
0.83,17,30498.333736
0.71,19,30498.367954
0.68,32,30503.583334
0.64,26,30503.630944
0.83,17,30503.662845
0.72,18,30503.695717
0.79,21,30503.733747
0.8,20,30503.770591
0.74,16,30503.799943
0.68,22,30503.839292
0.88,22,30503.880871
0.91,19,30503.916324
0.92,18,30503.950235
0.68,22,30503.989959
0.91,19,30504.024426
0.82,18,30504.056676
0.44,56,30504.155653
0.85,25,30504.199498
0.51,29,30504.250582
0.71,19,30504.284512
0.9,20,30504.320164
0.8,20,30504.35613
0.56,44,30504.433917
0.71,29,30504.486151
0.8,30,30504.539439
0.93,17,30504.570806
0.72,18,30504.602773
0.7,20,30504.638143
0.9,20,30504.677813
0.69,21,30504.725063
0.92,18,30504.765907
0.81,19,30504.801641
0.72,18,30504.834486
0.74,16,30504.864017
0.73,17,30504.89775
0.8,20,30504.935239
0.38,42,30505.027305
0.83,17,30505.064996
0.69,31,30505.13249
0.81,19,30505.174477
0.9,20,30505.218424
0.81,19,30505.260421
0.81,19,30505.302026
0.71,29,30505.366056
0.81,19,30505.408158
0.83,17,30505.446187
0.82,18,30505.482399
0.93,17,30505.512857
0.83,17,30510.448814
0.8,20,30510.483653
0.76,24,30510.525665
0.51,29,30510.57708
0.82,18,30510.608424
0.9,20,30510.643547
0.73,17,30510.67481
0.66,24,30510.721939
0.9,20,30510.765965
0.78,22,30510.814514
0.76,14,30510.845983
0.83,17,30510.885123
0.94,16,30510.921443
0.72,18,30510.961543
0.51,29,30511.016409
0.9,20,30511.052653
0.72,18,30511.085125
0.87,23,30511.126496
0.77,33,30511.186019
0.71,19,30511.22027
0.92,18,30511.252962
0.81,19,30511.286835
0.73,17,30511.317509
0.62,38,30511.384728
0.96,14,30511.409764
0.64,36,30511.473342
0.6,40,30511.54553
0.9,20,30511.583724
0.89,21,30511.623104
0.72,18,30511.663013
0.8,20,30511.713626
0.93,17,30511.75423
0.83,17,30511.791577
0.82,28,30511.852711
0.9,20,30511.895781
0.88,22,30511.944657
0.83,17,30511.982474
0.91,19,30512.023309
0.66,44,30512.118799
0.42,48,30512.224154
0.83,17,30512.26192
0.82,18,30512.30138
-0.32,92,30518.408836
0.8,20,30518.446177
0.74,16,30518.474658
0.91,19,30518.508432
0.92,18,30518.540638
0.81,19,30518.574457
0.4,30,30518.627899
0.93,17,30518.65824
0.56,34,30518.72068
0.82,18,30518.757661
0.95,15,30518.790003
0.92,18,30518.822341
0.76,34,30518.882405
0.82,18,30518.914408
0.81,19,30518.94826
0.57,33,30519.00696
0.68,32,30519.063036
0.8,30,30519.115275
0.83,17,30519.14529
0.79,21,30519.182527
0.81,19,30519.215934
0.77,23,30519.256622
0.79,21,30519.294101
0.79,21,30519.332594
0.63,27,30519.381354
0.8,20,30519.417379
0.7,30,30519.471347
0.94,16,30519.50005
0.82,18,30519.532593
0.83,17,30519.563674
0.07,53,30519.657451
0.73,17,30519.687728
0.82,18,30519.720034
0.79,21,30519.757174
0.92,18,30519.789188
0.72,28,30519.838662
0.82,18,30519.871064
0.81,19,30519.904905
0.69,31,30519.966312
0.78,22,30520.015193
0.8,20,30520.059458
0.93,17,30520.096644
0.91,19,30520.138402
0.26,44,30520.234926
0.8,20,30520.278797
0.79,21,30525.391613
0.73,27,30525.438688
0.94,16,30525.466869
0.71,19,30525.499933
0.72,18,30525.531436
0.94,16,30525.560058
0.86,14,30525.584817
0.93,17,30525.61533
0.91,19,30525.657631
0.84,16,30525.694485
0.8,30,30525.758626
0.82,18,30525.797229
0.59,41,30525.88887
0.91,19,30525.92482
0.83,17,30525.955837
0.81,19,30525.990335
0.82,18,30526.022637
0.91,19,30526.056495
0.65,35,30526.117975
0.9,20,30526.154131
0.92,18,30526.186487
0.8,20,30526.221961
0.73,27,30526.270259
0.89,21,30526.307778
0.92,18,30526.340147
0.84,16,30526.36892
0.91,19,30526.403614
0.82,18,30526.435992
0.28,42,30526.511333
0.67,33,30526.569839
0.56,34,30526.63009
0.59,31,30526.685286
0.78,32,30526.743973
0.79,21,30526.781137
0.71,29,30526.832183
0.91,19,30526.866183
0.87,23,30526.907498
0.84,16,30526.941782
0.58,32,30527.006825
0.88,22,30527.046877
0.82,18,30527.079581
0.84,16,30527.108223
0.75,25,30527.152683
0.81,19,30527.187722
0.56,44,30527.268717
0.81,19,30532.371479
0.8,20,30532.408206
0.83,17,30532.43807
0.4,40,30532.506889
0.91,19,30532.540333
0.69,31,30532.59548
0.8,20,30532.631033
0.89,21,30532.668125
0.75,25,30532.712313
0.83,17,30532.744792
0.58,32,30532.801325
0.8,30,30532.853466
0.94,16,30532.881807
0.72,18,30532.913963
0.73,17,30532.944361
0.58,42,30533.01845
0.74,26,30533.065115
0.5,50,30533.154009
0.82,18,30533.185544
0.83,17,30533.215409
0.79,21,30533.252782
0.82,18,30533.286016
0.5,30,30533.339748
0.59,31,30533.395635
0.66,34,30533.455368
0.62,28,30533.50418
0.82,18,30533.535953
0.77,23,30533.577633
0.72,18,30533.610364
0.79,31,30533.673807
0.75,35,30533.736026
0.9,20,30533.771633
0.8,20,30533.807077
0.55,25,30533.851358
0.88,22,30533.890477
0.61,29,30533.94157
0.82,18,30533.973588
0.8,20,30534.009406
0.66,34,30534.081314
0.63,17,30534.116328
0.82,18,30534.147776
0.69,31,30539.511054
0.92,18,30539.54354
0.53,37,30539.610114
0.81,19,30539.643847
0.89,21,30539.680624
0.82,18,30539.712463
0.57,33,30539.771645
0.72,18,30539.803957
0.55,45,30539.884912
0.8,20,30539.921041
0.81,19,30539.955333
0.74,36,30540.020549
0.81,19,30540.056036
0.91,19,30540.089492
0.77,23,30540.13081
0.86,14,30540.155563
0.89,21,30540.192368
0.77,33,30540.25069
0.92,18,30540.282542
0.82,18,30540.314963
0.81,19,30540.348909
0.78,22,30540.387572
0.83,27,30540.435384
0.84,16,30540.464275
0.43,47,30540.547941
0.68,32,30540.604614
0.6,30,30540.658268
0.7,20,30540.693595
0.52,28,30540.751145
0.72,28,30540.816622
0.88,22,30540.867336
0.79,21,30540.914526
0.8,20,30540.958733
0.83,17,30540.996974
0.8,20,30541.041168
0.84,16,30541.076248
0.71,29,30541.139908
0.58,32,30541.212653
0.91,19,30541.25498
0.9,20,30541.299145
0.77,33,30541.368659
0.81,19,30541.410849
0.82,18,30541.450583
0.68,32,30546.685974
0.91,19,30546.72822
0.68,32,30546.797846
0.71,19,30546.832193
0.57,33,30546.900414
0.37,43,30546.987796
0.48,32,30547.059415
0.92,18,30547.099811
0.63,27,30547.158947
0.69,31,30547.226873
0.82,18,30547.266699
0.59,31,30547.335131
0.73,17,30547.373567
0.51,19,30547.416385
0.7,30,30547.482106
0.82,18,30547.516099
0.53,37,30547.59844
0.84,16,30547.634364
0.58,32,30547.703816
0.93,17,30547.741255
0.96,14,30547.772759
0.72,18,30547.812227
0.91,19,30547.854678
0.8,20,30547.898629
0.89,21,30547.939323
0.7,30,30547.993225
0.8,20,30548.030022
0.83,17,30548.061175
0.56,44,30548.139621
0.82,18,30548.172143
0.72,18,30548.207927
0.52,48,30548.312509
0.73,27,30548.371867
0.8,20,30548.416131
0.81,19,30548.458204
0.25,75,30548.598956
0.6,30,30548.65276
0.77,23,30548.693725
0.7,30,30548.746919
0.91,19,30554.868697
0.89,21,30554.905792
0.69,31,30554.960303
0.69,31,30555.014372
0.84,16,30555.042155
0.71,29,30555.092126
0.92,18,30555.123325
0.82,18,30555.154867
0.6,30,30555.207061
0.84,16,30555.235379
0.69,21,30555.272335
0.88,22,30555.310645
0.92,18,30555.3424
0.48,32,30555.398729
0.89,21,30555.435206
0.83,17,30555.464775
0.61,29,30555.515078
0.52,28,30555.564531
0.65,35,30555.625575
0.76,34,30555.685347
0.81,19,30555.718506
0.62,18,30555.750488
0.7,20,30555.785267
0.72,28,30555.838241
0.6,30,30555.891784
0.82,18,30555.924392
0.83,17,30555.954955
0.78,22,30555.994728
0.96,14,30556.020402
0.82,18,30556.052303
0.82,18,30556.084098
0.89,21,30556.121424
0.33,57,30556.222889
0.79,21,30556.260026
0.76,24,30556.302167
0.71,29,30556.353286
0.5,40,30556.424516
0.7,20,30556.460012
0.94,16,30556.488208
0.8,20,30556.523594
0.85,15,30556.550667
0.79,21,30556.5886
0.91,19,30556.62227
0.69,31,30561.50031
0.73,17,30561.530855
0.72,18,30561.564109
0.79,21,30561.60235
0.79,21,30561.639845
0.9,20,30561.675389
0.73,17,30561.705356
0.7,20,30561.74139
0.67,33,30561.80002
0.49,31,30561.854706
0.83,17,30561.885372
0.7,30,30561.938357
0.44,46,30562.025875
0.66,34,30562.100173
0.78,22,30562.148876
0.46,44,30562.243698
0.82,18,30562.283554
0.9,20,30562.327852
0.8,30,30562.393013
0.89,21,30562.438926
0.78,22,30562.487207
0.85,15,30562.517617
0.73,17,30562.555725
0.82,18,30562.595598
0.8,20,30562.640084
0.8,30,30562.705718
0.91,19,30562.748188
0.71,19,30562.784369
0.69,21,30562.821898
0.8,20,30562.858616
0.85,15,30562.887274
0.84,16,30562.923419
0.83,17,30562.95508
0.69,31,30563.010163
0.82,18,30563.049636
0.76,34,30563.123886
0.88,22,30563.172606
0.8,20,30563.216642
0.73,17,30563.254051
0.89,21,30563.299996
0.6,30,30563.365817
0.81,19,30563.408464
0.89,21,30563.455158
0.91,19,30563.495468
0.68,32,30568.470011
0.8,30,30568.523044
0.8,20,30568.560189
0.91,19,30568.594765
0.49,31,30568.649144
0.34,46,30568.741234
0.82,18,30568.77537
0.73,17,30568.808007
0.79,21,30568.845644
0.85,15,30568.873237
0.74,26,30568.9206
0.94,16,30568.948954
0.82,18,30568.985804
0.89,21,30569.027768
0.9,20,30569.063688
0.55,35,30569.125407
0.71,29,30569.176347
0.81,19,30569.21045
0.7,30,30569.269455
0.7,20,30569.30922
0.81,19,30569.346329
0.83,17,30569.379088
0.93,17,30569.412782
0.82,18,30569.445799
0.83,17,30569.476694
0.72,18,30569.509143
0.9,20,30569.54542
0.56,34,30569.606611
0.77,23,30569.647349
0.89,21,30569.684573
0.81,19,30569.718617
0.82,18,30569.751732
0.85,25,30569.800029
0.55,45,30569.883478
0.83,17,30569.913681
0.82,18,30569.947145
0.47,43,30570.023233
0.71,19,30570.057452
0.8,20,30570.092736
0.83,17,30570.123278
0.73,27,30570.171876
0.79,21,30570.209955
0.51,39,30570.279798
0.81,19,30570.313661
0.59,31,30575.686925
0.93,17,30575.725655
0.84,16,30575.762622
0.58,32,30575.832721
0.75,15,30575.86588
0.68,32,30575.924805
0.77,23,30575.966029
0.92,18,30575.998246
0.7,20,30576.04277
0.71,19,30576.07793
0.82,18,30576.109726
0.82,18,30576.142385
0.91,19,30576.179712
0.55,45,30576.263382
0.19,41,30576.33615
0.72,18,30576.368634
0.61,19,30576.402659
0.8,20,30576.438043
0.62,28,30576.487476
0.81,19,30576.521479
0.62,28,30576.573396
0.52,28,30576.624307
0.79,21,30576.661338
0.91,19,30576.694885
0.9,20,30576.730443
0.69,21,30576.768888
0.59,51,30576.860668
0.73,17,30576.892006
0.83,17,30576.923139
0.91,19,30576.957164
0.72,18,30576.988835
0.77,23,30577.028853
0.83,17,30577.05884
0.9,20,30577.09409
0.79,21,30577.130704
0.75,15,30577.157164
0.86,24,30577.198199
0.61,29,30577.252685
0.81,19,30577.290048
0.8,20,30577.325214
0.73,17,30577.356153
0.77,23,30577.397457
0.79,21,30577.433783
0.69,21,30577.470271
0.71,19,30577.503196
0.85,15,30577.529243
0.68,22,30582.308484
0.52,38,30582.386143
0.69,21,30582.423975
0.86,14,30582.44896
0.77,23,30582.489875
0.86,14,30582.51509
0.78,22,30582.554544
0.74,16,30582.583908
0.92,18,30582.615652
0.9,20,30582.651242
0.88,22,30582.690167
0.8,30,30582.743322
0.81,29,30582.796036
0.59,31,30582.859038
0.66,34,30582.92079
0.83,17,30582.951263
0.81,19,30582.985159
0.7,20,30583.020402
0.82,18,30583.052672
0.82,18,30583.084518
0.64,26,30583.130465
0.64,26,30583.176775
0.8,20,30583.21271
0.63,37,30583.278331
0.71,19,30583.312078
0.4,30,30583.369928
0.91,19,30583.412648
0.74,16,30583.44765
0.71,19,30583.489225
0.57,43,30583.566864
0.73,27,30583.615081
0.49,31,30583.66915
0.76,24,30583.711219
0.81,19,30583.745346
0.81,19,30583.779886
0.72,18,30583.812117
0.79,21,30583.849808
0.43,47,30583.932968
0.6,30,30583.985808
0.79,31,30584.050089
0.8,20,30584.094137
0.79,21,30584.140808
0.79,21,30584.186654
0.58,32,30589.342804
0.89,21,30589.38033
0.85,15,30589.409206
0.81,19,30589.451512
0.46,44,30589.538849
0.59,31,30589.59699
0.82,18,30589.629333
0.72,18,30589.661782
0.65,35,30589.723682
0.91,19,30589.757783
0.82,18,30589.789973
0.92,18,30589.821929
0.87,23,30589.862652
0.59,31,30589.921487
0.8,20,30589.965514
0.56,34,30590.040099
0.81,19,30590.082034
0.81,19,30590.123939
0.46,34,30590.198433
0.81,19,30590.240732
0.79,21,30590.286999
0.9,20,30590.330917
0.73,17,30590.368304
0.72,18,30590.407793
0.9,20,30590.451969
0.8,20,30590.495472
0.84,16,30590.524609
0.58,32,30590.582527
0.59,31,30590.637117
0.8,20,30590.673055
0.69,21,30590.710917
0.5,30,30590.76532
0.82,18,30590.798052
0.9,20,30590.833552
0.7,20,30590.86977
0.57,43,30590.955319
0.84,16,30590.991166
0.81,19,30591.032974
0.84,16,30591.069183
0.47,53,30591.186027
0.82,18,30591.22591
0.94,16,30591.262089
0.5,40,30596.728458
0.73,17,30596.764763
0.44,46,30596.865816
0.83,17,30596.903777
0.89,21,30596.946607
0.6,30,30597.002972
0.75,15,30597.037709
0.88,22,30597.086464
0.58,32,30597.157059
0.75,25,30597.213031
0.73,17,30597.250969
0.78,22,30597.299146
0.79,31,30597.367671
0.78,22,30597.416636
0.92,18,30597.456136
0.84,16,30597.491292
0.92,18,30597.524749
0.78,22,30597.565032
0.81,19,30597.599279
0.72,18,30597.631334
0.87,23,30597.672264
0.93,17,30597.703242
0.69,21,30597.741096
0.7,20,30597.77701
0.69,21,30597.814479
0.36,44,30597.892492
0.7,20,30597.927874
0.59,31,30597.982073
0.82,28,30598.033674
0.95,15,30598.066987
0.81,19,30598.108801
0.7,20,30598.152459
0.81,19,30598.193889
0.77,23,30598.245054
0.8,20,30598.289028
0.81,19,30598.3311
0.59,31,30598.400945
0.88,22,30598.450485
0.73,17,30598.488674
0.83,17,30598.521804
0.65,35,30598.586689
0.84,16,30598.615946
0.72,18,30598.648314
0.81,19,30598.682841
0.75,15,30598.710079
0.65,35,30598.784941
0.82,18,30603.850089
0.62,38,30603.930483
0.59,21,30603.96883
0.8,20,30604.006606
0.61,39,30604.090768
0.64,26,30604.1489
0.84,16,30604.185014
0.65,35,30604.263179
0.71,19,30604.305684
0.52,28,30604.367249
0.72,18,30604.407391
0.94,16,30604.44293
0.84,16,30604.477002
0.73,17,30604.510419
0.81,19,30604.544932
0.81,19,30604.579703
0.81,19,30604.61366
0.7,20,30604.649475
0.94,16,30604.678463
0.81,19,30604.712542
0.5,30,30604.774131
0.71,19,30604.816512
0.77,23,30604.867422
0.82,18,30604.907039
0.71,29,30604.970373
0.73,27,30605.025932
0.32,48,30605.131539
0.89,21,30605.177535
0.72,18,30605.218331
0.78,22,30605.267046
0.81,19,30605.309131
0.68,22,30605.35762
0.81,19,30605.399805
0.92,18,30605.439765
0.5,30,30605.505099
0.71,19,30605.539665
0.85,15,30605.569306
0.8,20,30605.614676
0.9,20,30605.659288
0.53,17,30605.696979
0.75,15,30605.730206
0.72,18,30605.767327
0.81,19,30605.808376
0.61,19,30605.850949
0.73,17,30605.888401
0.71,19,30605.923592
0.8,20,30605.960014
0.82,18,30610.631741
0.84,26,30610.679192
0.8,20,30610.716367
0.94,16,30610.750601
0.72,18,30610.787193
0.8,20,30610.824615
0.96,14,30610.849605
0.66,24,30610.891864
0.86,14,30610.920834
0.63,17,30610.958495
0.81,19,30610.993406
0.8,20,30611.029522
0.93,17,30611.060185
0.85,15,30611.087286
0.73,17,30611.118504
0.54,26,30611.166003
0.61,19,30611.200399
0.7,20,30611.236625
0.92,18,30611.269525
0.8,20,30611.305419
0.82,18,30611.337773
0.51,29,30611.38966
0.79,21,30611.427065
0.81,19,30611.461231
0.67,33,30611.519803
0.82,18,30611.552958
0.67,23,30611.594487
0.8,20,30611.629975
0.83,17,30611.661059
0.81,19,30611.694996
0.72,18,30611.727327
0.81,19,30611.765154
0.68,22,30611.813974
0.84,16,30611.849725
0.82,28,30611.910465
0.49,31,30611.969254
0.65,35,30612.031626
0.77,33,30612.091468
0.15,55,30612.190125
0.67,23,30612.232431
0.59,31,30612.29027
0.71,19,30612.324978
-0.13,63,30612.436806
0.47,43,30612.513068
0.85,15,30617.679057
0.85,15,30617.708934
0.84,16,30617.737526
0.57,33,30617.811023
0.82,18,30617.850495
0.8,20,30617.88604
0.94,16,30617.920715
0.83,17,30617.952037
0.31,59,30618.065677
0.85,15,30618.098855
0.82,18,30618.138928
0.81,19,30618.18111
0.82,18,30618.220774
0.45,35,30618.298305
0.57,33,30618.370381
0.38,42,30618.461526
0.52,48,30618.564624
0.66,24,30618.617675
0.72,28,30618.680297
0.84,16,30618.71661
0.82,18,30618.75726
0.72,18,30618.795959
0.79,21,30618.842593
0.81,19,30618.884277
0.7,20,30618.920264
0.65,35,30618.990627
0.67,23,30619.041698
0.84,16,30619.076887
0.74,16,30619.112432
0.92,18,30619.152858
0.64,26,30619.210077
0.51,39,30619.295859
0.8,30,30619.362371
0.73,17,30619.399762
0.68,42,30619.490469
0.8,20,30619.529538
0.65,25,30619.575687
0.81,19,30619.610197
0.73,27,30619.659084
0.89,21,30619.696895
0.5,40,30619.768844
0.78,22,30625.533102
0.69,21,30625.571558
0.81,19,30625.605647
0.73,27,30625.657286
0.76,14,30625.682933
0.83,17,30625.7134
0.76,24,30625.756726
0.72,18,30625.791024
0.79,21,30625.828341
0.7,20,30625.863946
0.77,23,30625.904558
0.61,29,30625.964062
0.73,17,30626.002251
0.69,21,30626.048269
0.7,30,30626.113353
0.85,15,30626.146376
0.84,16,30626.18187
0.79,21,30626.227823
0.6,30,30626.29372
0.81,19,30626.335871
0.8,20,30626.379542
0.8,20,30626.423349
0.71,19,30626.464505
0.87,23,30626.513689
0.6,30,30626.567984
0.7,20,30626.603857
0.82,18,30626.635824
0.62,18,30626.667575
0.59,31,30626.7224
0.58,32,30626.779869
0.5,40,30626.849917
0.17,63,30626.966603
0.99,11,30626.986445
0.8,20,30627.024643
0.61,29,30627.089628
0.77,23,30627.142124
0.62,38,30627.226179
0.77,33,30627.298838
0.79,21,30627.345056
0.9,20,30627.389004
0.93,17,30627.426204
0.71,19,30627.467757
0.75,25,30627.521693
0.71,19,30627.563935
0.91,19,30632.589327
0.82,18,30632.621432
0.75,15,30632.648127
0.86,14,30632.672941
0.81,19,30632.706515
0.79,21,30632.743315
0.69,21,30632.780166
0.94,16,30632.808429
0.71,19,30632.842029
0.83,17,30632.871931
0.62,28,30632.920662
0.91,19,30632.955322
0.55,55,30633.052144
0.8,20,30633.087695
0.81,19,30633.121472
0.79,21,30633.158723
0.79,21,30633.196408
0.59,41,30633.26822
0.82,18,30633.300289
0.5,30,30633.353005
0.8,20,30633.38826
0.84,16,30633.416469
0.93,17,30633.446483
0.67,23,30633.487675
0.75,15,30633.516051
0.81,19,30633.552984
0.68,32,30633.613461
0.74,16,30633.644614
0.73,17,30633.677933
0.93,17,30633.708457
0.7,30,30633.762015
0.67,23,30633.802632
0.81,19,30633.83669
0.7,20,30633.872336
0.85,15,30633.899383
0.62,28,30633.949604
0.63,27,30633.999976
0.84,16,30634.035397
0.89,21,30634.081727
0.9,20,30634.124612
0.6,30,30634.181439
0.62,18,30634.221131
0.58,42,30634.314011
0.8,20,30634.358622
0.7,20,30634.402604
0.81,19,30634.443833
0.84,16,30634.479079
0.81,19,30639.494204
0.83,17,30639.528015
0.8,20,30639.565251
0.9,20,30639.602023
0.78,22,30639.642012
0.79,21,30639.679322
0.5,30,30639.732528
0.92,18,30639.765092
0.8,20,30639.800287
0.69,31,30639.854542
0.79,21,30639.895847
0.93,17,30639.933398
0.8,20,30639.977244
0.79,21,30640.023229
0.62,28,30640.083884
0.79,21,30640.129997
0.9,20,30640.173974
0.63,37,30640.254934
0.66,34,30640.328424
0.82,18,30640.367474
0.8,20,30640.410819
0.84,16,30640.445855
0.82,18,30640.485143
0.69,21,30640.528183
0.8,20,30640.563968
0.27,53,30640.657137
0.92,18,30640.68939
0.8,20,30640.724962
0.73,17,30640.75539
0.93,17,30640.785609
0.93,17,30640.815736
0.71,19,30640.849441
0.29,51,30640.947909
0.77,23,30640.998079
0.84,16,30641.029082
0.8,30,30641.082021
0.7,20,30641.118557
0.79,21,30641.166105
0.82,18,30641.205877
0.73,17,30641.243375
0.74,16,30641.278804
0.81,19,30641.320471
0.8,20,30641.364308
0.71,29,30641.427516
0.61,29,30641.489735
0.85,15,30646.624141
0.81,19,30646.658135
0.81,19,30646.691863
0.83,17,30646.72205
0.94,16,30646.750915
0.85,15,30646.777611
0.81,19,30646.812163
0.7,20,30646.847945
0.67,33,30646.905349
0.73,17,30646.940743
0.8,20,30646.984819
0.85,15,30647.017745
0.69,21,30647.063498
0.71,29,30647.127231
0.73,17,30647.166945
0.65,35,30647.244701
0.8,20,30647.288797
0.46,44,30647.384258
0.74,16,30647.419287
0.78,22,30647.467121
0.59,31,30647.531963
0.52,38,30647.600285
0.49,51,30647.690462
0.82,18,30647.722471
0.8,20,30647.758134
0.73,17,30647.788528
0.89,21,30647.825819
0.69,31,30647.881711
0.72,18,30647.920862
0.78,22,30647.961031
0.76,14,30647.989713
0.59,31,30648.047775
0.79,21,30648.084809
0.73,17,30648.114981
0.84,16,30648.143299
0.81,19,30648.177161
0.83,17,30648.207775
0.81,19,30648.24196
0.8,20,30648.277781
0.92,18,30648.310042
0.99,11,30648.329799
0.44,46,30648.410447
0.67,23,30648.45087
0.81,19,30648.484632
0.58,42,30648.560766
0.46,44,30654.107055
0.9,20,30654.147218
0.77,23,30654.195402
0.82,18,30654.236165
0.52,28,30654.300041
0.8,20,30654.348645
0.8,20,30654.395967
0.44,26,30654.459171
0.86,24,30654.516762
0.79,31,30654.589037
0.72,28,30654.654903
0.83,17,30654.696799
0.71,19,30654.743626
0.73,27,30654.808332
0.67,23,30654.86021
0.83,17,30654.897923
0.68,32,30654.963336
0.85,15,30654.993216
0.93,17,30655.026715
0.8,20,30655.068629
0.6,30,30655.125912
0.73,27,30655.175829
0.72,18,30655.208565
0.73,17,30655.239094
0.93,17,30655.269969
0.8,20,30655.305422
0.72,18,30655.337427
0.63,17,30655.367469
0.8,20,30655.405982
0.96,14,30655.432538
0.79,21,30655.472344
0.85,15,30655.501162
0.68,32,30655.563574
0.75,15,30655.594168
0.9,20,30655.634891
0.81,29,30655.694644
0.75,25,30655.751362
0.37,53,30655.867725
0.48,42,30655.943847
0.79,21,30655.98122
0.71,39,30656.051801
0.94,16,30656.080662
0.88,12,30656.1021
0.81,19,30661.617504
0.96,14,30661.645027
0.74,16,30661.674766
0.71,19,30661.709121
0.45,35,30661.773088
0.7,20,30661.80968
0.81,19,30661.844457
0.78,32,30661.903108
0.84,16,30661.933894
0.8,20,30661.979448
0.71,19,30662.022355
0.92,18,30662.055649
0.8,20,30662.09198
0.47,43,30662.16935
0.91,19,30662.205799
0.81,19,30662.241702
0.59,31,30662.299153
0.74,16,30662.329341
0.9,20,30662.366976
0.76,24,30662.410571
0.79,31,30662.4675
0.78,22,30662.507469
0.82,18,30662.540656
0.59,31,30662.597484
0.82,18,30662.630487
0.88,22,30662.671991
0.9,20,30662.709632
0.74,16,30662.740211
0.6,30,30662.799381
0.75,15,30662.828252
0.49,31,30662.886125
0.7,20,30662.923312
0.82,18,30662.956291
0.72,18,30662.989053
0.93,17,30663.020493
0.83,17,30663.052461
0.81,19,30663.087932
0.73,17,30663.123307
0.77,23,30663.168001
0.81,19,30663.205432
0.72,18,30663.240184
0.88,22,30663.282503
0.5,40,30663.358144
0.81,19,30663.394346
0.8,20,30663.431553
0.91,19,30663.466801
0.8,20,30663.503653
0.96,14,30663.530278
0.81,19,30668.92927
0.8,20,30668.966954
0.47,43,30669.047534
0.7,20,30669.085655
0.73,17,30669.117528
0.4,50,30669.224693
0.61,29,30669.291077
0.75,15,30669.325418
0.79,21,30669.373637
0.91,19,30669.418248
0.68,22,30669.471883
0.94,16,30669.511278
0.73,17,30669.551074
0.83,17,30669.590754
0.91,19,30669.634968
0.58,32,30669.707804
0.79,21,30669.755292
0.92,18,30669.796858
0.88,22,30669.847171
0.58,32,30669.913789
0.74,16,30669.943753
0.5,40,30670.02182
0.81,19,30670.067831
0.96,14,30670.101404
0.83,27,30670.161064
0.59,41,30670.259073
0.71,19,30670.304759
0.36,54,30670.432456
0.62,28,30670.497881
0.77,23,30670.548504
0.21,49,30670.641777
0.89,21,30670.682517
0.57,43,30670.777004
0.45,45,30670.883608
0.73,17,30670.922342
0.63,17,30670.955185
0.63,27,30671.004327
0.83,17,30671.036005
0.69,31,30671.093201
0.86,14,30671.119486
0.76,14,30677.391742
0.84,16,30677.421187
0.7,20,30677.457753
0.74,26,30677.505192
0.39,61,30677.620754
0.69,21,30677.659958
0.76,14,30677.68712
0.84,16,30677.716529
0.83,17,30677.748047
0.91,19,30677.782804
0.81,19,30677.817927
0.69,31,30677.876401
0.78,22,30677.917446
0.82,18,30677.952235
0.91,19,30677.989215
0.91,19,30678.025069
0.82,18,30678.068095
0.9,20,30678.113837
0.77,13,30678.144138
0.86,14,30678.176671
0.28,52,30678.279892
0.67,23,30678.323725
0.69,21,30678.364398
0.76,24,30678.4089
0.53,27,30678.457759
0.7,20,30678.494136
0.88,22,30678.535406
0.96,14,30678.562538
0.5,30,30678.619754
0.82,18,30678.653079
0.8,20,30678.69769
0.79,21,30678.746328
0.58,32,30678.804635
0.78,22,30678.844781
0.81,19,30678.880383
0.8,20,30678.917584
0.49,31,30678.975797
0.39,51,30679.070879
0.81,29,30679.12467
0.63,27,30679.173916
0.45,25,30679.218653
0.84,16,30679.248014
0.82,18,30679.281932
0.79,21,30679.321969
0.69,31,30685.010461
0.72,18,30685.043332
0.83,17,30685.074694
0.67,23,30685.116326
0.8,20,30685.152367
0.72,18,30685.184672
0.78,22,30685.226295
0.63,27,30685.281687
0.59,21,30685.324488
0.72,18,30685.357919
0.69,21,30685.396608
0.53,37,30685.466416
0.83,17,30685.498456
0.79,21,30685.536009
0.82,18,30685.570313
0.55,35,30685.634974
0.81,19,30685.67054
0.72,18,30685.704887
0.75,25,30685.754644
0.84,16,30685.793535
0.8,20,30685.833467
0.82,18,30685.868609
0.46,44,30685.966464
0.72,18,30686.008037
-0.14,74,30686.145961
0.83,17,30686.178332
0.57,43,30686.260686
0.79,21,30686.303921
0.84,16,30686.336473
0.42,28,30686.392539
0.81,19,30686.430587
0.82,18,30686.466091
0.91,19,30686.502407
0.7,20,30686.541644
0.68,22,30686.58604
0.79,21,30686.626352
0.91,19,30686.661724
0.79,21,30686.706919
0.72,18,30686.749633
0.34,36,30686.819525
0.91,19,30686.856182
0.73,17,30686.889463
0.91,19,30686.926421
0.8,30,30692.985302
0.71,19,30693.030215
0.69,21,30693.081721
0.59,21,30693.134191
0.83,17,30693.176194
0.77,23,30693.233713
0.84,16,30693.27418
0.8,20,30693.324271
0.8,20,30693.37371
0.59,31,30693.449467
0.81,19,30693.496544
-0.15,65,30693.633839
0.48,42,30693.723434
0.85,15,30693.761633
0.8,20,30693.803981
0.8,20,30693.845404
0.85,15,30693.876161
0.68,22,30693.929259
0.79,21,30693.98318
0.92,18,30694.021075
0.81,19,30694.060259
0.93,17,30694.094954
0.81,19,30694.133255
0.78,22,30694.177014
0.79,21,30694.218447
0.82,18,30694.254146
0.79,21,30694.296515
0.9,20,30694.336907
0.81,19,30694.374951
0.79,21,30694.416884
0.7,20,30694.457035
0.82,18,30694.492626
0.64,26,30694.544443
0.64,26,30694.596494
0.82,18,30694.632652
0.8,20,30694.672517
0.83,17,30694.705981
0.71,19,30694.743953
0.81,19,30694.781178
0.9,20,30694.820146
0.76,24,30694.867471
0.65,25,30694.917092
0.77,23,30694.96242
0.8,20,30695.001215
0.94,16,30695.033108
0.67,23,30695.078775
0.64,16,30695.111132
0.71,19,30695.149357
0.92,18,30700.137146
0.94,16,30700.168506
0.75,25,30700.216684
0.92,18,30700.252275
0.82,18,30700.287369
0.9,20,30700.326271
0.56,44,30700.411189
0.91,19,30700.447168
0.86,14,30700.473831
0.83,17,30700.506022
0.81,19,30700.543292
0.7,30,30700.602566
0.81,19,30700.639627
0.83,17,30700.671876
0.83,17,30700.705287
0.83,17,30700.739022
0.93,17,30700.773071
0.84,16,30700.803989
0.94,16,30700.842439
0.7,20,30700.886128
0.38,42,30700.977147
0.89,21,30701.021471
0.82,18,30701.056967
0.69,21,30701.096779
0.81,19,30701.133832
0.88,22,30701.17586
0.56,34,30701.240552
0.72,18,30701.275666
0.72,28,30701.330745
0.47,33,30701.395405
0.54,36,30701.464423
0.74,16,30701.494546
0.9,20,30701.531352
0.39,41,30701.606806
0.73,17,30701.638909
0.52,38,30701.712357
0.88,22,30701.756335
0.64,26,30701.806003
0.78,22,30701.848498
0.74,16,30701.878448
0.58,32,30701.937847
0.82,18,30701.972399
0.81,19,30702.00882
0.8,20,30702.048187
0.82,18,30702.083598
0.84,16,30707.766816
0.81,19,30707.8041
0.84,26,30707.85626
0.89,21,30707.89791
0.73,27,30707.962014
0.87,23,30708.017983
0.84,16,30708.057784
0.64,16,30708.097368
0.82,18,30708.140033
0.92,18,30708.183982
0.84,16,30708.223857
0.82,18,30708.268328
0.88,22,30708.323077
0.8,20,30708.372926
0.79,21,30708.425202
0.87,23,30708.480554
0.84,16,30708.516567
0.76,24,30708.566088
0.82,18,30708.601556
0.84,16,30708.632834
0.93,17,30708.666129
0.51,29,30708.722719
0.88,22,30708.767243
0.58,32,30708.830125
0.9,20,30708.869856
0.76,24,30708.927774
0.8,20,30708.976942
0.43,57,30709.092421
0.58,32,30709.154523
0.94,16,30709.18643
0.36,64,30709.311798
0.73,17,30709.346181
0.5,30,30709.406526
0.86,14,30709.434975
0.7,20,30709.475175
0.72,18,30709.511466
0.72,28,30709.567563
0.93,17,30709.601945
0.62,28,30709.658472
0.73,17,30709.693197
0.67,33,30709.761315
0.67,33,30709.827817
0.9,20,30709.868394
0.58,32,30709.932481
0.92,18,30715.53939
0.57,33,30715.602007
0.82,18,30715.635737
0.93,17,30715.668455
0.69,21,30715.709195
0.46,54,30715.813823
0.96,14,30715.841478
0.7,20,30715.880946
0.77,23,30715.926125
0.79,21,30715.967071
0.49,31,30716.025799
0.7,20,30716.063758
0.8,20,30716.101584
0.77,23,30716.14538
0.58,32,30716.207073
0.73,17,30716.240857
0.7,30,30716.298171
0.79,21,30716.338495
0.81,29,30716.394485
0.73,17,30716.429001
0.68,22,30716.472818
0.8,20,30716.51146
0.62,28,30716.563782
0.73,17,30716.595398
0.84,16,30716.624007
0.83,17,30716.654252
0.62,18,30716.686358
0.72,18,30716.718854
0.7,20,30716.755693
0.81,19,30716.790261
0.71,19,30716.826017
0.6,30,30716.883451
0.95,15,30716.912103
0.65,35,30716.976167
0.82,18,30717.011308
0.8,20,30717.049985
0.65,35,30717.118547
0.78,22,30717.16113
0.82,18,30717.195354
0.91,19,30717.232457
0.68,22,30717.274545
0.9,20,30717.312941
0.8,20,30717.35159
0.36,44,30717.435442
0.63,27,30722.991602
0.71,29,30723.047406
0.7,30,30723.105995
0.85,15,30723.134549
0.7,30,30723.190365
0.85,25,30723.237287
0.82,18,30723.272057
0.75,15,30723.299925
0.44,46,30723.386484
0.83,17,30723.419387
0.92,18,30723.452953
0.8,20,30723.490928
0.79,21,30723.531341
0.79,21,30723.57215
0.81,19,30723.607987
0.9,20,30723.645323
0.87,13,30723.669002
0.81,19,30723.703989
0.63,37,30723.772837
0.82,18,30723.806567
0.77,23,30723.85222
0.6,30,30723.92042
0.72,18,30723.956308
0.81,19,30723.998899
0.67,33,30724.07463
0.74,16,30724.112733
0.72,18,30724.155857
0.76,24,30724.210988
0.78,32,30724.285334
0.85,15,30724.320014
0.8,20,30724.366766
0.73,17,30724.408205
0.59,21,30724.458874
0.69,21,30724.508212
0.82,18,30724.55073
0.71,19,30724.5868
0.8,20,30724.624164
0.82,18,30724.658267
0.69,31,30724.714812
0.87,23,30724.758166
0.92,18,30724.792406
0.72,18,30724.831122
0.74,16,30724.86214
0.81,19,30724.904444
0.7,30,30724.9636
0.69,21,30725.004236
0.8,20,30725.043575
0.79,21,30730.30742
0.93,17,30730.339751
0.8,20,30730.378138
0.81,19,30730.414449
0.93,17,30730.447072
0.81,19,30730.483587
0.44,46,30730.571264
0.92,18,30730.604906
0.41,29,30730.657481
0.79,21,30730.698182
0.82,18,30730.739734
0.92,18,30730.781234
0.81,19,30730.82202
0.73,27,30730.882689
0.8,20,30730.919859
0.8,20,30730.957826
0.58,42,30731.036435
0.73,17,30731.069667
0.81,19,30731.105039
0.72,28,30731.157261
0.8,20,30731.19567
0.91,19,30731.231748
0.81,19,30731.266831
0.85,15,30731.294097
0.65,25,30731.339061
0.81,29,30731.393912
0.85,15,30731.421946
0.83,17,30731.452872
0.56,34,30731.514179
0.93,17,30731.546388
0.84,16,30731.576682
0.8,20,30731.614193
0.83,17,30731.647132
0.73,17,30731.679444
0.84,16,30731.709929
0.84,16,30731.740937
0.64,36,30731.808683
0.91,19,30731.843909
0.81,19,30731.879299
0.73,17,30731.913908
0.82,18,30731.948004
0.9,20,30731.985502
0.71,19,30732.021386
0.31,49,30732.113661
0.8,20,30732.151546
0.92,18,30732.184791
0.6,30,30737.921335
0.8,20,30737.95884
0.76,24,30738.003577
0.74,26,30738.052795
0.82,18,30738.086369
0.77,23,30738.128333
0.91,19,30738.163967
0.61,39,30738.235864
0.94,16,30738.266201
0.72,18,30738.299893
0.72,18,30738.334265
0.72,18,30738.369039
0.91,19,30738.405101
0.72,18,30738.438888
0.76,24,30738.484698
0.8,20,30738.524009
0.47,33,30738.58831
0.62,28,30738.642504
0.82,18,30738.677466
0.79,21,30738.718418
0.91,19,30738.755645
0.92,18,30738.79203
0.81,19,30738.829672
0.78,22,30738.872937
0.62,28,30738.937054
0.84,16,30738.976258
0.93,17,30739.017527
0.87,23,30739.073709
0.92,18,30739.116863
0.84,16,30739.15574
0.8,20,30739.203287
0.91,19,30739.248318
0.81,19,30739.293767
0.82,18,30739.337199
0.8,20,30739.38514
0.73,17,30739.426019
0.82,18,30739.469032
0.94,16,30739.506495
0.7,20,30739.553282
0.86,14,30739.580744
0.71,19,30739.617301
0.66,24,30739.662444
0.82,18,30739.696474
0.8,20,30739.735192
0.83,17,30739.768055
0.93,17,30739.800645
0.81,19,30739.837552
0.77,23,30739.88082
0.8,20,30739.918266
0.8,20,30739.956207
0.94,16,30739.986275
0.56,34,30744.556153
0.71,19,30744.593058
0.75,25,30744.640334
0.83,17,30744.673216
0.8,20,30744.711523
0.59,41,30744.78944
0.69,31,30744.852725
0.74,16,30744.890584
0.81,19,30744.928728
0.82,18,30744.964219
0.77,23,30745.008579
0.73,17,30745.048612
0.62,28,30745.113304
0.79,21,30745.161982
0.92,18,30745.203863
0.91,19,30745.248389
0.91,19,30745.293738
0.81,19,30745.339792
0.86,14,30745.3735
0.75,15,30745.409193
0.8,20,30745.456192
0.8,20,30745.504585
0.68,32,30745.577454
0.73,17,30745.61116
0.88,22,30745.652483
0.81,29,30745.705288
0.78,22,30745.746897
0.72,18,30745.781842
0.73,17,30745.813945
0.82,18,30745.846875
0.65,35,30745.911673
0.65,25,30745.960047
0.82,18,30745.994693
0.65,25,30746.04421
0.92,18,30746.078969
0.86,14,30746.105874
0.85,15,30746.134964
0.94,16,30746.165419
0.91,19,30746.201391
0.93,17,30746.234721
0.92,18,30746.269538
0.73,17,30746.304243
0.79,21,30746.344661
0.94,16,30746.374708
0.63,37,30746.444764
0.83,17,30746.4777
0.81,19,30746.514271
0.72,28,30746.568219
0.35,75,30751.761263
0.62,28,30751.82841
0.92,18,30751.871977
0.73,17,30751.906005
0.65,35,30751.972565
0.72,38,30752.044104
0.42,48,30752.142877
0.82,28,30752.195955
0.33,37,30752.266515
0.79,21,30752.306798
0.82,18,30752.341224
0.89,21,30752.381615
0.67,23,30752.425801
0.79,21,30752.465622
0.83,17,30752.497895
0.29,61,30752.615168
0.83,17,30752.647915
0.88,22,30752.689493
0.8,20,30752.728282
0.8,20,30752.766795
0.46,54,30752.868643
0.47,43,30752.952273
0.81,19,30752.989496
0.57,33,30753.052458
0.81,19,30753.087552
0.92,18,30753.124586
0.8,20,30753.162521
0.9,20,30753.200572
0.82,18,30753.235086
0.82,18,30753.269667
0.83,17,30753.302048
0.54,36,30753.370288
0.71,29,30753.424627
0.8,20,30753.463111
0.72,18,30753.497669
0.8,30,30753.555276
0.77,23,30753.599455
0.68,32,30760.371061
0.7,30,30760.427162
0.42,38,30760.501664
0.41,29,30760.557519
0.38,42,30760.636888
0.94,16,30760.668122
0.83,17,30760.702167
0.92,18,30760.736938
0.73,17,30760.769205
0.72,28,30760.821207
0.93,17,30760.853644
0.78,22,30760.896572
0.92,18,30760.930598
0.9,20,30760.970529
0.93,17,30761.004009
0.82,18,30761.039167
0.81,19,30761.076421
0.82,28,30761.132281
0.82,18,30761.167978
0.69,21,30761.207057
0.82,18,30761.240584
0.82,18,30761.274847
0.78,22,30761.316218
0.78,22,30761.359686
0.38,42,30761.441495
0.48,32,30761.504002
0.81,19,30761.54244
0.86,14,30761.57148
0.62,28,30761.626223
0.81,29,30761.682025
0.83,17,30761.712724
0.92,18,30761.747089
0.04,76,30761.894629
0.72,18,30761.928899
0.81,19,30761.965752
0.93,17,30761.997179
0.93,17,30762.029341
0.5,30,30762.085358
0.83,17,30762.118516
0.87,13,30762.143351
0.67,33,30762.203188
0.83,17,30762.236494
0.95,15,30762.265801
0.82,18,30762.300208
0.68,22,30768.261936
0.74,16,30768.293807
0.94,16,30768.325741
0.73,17,30768.3592
0.83,17,30768.392974
0.82,18,30768.429283
0.91,19,30768.466814
0.82,18,30768.502893
0.58,32,30768.567358
0.8,20,30768.60764
0.9,20,30768.648395
0.84,16,30768.681053
0.92,18,30768.717124
0.93,17,30768.751122
0.8,20,30768.791146
0.85,15,30768.821259
0.7,30,30768.886342
0.56,34,30768.956455
0.74,16,30768.988562
0.8,20,30769.028713
0.56,34,30769.097165
0.79,21,30769.139596
0.7,20,30769.179244
0.54,26,30769.230077
0.8,20,30769.269909
0.81,19,30769.307384
0.83,17,30769.341274
0.78,22,30769.385106
0.88,22,30769.428288
0.36,54,30769.534211
0.9,20,30769.574759
0.76,14,30769.602879
0.9,20,30769.64235
0.82,18,30769.678838
0.63,17,30769.713233
0.62,28,30769.76914
0.68,22,30769.813263
0.9,20,30769.859499
0.72,18,30769.904582
0.81,19,30769.946822
0.99,11,30769.968866
0.62,18,30770.004326
0.76,24,30770.05248
0.91,19,30770.090554
0.77,23,30770.136611
0.89,21,30770.17807
0.62,18,30770.214282
0.74,16,30770.245713
0.62,18,30770.281511
0.68,32,30775.431443
0.78,22,30775.472481
0.89,21,30775.51153
0.82,18,30775.544491
0.43,47,30775.63023
0.17,53,30775.730041
0.7,20,30775.769796
0.84,16,30775.801536
0.73,17,30775.833954
0.61,29,30775.8885
0.92,18,30775.922539
0.86,14,30775.948821
0.53,47,30776.037072
0.72,18,30776.070414
0.72,28,30776.121818
0.35,55,30776.223254
0.71,19,30776.258759
0.65,35,30776.325861
0.75,15,30776.35578
0.82,18,30776.389254
0.83,17,30776.420641
0.88,22,30776.46108
0.91,19,30776.496905
0.71,19,30776.532052
0.71,19,30776.568313
0.79,31,30776.625871
0.63,27,30776.677181
0.82,18,30776.71276
0.72,18,30776.754898
0.82,18,30776.796396
0.91,19,30776.841243
0.96,14,30776.875124
0.8,20,30776.918442
0.92,18,30776.952456
0.82,18,30776.987813
0.8,20,30777.027225
0.69,21,30777.068026
0.8,20,30777.108625
0.83,17,30777.141374
0.51,29,30777.195292
0.81,19,30777.232248
0.85,15,30777.260549
0.64,36,30777.331726
0.8,20,30783.304174
0.75,25,30783.352955
0.78,22,30783.396074
0.5,30,30783.454172
0.9,20,30783.493243
0.72,18,30783.537821
0.78,22,30783.588181
0.92,18,30783.623409
0.69,31,30783.680935
0.77,23,30783.723839
0.92,18,30783.75739
0.8,20,30783.794858
0.71,29,30783.848414
0.75,25,30783.897754
0.76,14,30783.925678
0.78,22,30783.968843
0.9,20,30784.009672
0.83,17,30784.043637
0.84,16,30784.075259
0.54,36,30784.144706
0.74,16,30784.175288
0.58,22,30784.216522
0.79,21,30784.256898
0.91,19,30784.293769
0.91,19,30784.329975
0.9,20,30784.367183
0.81,19,30784.403558
0.69,21,30784.445166
0.78,22,30784.489288
0.92,18,30784.524506
0.73,17,30784.557874
0.9,20,30784.597594
0.91,19,30784.635537
0.49,41,30784.714337
0.84,16,30784.745889
0.69,21,30784.787857
0.82,18,30784.822994
0.56,34,30784.888285
0.68,22,30784.933444
0.69,31,30784.993351
0.8,20,30785.032975
0.83,17,30785.066899
0.56,34,30785.134967
0.93,17,30785.167756
0.84,16,30785.198562
0.85,15,30785.227784
0.9,20,30785.2665
0.73,17,30785.300275
0.71,19,30790.574916
0.72,18,30790.608479
0.84,16,30790.638095
0.82,18,30790.675643
0.83,17,30790.716067
0.61,29,30790.772077
0.67,33,30790.830999
0.84,16,30790.860451
0.94,16,30790.890116
0.8,20,30790.930323
0.79,21,30790.97936
0.91,19,30791.016073
0.62,18,30791.050855
0.82,18,30791.084663
0.76,14,30791.111757
0.8,20,30791.150023
0.91,19,30791.189939
0.81,19,30791.231871
0.69,41,30791.311236
0.81,29,30791.367634
0.83,17,30791.401639
0.91,19,30791.437808
0.87,23,30791.48219
0.55,35,30791.55158
0.84,16,30791.582313
0.68,32,30791.643269
0.81,19,30791.680923
0.84,16,30791.71243
0.79,21,30791.753743
0.96,14,30791.781581
0.5,40,30791.858937
0.87,23,30791.910889
0.85,15,30791.947304
0.71,19,30791.986396
0.82,18,30792.021548
0.79,21,30792.063209
0.83,17,30792.096471
0.76,24,30792.144379
0.91,19,30792.182106
0.91,19,30792.218835
0.9,20,30792.257075
0.27,53,30792.358931
0.93,17,30792.392989
0.61,29,30792.449358
0.93,17,30792.482769
0.65,35,30792.552062
0.91,19,30798.100131
0.8,20,30798.139631
0.74,16,30798.171278
0.84,16,30798.202406
0.8,20,30798.242418
0.68,32,30798.305737
0.89,21,30798.347122
0.59,31,30798.407142
0.78,32,30798.468477
0.91,19,30798.505164
0.81,19,30798.542773
0.79,21,30798.58418
0.71,19,30798.620428
0.61,29,30798.674682
0.79,21,30798.715226
0.8,20,30798.754373
0.74,16,30798.791743
0.79,21,30798.840384
0.82,18,30798.88287
0.59,31,30798.948919
0.79,21,30798.988161
0.83,17,30799.020492
0.83,17,30799.051998
0.68,32,30799.110033
0.91,19,30799.14481
0.95,15,30799.172928
0.9,20,30799.211093
0.82,18,30799.246303
0.8,20,30799.285552
0.84,16,30799.317322
0.81,19,30799.354807
0.75,15,30799.385182
0.8,20,30799.425291
0.92,18,30799.461513
0.81,19,30799.499143
0.83,17,30799.532963
0.81,19,30799.570672
0.72,18,30799.606494
0.9,20,30799.645384
0.86,14,30799.671957
0.71,19,30799.708337
0.81,19,30799.745525
0.71,19,30799.78314
0.81,19,30799.820018
0.53,57,30799.927782
0.84,16,30799.957802
0.71,19,30799.992909
0.53,47,30800.081938
0.85,15,30805.333781
0.85,15,30805.362099
0.72,18,30805.397331
0.71,19,30805.434035
0.86,24,30805.480573
0.95,15,30805.509265
0.82,18,30805.543884
0.62,28,30805.597037
0.74,26,30805.646399
0.71,29,30805.703829
0.74,36,30805.775084
0.71,19,30805.812071
0.69,31,30805.870513
0.96,14,30805.896754
0.82,18,30805.93055
0.77,33,30805.991468
0.93,17,30806.023895
0.93,17,30806.056225
0.92,18,30806.089948
0.89,21,30806.129453
0.96,14,30806.156121
0.76,24,30806.201897
0.88,22,30806.244168
0.15,75,30806.389844
0.82,18,30806.424842
0.92,18,30806.459459
0.82,18,30806.493553
0.4,50,30806.588857
0.61,29,30806.643114
0.8,30,30806.699306
0.85,15,30806.728232
0.81,19,30806.764137
0.73,17,30806.795642
0.44,46,30806.880081
0.82,18,30806.91425
0.91,19,30806.949466
0.72,18,30806.982488
0.84,16,30807.012424
0.95,15,30807.040352
0.84,16,30807.070915
0.75,15,30807.098743
0.8,20,30807.135943
0.46,54,30807.236456
0.79,21,30813.759915
0.93,17,30813.792526
0.91,19,30813.828265
0.27,53,30813.937965
0.79,21,30813.977037
0.77,23,30814.020338
0.73,17,30814.053341
0.83,17,30814.085671
0.81,19,30814.12208
0.81,19,30814.158804
0.94,16,30814.19242
0.92,18,30814.230227
0.91,19,30814.269542
0.84,16,30814.302996
0.72,18,30814.344234
0.61,39,30814.424383
0.8,20,30814.465978
0.91,19,30814.505162
0.92,18,30814.542306
0.6,30,30814.603845
0.72,38,30814.67959
0.5,40,30814.764266
0.22,48,30814.875633
0.92,18,30814.912411
0.73,27,30814.974694
0.63,27,30815.026955
0.79,21,30815.066996
0.88,22,30815.108383
0.81,19,30815.145383
0.64,36,30815.214944
0.51,39,30815.290124
0.74,16,30815.321633
0.81,19,30815.357391
0.75,15,30815.385736
0.68,22,30815.425574
0.62,28,30815.476955
0.95,15,30815.504632
0.77,23,30815.547513
0.95,15,30815.575399
0.67,43,30815.652962
0.64,26,30815.700153
0.84,16,30815.729629
0.84,16,30815.759748
0.51,39,30821.620869
0.93,17,30821.652855
0.92,18,30821.686076
0.71,19,30821.721438
0.77,33,30821.783725
0.67,33,30821.84691
0.8,20,30821.88435
0.68,22,30821.924159
0.64,36,30821.987874
0.72,18,30822.020352
0.8,30,30822.07325
0.59,41,30822.146745
0.54,26,30822.193674
0.79,21,30822.231686
0.91,19,30822.265904
0.79,21,30822.305034
0.82,18,30822.337317
0.94,16,30822.367548
0.68,32,30822.425125
0.71,29,30822.47797
0.16,54,30822.575831
0.93,17,30822.60648
0.29,41,30822.680491
0.56,44,30822.763752
0.9,20,30822.801286
0.78,22,30822.843796
0.81,19,30822.881231
0.81,19,30822.918784
0.44,46,30823.023436
0.91,19,30823.068867
0.85,15,30823.10343
0.69,21,30823.151333
0.82,18,30823.194058
0.68,32,30823.270417
0.46,54,30823.399475
0.79,21,30823.451833
0.81,19,30823.498657
0.72,18,30823.543417
0.5,40,30829.843986
0.7,20,30829.890864
0.54,36,30829.95751
0.66,34,30830.026118
0.8,20,30830.065889
0.84,16,30830.097693
0.69,21,30830.137969
0.93,17,30830.169647
0.74,16,30830.199724
0.82,18,30830.233739
0.82,18,30830.267498
0.92,18,30830.30251
0.46,34,30830.366805
0.82,18,30830.402427
0.71,19,30830.440704
0.74,26,30830.491691
0.62,28,30830.546484
0.7,20,30830.586049
0.82,18,30830.620744
0.96,14,30830.647552
0.84,16,30830.67823
0.72,18,30830.712663
0.7,30,30830.780451
0.93,17,30830.820553
0.93,17,30830.861227
0.55,35,30830.943791
0.93,17,30830.984648
0.86,14,30831.012326
0.76,14,30831.042828
0.73,17,30831.082118
0.9,20,30831.128915
0.71,29,30831.197834
0.72,18,30831.240971
0.99,11,30831.267481
0.79,21,30831.319078
0.72,18,30831.364455
0.78,22,30831.419374
0.56,44,30831.526849
0.74,16,30831.566995
0.73,17,30831.605901
0.92,18,30831.641877
0.81,19,30831.6794
0.81,19,30831.7169
0.7,40,30831.807838
0.89,21,30831.860611
0.26,54,30831.970011
0.95,15,30832.001265
0.78,22,30837.732531
0.77,23,30837.777357
0.85,15,30837.806369
0.87,13,30837.832436
0.74,16,30837.863531
0.79,21,30837.904402
0.78,22,30837.945844
0.73,17,30837.97769
0.62,28,30838.031507
0.85,15,30838.060972
0.73,17,30838.093985
0.8,20,30838.132185
0.76,14,30838.159605
0.49,41,30838.238482
0.83,17,30838.272347
0.59,41,30838.352545
0.83,17,30838.386815
0.95,15,30838.417149
0.84,16,30838.449231
0.67,33,30838.51303
0.78,22,30838.556536
0.82,18,30838.59305
0.21,59,30838.705809
0.5,30,30838.764488
0.82,18,30838.799118
0.82,18,30838.833875
0.81,19,30838.871313
0.63,27,30838.923338
0.92,18,30838.959063
0.56,34,30839.024037
0.81,19,30839.060145
0.81,19,30839.096631
0.84,16,30839.126878
0.92,18,30839.160887
0.84,16,30839.192374
0.9,20,30839.23119
0.82,18,30839.270292
0.79,21,30839.317774
0.7,20,30839.357734
0.69,31,30839.420133
0.8,20,30839.460305
0.79,21,30839.501993
0.74,16,30839.534142
0.45,35,30839.604506
0.9,20,30839.643804
0.85,15,30839.673977
0.73,17,30845.335261
0.85,15,30845.364776
0.84,16,30845.396483
0.92,18,30845.4312
0.81,19,30845.467732
0.7,20,30845.504415
0.83,17,30845.536041
0.68,32,30845.595573
0.82,18,30845.630654
0.73,17,30845.663805
0.83,17,30845.696769
0.83,17,30845.729572
0.88,22,30845.771883
0.59,21,30845.817838
0.78,22,30845.86814
0.63,27,30845.924107
0.65,25,30845.975638
0.8,20,30846.022269
0.86,14,30846.055485
0.71,19,30846.099462
0.46,44,30846.200767
0.76,24,30846.256418
0.92,18,30846.298704
0.8,20,30846.338383
0.85,15,30846.369012
0.63,17,30846.402811
0.94,16,30846.434401
0.81,19,30846.472781
0.81,19,30846.518823
0.7,30,30846.591535
0.95,15,30846.622959
0.86,14,30846.650666
0.79,21,30846.692172
0.83,17,30846.725504
0.95,15,30846.754898
0.81,19,30846.791708
0.61,29,30846.847319
0.91,19,30846.884736
0.48,32,30846.954544
0.82,18,30846.994761
0.72,18,30847.029904
0.8,30,30847.088129
0.91,19,30847.125457
0.82,18,30847.16057
0.71,19,30847.198095
0.71,19,30847.234654
0.82,18,30847.269072
0.87,23,30847.312794
0.9,20,30847.3513
0.84,16,30847.382766
0.93,17,30847.415935
0.81,29,30852.190484
0.77,33,30852.253683
0.81,29,30852.308773
0.82,18,30852.343292
0.82,18,30852.378127
0.84,16,30852.409787
0.93,17,30852.44264
0.72,28,30852.496798
0.71,19,30852.534238
0.6,30,30852.593195
0.8,20,30852.631548
0.82,18,30852.667158
0.52,38,30852.740574
0.72,18,30852.776079
0.83,17,30852.808602
0.57,43,30852.898212
0.82,18,30852.93503
0.78,22,30852.978107
0.81,19,30853.015784
0.88,22,30853.058781
0.94,16,30853.090399
0.59,31,30853.150957
0.7,20,30853.188359
0.79,21,30853.229486
0.9,20,30853.267945
0.72,18,30853.30244
0.91,19,30853.338974
0.8,20,30853.377993
0.83,17,30853.411867
0.55,35,30853.477852
0.82,28,30853.531304
0.91,19,30853.568724
0.94,16,30853.599248
0.84,16,30853.629256
0.8,20,30853.667634
0.73,17,30853.700314
0.9,20,30853.738271
0.64,26,30853.788022
0.84,16,30853.821025
0.8,20,30853.869963
0.92,18,30853.913208
0.8,20,30853.960948
0.72,18,30854.003601
0.72,18,30854.04067
0.65,35,30854.123182
0.82,18,30854.166233
0.62,48,30859.318515
0.83,27,30859.367932
0.93,17,30859.400302
0.92,18,30859.433847
0.91,19,30859.469366
0.67,33,30859.52974
0.93,17,30859.563175
0.4,30,30859.619128
0.93,17,30859.650916
0.84,16,30859.684357
0.84,16,30859.722049
0.73,17,30859.756288
0.73,17,30859.788081
0.81,19,30859.82356
0.52,28,30859.876262
0.81,19,30859.912432
0.91,19,30859.956541
0.82,18,30859.999134
0.74,26,30860.05887
0.9,20,30860.105597
0.73,17,30860.145603
0.82,18,30860.187349
0.81,19,30860.232699
0.92,18,30860.275187
0.83,27,30860.338423
0.45,45,30860.445022
0.85,15,30860.481575
0.69,31,30860.556031
0.45,45,30860.650868
0.96,14,30860.67793
0.23,57,30860.786066
0.53,47,30860.876934
0.91,19,30860.922832
0.83,17,30860.958003
0.36,54,30861.058414
0.73,17,30861.089406
0.93,17,30861.120819
0.8,30,30861.176085
0.81,29,30861.22874
0.52,38,30861.298956
0.83,17,30861.330884
0.72,18,30867.592277
0.74,16,30867.624272
0.84,16,30867.656318
0.23,57,30867.769041
0.9,20,30867.808816
0.82,18,30867.845186
0.74,16,30867.878093
0.86,14,30867.907064
0.93,17,30867.942031
0.83,17,30867.975874
0.92,18,30868.012452
0.82,18,30868.048964
0.85,15,30868.078835
0.84,16,30868.110376
0.69,31,30868.171962
0.69,31,30868.233476
0.81,19,30868.27143
0.59,41,30868.351367
0.71,19,30868.38904
0.94,16,30868.420995
0.81,19,30868.459569
0.74,16,30868.492163
0.71,29,30868.550489
0.69,31,30868.611365
0.76,14,30868.639531
0.79,21,30868.68135
0.79,21,30868.723081
0.73,17,30868.757799
0.81,19,30868.796133
0.85,15,30868.827092
0.75,25,30868.877936
0.74,16,30868.910766
0.57,43,30868.997714
0.59,41,30869.078993
0.8,20,30869.119401
0.83,17,30869.153819
0.61,29,30869.210626
0.55,25,30869.260234
0.88,22,30869.303773
0.8,20,30869.343386
0.61,39,30869.418954
0.81,19,30869.4557
0.79,21,30869.496108
0.8,20,30869.536534
0.71,19,30869.575824
0.86,14,30869.604193
0.8,20,30875.488771
0.92,18,30875.523368
0.75,25,30875.571409
0.77,33,30875.633614
0.92,18,30875.667998
0.85,15,30875.697267
0.81,19,30875.734775
0.63,17,30875.768532
0.91,19,30875.806697
0.74,16,30875.838849
0.91,19,30875.884058
0.81,19,30875.926377
0.8,20,30875.965177
0.64,26,30876.016121
0.71,29,30876.073011
0.82,18,30876.108123
0.77,33,30876.172319
0.92,18,30876.207766
0.42,28,30876.262744
0.92,18,30876.298177
0.68,22,30876.342149
0.6,30,30876.402042
0.84,26,30876.455512
0.91,19,30876.502051
0.82,18,30876.546099
0.8,20,30876.593972
0.81,19,30876.633976
0.82,18,30876.669327
0.82,18,30876.704733
0.82,18,30876.740038
0.88,22,30876.78361
0.82,18,30876.81978
0.93,17,30876.854453
0.79,21,30876.897457
0.83,17,30876.931461
0.96,14,30876.962242
0.74,16,30877.001501
0.84,16,30877.035566
0.6,30,30877.094777
0.85,15,30877.125126
0.64,36,30877.19464
0.81,19,30877.231584
0.61,29,30877.286897
0.92,18,30877.321355
0.6,40,30877.398753
0.26,64,30877.521357
0.93,17,30882.940547
0.79,21,30882.981308
0.67,23,30883.025736
0.65,45,30883.112137
0.89,21,30883.151726
0.82,28,30883.204327
0.6,40,30883.279996
0.79,21,30883.320518
0.46,34,30883.385521
0.59,41,30883.46479
0.77,23,30883.509435
0.83,17,30883.542189
0.95,15,30883.571674
-0.06,76,30883.715227
0.71,19,30883.751877
0.75,25,30883.800263
0.57,33,30883.86332
0.82,18,30883.897958
0.83,27,30883.950767
0.67,43,30884.032721
0.91,19,30884.069733
0.86,24,30884.115869
0.89,21,30884.157107
0.8,20,30884.19623
0.72,18,30884.231148
0.8,20,30884.269758
0.14,46,30884.357809
0.9,20,30884.396783
0.84,16,30884.428372
0.71,19,30884.465269
0.71,19,30884.502445
0.81,19,30884.540061
0.76,24,30884.586619
0.54,46,30884.675646
0.92,18,30884.710359
0.72,18,30884.744931
0.6,40,30884.821667
0.28,52,30891.70996
0.8,20,30891.750001
0.62,28,30891.803771
0.94,16,30891.834332
0.84,16,30891.864542
0.81,19,30891.901414
0.28,72,30892.040912
0.91,19,30892.078769
0.79,21,30892.120035
0.88,12,30892.144407
0.67,23,30892.190035
0.9,20,30892.229059
0.93,17,30892.262477
0.84,16,30892.294022
0.28,62,30892.41242
0.82,18,30892.447651
0.84,16,30892.478865
0.82,18,30892.514396
0.73,17,30892.54824
0.82,18,30892.583854
0.72,18,30892.618824
0.91,19,30892.654775
0.8,20,30892.694311
0.76,24,30892.742646
0.51,49,30892.837359
0.35,45,30892.927068
0.59,31,30892.989763
0.58,32,30893.053643
0.55,35,30893.122642
0.82,18,30893.157342
0.57,33,30893.222283
0.83,17,30893.256205
0.93,17,30893.290131
0.82,18,30893.325883
0.92,18,30893.362085
0.55,35,30893.430414
0.45,55,30893.53795
0.8,20,30893.578933
0.9,20,30893.618281
0.93,17,30893.651923
0.96,14,30893.680248
0.91,19,30900.266976
0.78,32,30900.327524
0.81,19,30900.364328
0.8,20,30900.402442
0.82,18,30900.436406
0.71,29,30900.491623
0.8,30,30900.548712
0.81,19,30900.585523
0.74,16,30900.616425
0.94,16,30900.647533
0.78,22,30900.689534
0.86,14,30900.716295
0.84,16,30900.747157
0.8,20,30900.784395
0.66,34,30900.847703
0.77,23,30900.891881
0.48,42,30900.973896
0.56,44,30901.059614
0.86,14,30901.087467
0.82,18,30901.122912
0.79,21,30901.163162
0.7,40,30901.237668
0.42,48,30901.326298
0.81,19,30901.371298
0.73,37,30901.449303
0.8,20,30901.488004
0.83,17,30901.521085
0.92,18,30901.555982
0.58,32,30901.616943
0.65,35,30901.682521
0.74,26,30901.732169
0.94,16,30901.763051
0.82,18,30901.797383
0.83,17,30901.830092
0.45,35,30901.897274
0.81,19,30901.933385
0.77,23,30901.976707
0.91,19,30902.012811
0.78,22,30902.055493
0.65,15,30902.084908
0.64,16,30902.116513
0.8,20,30902.160988
0.84,16,30902.199388
0.42,48,30908.160052
0.81,29,30908.215708
0.73,17,30908.248519
0.62,38,30908.320172
0.66,34,30908.3855
0.8,30,30908.442509
0.75,25,30908.489366
0.61,29,30908.544689
0.83,17,30908.578969
0.92,18,30908.614672
0.54,26,30908.664541
0.72,18,30908.699938
0.82,18,30908.734185
0.63,27,30908.785795
0.96,14,30908.813289
0.85,15,30908.841974
0.89,21,30908.882435
0.72,28,30908.938157
0.62,28,30909.003557
0.7,30,30909.061306
0.72,28,30909.116011
0.9,20,30909.1535
0.83,17,30909.18562
0.82,18,30909.219742
0.55,35,30909.285833
0.86,14,30909.312856
0.74,26,30909.362727
0.93,17,30909.395677
0.91,19,30909.43129
0.92,18,30909.465086
0.58,32,30909.524754
0.8,30,30909.581817
0.68,32,30909.642084
0.73,17,30909.674488
0.78,22,30909.716573
0.81,19,30909.752568
0.37,43,30909.835794
0.82,18,30909.871753
0.82,18,30909.907714
0.69,31,30909.967319
0.95,15,30909.996631
0.79,21,30910.037499
0.29,41,30915.719548
0.83,17,30915.752246
0.81,19,30915.788067
0.57,53,30915.889273
0.24,56,30916.016375
0.85,15,30916.052344
0.92,18,30916.095752
0.47,33,30916.163375
0.82,18,30916.199412
0.85,15,30916.229598
0.78,22,30916.273041
0.82,18,30916.308888
0.63,27,30916.362556
0.59,31,30916.422368
0.92,18,30916.457079
0.82,18,30916.490775
0.7,40,30916.567751
0.93,17,30916.601488
0.64,36,30916.670206
0.89,21,30916.71011
0.93,17,30916.742826
0.83,17,30916.776464
0.74,16,30916.807666
0.85,15,30916.837372
0.86,14,30916.865391
0.79,21,30916.907451
0.83,17,30916.940954
0.72,28,30916.995264
0.95,15,30917.025002
0.83,17,30917.057897
0.82,18,30917.09248
0.85,15,30917.122031
0.74,26,30917.173028
0.92,18,30917.209002
0.9,20,30917.247921
0.71,19,30917.284139
0.81,19,30917.321019
0.81,19,30917.358662
0.85,15,30917.388875
0.73,17,30917.42237
0.41,29,30917.478799
0.85,15,30917.507886
0.71,29,30917.565814
0.74,16,30917.597716
0.9,20,30917.636712
0.93,17,30917.671034
0.83,17,30917.705035
0.81,19,30923.269455
0.74,16,30923.300922
0.6,30,30923.3597
0.95,15,30923.389249
0.83,17,30923.422949
0.82,18,30923.458553
0.85,15,30923.487533
0.8,30,30923.545891
0.62,38,30923.619949
0.72,18,30923.655022
0.78,22,30923.697387
0.82,18,30923.732585
0.82,18,30923.768001
0.54,36,30923.835903
0.73,17,30923.869823
0.69,31,30923.936918
0.61,29,30924.005372
0.74,16,30924.043717
0.36,54,30924.170614
0.91,19,30924.216278
0.73,17,30924.257337
0.71,19,30924.301387
0.72,18,30924.341461
0.51,29,30924.398293
0.83,17,30924.432005
0.69,21,30924.47296
0.93,17,30924.50712
0.93,17,30924.540632
0.77,23,30924.585852
0.83,17,30924.618724
0.69,21,30924.659772
0.81,29,30924.716445
0.81,19,30924.753842
0.82,28,30924.807174
0.69,21,30924.848743
0.85,15,30924.879001
0.72,38,30924.950908
0.82,18,30924.985156
0.79,21,30925.025856
0.93,17,30925.058593
0.81,29,30925.112917
0.7,40,30925.188806
0.81,19,30925.224774
0.86,14,30925.251574
0.85,15,30925.281841
0.5,30,30931.034931
0.84,16,30931.072029
0.62,28,30931.13583
0.81,19,30931.17882
0.92,18,30931.220104
0.94,16,30931.256964
0.58,32,30931.328541
0.82,18,30931.370254
0.95,15,30931.404939
0.68,22,30931.455121
0.34,46,30931.558427
0.83,17,30931.597734
0.85,15,30931.632163
0.93,17,30931.663754
0.51,49,30931.756956
0.86,14,30931.783332
0.8,20,30931.819704
0.8,20,30931.859267
0.91,19,30931.902854
0.66,34,30931.9674
0.72,28,30932.018283
0.67,33,30932.091398
0.8,20,30932.131618
0.84,16,30932.167645
0.94,16,30932.204541
0.78,22,30932.254783
0.75,15,30932.289096
0.4,30,30932.358125
0.8,20,30932.404578
0.95,15,30932.439267
0.9,20,30932.485136
0.79,21,30932.533585
0.79,21,30932.58347
0.83,17,30932.623127
0.84,16,30932.655929
0.74,16,30932.690496
0.83,17,30932.731573
0.81,19,30932.775062
0.74,16,30932.804915
0.83,17,30932.837043
0.82,18,30932.87133
0.83,17,30932.903404
0.83,17,30932.935124
0.91,19,30932.971088
0.56,44,30933.054316
0.83,17,30933.086711
0.66,34,30933.148917
0.76,24,30938.54495
0.75,35,30938.613924
0.48,52,30938.714939
0.58,32,30938.777286
0.79,21,30938.817266
0.9,20,30938.855752
0.8,20,30938.89567
0.61,19,30938.933538
0.86,14,30938.964554
0.53,47,30939.078187
0.93,17,30939.120523
0.92,18,30939.164976
0.86,24,30939.223593
0.79,21,30939.275235
0.77,33,30939.356804
0.82,18,30939.401454
0.81,19,30939.448058
0.59,31,30939.52392
0.58,42,30939.627267
0.68,32,30939.691378
0.82,18,30939.726322
0.91,19,30939.764477
0.84,16,30939.79721
0.64,26,30939.848865
0.84,16,30939.880854
0.73,17,30939.915313
0.85,15,30939.94599
0.88,22,30939.99074
0.7,20,30940.031137
0.81,19,30940.069676
0.91,19,30940.108194
0.69,31,30940.170317
0.82,18,30940.206946
0.76,14,30940.235553
0.8,20,30940.275951
0.78,22,30940.319459
0.84,16,30940.351656
0.82,18,30940.387618
0.8,20,30940.427406
0.78,22,30940.470855
0.76,24,30940.518018
0.63,37,30940.591523
0.93,17,30940.62515
0.85,15,30940.654997
0.69,31,30946.637137
0.71,19,30946.673689
0.89,21,30946.714331
0.71,19,30946.751269
0.64,36,30946.819642
0.49,31,30946.880509
0.77,23,30946.926526
0.9,20,30946.965844
0.64,26,30947.016645
0.81,19,30947.053121
0.66,14,30947.080614
0.7,20,30947.120159
0.68,32,30947.182241
0.46,34,30947.248525
0.7,30,30947.307538
0.93,17,30947.341342
0.92,18,30947.376954
0.82,18,30947.412475
0.81,19,30947.449363
0.92,18,30947.484019
0.71,19,30947.520356
0.77,23,30947.564979
0.72,18,30947.600205
0.79,21,30947.64031
0.63,27,30947.691773
0.78,22,30947.734448
0.73,27,30947.786426
0.91,19,30947.82294
0.72,18,30947.858071
0.93,17,30947.891626
0.94,16,30947.92298
0.84,16,30947.954374
0.72,28,30948.007786
0.7,20,30948.046223
0.79,21,30948.086809
0.81,29,30948.142848
0.84,16,30948.17423
0.69,31,30948.235707
0.85,15,30948.2657
0.79,21,30948.30732
0.83,17,30948.341259
0.31,49,30948.436861
0.84,16,30948.468741
0.47,43,30948.55281
0.76,24,30954.098435
0.29,51,30954.197709
0.85,15,30954.226902
0.87,23,30954.271481
0.8,20,30954.310419
0.89,21,30954.351846
0.67,23,30954.396333
0.84,16,30954.42774
0.84,16,30954.460211
0.83,17,30954.493931
0.79,21,30954.535228
0.62,28,30954.587884
0.91,19,30954.623569
0.81,19,30954.658839
0.91,19,30954.695122
0.74,26,30954.744779
0.81,19,30954.782345
0.67,43,30954.866819
0.69,31,30954.927747
0.37,43,30955.008553
0.91,19,30955.052672
0.81,19,30955.09613
0.82,18,30955.137331
0.76,14,30955.170328
0.93,17,30955.21139
0.72,18,30955.254707
0.46,34,30955.337794
0.8,20,30955.386964
0.59,51,30955.510012
0.84,16,30955.548066
0.85,15,30955.584008
0.58,32,30955.656929
0.93,17,30955.690493
0.59,31,30955.750429
0.82,18,30955.785494
0.71,19,30955.82439
0.48,42,30955.908891
0.8,20,30955.948585
0.73,27,30956.000225
0.89,21,30956.041834
0.84,16,30956.073419
0.93,17,30956.106294
0.92,18,30956.141549
0.9,20,30956.181378
0.93,17,30962.129351
0.62,28,30962.183954
0.83,17,30962.217267
0.91,19,30962.254334
0.82,18,30962.288278
0.73,17,30962.320041
0.73,17,30962.352329
0.75,15,30962.381181
0.67,33,30962.447204
0.71,19,30962.485454
0.72,18,30962.521683
0.71,29,30962.579294
0.85,15,30962.608634
0.53,37,30962.680053
0.81,19,30962.717443
-0.0,80,30962.872045
0.84,16,30962.904541
0.72,18,30962.940084
0.7,30,30963.000173
0.82,18,30963.035923
0.44,56,30963.142347
0.72,18,30963.176407
0.78,22,30963.218696
0.9,20,30963.258312
0.81,19,30963.296003
0.8,20,30963.335079
0.71,29,30963.391669
0.93,17,30963.425675
0.76,14,30963.453915
0.72,18,30963.490028
0.83,17,30963.523955
0.91,19,30963.561291
0.78,22,30963.60366
0.76,24,30963.649737
0.81,19,30963.695586
0.85,15,30963.73006
0.81,19,30963.765164
0.83,17,30963.797104
0.69,31,30963.8555
0.72,18,30963.888512
0.82,28,30963.941635
0.82,18,30963.978149
0.71,29,30964.035986
0.68,32,30964.099233
0.82,18,30970.132656
0.49,31,30970.194706
0.78,22,30970.239094
0.72,18,30970.275313
0.93,17,30970.309312
0.95,15,30970.340113
0.81,19,30970.376653
0.92,18,30970.410627
0.68,32,30970.472762
0.78,22,30970.516104
0.86,14,30970.544855
0.79,21,30970.58732
0.81,19,30970.623739
0.77,23,30970.66848
0.84,16,30970.70107
0.81,19,30970.740154
0.81,19,30970.778301
0.84,16,30970.810583
0.82,18,30970.846471
0.85,15,30970.875875
0.83,17,30970.912985
0.6,30,30970.971959
0.69,21,30971.014482
0.63,17,30971.048386
0.83,27,30971.10112
0.67,33,30971.164241
0.92,18,30971.19959
0.92,18,30971.235796
0.83,17,30971.269608
0.7,20,30971.309072
0.61,19,30971.346714
0.79,21,30971.38771
0.89,21,30971.42826
0.87,13,30971.454092
0.82,18,30971.489349
0.78,22,30971.532986
0.79,31,30971.606379
0.62,28,30971.666678
0.8,20,30971.705483
0.57,33,30971.77071
0.81,19,30971.808394
0.81,19,30971.845679
0.94,16,30971.876478
0.55,35,30971.94409
0.93,17,30971.977962
0.69,21,30972.019243
0.72,18,30972.053535
0.76,14,30972.079616
0.54,36,30972.146465
0.86,24,30977.406167
0.82,18,30977.44137
0.8,20,30977.480665
0.75,15,30977.509325
0.91,19,30977.545208
0.72,18,30977.5786
0.83,17,30977.610743
0.69,31,30977.671163
0.75,25,30977.720976
0.64,26,30977.771131
0.73,17,30977.803134
0.67,33,30977.864281
0.69,31,30977.921237
0.81,19,30977.958902
0.68,32,30978.022851
0.91,19,30978.060969
0.83,17,30978.093833
0.79,21,30978.133979
0.7,20,30978.173117
0.91,19,30978.209805
0.83,17,30978.243529
0.84,16,30978.275851
0.77,23,30978.322002
0.92,18,30978.358636
0.83,17,30978.392625
0.78,32,30978.454947
0.82,18,30978.490121
0.82,18,30978.525728
0.93,17,30978.559622
0.81,19,30978.59623
0.59,31,30978.656475
0.53,27,30978.708814
0.29,41,30978.786496
0.84,16,30978.817236
0.94,16,30978.847951
0.94,16,30978.879657
0.83,17,30978.912901
0.94,16,30978.94411
0.71,29,30979.000719
0.58,42,30979.080817
0.76,14,30979.107862
0.53,27,30979.1598
0.82,18,30979.194911
0.9,20,30979.234054
0.77,23,30979.277825
0.8,20,30979.315444
0.91,19,30979.351408
0.79,21,30984.54748
0.88,22,30984.590366
0.8,30,30984.647671
0.77,23,30984.69
0.84,16,30984.720868
0.8,20,30984.759227
0.57,33,30984.823785
0.54,26,30984.874812
0.75,15,30984.904101
0.7,30,30984.959993
0.6,30,30985.014646
0.74,16,30985.044838
0.6,30,30985.102119
0.81,19,30985.138719
0.65,25,30985.185009
0.66,24,30985.229803
0.7,20,30985.267056
0.7,20,30985.305207
0.91,19,30985.342873
0.63,17,30985.375976
0.68,32,30985.436529
0.69,21,30985.477846
0.91,19,30985.514613
0.69,31,30985.575068
0.73,17,30985.608769
0.68,32,30985.670175
0.53,27,30985.721205
0.82,18,30985.756085
0.84,16,30985.788391
0.8,20,30985.828654
0.59,31,30985.890082
0.82,18,30985.926096
0.94,16,30985.957578
0.83,17,30985.98983
0.74,16,30986.020407
0.73,17,30986.053877
0.93,17,30986.086954
0.81,19,30986.123628
0.87,23,30986.167472
0.82,18,30986.2015
0.78,22,30986.244075
0.7,30,30986.305011
0.95,15,30986.335732
0.7,30,30986.395645
0.72,18,30986.430575
0.6,30,30986.489544
0.84,16,30991.760298
0.72,18,30991.795627
0.82,18,30991.831306
0.72,18,30991.86634
0.65,35,30991.932773
0.79,21,30991.973058
0.82,18,30992.008994
0.9,20,30992.049163
0.81,19,30992.087721
0.71,19,30992.12474
0.81,19,30992.162261
0.81,19,30992.199033
0.93,17,30992.231978
0.52,48,30992.324212
0.81,19,30992.360892
0.92,18,30992.395876
0.7,30,30992.451548
0.71,19,30992.487616
0.83,17,30992.520248
0.9,20,30992.559161
0.5,40,30992.634986
0.83,17,30992.666717
0.95,15,30992.695209
0.68,32,30992.755673
0.61,29,30992.809882
0.83,17,30992.843541
0.34,36,30992.914353
0.8,20,30992.954353
0.81,29,30993.021215
0.68,22,30993.073576
0.79,21,30993.123074
0.79,21,30993.172261
0.58,32,30993.248547
0.17,53,30993.37848
0.8,20,30993.428025
0.7,20,30993.477679
0.5,40,30993.573899
0.82,18,30993.6183
0.73,17,30993.659861
0.73,17,30993.693519
0.89,21,30993.735891
0.81,19,30993.775693
0.86,14,30993.804129
0.8,20,30993.843815
0.79,21,30999.936621
0.81,19,30999.97644
0.82,18,31000.012554
0.83,17,31000.04676
0.9,20,31000.086216
0.8,20,31000.125893
0.67,33,31000.189426
0.8,20,31000.229503
0.71,19,31000.266613
0.8,20,31000.304819
0.68,32,31000.365494
0.81,19,31000.401906
0.7,20,31000.440525
0.74,16,31000.472412
0.86,14,31000.50048
0.77,23,31000.546339
0.92,18,31000.583079
0.81,19,31000.621017
0.63,17,31000.654762
0.79,21,31000.696304
0.73,17,31000.735445
0.82,18,31000.770765
0.84,26,31000.819973
0.72,18,31000.855089
0.56,34,31000.921366
0.62,38,31000.996251
0.8,20,31001.035809
0.83,17,31001.069712
0.73,17,31001.103707
0.75,15,31001.133966
0.6,30,31001.192021
0.76,24,31001.238914
0.74,16,31001.270466
0.93,17,31001.303125
0.88,22,31001.344804
0.8,20,31001.382898
0.51,29,31001.439542
0.78,22,31001.482961
0.83,17,31001.516389
0.8,20,31001.55564
0.93,17,31001.588944
0.9,20,31001.626308
0.93,17,31001.659218
0.79,21,31001.700088
0.7,20,31001.739163
0.76,24,31001.785192
0.89,21,31001.825042
0.7,30,31001.881164
0.86,14,31001.907825
0.74,16,31006.893559
0.81,19,31006.940741
0.87,23,31006.993961
0.85,15,31007.023571
0.73,37,31007.096503
0.91,19,31007.134453
0.88,22,31007.177989
0.59,31,31007.238006
0.84,16,31007.26953
0.35,45,31007.356323
0.54,26,31007.406565
0.86,14,31007.43451
0.84,16,31007.466366
0.72,28,31007.52138
0.81,19,31007.560088
0.4,30,31007.619027
0.85,15,31007.648847
0.8,30,31007.70845
0.67,33,31007.774185
0.83,17,31007.807326
0.83,17,31007.841612
0.91,19,31007.880147
0.82,18,31007.91554
0.85,15,31007.945183
0.68,32,31008.007513
0.85,15,31008.037334
0.71,19,31008.073598
0.72,18,31008.108847
0.83,17,31008.142305
0.93,17,31008.175491
0.83,17,31008.209442
0.73,17,31008.243238
0.91,19,31008.280673
0.71,29,31008.337448
0.82,18,31008.373416
0.81,19,31008.410855
0.58,42,31008.492634
0.75,25,31008.541495
0.68,22,31008.584908
0.88,22,31008.628077
0.84,16,31008.658935
0.45,35,31008.727275
0.75,15,31008.757473
0.8,20,31008.7963
0.94,16,31008.827677
0.54,36,31008.896876
0.72,28,31014.853254
0.77,23,31014.89969
0.52,28,31014.955226
0.83,17,31014.989487
0.8,20,31015.029369
0.72,18,31015.067078
0.73,17,31015.10789
0.88,22,31015.160372
0.73,17,31015.200695
0.8,20,31015.248282
0.86,14,31015.283369
0.92,18,31015.328545
0.73,17,31015.37095
0.74,16,31015.410241
0.82,18,31015.454099
0.83,17,31015.495184
0.59,31,31015.56998
0.83,17,31015.611455
0.81,19,31015.657383
0.8,30,31015.71797
0.64,26,31015.774837
0.71,19,31015.821666
0.7,30,31015.892712
0.86,14,31015.921485
0.67,43,31016.009319
0.48,32,31016.089132
0.69,21,31016.141263
0.62,48,31016.253598
0.83,17,31016.294079
0.68,22,31016.346661
0.81,19,31016.393113
0.9,20,31016.442251
0.82,18,31016.488111
0.93,17,31016.530733
0.48,42,31016.634252
0.58,32,31016.70162
0.88,22,31016.743901
0.74,16,31016.774355
0.92,18,31016.809351
0.76,24,31016.854492
0.73,17,31016.888642
0.54,36,31016.964184
0.81,19,31017.002976
0.8,20,31017.043623
0.92,18,31017.080056
0.81,19,31022.777472
0.93,17,31022.811504
0.69,21,31022.853326
0.92,18,31022.890299
0.81,19,31022.932492
0.52,28,31023.002842
0.79,31,31023.077504
0.89,21,31023.124373
0.93,17,31023.156453
0.95,15,31023.184715
0.69,31,31023.243809
0.72,18,31023.280342
0.58,32,31023.344529
0.23,57,31023.456321
0.72,18,31023.492196
0.83,17,31023.526102
0.75,15,31023.556049
0.79,21,31023.597788
0.62,28,31023.653654
0.82,18,31023.689938
0.92,18,31023.730875
0.62,28,31023.789865
0.81,19,31023.828854
0.74,16,31023.861176
0.76,24,31023.912712
0.82,18,31023.956768
0.71,19,31023.995628
0.79,21,31024.038135
0.74,16,31024.071136
0.8,20,31024.11124
0.71,19,31024.148983
0.68,22,31024.192759
0.79,21,31024.233596
0.71,29,31024.289493
0.73,17,31024.322644
0.92,18,31024.357158
0.78,22,31024.398214
0.34,36,31024.467477
0.8,20,31024.50632
0.79,21,31024.547682
0.53,27,31024.600257
0.77,23,31024.644936
0.73,17,31024.678481
0.84,16,31024.709547
0.94,16,31024.740579
0.83,17,31024.773843
0.81,19,31024.810035
0.83,17,31030.080582
0.7,20,31030.119771
0.8,20,31030.159212
0.8,20,31030.19866
0.74,16,31030.229789
0.76,14,31030.257118
0.88,22,31030.299069
0.9,20,31030.338323
0.57,33,31030.402524
0.82,18,31030.438109
0.8,20,31030.477041
0.49,41,31030.556522
0.83,17,31030.590365
0.81,19,31030.627509
0.83,17,31030.661767
0.88,22,31030.70444
0.84,16,31030.736496
0.93,17,31030.770551
0.92,18,31030.806264
0.84,16,31030.838291
0.57,33,31030.903609
0.81,19,31030.942749
0.76,14,31030.972254
0.62,28,31031.039845
0.7,20,31031.080035
0.59,31,31031.140892
0.68,32,31031.206403
0.82,18,31031.251278
0.58,32,31031.328246
0.44,46,31031.438204
0.73,17,31031.479284
0.69,21,31031.522481
0.73,17,31031.557175
0.5,30,31031.617729
0.95,15,31031.647885
0.8,20,31031.68751
0.75,15,31031.717135
0.3,50,31031.815977
0.71,19,31031.854596
0.71,19,31031.89362
0.71,19,31031.932289
0.82,18,31031.970643
0.81,19,31032.008085
0.81,19,31032.045222
0.67,33,31032.108193
0.84,16,31032.139122
0.81,19,31037.841589
0.91,19,31037.878173
0.72,18,31037.912085
0.8,20,31037.951056
0.9,20,31037.989384
0.81,19,31038.027407
0.94,16,31038.059404
0.92,18,31038.094783
0.77,23,31038.145263
0.75,15,31038.18261
0.82,18,31038.226892
0.83,17,31038.26839
0.7,20,31038.316956
0.8,20,31038.365774
0.79,21,31038.416923
0.68,22,31038.471593
0.84,16,31038.51142
0.74,16,31038.550991
0.92,18,31038.596092
0.51,39,31038.689243
0.68,22,31038.732494
0.77,23,31038.787242
0.69,21,31038.838887
0.68,22,31038.892176
0.92,18,31038.931831
0.77,23,31038.976328
0.89,21,31039.018355
0.43,47,31039.109256
0.8,20,31039.148876
0.62,28,31039.202727
0.77,33,31039.264952
0.74,16,31039.295531
0.92,18,31039.329871
0.81,19,31039.366399
0.81,19,31039.40314
0.73,17,31039.435612
0.57,33,31039.499176
0.74,16,31039.530543
0.38,32,31039.593015
0.81,19,31039.630389
0.92,18,31039.666329
0.74,36,31039.73684
0.46,34,31039.803081
0.69,21,31039.843899
0.72,18,31039.878981
0.82,18,31039.914889
0.86,14,31039.942638
0.74,16,31039.974135
0.71,19,31045.086738
0.81,19,31045.12277
0.8,20,31045.160044
0.53,27,31045.218081
0.84,16,31045.255797
0.94,16,31045.292763
0.74,16,31045.330822
0.68,22,31045.384978
0.91,19,31045.430676
0.81,19,31045.476597
0.81,19,31045.523322
0.86,14,31045.55751
0.75,15,31045.587872
0.9,20,31045.627467
0.93,17,31045.661267
0.91,19,31045.699873
0.86,14,31045.727405
0.83,27,31045.778739
0.73,17,31045.816589
0.72,18,31045.853742
0.89,21,31045.894313
0.83,17,31045.926412
0.74,16,31045.956159
0.83,17,31045.988852
0.34,46,31046.076306
0.47,33,31046.141562
0.85,15,31046.17146
0.72,28,31046.225717
0.81,19,31046.26284
0.84,16,31046.29468
0.91,19,31046.332248
0.61,29,31046.38792
0.83,17,31046.421587
0.24,56,31046.528677
0.91,19,31046.565664
0.79,21,31046.605227
0.79,21,31046.644967
0.71,19,31046.681267
0.8,20,31046.719289
0.49,41,31046.796598
0.77,23,31046.839083
0.83,17,31046.871259
0.81,19,31046.907306
0.41,49,31047.000535
0.82,18,31047.035045
0.7,30,31047.092628
0.74,16,31052.927332
0.74,26,31052.978996
0.92,18,31053.015368
0.72,18,31053.051357
0.64,16,31053.082917
0.9,20,31053.121406
0.96,14,31053.148413
0.73,17,31053.181329
0.81,19,31053.218746
0.79,21,31053.259071
0.91,19,31053.295687
0.93,17,31053.32912
0.8,20,31053.367615
0.93,17,31053.400711
0.3,50,31053.49849
0.9,20,31053.537704
0.81,19,31053.574838
0.84,16,31053.606086
0.81,19,31053.6442
0.81,19,31053.684418
0.72,18,31053.720266
0.71,19,31053.757929
0.68,22,31053.802827
0.81,19,31053.841841
0.41,39,31053.924527
0.78,22,31053.976719
0.81,19,31054.022725
0.73,27,31054.088669
0.91,19,31054.134338
0.9,20,31054.181775
0.78,22,31054.233864
0.72,18,31054.276832
0.8,20,31054.326226
0.78,22,31054.373314
0.83,17,31054.408434
0.81,19,31054.446769
0.75,15,31054.476933
0.82,18,31054.512458
0.82,18,31054.549381
0.75,15,31054.580261
0.79,21,31054.621889
0.82,18,31054.657075
0.79,21,31054.698257
0.78,32,31054.761487
0.8,20,31054.800581
0.81,19,31054.837775
0.73,27,31054.890793
0.9,20,31054.92994
0.84,16,31054.96096
0.9,20,31054.998993
0.94,16,31060.067198
0.77,23,31060.113187
0.82,18,31060.149204
0.92,18,31060.185111
0.53,27,31060.237725
0.63,17,31060.271522
0.81,19,31060.309656
0.65,35,31060.378058
0.86,14,31060.406999
0.78,22,31060.451278
0.74,16,31060.483773
0.84,16,31060.516135
0.68,22,31060.56057
0.58,32,31060.624274
0.83,17,31060.658887
0.89,21,31060.70122
0.86,14,31060.72897
0.95,15,31060.758477
0.86,24,31060.80482
0.72,18,31060.849042
0.82,18,31060.890429
0.79,31,31060.954089
0.8,30,31061.020114
0.81,19,31061.057698
0.82,18,31061.093195
0.9,20,31061.1329
0.9,20,31061.173663
0.82,18,31061.209773
0.73,17,31061.243878
0.94,16,31061.275919
0.7,20,31061.315767
0.62,28,31061.371496
0.84,16,31061.403201
0.84,16,31061.434971
0.73,17,31061.468307
0.82,18,31061.502297
0.73,17,31061.535593
0.84,16,31061.567812
0.79,21,31061.610715
0.84,16,31061.642996
0.8,20,31061.682751
0.59,41,31061.775011
0.92,18,31061.818053
0.72,18,31061.861448
0.76,24,31061.91291
0.48,52,31062.035768
0.44,46,31062.144535
0.71,19,31062.189271
0.72,28,31067.595653
0.8,20,31067.633901
0.85,15,31067.663692
0.62,18,31067.700435
0.83,17,31067.735203
0.79,21,31067.776557
0.58,32,31067.838454
0.82,18,31067.873826
0.63,17,31067.90644
0.91,19,31067.944679
0.83,27,31067.999527
0.9,20,31068.03782
0.89,21,31068.077638
0.81,19,31068.113392
0.81,19,31068.149849
0.68,32,31068.211497
0.75,15,31068.241039
0.82,18,31068.275882
0.33,37,31068.347722
0.62,28,31068.404109
0.82,18,31068.44019
0.57,33,31068.505031
0.7,20,31068.54513
0.93,17,31068.579078
0.91,19,31068.616678
0.89,21,31068.657621
0.82,18,31068.693599
0.74,16,31068.725146
0.89,21,31068.767063
0.88,22,31068.8114
0.63,17,31068.844941
0.71,19,31068.887144
0.68,22,31068.940593
0.54,36,31069.012742
0.92,18,31069.047788
0.6,30,31069.105763
0.82,28,31069.161232
0.92,18,31069.196955
0.82,18,31069.231643
0.69,21,31069.272077
0.78,22,31069.314904
0.9,20,31069.354122
0.85,15,31069.383915
0.52,18,31069.418978
0.58,42,31069.500346
0.78,32,31069.562699
0.81,19,31074.999293
0.79,21,31075.040534
0.74,16,31075.071351
0.68,32,31075.132846
0.66,24,31075.189926
0.85,15,31075.226289
0.69,31,31075.298095
0.93,17,31075.338281
0.84,16,31075.375755
0.91,19,31075.419897
0.95,15,31075.455496
0.8,20,31075.503521
0.92,18,31075.548758
0.93,17,31075.590669
0.58,32,31075.667685
0.79,21,31075.714305
0.74,16,31075.745783
0.72,18,31075.781423
0.81,19,31075.819054
0.52,48,31075.914654
0.83,17,31075.956198
0.68,22,31075.999083
0.85,15,31076.032124
0.93,17,31076.074184
0.53,27,31076.141451
0.78,22,31076.195231
0.78,22,31076.249547
0.77,23,31076.305431
0.63,17,31076.34668
0.72,18,31076.388862
0.49,31,31076.46121
0.71,19,31076.505838
0.6,30,31076.579445
0.83,17,31076.615602
0.81,19,31076.654072
0.81,19,31076.691676
0.67,23,31076.735787
0.82,18,31076.772764
0.81,19,31076.811527
0.91,19,31076.849943
0.94,16,31076.882765
0.51,49,31076.979239
0.76,14,31077.007523
0.67,33,31077.081596
0.89,21,31077.132499
0.61,19,31077.178643
0.81,19,31077.224544
0.84,16,31083.068183
0.92,18,31083.103438
0.82,18,31083.138729
0.38,42,31083.233729
0.73,27,31083.298805
0.82,18,31083.343785
0.76,24,31083.401431
0.6,30,31083.473702
0.7,20,31083.521766
0.61,19,31083.568246
0.84,16,31083.607174
0.65,15,31083.643298
0.84,16,31083.681882
0.61,19,31083.723078
0.83,17,31083.75734
0.7,30,31083.816413
0.81,19,31083.852946
0.79,21,31083.893075
0.78,22,31083.936638
0.81,19,31083.973637
0.73,37,31084.046294
0.73,27,31084.098866
0.93,17,31084.132684
0.67,23,31084.178598
0.95,15,31084.209093
0.73,17,31084.242834
0.93,17,31084.276925
0.8,20,31084.318296
0.71,29,31084.375408
0.86,14,31084.403818
0.43,57,31084.515944
0.74,16,31084.548685
0.82,18,31084.58416
0.75,15,31084.613159
0.93,17,31084.647162
0.95,15,31084.677035
0.16,54,31084.783193
0.8,20,31084.822273
0.82,28,31084.878056
0.82,18,31084.91534
0.76,24,31084.964018
0.69,31,31085.02671
0.91,19,31085.064595
0.72,18,31085.100442
0.56,44,31091.404343
0.83,17,31091.437794
0.79,21,31091.478427
0.9,20,31091.517617
0.8,20,31091.557153
0.62,28,31091.612225
0.86,14,31091.640007
0.74,16,31091.671245
0.83,17,31091.704375
0.82,18,31091.739395
0.58,32,31091.803157
0.79,21,31091.852803
0.9,20,31091.902046
0.8,20,31091.946283
0.55,45,31092.038428
0.71,19,31092.076377
0.7,20,31092.114347
0.95,15,31092.144697
0.93,17,31092.179405
0.73,17,31092.213244
0.9,20,31092.252136
0.8,30,31092.309494
0.82,18,31092.344708
0.82,18,31092.37928
0.92,18,31092.414483
0.71,19,31092.451993
0.79,21,31092.495215
0.69,21,31092.538125
0.9,20,31092.579064
0.92,18,31092.616179
0.85,15,31092.646444
0.95,15,31092.677828
0.58,52,31092.782033
0.62,18,31092.816926
0.38,52,31092.920325
0.74,16,31092.953164
0.76,14,31092.980732
0.79,21,31093.022488
0.52,48,31093.118064
0.78,22,31093.161713
0.67,23,31093.208707
0.74,16,31093.241051
0.73,17,31093.276059
0.85,15,31093.306432
0.88,22,31093.351189
0.85,15,31093.381628
0.82,18,31093.417592
0.75,15,31093.447524
0.84,16,31099.285535
0.8,20,31099.324161
0.54,26,31099.374292
0.59,31,31099.435748
0.72,18,31099.472142
0.76,14,31099.499849
0.7,20,31099.539718
0.82,18,31099.575516
0.83,17,31099.608953
0.85,15,31099.637989
0.96,14,31099.66567
0.82,18,31099.700553
0.53,27,31099.751797
0.63,27,31099.802285
0.75,15,31099.83083
0.82,18,31099.866339
0.81,19,31099.902618
0.81,19,31099.940027
0.73,17,31099.972602
0.81,29,31100.02819
0.71,19,31100.065027
0.78,22,31100.108205
0.59,21,31100.148446
0.67,33,31100.212963
0.7,20,31100.251164
0.76,34,31100.316093
0.83,17,31100.347995
0.69,31,31100.406135
0.71,19,31100.442385
0.82,18,31100.476475
0.81,19,31100.514292
0.71,19,31100.551817
0.43,37,31100.622742
0.8,20,31100.662497
0.45,45,31100.74924
0.97,13,31100.774459
0.4,40,31100.850808
0.8,20,31100.889274
0.81,19,31100.925442
0.78,22,31100.96876
0.76,34,31101.034764
0.93,17,31101.068743
0.83,17,31101.101749
0.74,26,31101.152133
0.51,29,31101.207913
0.81,19,31101.244408
0.67,23,31106.795753
0.8,30,31106.858112
0.8,20,31106.901945
0.62,18,31106.939202
0.73,27,31106.995248
0.83,17,31107.028452
0.73,17,31107.061802
0.96,14,31107.088507
0.82,18,31107.122331
0.71,29,31107.177024
0.7,20,31107.218016
0.83,17,31107.252136
0.82,18,31107.286145
0.62,28,31107.340127
0.85,15,31107.369343
0.82,18,31107.404594
0.94,16,31107.435617
0.73,17,31107.46886
0.71,19,31107.505269
0.79,21,31107.546114
0.73,17,31107.579224
0.76,14,31107.606572
0.73,17,31107.639359
0.81,29,31107.696121
0.93,17,31107.731405
0.81,19,31107.770765
0.82,18,31107.806764
0.81,19,31107.84426
0.65,25,31107.893265
0.81,19,31107.936149
0.56,54,31108.065192
0.82,18,31108.108261
0.51,39,31108.200577
0.73,17,31108.241996
0.74,26,31108.303974
0.93,17,31108.34673
0.66,24,31108.40656
0.8,20,31108.456789
0.81,19,31108.504066
0.83,17,31108.546847
0.71,19,31108.595092
0.81,19,31108.643548
0.58,32,31108.721115
0.87,13,31108.748221
0.84,16,31108.781027
0.8,20,31108.821175
0.8,20,31108.860976
0.71,19,31108.90005
0.74,26,31114.28065
0.25,55,31114.3858
0.49,31,31114.445872
0.82,28,31114.499763
0.89,21,31114.540308
0.83,17,31114.573487
0.5,30,31114.631456
0.93,17,31114.664455
0.91,19,31114.701999
0.71,19,31114.739473
0.16,54,31114.842116
0.84,16,31114.873322
0.83,17,31114.91126
0.73,17,31114.9509
0.88,22,31114.993186
0.71,19,31115.02938
0.8,20,31115.066722
0.81,19,31115.102793
0.84,16,31115.133061
0.86,14,31115.159928
0.68,32,31115.220592
0.94,16,31115.251722
0.81,19,31115.287901
0.81,19,31115.323943
0.85,15,31115.352427
0.94,16,31115.382772
0.82,18,31115.416597
0.74,26,31115.46524
0.86,14,31115.492029
0.82,18,31115.526536
0.79,21,31115.56719
0.69,31,31115.625721
0.68,32,31115.685514
0.43,47,31115.772739
0.86,14,31115.805138
0.91,19,31115.851444
0.62,18,31115.888793
0.61,19,31115.930039
0.72,18,31115.974376
0.32,58,31116.114722
0.83,17,31116.156043
0.7,20,31116.203805
0.53,47,31116.316735
0.8,20,31122.764036
0.82,18,31122.799142
0.92,18,31122.833853
0.76,24,31122.881664
0.55,25,31122.932355
0.74,16,31122.964118
0.84,16,31122.995363
0.82,18,31123.031459
0.74,16,31123.06303
0.72,18,31123.098709
0.59,31,31123.160563
0.77,23,31123.205887
0.82,18,31123.241725
0.81,19,31123.279629
0.82,18,31123.314712
0.73,17,31123.348753
0.78,22,31123.392546
0.8,20,31123.432051
0.8,20,31123.471091
0.94,16,31123.502235
0.79,21,31123.543597
0.83,17,31123.577089
0.79,21,31123.617861
0.78,22,31123.661012
0.61,19,31123.698259
0.91,19,31123.735596
0.9,20,31123.774378
0.73,17,31123.80667
0.8,20,31123.845479
0.25,55,31123.953007
0.81,19,31123.99059
0.62,28,31124.045263
0.73,17,31124.077615
0.67,23,31124.12152
0.85,15,31124.15018
0.7,30,31124.207348
0.84,16,31124.238821
0.58,32,31124.299292
0.9,20,31124.338199
0.93,17,31124.371248
0.82,18,31124.406191
0.81,19,31124.443796
0.81,19,31124.481266
0.6,30,31124.540975
0.82,18,31124.577185
0.73,17,31124.61134
0.82,18,31124.647147
0.82,18,31124.682323
0.82,18,31124.718395
0.72,18,31124.757119
0.85,15,31129.994254
0.84,16,31130.025869
0.87,23,31130.071055
0.84,16,31130.102341
0.59,41,31130.181571
0.6,30,31130.239361
0.68,22,31130.282813
0.86,14,31130.310181
0.9,20,31130.349591
0.83,17,31130.382893
0.62,28,31130.436287
0.85,15,31130.46525
0.94,16,31130.49652
0.78,32,31130.558008
0.93,17,31130.590708
0.81,19,31130.627985
0.84,16,31130.659397
0.83,17,31130.692298
0.78,22,31130.73536
0.81,19,31130.772041
0.8,20,31130.811051
0.3,50,31130.907497
0.86,14,31130.937878
0.8,20,31130.987168
0.47,33,31131.068181
0.6,20,31131.116899
0.8,20,31131.166459
0.75,15,31131.203659
0.9,20,31131.253105
0.7,20,31131.302675
0.86,24,31131.361667
0.93,17,31131.40378
0.5,40,31131.500505
0.82,18,31131.544918
0.81,19,31131.592139
0.7,20,31131.640126
0.79,21,31131.691062
0.81,19,31131.734066
0.58,32,31131.796204
0.93,17,31131.829472
0.72,18,31131.864539
0.82,18,31131.899085
0.93,17,31131.937756
0.83,17,31131.976834
0.93,17,31132.00933
0.78,22,31132.052575
0.86,14,31132.079112
0.93,17,31132.111443
0.92,18,31137.565315
0.63,17,31137.597521
0.54,46,31137.688466
0.75,15,31137.725763
0.93,17,31137.761891
0.83,17,31137.797336
0.91,19,31137.836034
0.68,32,31137.899308
0.57,33,31137.963313
0.82,18,31137.99815
0.82,18,31138.032296
0.81,19,31138.068566
0.85,15,31138.09855
0.93,17,31138.132771
0.82,18,31138.169933
0.69,21,31138.221358
0.69,31,31138.298667
0.73,17,31138.341473
0.73,27,31138.407979
0.81,19,31138.455535
0.91,19,31138.502971
0.8,20,31138.552961
0.59,41,31138.654153
0.15,35,31138.737031
0.78,22,31138.780742
0.83,17,31138.814328
0.57,23,31138.859262
0.89,21,31138.903171
0.78,22,31138.946565
0.68,22,31138.989651
0.91,19,31139.027447
0.91,19,31139.064957
0.86,14,31139.092301
0.69,21,31139.134099
0.83,17,31139.167805
0.52,38,31139.242178
0.86,14,31139.269891
0.53,27,31139.323076
0.76,34,31139.390308
0.77,23,31139.436902
0.75,15,31139.467449
0.89,21,31139.508564
0.76,14,31139.536995
0.76,14,31139.565318
0.69,31,31139.627154
0.83,17,31139.661122
0.92,18,31139.696517
0.91,19,31145.279071
0.74,16,31145.31001
0.9,20,31145.348187
0.73,17,31145.381057
0.97,13,31145.405631
0.8,20,31145.442891
0.4,40,31145.517143
0.75,15,31145.545664
0.83,17,31145.577721
0.94,16,31145.608288
0.63,17,31145.642005
0.82,18,31145.680194
0.7,20,31145.728138
0.7,40,31145.804095
0.89,21,31145.844942
0.72,18,31145.881172
0.88,22,31145.931586
0.57,43,31146.012521
0.83,17,31146.045651
0.8,20,31146.084275
0.8,30,31146.140229
0.91,19,31146.176618
0.83,17,31146.20879
0.6,30,31146.266667
0.61,29,31146.321995
0.93,17,31146.354687
0.95,15,31146.383925
0.59,31,31146.440835
0.69,31,31146.498754
0.75,25,31146.545333
0.85,15,31146.575976
0.8,20,31146.615475
0.82,18,31146.65052
0.83,17,31146.683223
0.92,18,31146.71874
0.73,17,31146.752856
0.82,18,31146.788873
0.8,20,31146.826536
0.82,18,31146.861399
0.56,34,31146.926661
0.82,18,31146.962553
0.86,14,31146.989997
0.79,21,31147.031384
0.79,31,31147.090548
0.71,19,31147.126291
0.92,18,31147.162822
0.82,18,31147.205497
0.81,29,31152.787173
0.91,19,31152.82482
0.96,14,31152.853798
0.67,33,31152.921042
0.64,36,31152.992482
0.74,16,31153.024924
0.93,17,31153.059353
0.52,38,31153.134215
0.92,18,31153.170545
0.8,20,31153.209955
0.89,21,31153.251675
0.94,16,31153.28342
0.89,21,31153.325016
0.59,31,31153.387117
0.67,33,31153.452293
0.83,17,31153.485943
0.8,20,31153.525383
0.79,21,31153.566341
0.71,19,31153.603142
0.96,14,31153.631661
0.94,16,31153.663055
0.8,20,31153.701589
0.82,28,31153.756145
0.62,38,31153.830617
0.82,28,31153.886257
0.58,32,31153.950362
0.91,19,31153.988306
0.83,17,31154.021229
0.67,23,31154.065371
0.97,13,31154.091444
0.3,50,31154.185948
0.65,25,31154.231923
0.81,19,31154.267348
0.83,17,31154.299312
0.79,31,31154.358929
0.92,18,31154.39563
0.92,18,31154.431286
0.71,19,31154.467128
0.82,18,31154.502219
0.91,19,31154.538209
0.69,21,31154.578324
0.81,19,31154.614335
0.88,22,31154.655684
0.91,19,31154.691995
0.88,22,31154.733316
0.82,18,31154.767525
0.47,43,31160.368274
0.74,16,31160.401636
0.65,15,31160.438277
0.8,30,31160.509983
0.72,18,31160.554801
0.61,29,31160.624705
0.82,18,31160.67014
0.82,18,31160.71392
0.72,18,31160.751456
0.7,20,31160.789554
0.96,14,31160.816397
0.71,29,31160.87335
0.9,20,31160.912399
0.84,16,31160.943724
0.62,28,31160.998369
0.6,20,31161.037106
0.91,19,31161.073702
0.8,20,31161.112462
0.64,16,31161.14327
0.93,17,31161.175935
0.66,34,31161.239721
0.6,30,31161.295913
0.82,18,31161.329791
0.52,38,31161.40133
0.82,18,31161.437192
0.67,33,31161.501973
0.82,18,31161.537017
0.79,21,31161.579298
0.43,37,31161.65161
0.78,22,31161.693847
0.18,52,31161.792295
0.8,20,31161.830791
0.38,32,31161.892888
0.9,20,31161.932432
0.8,20,31161.972137
0.57,33,31162.036755
0.7,20,31162.077335
0.89,21,31162.118327
0.83,17,31162.151709
0.82,18,31162.186065
0.71,29,31162.240966
0.93,17,31162.273165
0.69,21,31162.31197
0.92,18,31167.925413
-0.0,50,31168.024752
0.69,31,31168.100003
0.52,28,31168.165395
0.81,19,31168.210158
0.79,21,31168.260437
0.87,23,31168.315935
0.79,31,31168.3916
0.75,25,31168.452039
0.86,14,31168.486345
0.35,45,31168.595541
0.82,18,31168.639693
0.84,16,31168.679323
0.8,20,31168.728024
0.92,18,31168.765211
0.91,19,31168.801787
0.75,15,31168.830681
0.85,15,31168.859638
0.8,20,31168.898751
0.77,23,31168.944788
0.8,20,31168.98478
0.6,30,31169.043341
0.82,18,31169.079197
0.73,17,31169.112752
0.91,19,31169.149866
0.93,17,31169.183354
0.9,20,31169.222203
0.84,16,31169.253864
0.92,18,31169.289515
0.81,19,31169.327742
0.81,19,31169.366273
0.81,19,31169.403829
0.92,18,31169.438477
0.82,28,31169.492827
0.84,16,31169.524274
0.74,16,31169.556182
0.74,16,31169.587591
0.71,29,31169.643916
0.79,21,31169.684379
0.84,16,31169.71489
0.76,24,31169.76014
0.92,18,31169.794088
0.63,27,31169.844896
0.93,17,31169.87752
0.82,28,31169.930641
0.85,15,31169.959645
0.83,17,31169.992029
0.91,19,31170.0303
0.87,13,31170.057268
0.16,44,31175.349412
0.86,24,31175.395108
0.8,20,31175.432636
0.89,21,31175.471164
0.81,19,31175.507032
0.82,18,31175.541911
0.86,14,31175.569289
0.8,20,31175.607181
0.92,18,31175.641711
0.74,16,31175.672185
0.82,18,31175.705163
0.69,21,31175.743804
0.77,23,31175.787623
0.84,16,31175.818245
0.78,22,31175.859869
0.52,38,31175.933004
0.66,34,31176.009066
0.71,29,31176.065535
0.66,34,31176.132209
0.81,19,31176.169212
0.79,21,31176.208962
0.65,35,31176.275714
0.89,21,31176.318069
0.68,22,31176.362181
0.75,15,31176.391825
0.73,17,31176.425224
0.81,19,31176.462586
0.72,18,31176.497949
0.89,21,31176.538616
0.76,14,31176.566267
0.94,16,31176.59814
0.45,35,31176.665771
0.78,22,31176.709571
0.82,18,31176.744707
0.71,19,31176.781402
0.84,16,31176.81189
0.51,39,31176.886832
0.57,23,31176.930327
0.84,16,31176.960982
0.79,21,31177.00174
0.85,15,31177.030641
0.47,33,31177.093528
0.78,22,31177.136877
0.73,17,31177.170391
0.73,17,31177.202919
0.92,18,31177.237928
0.8,20,31182.714532
0.71,19,31182.752191
0.85,25,31182.801009
0.84,16,31182.833212
0.91,19,31182.877059
0.85,15,31182.912308
0.72,18,31182.948872
0.71,19,31182.986933
0.84,16,31183.018962
0.77,23,31183.064097
0.91,19,31183.102416
0.73,17,31183.136506
0.84,16,31183.167937
0.94,16,31183.199091
0.73,17,31183.232466
0.63,27,31183.285615
0.45,55,31183.391682
0.78,32,31183.45349
0.74,16,31183.484064
0.92,18,31183.51816
0.49,41,31183.597357
0.69,31,31183.65694
0.59,21,31183.69742
0.85,15,31183.725539
0.73,17,31183.757738
0.92,18,31183.791937
0.82,18,31183.826461
0.74,16,31183.856483
0.97,13,31183.882054
0.8,20,31183.92023
0.6,30,31183.977163
0.9,20,31184.015581
0.85,15,31184.044443
0.66,44,31184.126711
0.58,22,31184.169439
0.75,15,31184.198919
0.53,47,31184.288879
0.79,21,31184.330537
0.82,18,31184.365826
0.81,19,31184.40184
0.82,18,31184.43562
0.71,19,31184.471749
0.68,22,31184.514187
0.75,15,31184.543824
0.75,15,31184.573592
0.76,24,31184.618761
0.73,27,31184.669416
0.73,17,31190.039342
0.96,14,31190.074444
0.65,25,31190.136726
0.83,17,31190.178785
0.83,17,31190.221359
0.8,20,31190.270613
0.83,17,31190.311475
0.69,21,31190.361825
0.82,18,31190.404671
0.92,18,31190.447836
0.9,20,31190.495829
0.39,41,31190.597445
0.69,21,31190.650435
0.93,17,31190.694006
0.84,16,31190.733833
0.72,18,31190.770278
0.93,17,31190.80489
0.71,39,31190.88099
0.73,17,31190.914181
0.59,31,31190.973385
0.48,32,31191.035102
0.71,19,31191.072188
0.69,31,31191.131607
0.75,15,31191.161189
0.82,18,31191.196177
0.33,47,31191.285499
0.93,17,31191.318903
0.7,30,31191.378613
0.82,18,31191.414723
0.91,19,31191.451768
0.8,20,31191.491946
0.84,16,31191.524272
0.84,16,31191.556302
0.18,52,31191.655632
0.85,15,31191.68499
0.8,20,31191.723042
0.74,16,31191.753766
0.84,16,31191.785774
0.89,21,31191.827197
0.82,18,31191.862157
0.83,17,31191.894915
0.78,22,31191.937639
0.7,20,31191.975168
0.84,16,31192.006248
0.86,24,31192.052738
0.71,19,31192.089377
0.55,35,31192.160449
0.94,16,31197.925017
0.91,19,31197.96184
0.82,18,31197.996688
0.91,19,31198.032493
0.7,30,31198.089688
0.92,18,31198.12426
0.82,18,31198.159
0.93,17,31198.190655
0.84,16,31198.221453
0.57,33,31198.285868
0.84,16,31198.317604
0.86,14,31198.345215
0.73,17,31198.378505
0.91,19,31198.416477
0.82,18,31198.452207
0.73,17,31198.485228
0.72,38,31198.558595
0.45,55,31198.664643
0.4,40,31198.740923
0.82,18,31198.776389
0.7,20,31198.815526
0.73,17,31198.848931
0.94,16,31198.879977
0.57,43,31198.961921
0.84,26,31199.012753
0.73,17,31199.045347
0.82,18,31199.080334
0.81,19,31199.118161
0.69,21,31199.160031
0.7,30,31199.218531
0.91,19,31199.261045
0.2,50,31199.381356
0.83,17,31199.423688
0.82,18,31199.468874
0.82,18,31199.513255
0.92,18,31199.557807
0.7,30,31199.631878
0.71,19,31199.68252
0.69,21,31199.730311
0.49,51,31199.840511
0.8,20,31199.88291
0.94,16,31199.91588
0.83,17,31199.950712
0.72,18,31199.987328
0.89,21,31206.4456
0.81,19,31206.481995
0.81,19,31206.518832
0.84,16,31206.550232
0.83,17,31206.58353
0.7,20,31206.621922
0.94,16,31206.652084
0.74,26,31206.701038
0.71,19,31206.737399
0.44,36,31206.80605
0.28,52,31206.91783
0.81,19,31206.954818
0.82,18,31206.989797
0.89,21,31207.030348
0.83,17,31207.064172
0.37,43,31207.147663
0.82,18,31207.18328
0.38,42,31207.26573
0.85,15,31207.296393
0.84,16,31207.328899
0.92,18,31207.36536
0.84,16,31207.397928
0.64,16,31207.429747
0.85,15,31207.458597
0.82,18,31207.492692
0.69,21,31207.531561
0.8,20,31207.571211
0.84,16,31207.603678
0.91,19,31207.641414
0.91,19,31207.678844
0.54,36,31207.74993
0.74,16,31207.781306
0.71,29,31207.836187
0.93,17,31207.868779
0.8,20,31207.91437
0.88,22,31207.956514
0.59,31,31208.015825
0.9,20,31208.053843
0.86,24,31208.099723
0.73,17,31208.133967
0.91,19,31208.171543
0.85,15,31208.20143
0.82,18,31208.236365
0.82,18,31208.271063
0.84,16,31208.302355
0.75,15,31208.3321
0.91,19,31208.368936
0.89,21,31208.410078
0.79,21,31213.799762
0.83,17,31213.834813
0.73,17,31213.874999
0.75,15,31213.908403
0.77,23,31213.953711
0.81,19,31213.991415
0.81,19,31214.030123
0.88,22,31214.072757
0.55,45,31214.16052
0.71,29,31214.216393
0.82,18,31214.25076
0.78,22,31214.293686
0.68,22,31214.336314
0.95,15,31214.364835
0.82,18,31214.399293
0.45,45,31214.485397
0.86,14,31214.512994
0.72,18,31214.547498
0.9,20,31214.585045
0.82,18,31214.618613
0.65,25,31214.664872
0.64,36,31214.731318
0.82,18,31214.769999
0.85,15,31214.800499
0.93,17,31214.834481
0.83,17,31214.868265
0.26,54,31214.98269
0.72,28,31215.036089
0.93,17,31215.068511
0.9,20,31215.107419
0.84,16,31215.138216
0.83,17,31215.170723
0.81,19,31215.206859
0.85,15,31215.236229
0.84,16,31215.267363
0.73,17,31215.300319
0.73,17,31215.332319
0.78,22,31215.37411
0.76,14,31215.400629
0.71,19,31215.435691
0.59,31,31215.493894
0.85,15,31215.522796
0.88,22,31215.564698
0.57,43,31215.643579
0.74,16,31215.674516
0.85,15,31215.704279
0.93,17,31215.736767
0.47,53,31221.653279
0.81,19,31221.690238
0.92,18,31221.725268
0.87,23,31221.769437
0.82,18,31221.803473
0.93,17,31221.839358
0.82,18,31221.882788
0.9,20,31221.924054
0.83,17,31221.956338
0.83,17,31221.988491
0.81,19,31222.025212
0.92,18,31222.059287
0.83,27,31222.11181
0.63,37,31222.183616
0.79,21,31222.223444
0.81,19,31222.259197
0.71,29,31222.312472
0.92,18,31222.345973
0.66,34,31222.408806
0.94,16,31222.440522
0.71,29,31222.496031
0.85,15,31222.524941
0.8,20,31222.563119
0.82,18,31222.597177
0.8,20,31222.635608
0.45,35,31222.703239
0.85,15,31222.732553
0.81,19,31222.767953
0.17,73,31222.90851
0.81,19,31222.945961
0.9,20,31222.984968
0.53,27,31223.036628
0.83,17,31223.069252
0.83,17,31223.102011
0.81,19,31223.139276
0.76,14,31223.166475
0.84,16,31223.197664
0.81,19,31223.235622
-0.02,52,31223.337838
0.81,19,31223.374748
0.84,16,31223.406018
0.79,21,31223.446324
0.91,19,31223.484015
0.83,17,31223.517071
0.12,58,31229.446093
0.91,19,31229.482685
0.94,16,31229.512973
0.72,18,31229.547689
0.82,18,31229.583874
0.5,40,31229.661953
0.7,20,31229.70026
0.76,24,31229.748742
0.8,20,31229.788412
0.97,13,31229.8158
0.76,34,31229.898139
0.56,34,31229.96488
0.54,26,31230.016901
0.63,37,31230.088255
0.76,24,31230.134761
0.78,32,31230.195748
0.63,27,31230.246401
0.83,17,31230.278199
0.94,16,31230.309024
0.72,18,31230.344539
0.92,18,31230.379168
0.81,19,31230.415598
0.81,19,31230.452469
0.74,16,31230.483622
0.72,18,31230.518162
0.66,34,31230.582392
0.61,39,31230.654552
0.96,14,31230.680921
0.71,19,31230.716482
0.44,36,31230.787471
0.71,29,31230.849548
0.8,20,31230.896897
0.8,20,31230.940771
0.93,17,31230.982198
0.82,18,31231.028724
0.84,16,31231.068713
0.85,15,31231.104994
0.53,27,31231.168954
0.96,14,31231.203115
0.7,30,31231.27464
0.75,15,31231.309958
0.9,20,31231.357148
0.72,18,31231.401383
0.72,28,31231.470309
0.91,19,31231.516477
0.82,18,31236.985276
0.81,19,31237.028889
0.93,17,31237.068696
0.73,17,31237.107718
0.84,16,31237.144781
0.92,18,31237.185391
0.93,17,31237.223986
0.8,20,31237.268485
0.8,20,31237.315852
0.81,19,31237.361487
0.88,22,31237.413133
0.71,29,31237.480734
0.74,26,31237.541754
0.85,15,31237.577463
0.76,14,31237.609829
0.82,18,31237.651907
0.59,31,31237.726221
0.36,44,31237.817291
0.94,16,31237.848245
0.95,15,31237.879601
0.85,15,31237.914835
0.94,16,31237.954129
0.47,43,31238.055027
0.89,21,31238.104723
0.73,17,31238.145311
0.69,41,31238.243645
0.89,21,31238.294285
0.8,20,31238.343578
0.77,23,31238.400164
0.72,18,31238.443454
0.93,17,31238.483611
0.93,17,31238.523926
0.94,16,31238.563303
0.96,14,31238.597835
0.81,19,31238.644082
0.85,15,31238.680324
0.81,19,31238.725845
0.92,18,31238.767759
0.78,22,31238.818023
0.79,21,31238.859769
0.74,26,31238.918863
0.8,20,31238.96874
0.68,32,31239.04469
0.81,19,31239.089852
0.82,18,31239.133014
0.92,18,31239.176251
0.79,21,31239.22606
0.79,31,31239.298512
0.39,51,31244.668995
0.71,19,31244.705149
0.81,19,31244.741653
0.61,29,31244.796441
0.71,19,31244.832507
0.8,20,31244.870656
0.73,17,31244.902159
0.42,48,31244.99206
0.84,16,31245.022989
0.95,15,31245.052017
0.8,20,31245.088794
0.58,32,31245.149106
0.9,20,31245.18752
0.7,20,31245.226898
0.85,15,31245.256465
0.75,15,31245.285599
0.84,16,31245.316182
0.82,18,31245.350517
0.76,14,31245.377594
0.84,16,31245.407616
0.4,60,31245.520804
0.72,18,31245.554748
0.81,19,31245.58944
0.84,16,31245.618931
0.83,17,31245.652032
0.7,20,31245.689813
0.76,24,31245.735811
0.9,20,31245.779436
0.87,23,31245.834238
0.96,14,31245.868279
0.79,21,31245.914663
0.89,21,31245.956069
0.84,16,31245.987551
0.68,32,31246.057628
0.76,24,31246.114826
0.49,31,31246.187845
0.72,18,31246.230999
0.79,21,31246.28231
0.79,21,31246.332422
0.59,31,31246.403835
0.81,19,31246.449055
0.57,33,31246.526132
0.82,18,31246.569243
0.7,30,31246.641017
0.81,19,31246.685502
0.82,18,31246.727625
0.82,18,31252.338366
0.82,18,31252.373971
0.82,18,31252.408169
0.85,15,31252.436812
0.74,16,31252.467471
0.77,23,31252.509886
0.88,22,31252.551757
0.7,30,31252.606994
0.93,17,31252.639994
0.72,28,31252.696373
0.93,17,31252.73073
0.91,19,31252.767792
0.95,15,31252.79668
0.94,16,31252.828393
0.68,32,31252.892095
0.77,23,31252.937347
0.85,15,31252.966557
0.88,12,31252.990049
0.92,18,31253.024925
0.6,40,31253.104045
0.7,40,31253.183617
0.76,14,31253.212122
0.94,16,31253.243477
0.92,18,31253.278644
0.8,20,31253.317652
0.82,18,31253.352945
0.81,19,31253.389701
0.92,18,31253.424051
0.47,33,31253.487915
0.85,15,31253.517731
0.8,20,31253.557356
0.73,27,31253.610286
0.92,18,31253.647107
0.73,17,31253.681405
0.75,15,31253.710971
0.82,18,31253.745714
0.83,17,31253.778774
0.83,17,31253.812268
0.9,20,31253.851891
0.65,25,31253.901271
0.75,25,31253.949051
0.82,18,31253.983358
0.93,17,31254.015818
0.92,18,31254.049154
0.81,19,31254.083907
0.73,17,31254.115382
0.44,56,31254.218021
0.81,29,31254.272496
0.92,18,31259.658746
0.82,18,31259.703776
0.48,42,31259.790265
0.9,20,31259.829567
0.77,23,31259.874995
0.7,30,31259.934283
0.79,21,31259.977006
0.83,17,31260.011184
0.78,32,31260.075887
0.67,23,31260.121972
0.84,16,31260.155814
0.6,30,31260.214849
0.71,29,31260.272583
0.86,14,31260.300815
0.76,24,31260.347978
0.91,19,31260.386687
0.84,16,31260.419892
0.45,45,31260.507494
0.85,15,31260.537783
0.82,18,31260.573863
0.85,15,31260.604441
0.82,18,31260.640561
0.39,61,31260.760421
0.75,15,31260.790642
0.76,34,31260.859058
0.72,28,31260.914215
0.93,17,31260.9477
0.83,27,31260.999339
0.87,23,31261.043073
0.83,27,31261.100178
0.83,17,31261.133372
0.85,15,31261.161995
0.57,33,31261.225503
0.65,25,31261.274707
0.79,21,31261.314969
0.78,22,31261.357162
0.57,43,31261.438807
0.88,22,31261.481069
0.63,37,31261.551572
0.79,21,31261.592025
0.65,25,31261.64021
0.9,20,31267.8078
0.73,27,31267.858489
0.49,41,31267.943319
0.93,17,31267.981493
0.92,18,31268.017037
0.81,19,31268.054582
0.67,43,31268.136776
0.92,18,31268.171834
0.23,57,31268.281782
0.62,38,31268.354368
0.81,19,31268.390831
0.93,17,31268.423961
0.59,41,31268.500658
0.33,57,31268.609915
0.8,20,31268.648453
0.92,18,31268.683054
0.84,16,31268.713888
0.82,18,31268.748275
0.81,19,31268.785129
0.79,31,31268.845688
0.82,18,31268.881092
0.83,17,31268.913663
0.23,57,31269.029819
0.67,33,31269.093715
0.76,14,31269.121314
0.7,30,31269.17908
0.7,30,31269.237355
0.83,17,31269.271522
0.67,43,31269.356151
0.96,14,31269.384619
0.63,17,31269.418107
0.08,52,31269.518856
0.54,36,31269.590411
0.92,18,31269.625373
0.8,30,31269.682864
0.62,28,31269.73931
0.61,29,31269.803114
0.62,28,31276.92449
0.7,20,31276.962708
0.49,41,31277.041425
0.91,19,31277.07696
0.92,18,31277.11088
0.7,30,31277.167441
0.88,22,31277.209143
0.61,39,31277.281218
0.7,30,31277.339696
0.83,17,31277.372824
0.75,25,31277.419941
0.72,18,31277.454021
0.93,17,31277.486391
0.71,19,31277.522774
0.86,14,31277.550357
0.73,17,31277.58315
0.92,18,31277.61772
0.8,30,31277.672959
0.8,20,31277.710878
0.71,29,31277.76762
0.51,39,31277.84238
0.83,17,31277.875115
0.71,29,31277.931838
0.81,19,31277.969019
0.8,20,31278.008281
0.66,24,31278.05466
0.78,22,31278.096095
0.7,40,31278.172635
0.82,18,31278.20725
0.82,18,31278.242004
0.83,17,31278.275514
0.9,20,31278.314461
0.94,16,31278.346115
0.82,18,31278.38098
0.72,18,31278.415409
0.74,26,31278.46518
0.81,19,31278.501285
0.84,16,31278.532477
0.94,16,31278.564958
0.85,15,31278.595466
0.84,16,31278.62781
0.82,18,31278.664227
0.91,19,31278.701552
0.91,19,31278.738694
0.68,32,31278.80108
0.74,26,31278.852449
0.94,16,31284.231722
0.87,23,31284.286845
0.59,31,31284.361043
0.74,26,31284.423927
0.83,17,31284.465002
0.49,41,31284.563341
0.27,53,31284.691137
0.72,18,31284.734179
0.84,16,31284.767099
0.84,16,31284.79928
0.76,34,31284.86401
0.83,17,31284.896877
0.95,15,31284.925926
0.87,13,31284.950974
0.67,33,31285.014382
0.66,34,31285.078415
0.46,44,31285.160548
0.84,16,31285.191308
0.94,16,31285.222909
0.86,14,31285.249564
0.94,16,31285.280859
0.9,20,31285.319976
0.9,20,31285.359042
0.83,17,31285.392062
0.71,29,31285.447313
0.56,34,31285.515445
0.59,41,31285.597347
0.72,28,31285.661331
0.51,49,31285.773642
0.75,15,31285.803528
0.84,16,31285.835803
0.9,20,31285.876157
0.8,20,31285.923143
0.82,18,31285.965829
0.93,17,31286.006837
0.6,30,31286.078215
0.85,15,31286.113935
0.91,19,31286.160393
0.84,16,31286.199223
0.8,30,31286.273169
0.6,30,31286.34811
0.42,38,31292.513023
0.83,17,31292.546771
0.95,15,31292.576383
0.81,19,31292.61267
0.72,18,31292.647601
0.81,19,31292.687489
0.73,17,31292.729156
0.7,20,31292.777859
0.68,42,31292.861734
0.83,17,31292.902603
0.8,20,31292.948824
0.74,16,31292.980779
0.72,18,31293.017551
0.59,31,31293.07838
0.71,29,31293.134334
0.81,19,31293.170888
0.92,18,31293.20534
0.84,16,31293.237029
0.83,17,31293.270056
0.82,18,31293.305292
0.85,15,31293.335146
0.94,16,31293.366688
0.85,15,31293.396604
0.83,17,31293.430416
0.74,16,31293.46256
0.84,16,31293.49425
0.83,17,31293.527082
0.61,39,31293.601927
0.93,17,31293.635319
0.86,14,31293.663927
0.79,21,31293.704873
0.83,17,31293.738207
0.86,14,31293.765944
0.85,15,31293.799875
0.69,31,31293.859044
0.84,16,31293.889908
0.8,20,31293.928945
0.64,36,31293.998107
0.84,16,31294.029607
0.82,18,31294.06483
0.82,18,31294.100739
0.8,20,31294.140193
0.73,17,31294.173391
0.7,30,31294.229484
0.77,23,31294.273316
0.81,19,31294.319003
0.66,24,31294.368642
0.43,27,31294.420258
0.8,20,31294.45911
0.93,17,31294.492132
0.85,15,31294.521376
0.9,20,31299.632846
0.82,18,31299.667614
0.92,18,31299.702731
0.96,14,31299.729997
0.91,19,31299.767629
0.41,39,31299.842729
0.83,17,31299.8769
0.36,44,31299.964971
0.84,16,31299.998641
0.8,20,31300.040405
0.82,18,31300.077482
0.82,18,31300.114675
0.83,17,31300.14979
0.46,54,31300.258326
0.82,18,31300.294861
0.92,18,31300.331521
0.73,27,31300.386302
0.57,33,31300.45338
0.93,17,31300.488502
0.81,19,31300.527578
0.57,53,31300.633354
0.86,14,31300.662051
0.7,40,31300.754257
0.82,18,31300.794097
0.7,20,31300.834982
0.93,17,31300.870493
0.8,20,31300.911508
0.4,60,31301.033268
0.25,55,31301.143417
0.73,17,31301.178254
0.92,18,31301.214291
0.86,14,31301.242686
0.81,19,31301.280805
0.84,26,31301.331405
0.82,18,31301.366788
0.8,20,31301.406437
0.71,29,31301.463698
0.79,21,31301.505523
0.94,16,31301.537671
0.83,17,31301.572005
0.8,20,31301.611645
0.83,17,31301.644809
0.77,23,31301.688738
0.93,17,31308.188203
0.73,27,31308.241298
0.81,19,31308.278003
0.83,17,31308.311311
0.82,18,31308.346403
0.9,20,31308.38533
0.69,21,31308.426375
0.8,30,31308.484189
0.77,23,31308.530708
0.8,20,31308.570796
0.81,19,31308.607869
0.61,29,31308.663966
0.94,16,31308.697038
0.81,19,31308.74581
0.67,33,31308.81336
0.83,17,31308.847123
0.95,15,31308.877444
0.73,27,31308.931403
0.84,16,31308.963578
0.92,18,31308.998983
0.92,18,31309.033464
0.8,20,31309.07127
0.85,15,31309.099893
0.7,30,31309.156652
0.84,16,31309.189194
0.75,25,31309.239143
0.73,27,31309.291532
0.82,18,31309.32726
0.56,44,31309.41298
0.72,28,31309.468097
0.94,16,31309.499167
0.69,21,31309.53985
0.93,17,31309.573694
0.72,18,31309.608905
0.91,19,31309.647224
0.75,15,31309.677338
0.83,17,31309.710159
0.96,14,31309.737478
0.68,22,31309.780003
0.71,29,31309.835004
0.84,16,31309.866048
0.9,20,31309.909079
0.79,21,31309.950408
0.72,18,31309.987309
0.37,53,31310.093988
0.84,16,31310.126338
0.88,22,31310.170483
0.82,18,31315.540938
0.92,18,31315.575099
0.82,18,31315.608737
0.84,16,31315.639746
0.91,19,31315.676621
0.8,20,31315.715845
0.88,22,31315.758008
0.82,18,31315.791579
0.81,19,31315.826751
0.71,29,31315.890997
0.82,18,31315.933082
0.6,30,31316.001757
0.94,16,31316.039877
0.93,17,31316.079958
0.75,15,31316.115289
0.74,16,31316.153248
0.74,16,31316.190601
0.49,41,31316.283488
0.39,41,31316.377389
0.79,21,31316.426218
0.84,16,31316.463542
0.65,35,31316.54375
0.57,33,31316.620669
0.95,15,31316.656195
0.93,17,31316.696234
0.76,14,31316.729626
0.83,17,31316.769683
0.72,18,31316.811457
0.71,29,31316.866047
0.91,19,31316.911969
0.62,28,31316.970902
0.72,18,31317.007147
0.89,21,31317.048854
0.59,31,31317.107782
0.76,24,31317.153282
0.82,18,31317.187294
0.79,31,31317.246076
0.85,15,31317.274422
0.81,19,31317.310381
0.93,17,31317.342608
0.71,19,31317.378497
0.91,19,31317.414949
0.72,18,31317.449458
0.32,68,31317.578037
0.26,54,31323.730693
0.58,32,31323.792829
0.43,37,31323.869138
0.93,17,31323.910041
0.79,21,31323.952276
0.83,27,31324.00406
0.82,18,31324.039616
0.78,22,31324.083074
0.67,23,31324.127697
0.84,16,31324.158904
0.81,19,31324.195472
0.8,20,31324.234169
0.56,34,31324.298523
0.76,24,31324.344274
0.82,18,31324.379062
0.73,17,31324.412113
0.84,16,31324.443498
0.7,20,31324.482776
0.8,20,31324.522314
0.81,19,31324.560176
0.7,20,31324.599231
0.6,40,31324.677124
0.8,20,31324.716726
0.57,33,31324.782096
0.69,21,31324.823908
0.31,39,31324.900638
0.82,18,31324.935741
0.62,38,31325.009298
0.85,15,31325.038089
0.76,24,31325.084179
0.8,20,31325.122813
0.83,17,31325.15596
0.39,41,31325.23418
0.92,18,31325.268392
0.92,18,31325.302918
0.93,17,31325.335233
0.9,20,31325.37289
0.89,21,31325.413165
0.63,27,31325.464531
0.7,20,31325.503094
0.74,16,31325.533497
0.76,24,31325.583822
0.82,18,31325.627184
0.83,17,31325.668388
0.82,18,31325.712257
0.85,15,31325.747626
0.74,16,31331.202072
0.71,19,31331.240082
0.83,17,31331.272922
0.77,23,31331.316397
0.52,38,31331.385616
0.79,21,31331.425007
0.82,18,31331.458508
0.81,19,31331.493502
0.92,18,31331.527159
0.75,15,31331.556538
0.93,17,31331.591465
0.67,33,31331.656899
0.81,29,31331.713068
0.36,44,31331.803788
0.92,18,31331.841671
0.79,21,31331.88258
0.8,20,31331.925387
0.81,19,31331.970024
0.73,17,31332.009532
0.71,19,31332.053813
0.7,20,31332.100331
0.83,17,31332.140389
0.83,17,31332.180146
0.47,33,31332.257319
0.83,17,31332.296731
0.83,17,31332.336688
0.83,17,31332.376653
0.8,20,31332.423391
0.94,16,31332.460671
0.91,19,31332.505777
0.82,18,31332.548716
0.93,17,31332.588916
0.63,37,31332.675966
0.8,20,31332.725261
0.8,20,31332.767763
0.72,28,31332.821627
0.91,19,31332.85959
0.83,17,31332.897311
0.82,18,31332.93948
0.58,32,31333.001505
0.83,17,31333.041681
0.76,24,31333.087915
0.78,22,31333.130667
0.92,18,31333.165117
0.95,15,31333.194026
0.93,17,31333.227271
0.93,17,31333.260937
0.75,35,31333.328583
0.73,17,31338.730898
0.79,21,31338.77167
0.8,20,31338.809031
0.64,26,31338.859501
0.47,43,31338.953383
0.79,31,31339.03234
0.64,26,31339.097036
0.74,16,31339.136657
0.87,23,31339.192625
0.81,19,31339.2385
0.84,16,31339.276928
0.84,16,31339.315307
0.77,33,31339.393403
0.71,19,31339.438596
0.8,20,31339.486457
0.67,23,31339.538791
0.91,19,31339.577512
0.48,52,31339.684586
0.71,29,31339.749794
0.91,19,31339.787244
0.94,16,31339.818808
0.82,18,31339.854691
0.83,17,31339.888193
0.6,30,31339.94706
0.74,16,31339.97907
0.85,15,31340.008719
0.81,19,31340.045892
0.14,36,31340.116231
0.47,43,31340.200901
0.75,15,31340.231498
0.86,14,31340.259683
0.62,28,31340.31488
0.84,16,31340.347052
0.89,21,31340.389044
0.71,29,31340.447083
0.92,18,31340.48221
0.92,18,31340.517054
0.74,16,31340.549177
0.82,18,31340.585115
0.7,20,31340.623961
0.89,21,31340.664926
0.46,44,31340.750059
0.86,14,31340.776789
0.79,21,31340.816216
0.77,23,31346.697234
0.81,19,31346.733871
0.8,20,31346.772053
0.84,16,31346.802625
0.49,41,31346.88182
0.76,14,31346.915946
0.81,19,31346.962419
0.81,19,31347.008976
0.9,20,31347.049897
0.69,21,31347.09208
0.62,28,31347.146935
0.73,17,31347.181465
0.82,18,31347.217538
0.91,19,31347.255404
0.71,19,31347.292756
0.82,18,31347.327909
0.78,32,31347.389504
0.83,27,31347.441045
0.44,36,31347.511406
0.84,16,31347.543115
0.55,35,31347.614744
0.8,20,31347.662347
0.82,18,31347.705825
0.85,15,31347.743466
0.94,16,31347.781349
0.71,19,31347.824717
0.82,18,31347.859001
0.82,18,31347.89265
0.81,19,31347.933069
0.73,37,31348.021159
0.61,29,31348.091413
0.5,30,31348.164037
0.84,16,31348.202774
0.91,19,31348.249649
0.82,18,31348.293398
0.33,47,31348.404015
0.83,17,31348.445717
0.85,15,31348.482033
0.89,11,31348.509399
0.74,16,31348.549146
0.82,18,31348.594012
0.71,29,31348.665916
0.94,16,31348.705109
0.83,17,31348.745503
0.79,31,31348.806287
0.7,30,31348.865851
0.6,30,31354.448964
0.9,20,31354.487734
0.67,23,31354.532933
0.67,23,31354.578529
0.89,21,31354.619126
0.57,43,31354.704076
0.83,17,31354.744764
0.71,19,31354.781899
0.86,24,31354.827756
0.49,31,31354.895984
0.79,21,31354.937611
0.79,21,31354.980257
0.5,40,31355.05852
0.81,19,31355.097472
0.86,14,31355.124869
0.56,44,31355.209358
0.7,20,31355.247966
0.59,31,31355.308599
0.6,30,31355.367862
0.89,21,31355.408371
0.7,20,31355.446611
0.87,23,31355.490707
0.69,21,31355.531025
0.6,30,31355.58875
0.85,15,31355.617947
0.85,15,31355.646886
0.61,29,31355.700841
0.75,15,31355.729361
0.35,55,31355.83389
0.76,14,31355.861484
0.68,22,31355.904658
0.93,17,31355.93744
0.54,26,31355.984904
0.81,19,31356.019895
0.96,14,31356.04616
0.78,22,31356.087092
0.73,17,31356.119314
0.72,28,31356.171216
0.72,28,31356.222698
0.84,16,31356.253181
0.91,19,31356.289011
0.71,29,31356.34344
0.83,17,31356.376265
0.89,21,31356.416258
0.73,17,31362.173155
0.74,16,31362.204151
0.72,18,31362.239271
0.84,16,31362.270947
0.91,19,31362.307567
0.86,14,31362.33532
0.91,19,31362.373172
0.78,22,31362.41545
0.8,20,31362.453544
0.81,19,31362.490271
0.76,24,31362.536942
0.73,17,31362.570594
0.9,20,31362.609507
0.81,19,31362.646285
0.56,34,31362.712916
0.75,25,31362.76203
0.69,21,31362.80199
0.94,16,31362.83227
0.63,27,31362.885215
0.79,21,31362.933564
0.62,28,31362.987174
0.82,18,31363.021343
0.83,17,31363.053596
0.9,20,31363.091646
0.54,46,31363.177417
0.66,34,31363.240911
0.82,18,31363.275512
0.57,33,31363.337197
0.74,16,31363.367501
0.86,14,31363.394285
0.8,20,31363.43329
0.79,21,31363.473776
0.83,17,31363.505793
0.72,18,31363.539894
0.72,28,31363.592298
0.82,18,31363.625787
0.73,27,31363.675755
0.52,28,31363.727134
0.67,23,31363.770517
0.82,18,31363.804915
0.77,23,31363.848564
0.75,15,31363.87841
0.56,34,31363.944315
0.73,27,31364.0034
0.96,14,31364.037148
0.94,16,31364.075958
0.61,29,31364.145218
0.83,17,31369.221272
0.59,31,31369.283046
0.65,25,31369.332926
0.92,18,31369.36848
0.81,19,31369.406093
0.79,21,31369.447414
0.84,26,31369.499001
0.61,19,31369.536958
0.79,21,31369.579285
0.65,25,31369.629936
0.94,16,31369.662521
0.79,21,31369.714611
0.93,17,31369.753747
0.79,21,31369.796439
0.7,20,31369.836437
0.83,27,31369.890067
0.84,16,31369.922079
0.78,22,31369.966435
0.83,17,31370.000371
0.63,27,31370.053871
0.86,14,31370.081779
0.85,15,31370.111476
0.8,20,31370.150756
0.81,19,31370.187915
0.74,16,31370.21963
0.91,19,31370.256919
0.72,18,31370.292508
0.83,17,31370.326955
0.67,23,31370.373158
0.8,20,31370.413352
0.73,17,31370.447399
0.93,17,31370.481378
0.82,18,31370.516616
0.8,20,31370.555588
0.8,20,31370.594282
0.67,33,31370.658039
0.96,14,31370.686111
0.93,17,31370.719396
0.83,17,31370.752925
0.92,18,31370.788046
0.95,15,31370.82061
0.82,18,31370.856365
0.73,17,31370.889066
0.92,18,31370.923269
0.64,36,31370.9908
0.84,16,31371.024013
0.68,22,31371.077202
0.82,18,31371.113671
0.71,19,31371.150157
0.59,41,31371.229409
0.58,42,31376.162462
0.83,17,31376.195928
0.83,17,31376.229282
0.89,21,31376.269821
0.79,21,31376.311085
0.84,26,31376.362135
0.68,32,31376.423515
0.94,16,31376.454762
0.74,16,31376.485508
0.88,22,31376.528015
0.71,19,31376.56537
0.82,18,31376.600787
0.68,22,31376.643152
0.93,17,31376.675608
0.45,35,31376.748231
0.82,18,31376.783161
0.78,22,31376.825896
0.71,29,31376.883607
0.72,18,31376.92352
0.58,32,31376.994343
0.75,15,31377.024438
0.7,30,31377.081439
0.58,32,31377.142145
0.85,15,31377.171541
0.93,17,31377.203965
0.81,29,31377.260803
0.3,40,31377.336835
0.55,25,31377.384173
0.84,16,31377.414274
0.92,18,31377.448601
0.78,22,31377.490865
0.66,14,31377.517877
0.83,17,31377.550628
0.74,26,31377.599939
0.82,18,31377.63354
0.36,44,31377.715834
0.85,15,31377.745135
0.68,32,31377.807408
0.71,19,31377.846004
0.83,17,31377.879536
0.94,16,31377.910587
0.68,22,31377.960787
0.59,31,31378.034835
0.8,20,31378.082009
0.85,15,31378.118266
0.8,30,31383.698228
0.7,30,31383.756012
0.7,30,31383.814363
0.71,19,31383.851144
0.79,21,31383.891882
0.82,18,31383.926006
0.83,17,31383.957966
0.49,41,31384.035596
0.83,17,31384.068556
0.75,15,31384.097401
0.81,19,31384.134195
0.7,30,31384.191385
0.71,19,31384.227926
0.36,54,31384.342468
0.29,41,31384.418615
0.93,17,31384.455713
0.82,18,31384.496583
0.94,16,31384.533779
0.49,31,31384.603656
0.73,17,31384.642713
0.96,14,31384.668927
0.7,20,31384.705933
0.84,16,31384.736527
0.75,35,31384.801153
0.84,16,31384.831228
0.73,17,31384.863409
0.57,33,31384.925523
0.79,21,31384.965412
0.94,16,31384.996577
0.69,31,31385.056702
0.64,26,31385.105389
0.73,17,31385.137775
0.9,20,31385.175356
0.72,18,31385.209344
0.81,19,31385.245997
0.7,30,31385.303866
0.94,16,31385.334635
0.81,19,31385.370784
0.83,17,31385.403807
0.8,20,31385.442409
0.82,18,31385.477302
0.88,22,31385.52127
0.73,17,31385.558076
0.93,17,31385.592234
0.78,22,31385.635154
0.72,28,31391.372476
0.69,21,31391.412419
0.83,17,31391.444968
0.71,29,31391.498638
0.79,21,31391.537709
0.82,28,31391.590855
0.73,17,31391.622637
0.87,13,31391.646836
0.83,17,31391.677471
0.73,17,31391.708917
0.54,46,31391.81706
0.82,18,31391.855094
0.73,17,31391.890599
0.73,17,31391.930722
0.72,18,31391.973138
0.82,18,31392.013357
0.82,18,31392.047848
0.7,20,31392.085563
0.83,17,31392.117453
0.93,17,31392.149523
0.62,28,31392.201538
0.92,18,31392.235657
0.83,17,31392.268716
0.81,29,31392.323287
0.78,22,31392.364921
0.68,42,31392.444153
0.77,23,31392.489719
0.64,36,31392.559579
0.92,18,31392.594387
0.9,20,31392.632565
0.87,23,31392.675596
0.73,17,31392.70851
0.48,32,31392.779482
0.84,16,31392.818517
0.86,14,31392.849805
0.73,27,31392.904959
0.47,43,31392.988813
0.57,33,31393.053818
0.86,14,31393.081316
0.6,30,31393.139395
0.83,17,31393.1733
0.7,30,31393.233497
0.89,21,31393.275979
0.83,17,31393.309295
0.82,18,31393.345563
0.92,18,31393.381178
0.65,25,31398.949767
0.54,26,31398.999091
0.61,29,31399.054648
0.65,15,31399.083591
0.69,21,31399.124217
0.74,16,31399.155428
0.74,16,31399.186356
0.66,34,31399.249373
0.92,18,31399.282936
0.83,17,31399.315317
0.73,17,31399.347792
0.73,17,31399.380459
0.64,26,31399.429604
0.93,17,31399.461756
0.96,14,31399.488802
0.5,30,31399.545191
0.85,15,31399.574095
0.82,18,31399.608385
0.89,21,31399.648049
0.82,18,31399.682843
0.86,24,31399.728081
0.88,22,31399.769944
0.94,16,31399.803292
0.76,14,31399.830245
0.66,24,31399.878067
0.64,26,31399.929647
0.82,18,31399.965168
0.8,20,31400.004518
0.77,23,31400.049837
0.82,18,31400.085664
0.81,29,31400.141624
0.72,18,31400.176776
0.43,37,31400.248294
0.72,18,31400.283247
0.72,28,31400.337186
0.91,19,31400.373798
0.73,27,31400.424831
0.43,57,31400.531599
0.79,21,31400.572766
0.82,18,31400.607041
0.7,40,31400.682117
0.8,20,31400.720402
0.54,56,31400.831746
0.9,20,31400.870821
0.63,27,31406.612351
0.93,17,31406.644363
0.77,23,31406.686948
0.73,27,31406.737126
0.55,45,31406.828221
0.82,18,31406.866822
0.83,17,31406.906705
0.72,28,31406.963399
0.73,17,31406.996672
0.48,42,31407.078489
0.53,57,31407.189883
0.82,18,31407.22591
0.81,19,31407.269987
0.46,44,31407.375952
0.66,24,31407.429632
0.9,20,31407.476902
0.59,31,31407.547714
0.73,27,31407.609866
0.82,18,31407.651359
0.76,24,31407.707738
0.91,19,31407.753045
0.87,23,31407.806644
0.86,14,31407.840148
0.75,25,31407.888251
0.81,19,31407.924753
0.71,29,31407.97992
0.71,29,31408.034808
0.72,28,31408.08744
0.92,18,31408.121382
0.72,18,31408.156597
0.78,22,31408.199386
0.83,27,31408.251868
0.8,20,31408.289793
0.83,17,31408.322581
0.82,18,31408.357864
0.83,17,31408.390857
0.92,18,31408.425837
0.68,22,31408.467892
0.71,29,31408.52269
0.74,16,31408.553427
0.82,18,31408.587605
0.93,17,31408.620183
0.8,20,31408.658391
0.44,36,31414.31787
0.73,17,31414.351054
0.79,21,31414.391903
0.78,22,31414.433699
0.47,43,31414.515893
0.73,27,31414.570696
0.5,40,31414.649148
0.6,30,31414.720858
0.54,26,31414.773489
0.69,21,31414.814578
0.72,28,31414.87122
0.84,16,31414.903274
0.62,28,31414.956737
0.86,14,31414.984577
0.7,20,31415.022474
0.3,60,31415.133895
0.48,42,31415.212732
0.82,18,31415.247321
0.74,16,31415.278509
0.84,16,31415.309448
0.81,19,31415.34614
0.72,18,31415.381271
0.71,19,31415.418574
0.82,18,31415.45381
0.91,19,31415.490579
0.35,45,31415.578026
0.93,17,31415.610065
0.54,36,31415.678079
0.33,57,31415.794589
0.73,17,31415.827357
0.94,16,31415.858453
0.68,32,31415.931287
0.9,20,31415.978685
0.91,19,31416.022871
0.4,40,31416.116865
0.8,20,31416.164208
0.67,33,31416.242249
0.82,18,31416.285875
0.83,17,31416.327361
0.91,19,31422.951845
0.93,17,31422.984556
0.93,17,31423.016381
0.79,21,31423.055597
0.93,17,31423.087474
0.83,27,31423.139573
0.83,17,31423.172852
0.9,20,31423.210978
0.85,15,31423.239272
0.82,18,31423.273059
0.84,16,31423.303257
0.6,30,31423.359829
0.72,18,31423.394605
0.72,28,31423.448948
0.78,32,31423.512249
0.71,19,31423.550025
0.9,20,31423.588737
0.92,18,31423.623379
0.96,14,31423.650358
0.89,21,31423.691024
0.82,18,31423.724946
0.91,19,31423.760962
0.93,17,31423.793469
0.5,30,31423.848781
0.9,20,31423.889632
0.83,17,31423.92332
0.79,21,31423.965173
0.61,39,31424.04223
0.84,16,31424.073116
0.8,20,31424.111615
0.81,19,31424.148009
0.48,32,31424.209194
0.59,31,31424.267266
0.78,22,31424.309937
0.83,17,31424.342847
0.72,28,31424.395959
0.83,17,31424.428288
0.79,31,31424.488527
0.83,17,31424.521316
0.82,18,31424.556012
0.84,16,31424.586996
0.71,19,31424.62235
0.83,17,31424.654374
0.83,17,31424.686595
0.79,21,31424.730873
0.8,20,31424.777535
0.8,20,31424.824177
0.8,20,31424.868495
0.85,15,31424.901186
0.75,15,31429.832301
0.68,32,31429.897423
0.73,27,31429.948801
0.83,17,31429.981398
0.71,19,31430.018673
0.92,18,31430.054474
0.68,22,31430.098187
0.69,31,31430.159181
0.93,17,31430.192022
0.81,19,31430.229078
0.84,16,31430.259821
0.94,16,31430.291386
0.41,49,31430.382747
0.82,18,31430.417432
0.83,17,31430.451715
0.61,29,31430.509255
0.84,16,31430.541679
0.91,19,31430.579997
0.93,17,31430.613987
0.74,16,31430.64538
0.73,17,31430.678751
0.67,33,31430.744288
0.73,17,31430.776771
0.78,22,31430.8192
0.92,18,31430.854338
0.86,24,31430.900274
0.8,20,31430.938534
0.82,18,31430.972304
0.82,18,31431.007274
0.73,17,31431.040527
0.81,19,31431.076372
0.72,18,31431.110174
0.72,18,31431.144842
0.71,29,31431.20049
0.94,16,31431.231554
0.84,16,31431.262366
0.91,19,31431.29973
0.82,18,31431.334611
0.76,14,31431.360991
0.7,20,31431.397391
0.8,20,31431.433708
1.0,10,31431.452682
0.82,18,31431.48583
0.97,13,31431.510845
0.74,16,31431.541011
0.69,21,31431.580442
0.88,22,31431.621235
0.75,15,31431.648953
0.45,55,31431.75043
0.9,20,31431.787311
0.81,19,31437.036263
0.93,17,31437.069919
0.76,14,31437.097435
0.82,18,31437.133393
0.63,27,31437.186522
0.48,32,31437.250784
0.64,26,31437.301763
0.33,47,31437.393504
0.93,17,31437.426997
0.83,17,31437.459791
0.86,14,31437.485979
0.9,20,31437.524433
0.84,16,31437.556575
0.8,20,31437.596336
0.81,19,31437.632682
0.81,19,31437.66888
0.92,18,31437.704694
0.5,40,31437.782601
0.85,15,31437.811317
0.83,17,31437.843551
0.83,17,31437.875931
0.85,15,31437.905422
0.79,31,31437.964382
0.8,20,31438.002499
0.6,30,31438.060508
0.96,14,31438.087778
0.81,19,31438.125365
0.82,18,31438.160888
0.82,18,31438.196094
0.34,66,31438.323697
0.81,29,31438.381749
0.64,36,31438.468651
0.47,53,31438.598367
0.83,17,31438.641124
0.81,19,31438.688622
0.84,26,31438.752574
0.94,16,31438.784338
0.89,21,31438.827308
0.83,17,31438.867065
0.51,29,31438.927391
0.72,18,31438.967513
0.78,22,31439.012176
0.81,19,31439.050242
0.94,16,31439.082104
0.83,17,31445.085258
0.92,18,31445.128429
0.75,25,31445.186186
0.78,22,31445.238797
0.97,13,31445.269639
0.81,19,31445.313796
0.6,30,31445.383382
0.82,18,31445.425936
0.92,18,31445.468661
0.94,16,31445.505988
0.7,20,31445.54516
0.88,22,31445.592686
0.79,21,31445.641311
0.72,18,31445.683987
0.45,35,31445.764539
0.82,18,31445.805704
0.82,18,31445.846746
0.92,18,31445.886189
0.93,17,31445.924262
0.93,17,31445.965234
0.75,15,31446.001163
0.82,18,31446.044992
0.83,17,31446.085274
0.55,45,31446.187516
0.95,15,31446.222422
0.76,24,31446.279496
0.91,19,31446.325597
0.92,18,31446.369839
0.84,16,31446.40866
0.82,18,31446.452261
0.93,17,31446.493682
0.77,23,31446.549161
0.83,17,31446.590372
0.84,16,31446.628844
0.9,20,31446.676358
0.59,31,31446.750269
0.8,20,31446.798187
0.71,19,31446.843253
0.68,32,31446.908263
0.94,16,31446.939919
0.81,19,31446.976038
0.82,18,31447.010991
0.86,14,31447.038458
0.58,32,31447.098028
0.78,22,31447.144879
0.56,24,31447.20531
0.82,18,31447.25038
0.61,29,31447.321336
0.82,18,31447.365939
0.73,17,31447.406789
0.83,17,31452.514815
0.82,18,31452.548698
0.93,17,31452.581147
0.65,45,31452.666448
0.8,20,31452.706161
0.48,42,31452.800628
0.94,16,31452.839639
0.82,18,31452.879881
0.79,21,31452.922173
0.96,14,31452.950426
0.21,59,31453.066572
0.79,21,31453.108335
0.57,33,31453.173285
0.83,17,31453.207411
0.47,33,31453.271734
0.68,32,31453.333458
0.55,35,31453.401384
0.81,29,31453.458186
0.79,21,31453.498191
0.85,15,31453.526885
0.92,18,31453.561773
0.71,19,31453.597831
0.83,17,31453.630646
0.85,15,31453.660177
0.82,18,31453.694279
0.67,23,31453.738178
0.73,27,31453.788524
0.85,15,31453.817573
0.81,19,31453.854497
0.46,44,31453.961851
0.93,17,31453.996936
0.92,18,31454.035212
0.6,30,31454.107503
0.92,18,31454.151948
0.71,29,31454.220774
0.55,45,31454.32993
0.87,13,31454.361676
0.94,16,31454.400177
0.92,18,31454.444212
0.6,30,31454.514427
0.8,20,31454.564371
0.9,20,31454.613901
0.63,47,31460.903871
0.82,28,31460.956247
0.74,16,31460.986157
0.78,22,31461.027616
0.92,18,31461.062079
0.92,18,31461.09515
0.85,25,31461.141077
0.9,20,31461.178998
0.28,42,31461.257265
0.81,19,31461.294084
0.9,20,31461.333827
0.26,54,31461.438613
0.8,20,31461.477585
0.81,29,31461.533986
0.48,32,31461.597124
0.95,15,31461.626936
0.94,16,31461.658825
0.82,18,31461.694457
0.81,19,31461.732095
0.79,21,31461.780446
0.89,21,31461.831302
0.66,24,31461.886527
0.57,33,31461.95333
0.6,30,31462.013525
0.89,21,31462.056391
0.74,16,31462.088782
0.84,16,31462.120684
0.82,18,31462.162413
0.36,44,31462.268509
0.83,17,31462.30973
0.8,20,31462.357344
0.81,19,31462.402645
0.9,20,31462.450375
0.55,35,31462.528133
0.61,29,31462.596982
0.85,15,31462.626013
0.83,17,31462.661278
0.79,31,31462.723145
0.83,17,31462.756346
0.4,40,31462.83234
0.82,18,31462.868611
0.61,29,31462.925466
0.94,16,31468.715083
0.7,30,31468.774497
0.49,41,31468.853116
0.94,16,31468.88529
0.58,32,31468.947739
0.73,17,31468.982477
0.7,30,31469.039475
0.83,17,31469.071901
0.69,21,31469.111531
0.55,45,31469.196023
0.52,48,31469.286275
0.73,17,31469.319072
0.94,16,31469.349759
0.57,33,31469.411961
0.7,20,31469.450335
0.65,25,31469.49746
0.73,17,31469.529327
0.85,15,31469.558053
0.83,17,31469.591024
0.84,16,31469.62226
0.61,29,31469.677258
0.86,14,31469.704421
0.75,15,31469.733423
0.72,18,31469.766958
0.7,30,31469.826063
0.83,17,31469.867108
0.71,19,31469.90582
0.73,17,31469.938823
0.78,22,31469.981759
0.92,18,31470.016971
0.92,18,31470.052336
0.86,14,31470.07934
0.53,27,31470.130783
0.87,13,31470.156016
0.7,30,31470.212881
0.73,17,31470.245469
0.94,16,31470.276386
0.75,15,31470.305614
0.96,14,31470.332131
0.84,16,31470.361764
0.95,15,31470.389981
0.87,23,31470.432427
0.85,15,31470.460226
0.56,34,31470.521529
0.84,16,31470.550434
0.93,17,31470.581378
0.73,27,31470.629442
0.83,17,31470.66079
0.83,17,31476.363934
0.63,27,31476.429008
0.76,24,31476.487224
0.83,17,31476.527401
0.72,18,31476.571037
0.86,14,31476.603484
0.61,29,31476.658636
0.19,51,31476.753719
0.87,13,31476.778043
0.8,20,31476.815197
0.74,26,31476.864049
0.84,16,31476.894928
0.64,16,31476.92642
0.78,22,31476.969885
0.81,19,31477.007287
0.85,15,31477.036547
0.54,36,31477.104821
0.93,17,31477.136921
0.95,15,31477.165276
0.96,14,31477.19161
0.68,22,31477.232592
0.62,28,31477.284482
0.63,27,31477.333898
0.72,28,31477.386316
0.81,19,31477.421613
0.81,19,31477.457467
0.62,28,31477.510179
0.8,20,31477.547701
0.8,20,31477.586352
0.63,27,31477.64544
0.85,15,31477.681439
0.72,28,31477.748942
0.73,17,31477.790608
0.57,23,31477.845389
0.85,15,31477.879956
0.93,17,31477.918447
0.84,16,31477.956245
0.79,21,31478.006502
0.79,21,31478.056707
0.91,19,31478.102275
0.69,21,31478.152737
0.82,18,31478.195903
0.94,16,31478.238302
0.86,14,31478.265668
0.57,33,31478.32842
0.69,21,31478.368906
0.86,14,31478.396548
0.78,22,31478.439614
0.61,29,31483.510906
0.34,56,31483.619689
0.63,17,31483.652983
0.73,17,31483.686859
0.82,18,31483.722094
0.69,31,31483.782024
0.83,17,31483.814617
0.68,22,31483.856538
0.8,20,31483.895674
0.65,35,31483.963516
0.59,31,31484.023116
0.77,23,31484.06725
0.81,29,31484.133394
0.61,29,31484.202089
0.83,27,31484.267383
0.83,17,31484.308709
0.9,20,31484.357741
0.9,20,31484.406492
0.47,33,31484.486453
0.79,21,31484.538998
0.94,16,31484.579672
0.79,21,31484.631623
0.5,40,31484.729998
0.73,17,31484.767094
0.83,17,31484.801798
0.51,29,31484.858964
0.56,34,31484.935215
0.69,41,31485.015985
0.74,16,31485.047664
0.77,23,31485.091273
0.71,29,31485.146959
0.8,20,31485.185171
1.0,10,31485.204995
0.7,30,31485.261517
0.81,19,31485.297835
0.82,18,31485.333211
0.84,16,31485.364551
0.66,24,31485.412411
0.58,42,31485.495298
0.86,14,31485.523043
0.81,19,31485.560603
0.85,15,31485.597265
0.81,19,31491.635225
0.83,17,31491.668108
0.76,34,31491.731481
0.89,21,31491.771222
0.53,37,31491.841291
0.62,18,31491.87446
0.92,18,31491.907439
0.82,18,31491.940639
0.81,19,31491.976372
0.87,13,31492.001209
0.81,19,31492.037013
0.83,17,31492.06825
0.82,18,31492.101083
0.95,15,31492.130162
0.71,19,31492.167821
0.72,28,31492.221284
0.83,17,31492.253223
0.55,35,31492.317269
0.81,19,31492.352147
0.64,26,31492.400491
0.82,18,31492.434532
0.72,18,31492.46883
0.39,41,31492.548608
0.92,18,31492.583858
0.83,17,31492.61544
0.96,14,31492.641624
0.95,15,31492.670671
0.79,21,31492.711472
0.39,41,31492.790208
0.91,19,31492.827441
0.83,17,31492.861762
0.25,65,31492.988692
0.83,17,31493.02307
0.83,17,31493.056348
0.82,18,31493.091149
0.96,14,31493.119023
0.93,17,31493.152374
0.82,18,31493.187319
0.67,33,31493.250467
0.77,23,31493.294817
0.65,35,31493.361011
0.9,20,31493.398756
0.82,18,31493.432087
0.74,16,31493.462293
0.92,18,31493.49662
0.72,18,31493.530028
0.83,17,31493.563023
0.7,20,31499.368456
0.96,14,31499.396442
0.91,19,31499.433436
0.78,22,31499.477046
0.84,16,31499.509713
0.03,57,31499.626982
0.9,20,31499.668012
0.8,20,31499.70792
0.93,17,31499.742161
0.71,19,31499.780306
0.9,20,31499.820408
0.82,18,31499.858013
0.6,30,31499.918007
0.7,30,31499.977393
0.82,18,31500.013244
0.84,16,31500.045285
0.95,15,31500.075881
0.81,19,31500.113911
0.82,18,31500.150183
0.72,38,31500.225881
0.77,23,31500.272636
0.67,23,31500.318665
0.91,19,31500.357511
0.79,31,31500.420186
0.81,19,31500.458956
0.72,28,31500.51496
0.94,16,31500.547587
0.94,16,31500.580277
0.81,19,31500.618417
0.5,40,31500.703151
0.47,53,31500.81393
0.34,46,31500.905072
0.94,16,31500.936253
0.91,19,31500.972875
0.92,18,31501.010769
0.79,21,31501.061898
0.95,15,31501.098927
0.81,19,31501.144375
0.57,33,31501.223271
0.84,16,31501.262584
0.91,19,31501.309438
0.82,28,31501.377218
0.85,15,31501.413893
0.5,50,31507.387372
0.92,18,31507.421305
0.82,18,31507.455236
0.9,20,31507.493871
0.96,14,31507.521522
0.72,28,31507.576186
0.83,17,31507.609035
0.76,14,31507.636035
0.8,20,31507.674137
0.96,14,31507.702244
0.62,18,31507.738214
0.96,14,31507.7653
0.83,27,31507.816404
0.83,17,31507.84939
0.53,37,31507.924722
0.74,16,31507.964884
0.71,19,31508.011818
0.73,17,31508.053296
0.7,30,31508.125992
0.68,32,31508.204427
-0.04,64,31508.362005
0.49,41,31508.463221
0.7,20,31508.512435
0.78,32,31508.591426
0.85,25,31508.652526
0.84,16,31508.692771
0.69,21,31508.744399
0.95,15,31508.775527
0.93,17,31508.810306
0.65,35,31508.87922
0.81,19,31508.917291
0.63,27,31508.971215
0.82,18,31509.009745
0.72,28,31509.067941
0.96,14,31509.096461
0.81,19,31509.134939
0.9,20,31509.174972
0.8,20,31509.21359
0.79,21,31509.252822
0.73,17,31509.284694
0.76,24,31509.330178
0.9,20,31509.36904
0.75,25,31509.416404
0.8,20,31509.454656
0.69,21,31509.494496
0.76,24,31514.932757
0.82,18,31514.975231
0.65,25,31515.033236
0.89,21,31515.082155
0.92,18,31515.123772
0.81,19,31515.168436
0.68,32,31515.243995
0.81,19,31515.289478
0.81,19,31515.334408
0.85,15,31515.369799
0.84,16,31515.404942
0.57,33,31515.46547
0.91,19,31515.501031
0.54,26,31515.550849
0.72,18,31515.585749
0.94,16,31515.617228
0.95,15,31515.646202
0.81,19,31515.689124
0.94,16,31515.727519
0.58,32,31515.804156
0.91,19,31515.85014
0.83,17,31515.89204
0.83,27,31515.94582
0.8,20,31515.984752
0.8,20,31516.023296
0.93,17,31516.056025
0.55,35,31516.1218
0.96,14,31516.148919
0.69,31,31516.208348
0.65,25,31516.257933
0.83,17,31516.291745
0.93,17,31516.325024
0.84,16,31516.356351
0.91,19,31516.392571
0.9,20,31516.431096
0.72,18,31516.465659
0.35,45,31516.552541
0.7,30,31516.609984
0.73,27,31516.661322
0.92,18,31516.695518
0.62,28,31516.747454
0.9,20,31516.785756
0.9,20,31516.82439
0.76,34,31516.889595
0.83,17,31516.922557
0.72,38,31516.998065
0.78,22,31522.402272
0.94,16,31522.433527
0.79,21,31522.47445
0.83,17,31522.507889
0.81,19,31522.545953
0.77,23,31522.592155
0.41,49,31522.689817
0.94,16,31522.729563
0.81,19,31522.769576
0.83,17,31522.801715
0.7,30,31522.869583
0.75,15,31522.90212
0.61,29,31522.957885
0.56,34,31523.024072
0.59,31,31523.084298
0.74,16,31523.115557
0.75,15,31523.145239
0.45,35,31523.213087
0.81,19,31523.250701
0.93,17,31523.284647
0.66,24,31523.332473
0.94,16,31523.364451
0.66,24,31523.412898
0.8,20,31523.453244
0.82,18,31523.489561
0.6,30,31523.548571
0.46,44,31523.63262
0.48,42,31523.712565
0.91,19,31523.749236
0.57,33,31523.81363
0.54,46,31523.901841
0.81,19,31523.938406
0.69,21,31523.980961
0.76,24,31524.038336
0.96,14,31524.0721
0.79,21,31524.122025
0.33,57,31524.257109
0.81,19,31524.302707
0.85,25,31524.362193
0.59,41,31524.460242
0.92,18,31524.503192
0.81,19,31530.870406
0.53,47,31530.961943
0.7,30,31531.020597
0.91,19,31531.057442
0.82,18,31531.09254
0.81,19,31531.129103
0.78,22,31531.17149
0.8,20,31531.210978
0.96,14,31531.239304
0.46,44,31531.323642
0.83,17,31531.35754
0.9,20,31531.397048
0.8,20,31531.436384
0.81,19,31531.473859
0.71,19,31531.510543
0.47,43,31531.594502
0.81,19,31531.631786
0.9,20,31531.670342
0.81,19,31531.711589
0.78,22,31531.761667
0.82,18,31531.804811
0.83,17,31531.845081
0.89,21,31531.895137
0.82,18,31531.937903
0.81,19,31531.981712
0.58,42,31532.08074
0.89,21,31532.130283
0.84,16,31532.167386
0.96,14,31532.200767
0.19,51,31532.317664
0.71,29,31532.384336
0.64,26,31532.444383
0.78,22,31532.49599
0.94,16,31532.533392
0.65,25,31532.593728
0.79,21,31532.644173
0.72,18,31532.688622
0.82,18,31532.732992
0.81,19,31532.777359
0.93,17,31532.809964
0.73,17,31532.842931
0.26,44,31532.938407
0.83,17,31532.972543
0.9,20,31533.012308
0.92,18,31539.259106
0.85,15,31539.28887
0.6,40,31539.368182
0.73,17,31539.402909
0.77,13,31539.429324
0.7,20,31539.468876
0.56,44,31539.555027
0.8,20,31539.595193
0.82,18,31539.631962
0.91,19,31539.671238
0.93,17,31539.706149
0.61,29,31539.764338
0.92,18,31539.800033
0.86,14,31539.828224
0.84,16,31539.860427
0.71,29,31539.918869
0.94,16,31539.950792
0.49,31,31540.010438
0.41,39,31540.085357
0.91,19,31540.122875
0.67,33,31540.185918
0.83,17,31540.219423
0.51,29,31540.276028
0.85,15,31540.306469
0.97,13,31540.335449
0.93,17,31540.369642
0.68,42,31540.453302
0.7,20,31540.493751
0.8,20,31540.533363
0.95,15,31540.564439
0.74,26,31540.616562
0.81,19,31540.654723
0.9,20,31540.695199
0.83,17,31540.729026
0.84,16,31540.76134
0.9,20,31540.800662
0.79,21,31540.849119
0.84,16,31540.886731
0.8,20,31540.929217
0.68,22,31540.97271
0.53,27,31541.026056
0.82,18,31541.061976
0.89,21,31541.102675
0.61,29,31541.156746
0.33,57,31541.262776
0.7,30,31547.153249
0.51,29,31547.208301
0.82,18,31547.242258
0.81,19,31547.278066
0.91,19,31547.314068
0.86,14,31547.3399
0.71,29,31547.3934
0.78,22,31547.434488
0.77,23,31547.477305
0.77,23,31547.51982
0.78,22,31547.561747
0.57,33,31547.624685
0.63,37,31547.696187
0.89,21,31547.738563
0.84,16,31547.770972
0.52,28,31547.824852
0.45,45,31547.911984
0.55,55,31548.018157
0.72,18,31548.054732
0.66,44,31548.14272
0.89,21,31548.184767
0.72,18,31548.220566
0.9,20,31548.260616
0.86,14,31548.288564
0.76,14,31548.316919
0.73,17,31548.35085
0.8,20,31548.390845
0.69,31,31548.451839
0.73,17,31548.486107
0.82,18,31548.52192
0.85,15,31548.552152
0.73,17,31548.586613
0.73,17,31548.620326
0.83,17,31548.653644
0.92,18,31548.688784
0.7,20,31548.72727
0.84,16,31548.758659
0.88,22,31548.801965
0.81,19,31548.839489
0.82,18,31548.875352
0.82,18,31548.910971
0.9,20,31548.950321
0.81,19,31548.988427
0.28,42,31549.072213
0.81,19,31549.110773
0.86,24,31554.81544
0.83,17,31554.848505
0.9,20,31554.886904
0.81,19,31554.924261
0.86,14,31554.951744
0.77,33,31555.015225
0.83,17,31555.049203
0.82,28,31555.104175
0.83,17,31555.137681
0.84,16,31555.170285
0.73,17,31555.204949
0.83,17,31555.2391
0.95,15,31555.268404
0.8,20,31555.307775
0.84,16,31555.339718
0.54,26,31555.390739
0.82,18,31555.426488
0.63,17,31555.460629
0.82,18,31555.497466
0.83,17,31555.531616
0.69,31,31555.593801
0.98,12,31555.618352
0.74,16,31555.65061
0.71,29,31555.707878
0.58,32,31555.770236
0.94,16,31555.801248
0.71,19,31555.837207
0.81,19,31555.872975
0.84,16,31555.90342
0.84,16,31555.934479
0.83,17,31555.967804
0.72,18,31556.003329
0.82,18,31556.038232
0.64,16,31556.069225
0.71,29,31556.125176
0.71,19,31556.162818
0.83,27,31556.215343
0.68,22,31556.258367
0.8,20,31556.296914
0.81,19,31556.333293
0.94,16,31556.363634
0.8,20,31556.401645
0.83,17,31556.434233
0.54,26,31556.487509
0.93,17,31556.527725
0.75,25,31556.584003
0.95,15,31556.613206
0.82,18,31556.649905
0.48,42,31556.746783
0.7,30,31556.814887
0.93,17,31561.924078
0.81,19,31561.960616
0.8,20,31561.998921
0.81,19,31562.035823
0.85,15,31562.065612
0.93,17,31562.098849
0.83,17,31562.1328
0.8,20,31562.172339
0.9,20,31562.211679
0.85,25,31562.260857
0.61,29,31562.317851
0.83,17,31562.351309
0.82,18,31562.386704
0.75,25,31562.434949
0.83,17,31562.468747
0.53,27,31562.52347
0.86,14,31562.552382
0.03,77,31562.704392
0.55,45,31562.802383
0.88,22,31562.856742
0.64,46,31562.95391
0.73,17,31562.996057
0.83,17,31563.03658
0.5,40,31563.130676
0.91,19,31563.175932
0.84,16,31563.213385
0.84,16,31563.250182
0.82,18,31563.29238
0.63,37,31563.378904
0.83,17,31563.420104
0.85,15,31563.457157
0.81,19,31563.497384
0.7,20,31563.54052
0.84,16,31563.580753
0.8,20,31563.63036
0.59,31,31563.705274
0.78,22,31563.751564
0.78,22,31563.793504
0.82,28,31563.846197
0.88,22,31563.886933
0.71,19,31563.924089
0.72,18,31563.958117
0.63,27,31564.008221
0.81,19,31564.045021
0.92,18,31569.95193
0.56,44,31570.038907
0.42,28,31570.095682
0.78,22,31570.139777
0.76,14,31570.168288
0.8,20,31570.208631
0.84,16,31570.240853
0.8,20,31570.28116
0.72,18,31570.317701
0.81,19,31570.3562
0.82,18,31570.39314
0.94,16,31570.425693
0.87,23,31570.472792
0.73,17,31570.507384
0.73,17,31570.542018
0.93,17,31570.576315
0.93,17,31570.609943
0.82,18,31570.646061
0.7,20,31570.686315
0.84,16,31570.719862
0.8,20,31570.758996
0.63,37,31570.830252
0.09,61,31570.957318
0.92,18,31570.992497
0.95,15,31571.022823
0.81,19,31571.067828
0.84,16,31571.108891
0.91,19,31571.1573
0.72,18,31571.203537
0.73,17,31571.246888
0.84,16,31571.287928
0.82,18,31571.332458
0.58,42,31571.435094
0.74,16,31571.47533
0.85,15,31571.513166
0.71,19,31571.560496
0.82,18,31571.604347
0.85,15,31571.641494
0.98,12,31571.671327
0.66,14,31571.705045
0.81,19,31571.745499
0.62,38,31571.819561
0.82,18,31571.856073
0.86,14,31571.884629
0.62,28,31571.943848
0.54,26,31571.995952
0.63,27,31572.04929
0.7,20,31572.089553
0.78,32,31577.652711
0.84,16,31577.684669
0.81,19,31577.722861
0.83,17,31577.75666
0.76,24,31577.803
0.7,30,31577.861218
0.83,17,31577.894816
0.55,55,31577.998214
0.74,16,31578.029417
0.95,15,31578.058702
0.23,67,31578.187065
0.93,17,31578.221
0.84,16,31578.252813
0.71,19,31578.289444
0.82,18,31578.324841
0.82,18,31578.360386
0.86,14,31578.388331
0.75,15,31578.417621
0.72,18,31578.453432
0.94,16,31578.48495
0.82,18,31578.519909
0.85,15,31578.549814
0.83,27,31578.603613
0.92,18,31578.639184
0.44,46,31578.729299
0.82,18,31578.765392
0.74,16,31578.796332
0.8,20,31578.834812
0.82,18,31578.870081
0.51,39,31578.946787
0.55,35,31579.016386
0.92,18,31579.05225
0.83,17,31579.086067
0.86,14,31579.113608
0.74,16,31579.145172
0.67,23,31579.190615
0.71,29,31579.24732
0.82,18,31579.282559
0.79,21,31579.323799
0.81,19,31579.360787
0.79,21,31579.401902
0.81,19,31579.439438
0.69,31,31579.499353
0.92,18,31579.53463
0.8,20,31579.574423
0.7,20,31579.614539
0.88,22,31585.553064
0.82,18,31585.588981
0.7,30,31585.647058
0.8,20,31585.686224
0.79,21,31585.72719
0.8,20,31585.765418
0.92,18,31585.800629
0.7,40,31585.876393
0.69,21,31585.916128
0.71,29,31585.97106
0.71,29,31586.026265
0.64,26,31586.075694
0.63,37,31586.14501
0.83,27,31586.19627
0.41,49,31586.29158
0.93,17,31586.326161
0.7,20,31586.36611
0.91,19,31586.40257
0.71,29,31586.459062
0.86,14,31586.486224
0.82,18,31586.520984
0.85,15,31586.550262
0.96,14,31586.577327
0.9,20,31586.616214
0.81,19,31586.653311
0.64,36,31586.723793
0.93,17,31586.756656
0.74,16,31586.78703
0.65,25,31586.833349
0.69,31,31586.891982
0.82,18,31586.933611
0.82,18,31586.967895
0.8,20,31587.006718
0.83,17,31587.046975
0.74,16,31587.086247
0.92,18,31587.128995
0.84,16,31587.167464
0.93,17,31587.208195
0.86,14,31587.24212
0.51,39,31587.338635
0.84,16,31587.376875
0.82,18,31587.420752
0.76,24,31587.478279
0.71,29,31587.548455
0.8,20,31587.596035
0.67,23,31593.30459
0.83,17,31593.337985
0.82,18,31593.373203
0.68,22,31593.416669
0.84,16,31593.449438
0.81,19,31593.487338
0.73,17,31593.520834
0.96,14,31593.548443
0.8,20,31593.588181
0.83,27,31593.640132
0.62,48,31593.733046
0.82,18,31593.768681
0.68,32,31593.829342
0.81,19,31593.867166
0.81,19,31593.904552
0.71,19,31593.939954
0.96,14,31593.966366
0.7,20,31594.005656
0.92,18,31594.039947
0.85,15,31594.068496
0.48,32,31594.129784
0.6,30,31594.1865
0.91,19,31594.22241
0.6,30,31594.277957
0.84,16,31594.30818
0.82,18,31594.342884
0.59,31,31594.400889
0.62,28,31594.453458
0.86,14,31594.48082
0.53,27,31594.532515
0.66,34,31594.598341
0.82,18,31594.633642
0.77,33,31594.697532
0.53,37,31594.76849
0.58,32,31594.830139
0.75,15,31594.859826
0.71,19,31594.901023
0.82,18,31594.940197
0.94,16,31594.971075
0.76,34,31595.036851
0.81,19,31595.074433
0.8,20,31595.123089
0.81,19,31595.168707
0.81,19,31595.216046
0.85,25,31595.27687
0.96,14,31595.310885
0.49,31,31600.692398
0.57,43,31600.780494
0.57,33,31600.84143
0.16,54,31600.940852
0.73,17,31600.97284
0.84,16,31601.008943
0.77,23,31601.0526
0.71,19,31601.088147
0.69,21,31601.128302
0.79,21,31601.167472
0.81,19,31601.203566
0.83,17,31601.235882
0.81,19,31601.271605
0.9,20,31601.308903
0.4,50,31601.400222
0.82,18,31601.433828
0.84,16,31601.4646
0.82,18,31601.498558
0.71,19,31601.534184
0.7,30,31601.593057
0.73,17,31601.626451
0.86,14,31601.654473
0.82,18,31601.690161
0.92,18,31601.724902
0.78,22,31601.767941
0.85,15,31601.797503
0.82,18,31601.832684
0.8,20,31601.87253
0.95,15,31601.902323
0.94,16,31601.934771
0.89,21,31601.974051
0.7,20,31602.012044
0.84,16,31602.042672
0.85,25,31602.090316
0.78,22,31602.132477
0.85,15,31602.16132
0.69,21,31602.201671
0.85,15,31602.230954
0.84,16,31602.26109
0.84,16,31602.290834
0.66,34,31602.354226
0.74,16,31602.384157
0.84,16,31602.414142
0.81,29,31602.467324
0.97,13,31602.491349
0.69,31,31602.549826
0.81,29,31602.604411
0.72,18,31608.163949
0.91,19,31608.201043
0.82,18,31608.237291
0.82,18,31608.272518
0.86,14,31608.29963
0.85,15,31608.32937
0.82,18,31608.364485
0.84,16,31608.396085
0.84,16,31608.427362
0.81,19,31608.464068
0.81,19,31608.501527
0.83,17,31608.534257
0.72,28,31608.587952
0.78,22,31608.630559
0.6,30,31608.688291
0.63,27,31608.741809
0.8,20,31608.781549
0.93,17,31608.815434
0.71,29,31608.883951
0.83,17,31608.920664
0.77,33,31608.984724
0.79,21,31609.024957
0.24,56,31609.149623
0.83,17,31609.190508
0.57,43,31609.2919
0.82,18,31609.334424
0.66,34,31609.414661
0.93,17,31609.455169
0.86,24,31609.512551
0.34,46,31609.621409
0.78,22,31609.675073
0.56,54,31609.803847
0.9,20,31609.852287
0.81,29,31609.923681
0.93,17,31609.95786
0.81,19,31610.004461
0.82,28,31610.073249
0.86,14,31610.107911
0.93,17,31610.149111
0.9,20,31610.197437
0.82,18,31610.241209
0.83,17,31610.282145
0.18,62,31616.253541
0.74,16,31616.284142
0.86,14,31616.311808
0.78,22,31616.354067
0.74,26,31616.40342
0.82,18,31616.438488
0.85,15,31616.466993
0.8,20,31616.504088
0.79,21,31616.544843
0.9,20,31616.583117
0.81,19,31616.619289
0.73,17,31616.653174
0.85,15,31616.683674
0.77,23,31616.733546
0.89,21,31616.775574
0.92,18,31616.808908
0.61,29,31616.86431
0.48,32,31616.927765
0.79,21,31616.96927
0.71,29,31617.025042
0.96,14,31617.052549
0.82,18,31617.087344
0.87,13,31617.113723
0.92,18,31617.149738
0.89,21,31617.191667
0.62,28,31617.247549
0.86,14,31617.27484
0.67,33,31617.339786
0.75,15,31617.369542
0.96,14,31617.397444
0.73,17,31617.431394
0.92,18,31617.466773
0.91,19,31617.503749
0.62,28,31617.558165
0.85,15,31617.588104
0.77,33,31617.653098
0.57,33,31617.719121
0.74,16,31617.752419
0.73,27,31617.805226
0.83,17,31617.839679
0.91,19,31617.877235
0.52,38,31617.952881
0.61,29,31618.01124
0.76,14,31618.03971
0.84,16,31618.071782
0.92,18,31618.108103
0.78,22,31618.153203
0.67,23,31618.200144
0.46,24,31618.249112
0.93,17,31623.296417
0.82,18,31623.329624
0.74,26,31623.377643
0.7,30,31623.434366
0.79,21,31623.474529
0.8,20,31623.51234
0.77,23,31623.558088
0.95,15,31623.588871
0.73,27,31623.643239
0.74,26,31623.695892
0.7,30,31623.756908
0.82,18,31623.793192
0.51,39,31623.869469
0.95,15,31623.906568
0.66,34,31623.988466
0.64,26,31624.052582
0.82,18,31624.09565
0.85,15,31624.130826
0.41,39,31624.220326
0.81,19,31624.259281
0.87,23,31624.306242
0.83,17,31624.339651
0.89,21,31624.379015
0.81,19,31624.414882
0.83,17,31624.446489
0.76,14,31624.473695
0.8,20,31624.51113
0.73,17,31624.543262
0.72,18,31624.57702
0.71,19,31624.612222
0.86,14,31624.637949
0.53,27,31624.688419
0.72,18,31624.727444
0.94,16,31624.766037
0.93,17,31624.806445
0.77,23,31624.86128
0.8,20,31624.9068
0.68,22,31624.948079
0.84,16,31624.978913
0.82,18,31625.013222
0.43,47,31625.102469
0.72,18,31625.136215
0.62,28,31625.187384
0.82,18,31625.221339
0.63,27,31625.271806
-0.05,95,31630.706227
0.8,20,31630.745453
0.66,24,31630.790951
0.73,17,31630.822567
0.81,19,31630.859751
0.92,18,31630.895838
0.79,21,31630.937729
0.49,51,31631.038174
0.84,16,31631.070392
0.91,19,31631.107237
0.72,18,31631.142383
0.85,15,31631.172405
0.81,19,31631.210629
0.92,18,31631.245925
0.79,21,31631.287097
0.75,15,31631.3163
0.73,17,31631.349232
0.94,16,31631.380042
0.82,18,31631.414383
0.96,14,31631.441101
0.93,17,31631.473217
0.63,37,31631.544001
0.83,17,31631.579797
0.8,20,31631.61885
0.82,28,31631.673268
0.8,30,31631.743983
0.81,19,31631.785484
0.92,18,31631.823084
0.82,18,31631.860144
0.83,17,31631.894947
0.88,22,31631.940093
0.57,43,31632.027403
0.82,18,31632.063517
0.37,43,31632.14479
0.83,27,31632.19633
0.97,13,31632.223369
0.9,20,31632.272508
0.88,22,31632.325084
0.93,17,31632.362192
0.78,32,31632.422931
0.39,31,31632.481843
0.8,20,31632.521069
0.45,45,31632.60625
0.72,38,31638.896102
0.84,16,31638.927548
0.96,14,31638.954612
0.94,16,31638.985181
0.79,21,31639.02618
0.65,25,31639.075354
0.87,13,31639.100987
0.83,17,31639.133892
0.85,15,31639.162833
0.92,18,31639.197316
0.82,18,31639.233556
0.76,24,31639.280394
0.52,48,31639.373547
0.84,16,31639.404671
0.8,20,31639.443368
0.91,19,31639.480655
0.73,17,31639.513931
0.7,40,31639.592346
0.83,17,31639.624683
0.82,28,31639.677352
0.93,17,31639.710012
0.72,18,31639.7447
0.91,19,31639.781196
0.81,19,31639.81729
0.37,63,31639.942796
0.88,22,31639.98891
0.36,44,31640.072547
0.77,23,31640.116286
0.93,17,31640.14887
0.68,32,31640.209242
0.73,17,31640.241153
0.8,20,31640.277733
0.95,15,31640.306113
0.62,18,31640.341514
0.76,24,31640.386353
0.39,51,31640.481901
0.84,16,31640.512702
0.91,19,31640.550201
0.92,18,31640.586913
0.72,18,31640.622967
0.41,59,31640.736697
0.74,26,31640.78791
0.71,19,31640.82662
0.82,18,31647.753273
0.91,19,31647.79184
0.87,13,31647.818478
0.85,15,31647.848316
0.53,47,31647.943896
0.73,17,31647.978427
0.9,20,31648.019479
0.6,30,31648.080184
0.72,28,31648.136394
0.62,28,31648.192525
0.83,17,31648.227068
0.8,20,31648.267565
0.79,21,31648.309765
0.87,13,31648.336496
0.83,17,31648.371527
0.84,16,31648.404894
0.87,23,31648.451381
0.88,22,31648.495667
0.76,34,31648.563875
0.71,19,31648.601883
0.45,35,31648.670689
0.94,16,31648.702732
0.74,26,31648.754552
0.79,21,31648.796517
0.95,15,31648.826418
0.58,32,31648.889127
0.82,28,31648.944332
0.82,18,31648.980472
0.86,14,31649.00885
0.71,19,31649.046989
0.82,18,31649.083289
0.9,20,31649.123488
0.92,18,31649.159466
0.78,32,31649.221944
0.88,22,31649.265332
0.86,14,31649.293222
0.83,17,31649.326838
0.57,23,31649.372062
0.76,34,31649.439207
0.91,19,31649.477351
0.85,15,31649.507765
0.71,29,31649.566261
0.83,17,31649.60104
0.73,17,31649.63612
0.91,19,31649.675734
0.81,19,31649.724895
0.72,18,31649.765757
0.79,21,31655.16278
0.78,22,31655.206761
0.92,18,31655.242758
0.84,16,31655.273885
0.83,17,31655.307791
0.83,17,31655.341821
0.92,18,31655.376929
0.94,16,31655.408908
0.81,19,31655.446708
0.72,18,31655.482354
0.83,17,31655.515499
0.92,18,31655.551723
0.74,16,31655.583584
0.95,15,31655.613135
0.68,22,31655.65678
0.84,16,31655.68868
0.21,49,31655.784796
0.83,17,31655.817709
0.68,22,31655.860486
0.82,18,31655.895592
0.64,26,31655.946432
0.94,16,31655.977724
0.8,20,31656.016966
0.85,15,31656.046558
0.61,29,31656.101891
0.81,19,31656.139031
0.94,16,31656.170556
0.81,19,31656.207201
0.58,42,31656.28866
0.71,29,31656.346318
0.56,44,31656.431096
0.94,16,31656.462522
0.83,17,31656.495661
0.81,19,31656.532258
0.68,42,31656.613569
0.63,27,31656.665441
0.84,16,31656.696112
0.73,17,31656.729373
0.93,17,31656.762881
0.91,19,31656.799939
0.62,38,31656.87497
0.84,16,31656.907271
0.81,19,31656.945067
0.77,23,31656.990976
0.93,17,31657.025278
0.74,16,31657.057312
0.92,18,31657.092437
0.96,14,31657.120093
0.7,30,31663.021214
0.81,19,31663.059615
0.71,19,31663.097517
0.6,40,31663.176801
0.81,19,31663.215245
0.73,17,31663.249988
0.94,16,31663.282106
0.46,44,31663.369558
0.85,15,31663.399751
0.73,17,31663.433297
0.61,29,31663.489574
0.77,23,31663.53548
0.64,36,31663.608572
0.86,14,31663.637253
0.78,22,31663.682003
1.0,10,31663.703235
0.69,21,31663.746194
0.9,20,31663.786863
0.77,23,31663.832785
0.58,32,31663.896484
0.81,19,31663.935874
0.91,19,31663.976031
0.92,18,31664.01409
0.69,31,31664.076153
0.89,21,31664.11898
0.92,18,31664.155723
0.95,15,31664.186099
0.96,14,31664.21447
0.64,36,31664.286327
0.91,19,31664.325321
0.82,18,31664.362133
0.61,39,31664.440681
0.83,17,31664.474397
0.83,27,31664.528517
0.82,18,31664.56575
0.84,16,31664.598482
0.79,21,31664.640595
0.92,18,31664.676792
0.95,15,31664.706941
0.7,20,31664.748139
0.84,16,31664.780997
0.81,19,31664.820038
0.4,40,31664.898965
0.92,18,31664.936043
0.73,17,31664.971176
0.78,22,31665.01516
0.76,14,31665.043808
0.83,17,31671.066156
0.84,16,31671.101253
0.71,19,31671.14559
0.8,20,31671.19152
0.86,14,31671.221274
0.72,28,31671.278559
0.86,14,31671.307287
0.78,32,31671.371437
0.81,19,31671.40982
0.76,24,31671.458038
0.77,23,31671.50394
0.73,17,31671.539075
0.82,18,31671.576614
0.72,28,31671.63448
0.74,26,31671.68772
0.74,26,31671.740628
0.69,31,31671.804156
0.6,30,31671.86324
-0.25,85,31672.028646
0.81,19,31672.06653
0.89,21,31672.107855
0.83,17,31672.141762
0.71,29,31672.198443
0.72,28,31672.253473
0.82,18,31672.288671
0.36,44,31672.373839
0.71,19,31672.411354
0.71,29,31672.467779
0.8,30,31672.526045
0.95,15,31672.556317
0.89,21,31672.598432
0.64,26,31672.650074
0.81,19,31672.687919
0.83,17,31672.722319
0.72,18,31672.758852
0.94,16,31672.791127
0.51,29,31672.853953
0.81,19,31672.898611
0.8,20,31672.938549
0.72,18,31672.975007
0.75,25,31673.026907
0.71,19,31673.065584
0.84,26,31673.118266
0.65,35,31679.913206
0.77,23,31679.960412
0.84,16,31679.993262
0.92,18,31680.031738
0.71,19,31680.073467
0.82,18,31680.112127
0.92,18,31680.150775
0.85,15,31680.182878
0.76,24,31680.234573
0.94,16,31680.268903
0.9,20,31680.311362
0.69,31,31680.381545
0.91,19,31680.424197
0.82,18,31680.466437
0.61,29,31680.528264
0.8,20,31680.57147
0.79,21,31680.616661
0.84,16,31680.653652
0.74,26,31680.724365
0.8,20,31680.767306
0.75,25,31680.820158
0.73,17,31680.856033
0.57,53,31680.967823
0.92,18,31681.004996
0.9,20,31681.047065
0.63,27,31681.104087
0.91,19,31681.145971
0.8,20,31681.187706
0.95,15,31681.220139
0.79,21,31681.265128
0.45,35,31681.345053
0.96,14,31681.378698
0.85,15,31681.414823
0.94,16,31681.453015
0.82,18,31681.492185
0.77,33,31681.567842
0.89,21,31681.612625
0.73,17,31681.647858
0.74,16,31681.681757
0.82,18,31681.718759
0.76,34,31681.791404
0.81,19,31681.831208
0.8,20,31681.872718
0.85,15,31681.903883
0.84,16,31681.937369
0.78,22,31681.982824
0.84,16,31682.016336
0.74,16,31682.049282
0.94,16,31687.806397
0.94,16,31687.840502
0.32,58,31687.956852
0.95,15,31687.987565
0.68,42,31688.07134
0.78,22,31688.11518
0.83,17,31688.149585
0.91,19,31688.188092
0.81,19,31688.226475
0.83,17,31688.260893
0.69,31,31688.322755
0.82,18,31688.358812
0.7,20,31688.39858
0.63,37,31688.471679
0.79,21,31688.51331
0.87,23,31688.559834
0.78,22,31688.604081
0.37,43,31688.690104
0.67,23,31688.737095
0.76,24,31688.786265
0.75,15,31688.817093
0.36,54,31688.92332
0.82,18,31688.959919
0.71,29,31689.017679
0.6,30,31689.077344
0.82,18,31689.11312
0.93,17,31689.147052
0.95,15,31689.177342
0.35,45,31689.266503
0.8,20,31689.306593
0.47,43,31689.391237
0.97,13,31689.417779
0.52,28,31689.472917
0.37,43,31689.557724
0.73,17,31689.592196
0.76,14,31689.620863
0.81,19,31689.659351
0.48,32,31689.72309
0.55,35,31689.793328
0.83,17,31689.828365
0.57,43,31697.068267
0.96,14,31697.096048
0.69,21,31697.137273
0.8,20,31697.176516
0.85,15,31697.206954
0.77,23,31697.25285
0.93,17,31697.287441
0.95,15,31697.318045
0.89,21,31697.359952
0.37,53,31697.465359
0.78,22,31697.509484
0.6,30,31697.570533
0.81,19,31697.60878
0.71,29,31697.666603
0.75,25,31697.721031
0.66,34,31697.788344
0.93,17,31697.822653
0.83,17,31697.857211
0.41,29,31697.91496
0.72,28,31697.97083
0.81,19,31698.008746
0.83,17,31698.042784
0.84,16,31698.074415
0.92,18,31698.111068
0.63,17,31698.144841
0.59,41,31698.226079
0.97,13,31698.253135
0.84,16,31698.285709
0.56,44,31698.37332
0.82,18,31698.409844
0.93,17,31698.44431
0.84,16,31698.476747
0.72,18,31698.513103
0.78,22,31698.55772
0.8,20,31698.598534
0.94,16,31698.631507
0.81,29,31698.689747
0.6,30,31698.750054
0.74,26,31698.802593
0.81,19,31698.840954
0.82,18,31698.8772
0.77,33,31698.943724
0.81,19,31698.98217
0.73,17,31699.016356
0.81,19,31699.054542
0.93,17,31705.42023
0.84,16,31705.452339
0.84,16,31705.484522
0.55,35,31705.553493
0.85,15,31705.584185
0.85,15,31705.614626
0.83,17,31705.649054
0.72,18,31705.685425
0.96,14,31705.713427
0.79,21,31705.755793
0.81,19,31705.793721
0.69,31,31705.854883
0.61,29,31705.91443
0.95,15,31705.945156
0.78,32,31706.012236
0.95,15,31706.04346
0.93,17,31706.079175
0.83,17,31706.114949
0.9,20,31706.156234
0.63,27,31706.211975
0.93,17,31706.247481
0.76,14,31706.276793
0.68,22,31706.322664
0.85,25,31706.373502
0.78,22,31706.418615
0.85,15,31706.449925
0.74,16,31706.483468
0.81,29,31706.544409
0.93,17,31706.582665
0.93,17,31706.621503
0.8,20,31706.66526
0.74,16,31706.702191
0.73,17,31706.742654
0.92,18,31706.78728
0.71,19,31706.828896
0.84,16,31706.864829
0.8,20,31706.908851
0.7,30,31706.971452
0.71,19,31707.009621
0.73,17,31707.043763
0.84,16,31707.075987
0.81,19,31707.113512
0.59,31,31707.174517
0.81,19,31707.21342
0.86,14,31707.242194
0.83,17,31707.276478
0.82,28,31707.332144
0.72,28,31707.387232
0.91,19,31707.425011
0.84,16,31707.45672
0.68,22,31707.500242
0.81,19,31712.796665
0.87,13,31712.823479
0.9,20,31712.865793
0.62,38,31712.948651
0.59,31,31713.016728
0.92,18,31713.054915
0.78,22,31713.102843
0.71,19,31713.141708
0.83,17,31713.176341
0.93,17,31713.210737
0.92,18,31713.247385
0.9,20,31713.288052
0.94,16,31713.320938
0.49,41,31713.403566
0.79,21,31713.446657
0.84,16,31713.479493
0.51,29,31713.53775
0.7,30,31713.598586
0.83,17,31713.633316
0.91,19,31713.672898
0.59,31,31713.737101
0.73,27,31713.793294
0.74,16,31713.826542
0.84,16,31713.859952
0.85,15,31713.890832
0.94,16,31713.924168
0.96,14,31713.952741
0.92,18,31713.988577
0.4,40,31714.068472
0.94,16,31714.100837
0.63,27,31714.154098
0.83,17,31714.187947
0.81,19,31714.225423
0.82,18,31714.261307
0.65,25,31714.311396
0.83,17,31714.345432
0.05,65,31714.474405
0.75,25,31714.525473
0.83,17,31714.561748
0.73,17,31714.599775
0.73,17,31714.635723
0.75,15,31714.667938
0.69,31,31714.73321
0.83,17,31714.769397
0.83,17,31714.804699
0.69,31,31714.869446
-0.0,70,31720.873553
0.84,16,31720.906584
0.8,20,31720.946817
0.73,17,31720.980973
0.68,32,31721.046332
0.53,47,31721.137006
0.62,38,31721.212529
0.79,21,31721.253243
0.81,19,31721.290287
0.33,47,31721.381642
0.79,21,31721.422579
0.92,18,31721.458301
0.79,21,31721.499898
0.81,19,31721.539414
0.72,18,31721.576874
0.79,21,31721.618979
0.95,15,31721.649488
0.86,14,31721.677874
0.69,31,31721.739903
0.72,28,31721.796593
0.8,20,31721.839121
0.66,24,31721.888472
0.71,19,31721.93038
0.71,29,31721.991869
0.94,16,31722.025702
0.91,19,31722.065158
0.31,59,31722.187436
0.94,16,31722.221396
0.85,15,31722.252373
0.82,18,31722.288066
0.69,21,31722.3304
0.93,17,31722.365593
0.83,17,31722.40095
0.72,18,31722.438385
0.74,16,31722.471664
0.8,20,31722.511825
0.72,18,31722.548703
0.69,31,31722.612433
0.84,16,31722.64545
0.69,21,31722.688321
0.82,18,31722.725401
0.9,20,31722.766894
0.81,19,31722.806029
0.75,15,31729.228445
0.96,14,31729.256175
0.74,36,31729.32606
0.44,56,31729.43418
0.81,19,31729.471992
0.93,17,31729.506289
0.91,19,31729.545077
0.85,15,31729.576851
0.72,18,31729.612916
0.83,17,31729.646836
0.85,15,31729.677097
0.93,17,31729.711536
0.69,21,31729.753376
0.73,17,31729.787688
0.72,28,31729.842485
0.81,19,31729.880642
0.89,21,31729.92204
0.75,15,31729.952075
0.84,16,31729.983662
0.78,22,31730.028133
0.84,16,31730.061191
0.94,16,31730.094419
0.43,37,31730.168422
0.81,19,31730.206484
0.8,20,31730.247338
0.74,16,31730.280601
0.49,41,31730.362198
0.9,20,31730.40362
0.82,18,31730.440029
0.86,14,31730.468388
0.69,21,31730.51089
0.92,18,31730.547443
0.74,16,31730.580389
0.75,15,31730.611171
0.83,17,31730.645558
0.71,19,31730.684652
0.72,28,31730.741865
0.75,15,31730.773028
0.7,30,31730.831822
0.72,28,31730.887543
0.79,21,31730.93129
0.62,28,31730.989105
0.83,17,31731.024729
0.83,17,31731.05982
0.65,25,31731.111742
0.7,20,31731.154455
0.95,15,31731.184985
0.85,15,31731.215822
0.73,17,31731.250288
0.69,21,31731.292529
0.74,26,31737.001269
0.93,17,31737.035666
0.55,35,31737.120549
0.75,15,31737.158005
0.81,19,31737.205181
0.9,20,31737.255799
0.67,33,31737.33772
0.84,16,31737.378119
0.83,17,31737.42059
0.81,19,31737.467486
0.92,18,31737.512376
0.92,18,31737.557966
0.83,17,31737.601446
0.87,13,31737.634563
0.6,30,31737.710129
0.86,14,31737.746078
0.79,21,31737.798645
0.8,20,31737.849375
0.7,30,31737.923968
0.77,23,31737.969045
0.81,19,31738.006451
0.76,24,31738.053313
0.73,17,31738.086948
0.85,15,31738.117117
0.71,29,31738.174568
0.76,24,31738.22245
0.93,17,31738.256231
0.73,17,31738.29035
0.73,27,31738.344188
0.85,15,31738.375517
0.79,21,31738.418059
0.36,44,31738.505485
0.8,20,31738.546133
0.75,25,31738.595899
0.81,19,31738.633719
0.8,20,31738.673273
0.82,18,31738.708726
0.81,19,31738.747243
0.73,17,31738.781658
0.7,30,31738.840164
0.83,17,31738.873315
0.86,14,31738.901823
0.9,20,31738.9414
0.61,29,31739.000057
0.72,18,31739.037679
0.61,29,31739.094852
0.9,20,31739.134483
0.6,30,31744.68391
0.95,15,31744.719326
0.75,15,31744.754071
0.83,17,31744.79351
0.94,16,31744.829741
0.89,21,31744.872686
0.82,18,31744.909277
0.75,15,31744.939212
0.74,26,31744.991579
0.83,17,31745.025108
0.78,22,31745.070231
0.76,24,31745.119361
0.72,18,31745.155798
0.82,18,31745.191858
0.55,25,31745.242326
0.58,32,31745.305579
0.94,16,31745.337528
0.93,17,31745.37223
0.94,16,31745.404486
0.85,15,31745.434873
0.8,20,31745.475469
0.81,19,31745.514236
0.72,18,31745.551722
0.8,20,31745.594769
0.73,27,31745.652237
0.95,15,31745.684565
0.9,20,31745.727274
0.85,15,31745.758972
0.85,15,31745.790698
0.7,20,31745.836602
0.95,15,31745.866369
0.69,31,31745.932602
0.79,21,31745.985015
0.71,19,31746.032777
0.93,17,31746.069165
0.82,18,31746.105198
0.73,17,31746.13913
0.95,15,31746.169612
0.83,17,31746.204006
0.72,18,31746.240278
0.5,40,31746.320361
0.72,28,31746.375908
0.7,30,31746.436228
0.68,32,31746.499695
0.83,17,31746.533023
0.92,18,31746.569928
0.91,19,31746.608038
0.73,27,31746.661521
0.65,35,31746.73201
0.83,17,31746.766358
0.8,20,31751.908534
0.63,17,31751.947186
0.95,15,31751.980162
0.75,15,31752.013497
0.72,18,31752.054167
0.95,15,31752.085775
0.82,18,31752.123158
0.7,30,31752.183537
0.84,16,31752.217944
0.88,22,31752.2645
0.74,16,31752.295891
0.81,19,31752.332782
0.7,20,31752.371967
0.39,51,31752.470312
0.83,17,31752.504055
0.95,15,31752.533608
0.59,41,31752.615297
0.81,19,31752.65272
0.74,16,31752.684437
0.82,18,31752.720551
0.92,18,31752.756611
0.94,16,31752.788601
0.8,20,31752.828865
0.72,28,31752.884957
0.6,30,31752.944148
0.82,18,31752.979777
0.84,16,31753.011719
0.86,14,31753.039756
0.82,18,31753.075349
0.94,16,31753.107269
0.49,41,31753.187251
0.36,44,31753.273652
0.83,17,31753.308636
0.91,19,31753.348301
0.85,15,31753.379482
0.91,19,31753.417838
0.94,16,31753.44994
0.81,19,31753.487859
0.61,29,31753.546427
0.85,15,31753.576909
0.92,18,31753.612706
0.62,28,31753.66797
0.58,32,31753.731043
0.89,21,31753.773287
0.53,17,31753.807246
0.63,27,31753.860179
0.66,24,31753.907239
0.39,31,31759.951542
0.74,16,31759.991809
0.89,21,31760.036804
0.74,26,31760.090387
0.69,21,31760.132655
0.78,22,31760.176056
0.89,21,31760.218823
0.78,22,31760.26239
0.81,19,31760.299473
0.92,18,31760.334789
0.83,17,31760.368372
0.56,34,31760.434729
0.85,15,31760.46445
0.81,19,31760.502392
0.72,28,31760.557894
0.44,56,31760.666107
0.92,18,31760.701564
0.18,52,31760.808083
0.82,18,31760.844961
0.86,14,31760.873175
0.39,41,31760.954559
0.85,15,31760.99062
0.73,17,31761.034283
0.84,26,31761.091219
0.49,41,31761.175355
0.93,17,31761.210355
0.93,17,31761.24525
0.91,19,31761.283835
0.75,25,31761.334601
0.69,21,31761.377404
0.49,31,31761.440834
0.84,16,31761.473284
0.77,33,31761.541459
0.68,32,31761.611398
0.65,35,31761.684039
0.8,20,31761.724602
0.81,19,31761.76518
0.7,30,31761.82982
0.53,27,31761.884994
0.76,24,31761.935696
0.92,18,31761.971471
0.81,19,31762.010865
0.93,17,31768.31784
0.86,24,31768.365021
0.9,20,31768.404022
0.85,15,31768.434026
0.73,17,31768.467736
0.72,28,31768.523475
0.94,16,31768.556129
0.93,17,31768.5914
0.84,26,31768.643683
0.96,14,31768.67162
0.82,18,31768.707026
0.7,20,31768.748997
0.83,17,31768.787346
0.81,19,31768.826072
0.78,22,31768.870694
0.47,43,31768.957398
0.87,23,31769.003907
0.77,23,31769.050555
0.82,18,31769.08724
0.69,21,31769.130324
0.64,36,31769.20352
0.81,19,31769.242753
0.73,17,31769.277422
0.66,24,31769.326392
0.81,19,31769.365278
0.82,18,31769.402143
0.73,17,31769.437376
0.63,27,31769.493239
0.81,19,31769.535146
0.92,18,31769.575136
0.51,39,31769.655514
0.69,21,31769.69846
0.8,20,31769.739433
0.83,17,31769.775537
0.42,38,31769.85205
0.91,19,31769.890099
0.61,29,31769.948071
0.72,18,31769.984654
0.72,28,31770.040369
0.91,19,31770.078072
0.85,15,31770.107934
0.79,21,31770.149765
0.89,21,31770.191987
0.72,18,31770.22835
0.96,14,31770.256942
0.76,24,31770.30549
0.83,17,31770.340187
0.75,15,31770.370349
0.81,19,31775.991304
0.84,16,31776.023543
0.81,19,31776.061021
0.82,18,31776.096505
0.8,20,31776.136405
0.91,19,31776.174819
0.5,40,31776.254132
0.9,20,31776.294191
0.43,37,31776.367912
0.76,34,31776.435183
0.91,19,31776.473557
0.83,17,31776.508157
0.85,15,31776.538228
0.8,20,31776.584677
0.9,20,31776.628569
0.66,34,31776.696877
0.82,18,31776.734128
0.73,17,31776.76908
0.71,19,31776.808672
0.8,20,31776.851726
0.74,16,31776.883833
0.81,19,31776.922139
0.6,30,31776.981524
0.81,19,31777.019586
0.75,15,31777.05014
0.51,29,31777.106819
0.72,18,31777.142672
0.58,42,31777.225647
0.8,20,31777.265278
0.96,14,31777.293262
0.79,21,31777.33443
0.96,14,31777.362407
0.85,15,31777.392129
0.83,17,31777.42565
0.81,19,31777.462625
0.91,19,31777.500018
0.82,18,31777.536102
0.83,17,31777.570774
0.8,20,31777.611521
0.58,42,31777.702218
0.93,17,31777.736494
0.77,23,31777.782259
0.55,35,31777.852541
0.86,14,31777.880838
0.82,18,31777.916672
0.8,20,31777.956591
0.81,19,31777.995077
0.73,27,31778.048434
0.61,39,31783.991215
0.82,18,31784.02747
0.83,17,31784.062147
0.68,22,31784.105667
0.7,20,31784.145799
0.3,40,31784.225557
0.84,16,31784.257469
0.81,19,31784.29541
0.87,23,31784.341209
0.71,19,31784.379544
0.75,25,31784.429349
0.82,18,31784.469167
0.85,15,31784.506259
0.54,26,31784.570218
0.82,18,31784.615727
0.8,30,31784.690839
0.8,20,31784.741618
0.92,18,31784.787283
0.83,17,31784.830278
0.79,21,31784.878188
0.91,19,31784.91876
0.83,17,31784.954052
0.92,18,31784.992566
0.81,19,31785.031772
0.49,41,31785.11628
0.81,19,31785.154959
0.81,19,31785.194029
0.82,18,31785.230651
0.9,20,31785.272102
0.92,18,31785.308961
0.96,14,31785.337887
0.7,20,31785.37861
0.8,30,31785.441597
0.92,18,31785.477655
0.92,18,31785.513937
0.89,21,31785.556599
0.92,18,31785.593079
0.89,21,31785.635753
0.8,20,31785.676287
0.85,15,31785.706914
0.82,18,31785.743939
0.3,50,31785.842961
0.9,20,31785.883356
0.66,24,31785.932427
0.82,18,31785.969493
0.74,16,31786.002721
0.83,17,31786.037193
0.73,17,31786.071882
0.71,29,31791.78061
0.94,16,31791.812767
0.81,19,31791.851801
0.92,18,31791.8912
0.96,14,31791.91999
0.6,30,31791.97952
0.78,22,31792.022974
0.73,17,31792.057943
0.58,32,31792.123103
0.83,17,31792.15817
0.81,19,31792.196161
0.87,13,31792.222442
0.86,14,31792.250713
0.76,14,31792.278648
0.71,19,31792.316314
0.72,18,31792.352269
0.69,21,31792.394455
0.79,31,31792.456094
0.92,18,31792.491431
0.86,14,31792.519191
0.71,29,31792.576667
0.8,20,31792.616569
0.94,16,31792.648715
0.85,15,31792.678268
0.82,18,31792.714242
0.39,51,31792.822931
0.95,15,31792.861837
0.01,69,31793.005371
0.84,16,31793.037879
0.81,19,31793.076259
0.75,25,31793.126558
0.93,17,31793.161011
0.83,17,31793.195784
0.87,13,31793.222517
0.71,19,31793.261054
0.94,16,31793.293519
0.8,20,31793.333858
0.93,17,31793.368623
0.81,19,31793.406908
0.82,18,31793.443267
0.72,18,31793.479183
0.86,24,31793.527153
0.81,19,31793.565633
0.7,30,31793.625488
0.95,15,31793.655566
0.7,20,31793.695341
0.8,20,31793.735171
0.84,16,31793.767534
0.9,20,31799.624664
0.87,23,31799.671787
0.89,21,31799.713827
0.92,18,31799.750097
0.81,19,31799.787875
0.83,17,31799.822628
0.76,14,31799.853084
0.84,26,31799.907073
0.71,19,31799.947405
0.85,15,31799.977462
0.83,17,31800.01153
0.5,30,31800.069822
0.82,18,31800.105738
0.72,28,31800.161549
0.91,19,31800.199269
0.37,43,31800.284537
0.83,17,31800.320936
0.37,43,31800.409536
0.91,19,31800.448322
0.91,19,31800.487412
0.9,20,31800.530188
0.67,43,31800.618519
0.91,19,31800.657948
0.71,29,31800.718015
0.91,19,31800.756468
0.92,18,31800.792112
0.82,18,31800.827857
0.76,14,31800.856645
0.84,16,31800.889328
0.94,16,31800.921709
0.78,22,31800.966006
0.79,21,31801.009053
0.9,20,31801.050487
0.9,20,31801.091058
0.91,19,31801.128898
0.86,14,31801.157796
0.85,15,31801.188352
0.82,18,31801.224332
0.67,23,31801.269099
0.94,16,31801.300541
0.71,29,31801.357762
0.9,20,31801.397024
0.63,27,31801.449828
0.86,24,31801.496458
0.7,20,31801.535306
0.47,43,31801.618356
0.79,21,31801.659954
0.79,21,31807.317179
0.13,57,31807.428843
0.81,19,31807.466624
0.97,13,31807.493109
0.96,14,31807.521241
0.71,19,31807.559199
0.87,23,31807.604895
0.89,21,31807.646532
0.83,17,31807.680663
0.74,16,31807.712531
0.74,26,31807.764042
0.71,19,31807.80166
0.59,31,31807.862077
0.78,22,31807.907692
0.69,31,31807.970124
0.91,19,31808.009057
0.93,17,31808.044791
0.77,23,31808.091312
0.82,18,31808.127787
0.8,20,31808.169734
0.84,16,31808.202983
0.79,21,31808.249975
0.84,16,31808.282549
0.83,17,31808.317226
0.84,16,31808.350078
0.84,16,31808.383289
0.84,16,31808.416257
0.77,23,31808.462877
0.91,19,31808.5015
0.36,44,31808.590089
0.59,31,31808.652476
0.91,19,31808.690207
0.91,19,31808.728593
0.83,17,31808.764195
0.85,15,31808.794506
0.81,29,31808.852414
0.94,16,31808.884993
0.8,20,31808.925984
0.9,20,31808.966557
0.29,51,31809.071226
0.86,14,31809.100141
0.55,35,31809.171288
0.81,19,31809.209184
0.55,45,31809.2989
0.96,14,31809.327536
0.89,21,31809.370385
0.82,18,31815.712311
0.68,32,31815.776001
0.85,15,31815.805754
0.67,33,31815.871399
0.85,15,31815.90319
0.93,17,31815.938551
0.81,19,31815.977822
0.82,18,31816.015148
0.41,49,31816.112456
0.55,35,31816.18295
0.83,17,31816.218304
0.9,20,31816.25937
0.86,14,31816.287522
0.7,30,31816.346128
0.75,15,31816.376488
0.93,17,31816.410658
0.91,19,31816.44878
0.79,21,31816.490316
0.81,19,31816.527762
0.82,18,31816.563879
0.92,18,31816.600166
0.79,21,31816.641451
0.88,22,31816.684645
0.93,17,31816.719167
0.65,35,31816.7875
0.92,18,31816.823672
0.94,16,31816.855579
0.86,24,31816.903192
0.71,19,31816.941144
0.57,43,31817.024866
0.65,45,31817.113878
0.72,18,31817.150922
0.8,20,31817.19161
0.75,15,31817.222171
0.84,16,31817.255636
0.85,25,31817.312013
0.81,19,31817.353394
0.82,18,31817.396142
0.82,18,31817.43692
0.84,16,31817.472196
0.69,21,31817.51987
0.69,21,31817.567474
0.8,20,31817.610342
0.81,19,31817.650996
0.47,53,31817.764752
0.82,18,31823.80038
0.34,46,31823.895724
0.83,17,31823.937776
0.82,18,31823.982372
0.6,30,31824.046541
0.84,16,31824.078058
0.82,18,31824.113837
0.92,18,31824.149301
0.48,42,31824.231386
0.93,17,31824.264969
0.81,19,31824.302915
0.71,29,31824.360123
0.85,15,31824.390006
0.85,15,31824.419879
0.66,24,31824.467439
0.85,15,31824.497429
0.83,17,31824.531268
0.85,15,31824.561385
0.63,27,31824.614659
0.47,33,31824.678642
0.8,20,31824.718417
0.94,16,31824.750973
0.68,22,31824.793959
0.85,15,31824.82367
0.79,21,31824.864932
0.58,42,31824.946014
0.9,20,31824.98628
0.91,19,31825.024329
0.92,18,31825.060292
0.97,13,31825.086487
0.76,14,31825.114864
0.93,17,31825.149006
0.72,28,31825.204107
0.48,42,31825.286795
0.81,19,31825.324804
0.82,18,31825.360854
0.82,18,31825.396888
0.96,14,31825.425016
0.7,20,31825.464376
0.84,16,31825.496141
0.44,66,31825.62536
0.8,20,31825.665573
0.81,19,31825.703726
0.91,19,31825.741479
0.4,30,31825.800204
0.79,21,31832.423508
0.82,18,31832.459412
0.78,22,31832.503735
0.83,17,31832.539752
0.71,19,31832.582115
0.75,15,31832.613968
0.61,29,31832.673231
0.84,16,31832.706307
0.91,19,31832.746362
0.85,15,31832.778522
0.91,19,31832.817226
0.75,15,31832.848033
0.74,26,31832.899959
0.83,17,31832.934137
0.6,30,31832.994521
0.89,21,31833.036617
0.64,26,31833.089926
0.79,21,31833.132812
0.8,20,31833.173816
0.92,18,31833.211587
0.72,28,31833.269527
0.44,26,31833.322816
0.82,18,31833.360029
0.93,17,31833.396385
0.64,16,31833.430262
0.92,18,31833.468039
0.57,23,31833.513679
0.94,16,31833.546393
0.76,14,31833.576196
0.84,16,31833.609229
0.78,32,31833.679094
0.73,27,31833.738442
0.66,34,31833.811603
0.9,20,31833.852511
0.84,26,31833.908316
0.73,17,31833.943227
0.03,67,31834.078869
0.58,32,31834.144627
0.85,15,31834.175618
0.84,16,31834.208518
0.67,23,31834.255563
0.91,19,31834.295078
0.79,21,31834.338732
0.5,30,31834.399795
0.83,17,31834.434959
0.8,20,31834.475698
0.6,40,31840.240505
0.7,30,31840.299199
0.83,17,31840.33341
0.95,15,31840.363474
0.52,28,31840.419106
0.76,14,31840.447255
0.69,31,31840.508548
0.82,18,31840.544761
0.83,17,31840.5789
0.78,32,31840.64294
0.82,18,31840.687512
0.86,14,31840.721462
0.89,21,31840.764814
0.81,19,31840.804876
0.13,67,31840.94804
0.82,18,31840.986341
0.4,40,31841.067935
0.64,16,31841.100853
0.59,41,31841.183466
0.91,19,31841.222294
0.9,20,31841.263343
0.95,15,31841.293903
0.93,17,31841.328875
0.93,17,31841.363705
0.76,14,31841.393013
0.81,19,31841.432126
0.82,18,31841.469473
0.95,15,31841.499565
0.9,20,31841.540098
0.81,19,31841.578434
0.81,19,31841.616928
0.43,37,31841.691318
0.92,18,31841.72861
0.91,19,31841.769688
0.8,20,31841.813993
0.71,19,31841.857583
0.71,19,31841.902443
0.63,37,31841.985308
0.91,19,31842.026345
0.81,19,31842.067407
0.8,20,31842.107468
0.71,19,31842.145684
0.56,34,31842.213887
0.74,16,31842.246081
0.64,26,31842.297998
0.95,15,31842.328877
0.76,14,31848.347258
0.93,17,31848.381448
0.8,30,31848.441658
0.78,22,31848.485033
0.84,16,31848.516833
0.84,16,31848.549829
0.96,14,31848.578768
0.7,30,31848.640161
0.55,45,31848.731139
0.71,29,31848.790343
0.91,19,31848.830483
0.84,16,31848.863201
0.82,18,31848.899598
0.97,13,31848.935219
0.91,19,31848.98734
0.84,16,31849.026986
0.6,30,31849.10001
0.82,18,31849.142281
0.64,26,31849.194263
0.9,20,31849.23418
0.54,36,31849.305483
0.73,37,31849.379408
0.81,19,31849.41961
0.61,29,31849.477656
0.9,20,31849.518232
0.76,24,31849.566308
0.96,14,31849.594743
0.85,15,31849.625153
0.79,21,31849.667124
0.84,16,31849.700081
0.5,30,31849.761257
0.74,26,31849.814303
0.76,24,31849.861453
0.45,45,31849.949501
0.65,45,31850.037555
0.82,18,31850.073868
0.67,33,31850.138373
0.91,19,31850.176059
0.82,18,31850.211612
0.86,14,31850.239305
0.67,33,31850.303962
0.96,14,31850.332027
0.78,22,31850.374878
0.7,20,31850.414684
0.82,18,31856.372243
0.89,21,31856.413776
0.93,17,31856.447361
0.79,21,31856.48832
0.79,21,31856.528677
0.79,21,31856.569992
0.83,17,31856.603276
0.68,32,31856.664936
0.83,17,31856.698827
0.87,13,31856.727065
0.74,16,31856.76002
0.9,20,31856.80081
0.7,30,31856.864029
0.81,19,31856.907438
0.83,17,31856.945125
0.71,29,31857.008958
0.75,15,31857.041609
0.56,34,31857.111243
0.68,32,31857.17536
0.85,15,31857.20595
0.83,17,31857.240007
0.73,17,31857.274144
0.81,29,31857.331208
0.93,17,31857.365366
0.81,19,31857.403378
0.8,20,31857.443626
0.84,16,31857.475935
0.91,19,31857.51358
0.58,42,31857.596232
0.62,38,31857.671109
0.71,19,31857.70835
0.64,26,31857.760362
0.62,28,31857.816179
0.72,28,31857.872577
0.76,24,31857.919545
0.75,15,31857.949708
0.8,20,31857.9885
0.97,13,31858.014026
0.92,18,31858.049215
0.52,28,31858.104005
0.82,18,31858.139865
0.96,14,31858.168001
0.75,25,31858.21685
0.67,33,31858.28137
0.59,31,31858.342028
0.7,30,31858.401025
0.83,17,31864.11074
0.52,38,31864.184478
0.72,28,31864.239606
0.84,16,31864.271512
0.85,15,31864.301899
0.8,20,31864.341777
0.72,28,31864.397195
0.83,17,31864.431813
0.83,17,31864.466997
0.92,18,31864.506165
0.82,18,31864.544017
0.95,15,31864.579956
0.84,16,31864.612346
0.87,23,31864.658226
0.82,18,31864.694252
0.94,16,31864.72722
0.82,18,31864.763559
0.83,17,31864.798005
0.79,31,31864.860184
0.81,19,31864.897497
0.83,27,31864.951332
0.47,43,31865.036911
0.7,30,31865.09815
0.92,18,31865.13504
0.88,22,31865.179826
0.87,23,31865.226173
0.93,17,31865.260602
0.7,20,31865.300181
0.76,24,31865.347898
0.73,17,31865.382359
0.89,21,31865.424255
0.94,16,31865.456436
0.94,16,31865.488307
0.74,26,31865.540061
0.47,33,31865.608722
0.69,31,31865.671851
0.9,20,31865.710107
0.86,14,31865.736834
0.69,31,31865.796775
0.85,15,31865.826732
0.8,30,31865.887226
0.57,33,31865.956067
0.73,17,31865.991154
0.79,21,31866.03307
0.92,18,31866.068676
0.31,39,31866.14708
0.82,18,31871.701006
0.84,16,31871.73487
0.72,18,31871.773953
0.89,21,31871.820084
0.59,41,31871.903266
0.7,30,31871.967955
0.83,17,31872.003828
0.84,16,31872.034182
0.03,77,31872.179077
0.85,15,31872.208215
0.82,18,31872.243191
0.85,15,31872.272402
0.91,19,31872.309541
0.82,18,31872.344883
0.84,16,31872.376688
0.79,21,31872.417883
0.83,17,31872.451414
0.81,19,31872.489379
0.85,15,31872.518757
0.76,14,31872.546281
0.8,20,31872.585892
0.61,29,31872.642688
0.79,31,31872.702833
0.91,19,31872.739438
0.88,22,31872.782505
0.94,16,31872.81378
0.8,20,31872.852762
0.51,29,31872.908097
0.83,17,31872.941572
0.97,13,31872.968032
0.77,23,31873.017755
0.72,18,31873.056241
0.61,29,31873.11107
0.79,21,31873.151922
0.84,16,31873.183618
0.8,20,31873.222791
0.57,33,31873.285702
0.82,18,31873.320759
0.8,20,31873.3597
0.9,20,31873.398767
0.74,16,31873.430182
0.81,19,31873.467223
0.74,26,31873.516814
0.79,21,31873.557431
0.7,20,31873.59602
0.69,31,31873.655658
0.82,18,31873.69139
0.83,17,31879.768018
0.85,15,31879.797484
0.51,29,31879.853353
0.27,63,31879.97408
0.92,18,31880.009185
0.72,28,31880.062536
0.71,19,31880.099157
0.9,20,31880.139079
0.81,19,31880.176206
0.84,16,31880.206721
0.74,26,31880.256521
0.73,17,31880.2901
0.94,16,31880.321584
0.6,30,31880.379956
0.8,20,31880.42344
0.79,21,31880.468291
0.93,17,31880.501264
0.79,21,31880.541186
0.92,18,31880.576315
0.92,18,31880.610756
0.83,17,31880.642788
0.83,17,31880.674943
0.82,18,31880.710063
0.89,21,31880.760445
0.94,16,31880.799149
0.89,21,31880.846621
0.93,17,31880.880662
0.81,19,31880.918533
0.55,25,31880.968857
0.79,21,31881.011372
0.02,68,31881.141434
0.74,16,31881.172554
0.84,16,31881.204999
0.83,17,31881.237468
0.82,18,31881.271829
0.63,27,31881.324434
0.7,20,31881.364096
0.52,38,31881.437699
0.86,14,31881.468212
0.81,19,31881.504826
0.8,20,31881.54846
0.84,16,31881.581537
0.89,21,31881.623142
0.59,41,31881.707088
0.79,21,31881.751062
0.74,26,31888.093441
0.84,16,31888.125535
0.93,17,31888.159299
0.78,22,31888.202398
0.79,21,31888.243361
0.86,24,31888.28993
0.48,42,31888.371617
0.84,16,31888.403354
0.85,15,31888.43306
0.9,20,31888.472432
0.84,16,31888.503914
0.95,15,31888.533711
0.68,22,31888.577392
0.66,44,31888.663961
0.71,19,31888.701311
0.85,15,31888.73106
0.93,17,31888.765179
0.72,18,31888.801554
0.81,19,31888.840456
0.83,17,31888.877167
0.9,20,31888.91876
0.79,21,31888.96389
0.63,37,31889.035755
0.94,16,31889.066921
0.69,31,31889.126576
0.85,15,31889.156269
0.82,18,31889.191447
0.48,52,31889.293123
0.39,41,31889.374098
0.72,28,31889.430346
0.82,18,31889.466274
0.58,42,31889.548973
0.83,17,31889.583305
0.35,55,31889.69037
0.53,37,31889.761994
0.95,15,31889.791083
0.94,16,31889.822183
0.84,16,31889.853463
0.61,39,31889.930929
0.84,16,31889.967078
0.82,18,31890.006423
0.81,19,31890.043064
0.84,16,31890.07426
0.78,22,31896.553919
0.78,22,31896.605854
0.9,20,31896.649533
0.83,17,31896.684382
0.76,24,31896.733058
0.37,53,31896.834656
0.84,16,31896.865541
0.82,18,31896.900332
0.75,25,31896.948773
0.9,20,31896.988152
0.86,14,31897.016036
0.84,16,31897.047717
0.72,28,31897.102945
0.86,14,31897.131233
0.83,17,31897.164528
0.93,17,31897.197509
0.8,20,31897.236654
0.88,22,31897.278905
0.85,15,31897.308228
0.72,28,31897.362532
0.85,15,31897.392211
0.91,19,31897.429464
0.84,16,31897.460343
0.7,20,31897.498368
0.69,21,31897.539066
0.71,19,31897.57654
0.82,18,31897.612267
0.92,18,31897.647372
0.84,16,31897.678988
0.9,20,31897.718865
0.92,18,31897.754209
0.71,19,31897.790833
0.7,30,31897.848605
0.81,19,31897.885967
0.82,18,31897.920713
0.82,18,31897.955974
0.95,15,31897.985434
0.82,18,31898.021939
0.63,27,31898.075358
0.79,21,31898.116858
0.55,35,31898.186106
0.93,17,31898.220846
0.72,18,31898.256177
0.75,15,31898.285877
0.72,28,31898.339952
0.83,17,31898.372962
0.9,20,31898.41202
0.82,28,31898.467261
0.74,16,31898.498968
0.92,18,31898.534232
0.73,17,31903.750983
0.82,18,31903.788433
0.86,14,31903.816467
0.92,18,31903.851989
0.2,40,31903.942841
0.75,15,31903.981269
0.9,20,31904.030385
0.82,18,31904.073541
0.96,14,31904.107602
0.93,17,31904.14963
0.72,18,31904.19096
0.93,17,31904.224107
0.93,17,31904.256904
0.95,15,31904.286275
0.63,17,31904.319511
0.94,16,31904.35013
0.8,20,31904.388576
0.53,37,31904.459155
0.72,18,31904.494237
0.59,31,31904.554958
0.61,29,31904.611543
0.8,20,31904.650701
0.35,45,31904.739699
0.82,18,31904.776048
0.74,16,31904.807652
0.84,16,31904.839865
0.74,16,31904.87087
0.78,22,31904.913003
0.81,19,31904.949077
0.86,24,31904.996024
0.64,36,31905.065546
0.75,25,31905.113811
0.78,22,31905.15624
0.89,21,31905.196559
0.7,20,31905.234826
0.8,20,31905.272994
0.88,22,31905.314904
0.53,37,31905.384934
0.95,15,31905.413914
0.8,30,31905.469824
0.82,18,31905.503946
0.14,56,31905.60952
0.58,32,31905.670645
0.69,31,31905.729296
0.85,15,31905.758603
0.7,30,31911.717005
0.52,38,31911.79176
0.81,19,31911.829674
0.71,29,31911.887186
0.94,16,31911.918687
0.63,27,31911.971343
0.84,16,31912.002636
0.85,15,31912.032072
0.83,17,31912.065162
0.95,15,31912.094382
0.42,48,31912.187176
0.7,20,31912.226297
0.82,18,31912.262017
0.83,17,31912.294801
0.82,18,31912.329541
0.93,17,31912.362994
0.82,18,31912.39864
0.6,30,31912.457187
0.83,17,31912.490788
0.9,20,31912.530117
0.84,16,31912.562401
0.83,17,31912.596417
0.8,20,31912.635969
0.54,36,31912.70478
0.82,18,31912.740071
0.82,18,31912.775458
0.75,35,31912.842288
0.78,22,31912.88451
0.73,17,31912.917985
0.59,31,31912.977941
0.82,18,31913.013671
0.83,27,31913.066455
0.71,29,31913.123273
0.73,17,31913.156451
0.82,18,31913.192324
0.65,25,31913.241759
0.8,20,31913.281005
0.82,18,31913.316725
0.74,16,31913.348521
0.91,19,31913.386271
0.58,42,31913.468518
0.9,20,31913.507373
0.9,20,31913.546876
0.85,15,31913.577456
0.53,57,31913.687603
0.56,34,31919.717599
0.83,17,31919.751993
0.4,40,31919.832222
0.83,17,31919.867205
0.88,22,31919.911774
0.82,18,31919.94787
0.85,15,31919.977947
0.59,41,31920.060533
0.96,14,31920.088713
0.72,18,31920.124721
0.69,31,31920.190273
0.64,26,31920.24351
0.82,18,31920.28001
0.72,18,31920.316354
0.83,17,31920.351469
0.76,24,31920.401088
0.71,19,31920.440956
0.81,19,31920.479998
0.77,23,31920.525715
0.79,21,31920.568134
0.59,21,31920.610235
0.8,20,31920.650895
0.94,16,31920.683048
0.81,29,31920.741215
0.73,27,31920.794714
0.81,19,31920.832859
0.83,17,31920.866921
0.8,30,31920.927653
0.7,20,31920.968404
0.77,23,31921.01526
0.49,31,31921.077587
0.81,19,31921.116043
0.87,13,31921.143499
0.83,27,31921.197735
0.84,16,31921.230633
0.73,27,31921.284259
0.87,23,31921.329905
0.79,21,31921.37126
0.7,30,31921.43032
0.84,16,31921.462439
0.39,41,31921.543421
0.72,28,31921.599341
0.76,14,31921.627902
0.81,19,31921.666221
0.83,17,31921.700667
0.77,23,31927.371995
0.84,16,31927.412343
0.74,16,31927.452438
0.82,18,31927.497212
0.84,16,31927.536943
0.81,19,31927.584067
0.48,32,31927.665879
0.67,33,31927.7473
0.71,19,31927.794302
0.6,30,31927.866877
0.77,23,31927.913845
0.86,14,31927.941014
0.77,23,31927.984504
0.46,34,31928.051098
0.93,17,31928.083986
0.84,16,31928.115713
0.83,17,31928.149339
0.83,17,31928.182414
0.71,29,31928.238129
0.81,19,31928.275314
0.8,20,31928.313538
0.83,17,31928.346632
0.93,17,31928.379346
0.44,46,31928.466753
0.93,17,31928.49982
0.82,18,31928.534826
0.81,29,31928.592326
0.93,17,31928.625501
0.85,15,31928.654884
0.46,34,31928.720136
0.48,32,31928.782126
0.8,20,31928.821007
0.45,35,31928.888598
0.68,22,31928.932859
0.67,23,31928.977165
0.74,16,31929.009132
0.81,19,31929.046326
0.84,16,31929.077797
0.76,14,31929.105682
0.86,24,31929.152694
0.74,16,31929.184095
0.7,20,31929.223445
0.75,15,31929.252933
0.83,17,31929.286188
0.68,22,31929.32948
0.77,23,31929.375436
0.84,16,31929.407444
0.58,32,31934.97309
0.7,30,31935.031888
0.7,30,31935.090148
0.94,16,31935.121491
0.79,21,31935.164198
0.79,21,31935.207778
0.74,26,31935.260431
0.71,19,31935.298676
0.82,18,31935.334099
0.68,22,31935.377478
0.91,19,31935.415092
0.92,18,31935.450329
0.73,17,31935.483512
0.9,20,31935.522171
0.92,18,31935.557606
0.79,21,31935.598578
0.83,17,31935.632067
0.9,20,31935.670937
0.91,19,31935.708372
0.93,17,31935.74175
0.51,39,31935.81786
0.9,20,31935.856822
0.63,27,31935.909421
0.62,28,31935.963356
0.16,64,31936.085769
0.93,17,31936.12013
0.83,17,31936.153893
0.7,20,31936.193256
0.85,15,31936.223079
0.85,15,31936.252482
0.83,17,31936.285674
0.65,25,31936.334712
0.37,43,31936.418859
0.58,42,31936.501796
0.82,18,31936.537311
0.91,19,31936.576881
0.79,21,31936.622538
0.8,30,31936.684
0.86,14,31936.71302
0.82,18,31936.749063
0.73,17,31936.783315
0.82,18,31936.818448
0.81,19,31936.856893
0.84,16,31936.888909
0.92,18,31936.924437
0.87,13,31936.950402
0.84,16,31936.981266
0.52,48,31942.620138
0.71,29,31942.681146
0.9,20,31942.721275
0.94,16,31942.7544
0.82,18,31942.792083
0.73,17,31942.829231
0.78,22,31942.872897
0.84,16,31942.903854
0.75,15,31942.93392
0.5,40,31943.011791
0.82,18,31943.046625
0.67,33,31943.111358
0.83,17,31943.14489
0.73,17,31943.178721
0.86,14,31943.206742
0.7,20,31943.246588
0.82,18,31943.283511
0.67,33,31943.349127
0.69,41,31943.430286
0.82,18,31943.465878
0.82,18,31943.501395
0.46,34,31943.56785
0.82,18,31943.603496
0.56,34,31943.669638
0.58,32,31943.732476
0.93,17,31943.766373
0.86,14,31943.794377
0.49,31,31943.8547
0.88,22,31943.897826
0.85,15,31943.927112
0.04,66,31944.054256
0.93,17,31944.087226
0.79,21,31944.127182
0.7,30,31944.185821
0.93,17,31944.21946
0.73,17,31944.25254
0.84,16,31944.283783
0.95,15,31944.312632
0.45,55,31944.416772
0.9,20,31944.455399
0.56,44,31944.538506
0.81,19,31951.321537
0.75,25,31951.369284
0.86,14,31951.396809
0.74,26,31951.446084
0.78,22,31951.488339
0.82,18,31951.522736
0.85,15,31951.552078
0.61,29,31951.607194
0.63,27,31951.658116
0.47,43,31951.740584
0.89,21,31951.780379
0.75,15,31951.808412
0.83,17,31951.840316
0.58,42,31951.920069
0.74,16,31951.95096
0.93,17,31951.983983
0.83,17,31952.019879
0.84,16,31952.059243
0.77,23,31952.115609
0.83,17,31952.158331
0.9,20,31952.207262
0.83,17,31952.244153
0.93,17,31952.277355
0.8,20,31952.31662
0.7,20,31952.358724
0.72,18,31952.393885
0.84,16,31952.425573
0.79,21,31952.466485
0.77,23,31952.511571
0.49,31,31952.572669
0.9,20,31952.612484
0.93,17,31952.647001
0.82,18,31952.682228
0.82,18,31952.71847
0.8,20,31952.758425
0.83,17,31952.793175
0.71,39,31952.869989
0.82,18,31952.908471
0.33,47,31953.009203
0.51,29,31953.064466
0.89,21,31953.105106
0.73,17,31953.137834
0.82,18,31953.172953
0.82,18,31953.208069
0.75,15,31953.237223
0.83,17,31953.269799
0.94,16,31953.300979
0.79,21,31958.770885
0.92,18,31958.806736
0.83,17,31958.84033
0.83,17,31958.874127
0.52,38,31958.948443
0.94,16,31958.979907
0.74,16,31959.011479
0.49,41,31959.093112
0.56,34,31959.159727
0.72,18,31959.195578
0.8,20,31959.234343
0.82,18,31959.270652
0.81,19,31959.308357
0.78,22,31959.351563
0.73,17,31959.385308
0.87,23,31959.430141
0.83,17,31959.463692
0.74,16,31959.49492
0.67,33,31959.558383
0.62,28,31959.612676
0.85,15,31959.642254
0.82,18,31959.677491
0.72,18,31959.713431
0.84,16,31959.745373
0.9,20,31959.78458
0.82,18,31959.819718
0.93,17,31959.852484
0.94,16,31959.883833
0.9,20,31959.922677
0.85,15,31959.952124
0.83,17,31959.985164
0.78,22,31960.027425
0.79,21,31960.068231
0.53,27,31960.121042
0.94,16,31960.152498
0.86,24,31960.198924
0.84,16,31960.230024
0.84,16,31960.260995
0.92,18,31960.295537
0.26,44,31960.377851
0.68,22,31960.420333
0.78,22,31960.461786
0.9,20,31960.49969
0.79,21,31960.539858
0.81,19,31960.576408
0.94,16,31960.606815
0.5,30,31960.663949
0.83,17,31960.696869
0.71,19,31960.734572
0.34,46,31966.155129
0.77,23,31966.200955
0.83,17,31966.236026
0.85,15,31966.265843
0.84,16,31966.297928
0.92,18,31966.333413
0.79,21,31966.37407
0.68,32,31966.435657
0.84,16,31966.467636
0.95,15,31966.496643
0.96,14,31966.525395
0.6,30,31966.584512
0.81,19,31966.623934
0.85,25,31966.672988
0.76,24,31966.720214
0.83,17,31966.754275
0.26,44,31966.840644
0.81,19,31966.879859
0.85,15,31966.909385
0.83,17,31966.942781
0.61,29,31966.998859
0.81,19,31967.036135
0.86,14,31967.063878
0.91,19,31967.10225
0.69,21,31967.144301
0.96,14,31967.17264
0.82,18,31967.208462
0.51,29,31967.266027
0.8,20,31967.30621
0.93,17,31967.340663
0.86,14,31967.369195
0.8,20,31967.409391
0.73,27,31967.462514
0.82,18,31967.497468
0.83,17,31967.530729
0.76,24,31967.577906
0.91,19,31967.615495
0.81,19,31967.65299
0.85,15,31967.682968
0.63,27,31967.735273
0.8,20,31967.77482
0.53,27,31967.827455
0.77,23,31967.872574
0.84,16,31967.904257
0.73,27,31967.955739
0.62,28,31968.010332
0.76,14,31968.040598
0.72,28,31968.097534
0.72,18,31973.423317
0.78,22,31973.469809
0.78,22,31973.522325
0.7,20,31973.571137
0.91,19,31973.617008
0.77,33,31973.696904
0.81,19,31973.743088
0.57,33,31973.821732
0.85,15,31973.858045
0.82,18,31973.899763
0.6,40,31973.975717
0.78,22,31974.018857
0.81,19,31974.05628
0.76,14,31974.084224
0.81,19,31974.121767
-0.14,74,31974.263074
0.83,17,31974.29632
0.73,17,31974.329249
0.82,18,31974.363996
0.73,17,31974.397112
0.91,19,31974.433769
0.74,16,31974.464637
0.44,36,31974.533327
0.81,19,31974.570806
0.92,18,31974.605751
0.9,20,31974.644794
0.81,19,31974.681797
0.94,16,31974.713657
0.82,18,31974.750613
0.83,17,31974.785398
0.82,18,31974.822255
0.78,22,31974.868648
0.82,18,31974.905905
0.81,19,31974.944069
0.69,21,31974.98572
0.94,16,31975.01743
0.95,15,31975.04716
0.93,17,31975.08013
0.85,15,31975.109632
0.96,14,31975.137274
0.73,17,31975.171685
0.73,17,31975.206479
0.85,15,31975.236186
0.57,53,31975.34079
0.49,41,31975.424399
0.71,29,31975.487811
0.83,17,31981.686355
0.67,23,31981.731623
0.75,15,31981.761831
0.68,22,31981.804741
0.82,28,31981.86004
0.94,16,31981.892118
0.86,14,31981.920363
0.81,19,31981.958324
0.83,17,31981.992758
0.57,43,31982.076817
0.96,14,31982.104574
0.8,30,31982.162619
0.6,40,31982.240179
0.5,30,31982.297777
0.82,18,31982.333151
0.91,19,31982.370279
0.81,19,31982.40791
0.7,20,31982.44716
0.84,16,31982.47894
0.83,17,31982.511997
0.3,50,31982.608595
0.82,18,31982.644763
0.63,27,31982.698191
0.79,31,31982.758854
0.9,20,31982.79772
0.82,18,31982.834495
0.8,20,31982.875518
0.83,17,31982.908968
0.72,18,31982.944572
0.8,20,31982.984222
0.93,17,31983.020582
0.85,25,31983.073297
0.77,23,31983.117819
0.84,16,31983.149074
0.72,28,31983.203039
0.94,16,31983.234025
0.95,15,31983.263212
0.83,27,31983.31479
0.8,20,31983.353747
0.92,18,31983.389087
0.83,17,31983.422361
0.24,56,31983.529922
0.94,16,31983.56185
0.79,21,31983.602602
0.82,18,31983.637269
0.58,22,31983.679543
0.84,16,31989.552736
0.74,16,31989.594008
0.93,17,31989.636046
0.84,16,31989.675731
0.79,21,31989.722371
0.7,30,31989.780352
0.93,17,31989.813494
0.76,34,31989.879487
0.96,14,31989.912131
0.63,27,31989.977384
0.72,28,31990.045971
0.71,19,31990.092238
0.13,57,31990.229588
0.62,28,31990.294088
0.74,16,31990.333694
0.63,37,31990.424179
0.93,17,31990.466063
0.93,17,31990.507615
0.81,19,31990.554334
0.76,24,31990.612955
0.91,19,31990.65965
0.67,33,31990.740332
0.59,51,31990.845553
0.68,32,31990.910194
0.7,20,31990.950214
0.72,18,31990.98749
0.82,28,31991.043571
0.7,30,31991.102805
0.82,18,31991.138877
0.85,15,31991.169051
0.51,29,31991.22629
0.76,24,31991.273962
0.86,14,31991.301833
0.91,19,31991.339262
0.51,49,31991.4369
0.91,19,31991.475289
0.59,31,31991.535613
0.94,16,31991.568281
0.75,15,31991.599667
0.8,20,31991.639829
0.82,18,31991.675915
0.84,16,31991.707891
0.64,36,31998.10944
0.91,19,31998.14839
0.92,18,31998.186134
0.94,16,31998.219412
0.9,20,31998.260375
0.53,47,31998.35644
0.85,15,31998.388157
0.89,21,31998.431485
0.73,27,31998.486815
0.95,15,31998.517692
0.82,18,31998.554564
0.8,20,31998.595903
0.93,17,31998.630606
0.82,18,31998.667238
0.78,22,31998.71226
0.82,18,31998.74827
0.8,20,31998.78781
0.5,40,31998.867974
0.83,17,31998.90217
0.78,22,31998.946701
0.79,21,31998.990599
0.64,26,31999.044448
0.91,19,31999.085101
0.63,27,31999.141752
0.95,15,31999.174458
0.29,51,31999.282196
0.68,22,31999.331645
0.91,19,31999.370549
0.91,19,31999.408975
0.81,19,31999.448491
0.8,20,31999.489456
0.74,26,31999.541554
0.84,16,31999.57425
0.58,42,31999.65887
0.93,17,31999.693024
0.71,29,31999.751379
0.73,27,31999.806516
0.84,16,31999.839497
0.78,22,31999.88347
0.7,30,31999.942854
0.93,17,31999.976518
0.86,14,32000.00473
0.49,31,32000.067342
0.75,15,32000.09806
0.81,19,32000.135906
0.79,21,32000.178566
0.77,23,32006.197076
0.9,20,32006.237106
0.94,16,32006.269028
0.83,17,32006.303314
0.46,44,32006.388885
0.75,15,32006.418909
0.85,15,32006.448515
0.74,16,32006.480966
0.66,24,32006.529135
0.71,29,32006.588424
0.7,20,32006.628498
0.51,29,32006.685767
0.8,20,32006.725339
0.78,22,32006.775186
0.82,18,32006.819499
0.82,18,32006.864005
0.83,17,32006.905354
0.84,16,32006.944869
0.78,22,32006.995401
0.81,19,32007.032264
0.56,34,32007.097971
0.82,18,32007.133477
0.54,36,32007.203871
0.79,21,32007.246865
0.78,22,32007.290864
0.83,17,32007.325039
0.82,18,32007.361303
0.92,18,32007.397653
0.74,16,32007.430176
0.85,15,32007.460181
0.74,16,32007.492003
0.69,21,32007.533373
0.9,20,32007.57285
0.85,25,32007.621752
0.85,15,32007.651442
0.57,33,32007.7156
0.84,16,32007.746994
0.88,22,32007.79016
0.86,14,32007.817661
0.92,18,32007.853236
0.62,28,32007.908354
0.84,16,32007.939638
0.9,20,32007.978258
0.8,20,32008.017349
0.77,33,32008.080263
0.75,15,32008.109927
0.89,21,32008.151809
0.9,20,32008.191417
0.82,18,32008.227681
0.86,14,32013.593602
0.81,19,32013.631208
0.74,26,32013.684322
0.85,15,32013.714455
0.75,15,32013.743659
0.92,18,32013.77877
0.63,37,32013.85037
0.84,16,32013.881971
0.9,20,32013.920912
0.37,43,32014.003848
0.63,27,32014.057171
0.95,15,32014.086602
0.91,19,32014.123706
0.81,19,32014.161387
0.83,17,32014.195144
0.74,16,32014.226832
0.8,30,32014.285265
0.78,22,32014.32876
0.82,18,32014.364542
0.73,17,32014.39851
0.84,16,32014.430122
0.79,21,32014.471359
0.73,17,32014.504908
0.79,21,32014.546473
0.81,19,32014.584474
0.83,17,32014.617965
0.83,17,32014.651682
0.81,19,32014.689141
0.95,15,32014.718641
0.76,14,32014.746659
0.72,18,32014.781741
0.88,22,32014.825366
0.73,27,32014.878034
0.92,18,32014.913004
0.81,19,32014.949716
0.96,14,32014.977102
0.61,29,32015.033215
0.53,37,32015.10378
0.76,14,32015.131579
0.92,18,32015.166603
0.32,48,32015.260562
0.82,18,32015.295449
0.77,23,32015.339796
0.95,15,32015.36962
0.96,14,32015.397748
0.94,16,32015.429263
0.83,17,32015.462991
0.38,42,32015.545804
0.73,17,32015.580023
0.81,19,32021.576964
0.85,15,32021.606805
0.81,19,32021.644077
0.84,16,32021.676302
0.71,19,32021.714183
0.71,29,32021.770475
0.96,14,32021.797707
0.85,15,32021.827778
0.9,20,32021.866637
0.2,60,32021.984098
0.83,17,32022.01849
0.77,23,32022.063959
0.86,14,32022.092157
0.74,16,32022.124252
0.86,14,32022.152447
0.95,15,32022.182594
0.69,31,32022.243941
0.94,16,32022.275799
0.78,22,32022.318896
0.74,16,32022.350668
0.92,18,32022.386527
0.86,14,32022.414894
0.62,28,32022.470653
0.48,32,32022.533812
0.76,24,32022.581882
0.79,21,32022.623365
0.12,48,32022.718204
0.71,19,32022.75649
0.64,26,32022.80696
0.84,16,32022.838616
0.93,17,32022.872229
0.83,17,32022.905291
0.63,27,32022.957412
0.72,18,32022.993638
0.82,18,32023.02913
0.93,17,32023.063424
0.86,14,32023.092367
0.73,17,32023.128763
0.72,18,32023.166281
0.85,15,32023.196732
0.79,21,32023.238492
0.68,32,32023.300811
0.84,16,32023.332404
0.8,20,32023.372036
0.82,18,32023.407703
0.72,28,32023.463372
0.83,17,32023.497264
0.7,30,32023.557031
0.85,15,32029.621039
0.81,19,32029.6587
0.85,15,32029.688498
0.73,17,32029.723439
0.96,14,32029.75177
0.81,19,32029.788769
0.83,17,32029.82268
0.83,17,32029.856105
0.83,17,32029.889792
0.84,26,32029.940094
0.81,19,32029.977341
0.5,40,32030.053935
0.85,15,32030.083684
0.83,17,32030.11695
0.77,23,32030.161393
0.72,18,32030.195958
0.73,17,32030.229441
0.45,45,32030.315099
0.49,31,32030.376272
0.72,18,32030.412209
0.57,43,32030.49687
0.85,15,32030.52891
0.68,32,32030.593706
0.74,16,32030.62601
0.35,45,32030.720342
0.82,18,32030.762545
0.93,17,32030.796158
0.92,18,32030.832228
0.69,31,32030.893018
0.61,39,32030.969728
0.85,15,32031.000032
0.76,14,32031.02782
0.82,18,32031.063417
0.73,17,32031.096754
0.54,36,32031.166993
0.82,18,32031.203328
0.76,24,32031.250928
0.86,14,32031.278688
0.69,31,32031.338476
0.83,17,32031.372163
0.46,44,32031.458049
0.81,19,32031.495863
0.8,20,32031.535856
0.82,18,32031.572193
0.84,16,32031.604812
0.67,33,32037.836376
0.84,16,32037.868358
0.74,16,32037.90068
0.82,18,32037.936916
0.59,31,32037.99828
0.85,15,32038.028573
0.76,34,32038.094679
0.71,19,32038.132354
0.77,23,32038.177777
0.9,20,32038.217713
0.8,20,32038.257663
0.49,31,32038.319721
0.84,16,32038.352405
0.7,20,32038.392324
0.68,32,32038.455757
0.84,16,32038.487975
0.9,20,32038.528198
0.69,31,32038.589809
0.82,18,32038.625721
0.77,23,32038.671305
0.73,17,32038.704691
-0.23,63,32038.833843
0.7,20,32038.874204
0.94,16,32038.90751
0.72,18,32038.944889
0.68,22,32038.99437
0.8,20,32039.036209
0.87,23,32039.083547
0.72,18,32039.121064
0.81,19,32039.159189
0.74,16,32039.192494
0.9,20,32039.233263
0.76,24,32039.282043
0.76,14,32039.310557
0.75,25,32039.360435
0.89,21,32039.406896
0.8,20,32039.446969
0.8,20,32039.486479
0.82,18,32039.522734
0.82,18,32039.560464
0.96,14,32039.589828
0.87,23,32039.636244
0.93,17,32039.670945
0.37,53,32039.779499
0.82,18,32039.815493
0.84,16,32039.847768
0.84,16,32039.880365
0.6,30,32045.867307
0.79,21,32045.914191
0.83,17,32045.956624
0.85,15,32045.993648
0.74,16,32046.033232
0.93,17,32046.074343
0.84,16,32046.106275
0.8,20,32046.145527
0.96,14,32046.173985
0.86,14,32046.202248
0.89,21,32046.244123
0.72,28,32046.299463
0.62,28,32046.354691
0.83,17,32046.387957
0.94,16,32046.419508
0.77,23,32046.464574
0.9,20,32046.504085
0.84,16,32046.535951
0.84,16,32046.568279
0.7,20,32046.608274
0.8,20,32046.64808
0.8,20,32046.688787
0.79,21,32046.730726
0.63,27,32046.788512
0.85,15,32046.82246
0.8,20,32046.861635
0.93,17,32046.894969
0.62,48,32046.989978
0.86,14,32047.018331
0.9,20,32047.058888
0.93,17,32047.094512
0.92,18,32047.131999
0.86,14,32047.160342
0.8,20,32047.202539
0.84,16,32047.234812
0.78,22,32047.278339
0.42,38,32047.352925
0.93,17,32047.387125
0.82,18,32047.422886
0.83,17,32047.456362
0.64,26,32047.506884
0.94,16,32047.538572
0.84,16,32047.570371
0.83,17,32047.603975
0.66,24,32047.650918
0.79,21,32047.69269
0.81,19,32047.730198
0.82,18,32047.765765
0.54,46,32047.859999
0.78,22,32053.337425
0.77,23,32053.382671
0.84,16,32053.414445
0.8,30,32053.472964
0.93,17,32053.506623
0.44,46,32053.596587
0.95,15,32053.627051
0.49,31,32053.68872
0.81,19,32053.726073
0.91,19,32053.76379
0.92,18,32053.799172
0.84,16,32053.830361
0.67,23,32053.875171
0.85,15,32053.904781
0.93,17,32053.93817
0.72,18,32053.973418
0.78,22,32054.016711
0.77,13,32054.042225
0.81,19,32054.078552
0.8,20,32054.117186
0.93,17,32054.15022
0.83,17,32054.183401
0.89,21,32054.224072
0.7,20,32054.263207
0.62,28,32054.317907
0.8,20,32054.356827
0.66,34,32054.422673
0.71,29,32054.478436
0.75,15,32054.507917
0.37,33,32054.573365
0.95,15,32054.603567
0.81,19,32054.641138
0.85,25,32054.69048
0.92,18,32054.726956
0.85,15,32054.757437
0.72,18,32054.793646
0.57,33,32054.858286
0.82,18,32054.894264
0.83,17,32054.92822
0.72,28,32054.984072
0.82,18,32055.019738
0.7,20,32055.059306
0.79,21,32055.102209
0.79,21,32055.143034
0.65,15,32055.172819
0.79,21,32055.214703
0.95,15,32055.244606
0.84,16,32055.276104
0.83,17,32055.309787
0.94,16,32055.342051
0.7,20,32060.623166
0.79,21,32060.675557
0.72,28,32060.743172
0.84,16,32060.775307
0.51,39,32060.851512
0.81,19,32060.888987
0.78,22,32060.932003
0.94,16,32060.963157
0.86,14,32060.990579
0.82,18,32061.02698
0.67,23,32061.07263
0.86,14,32061.101364
0.61,29,32061.158799
0.71,19,32061.196615
0.76,24,32061.244298
0.85,15,32061.274165
0.8,20,32061.312896
0.73,27,32061.365007
0.79,21,32061.405977
0.72,28,32061.469646
0.68,32,32061.535609
0.76,14,32061.563108
0.82,18,32061.601421
0.85,15,32061.631176
0.85,15,32061.66072
0.83,17,32061.693907
0.83,17,32061.726506
0.83,17,32061.759655
0.74,26,32061.810398
0.86,14,32061.838782
0.93,17,32061.872245
0.81,19,32061.910308
0.8,20,32061.949489
0.81,29,32062.006776
0.85,15,32062.036418
0.53,37,32062.108607
0.92,18,32062.144752
0.84,16,32062.17645
0.97,13,32062.202356
0.68,32,32062.264974
0.82,18,32062.300823
0.84,16,32062.332743
0.69,31,32062.39379
0.81,19,32062.431665
0.94,16,32062.463308
0.77,23,32062.507822
0.58,42,32062.59185
0.82,18,32062.627801
0.93,17,32068.156324
0.75,25,32068.205069
0.83,17,32068.238113
0.85,15,32068.267345
0.74,16,32068.298894
0.68,22,32068.341827
0.32,68,32068.471768
0.71,19,32068.508235
0.9,20,32068.5474
0.57,33,32068.61158
0.89,21,32068.652013
0.83,17,32068.685777
0.87,23,32068.730977
0.8,20,32068.770751
0.89,21,32068.812064
0.6,30,32068.871516
0.84,16,32068.902948
0.8,20,32068.942022
0.84,16,32068.973726
0.71,19,32069.010262
0.77,23,32069.054882
0.48,32,32069.116477
0.81,19,32069.153846
0.78,22,32069.196703
0.8,20,32069.235427
0.82,18,32069.270698
0.66,34,32069.337263
0.81,19,32069.375627
0.91,19,32069.414326
0.8,20,32069.454252
0.76,24,32069.501331
0.78,22,32069.543995
0.29,41,32069.623758
0.76,14,32069.651659
0.72,28,32069.706039
0.92,18,32069.741395
0.85,15,32069.771095
0.85,15,32069.801187
0.49,51,32069.902211
0.79,31,32069.976157
0.91,19,32070.022069
0.83,17,32070.062827
0.84,16,32070.101402
0.58,42,32070.202496
0.71,29,32076.706333
0.52,28,32076.761631
0.8,20,32076.801914
0.84,16,32076.833794
0.96,14,32076.86173
0.73,17,32076.895381
0.84,16,32076.926825
0.17,63,32077.049222
0.81,19,32077.087353
0.84,16,32077.119144
0.92,18,32077.15478
0.82,18,32077.191068
0.92,18,32077.226924
0.82,18,32077.262922
0.96,14,32077.291227
0.75,15,32077.321535
0.82,18,32077.356826
0.85,15,32077.386552
0.81,19,32077.424416
0.94,16,32077.456856
0.94,16,32077.4887
0.95,15,32077.518252
0.94,16,32077.550359
0.91,19,32077.588178
0.67,33,32077.653581
0.38,52,32077.756511
0.61,29,32077.813329
0.93,17,32077.847204
0.86,14,32077.875339
0.87,13,32077.901456
0.92,18,32077.93669
0.81,19,32077.973938
0.49,41,32078.054101
0.92,18,32078.08923
0.72,18,32078.124204
0.83,17,32078.157543
0.8,20,32078.197065
0.92,18,32078.2331
0.72,18,32078.268456
0.88,22,32078.31175
0.84,16,32078.342987
0.85,15,32078.372465
0.8,20,32078.411666
0.82,18,32078.446861
0.71,29,32078.503201
0.85,15,32078.53308
0.93,17,32078.567071
0.49,31,32078.627654
0.83,27,32084.455966
0.83,17,32084.489902
0.82,18,32084.525466
0.82,18,32084.56114
0.92,18,32084.596427
0.79,21,32084.637366
0.47,33,32084.701854
0.63,27,32084.754828
0.61,39,32084.83131
0.37,43,32084.916524
0.85,15,32084.947388
0.83,17,32084.981786
0.8,20,32085.021607
0.81,19,32085.059541
0.63,27,32085.113366
0.53,27,32085.166313
0.83,17,32085.201079
0.61,39,32085.277746
0.81,19,32085.315526
0.79,31,32085.376607
0.93,17,32085.410622
0.67,33,32085.475645
0.6,30,32085.534999
0.83,17,32085.568948
0.85,15,32085.598929
0.75,15,32085.628875
0.49,51,32085.730154
0.93,17,32085.765051
0.8,20,32085.804389
0.61,29,32085.860481
0.69,21,32085.902575
0.93,17,32085.936749
0.85,15,32085.966555
0.85,15,32085.996964
0.9,20,32086.041552
0.72,28,32086.110211
0.82,18,32086.154275
0.85,15,32086.191493
0.73,17,32086.233937
0.84,16,32086.273476
0.83,17,32086.315459
0.82,18,32086.357401
0.82,18,32086.393872
0.84,16,32086.426061
0.89,21,32086.468796
0.76,24,32086.516603
0.42,28,32092.097648
0.62,28,32092.153045
0.54,26,32092.205296
0.88,22,32092.248937
0.71,29,32092.305836
0.92,18,32092.342384
0.85,15,32092.373041
0.75,15,32092.403589
0.66,34,32092.471149
0.59,41,32092.552043
0.62,38,32092.627108
0.59,31,32092.68915
0.94,16,32092.720914
0.81,19,32092.75883
0.79,21,32092.799809
0.89,21,32092.840668
0.67,33,32092.90514
0.63,27,32092.957693
0.68,32,32093.02032
0.84,16,32093.052372
0.92,18,32093.088203
0.81,19,32093.126014
0.82,18,32093.161698
0.61,29,32093.219843
0.71,29,32093.276898
0.81,19,32093.315328
0.8,20,32093.35533
0.51,39,32093.432822
0.9,20,32093.473129
0.88,22,32093.516788
0.78,22,32093.56173
0.83,17,32093.596034
0.73,17,32093.630051
0.38,52,32093.732859
0.82,28,32093.788407
0.81,19,32093.826548
0.75,15,32093.856907
0.64,16,32093.888503
0.65,15,32093.9186
0.61,29,32093.975713
0.9,20,32094.015508
0.88,22,32094.057772
0.89,21,32094.098488
0.61,29,32100.197447
0.88,22,32100.242885
0.83,17,32100.277158
0.96,14,32100.305584
0.8,20,32100.345302
0.83,17,32100.379427
0.57,33,32100.444989
0.76,24,32100.49202
0.51,29,32100.548529
0.74,16,32100.581309
0.4,40,32100.659604
0.94,16,32100.691999
0.79,21,32100.733149
0.82,18,32100.768762
0.79,31,32100.829123
0.82,18,32100.864401
0.52,28,32100.920117
0.83,17,32100.953764
0.7,20,32100.992935
0.46,44,32101.07871
0.83,17,32101.112278
0.91,19,32101.150329
0.53,27,32101.203519
0.82,18,32101.23974
0.74,16,32101.271439
0.75,15,32101.303282
0.79,21,32101.344687
0.77,23,32101.390133
0.9,20,32101.429771
0.72,18,32101.466036
0.73,27,32101.51878
0.59,41,32101.599553
0.79,21,32101.641166
0.83,17,32101.675162
0.64,26,32101.726386
0.51,39,32101.805149
0.93,17,32101.839576
0.88,12,32101.863728
0.94,16,32101.895663
0.94,16,32101.926715
0.69,21,32101.967294
0.85,15,32101.99666
0.82,18,32102.032603
0.72,18,32102.068268
0.79,21,32102.10929
0.8,20,32102.149091
0.8,20,32107.920189
0.82,18,32107.957222
0.82,28,32108.012596
0.96,14,32108.041132
0.82,18,32108.07697
0.92,18,32108.113009
0.52,28,32108.167861
0.81,19,32108.206105
0.81,19,32108.243546
0.72,28,32108.298975
0.85,15,32108.328828
0.61,29,32108.386967
0.9,20,32108.427331
0.87,23,32108.473632
0.75,15,32108.503519
0.66,34,32108.57053
0.7,30,32108.629269
0.73,27,32108.682398
0.96,14,32108.709483
0.81,19,32108.745648
0.3,70,32108.877833
0.73,17,32108.910479
0.64,26,32108.95995
0.61,29,32109.016143
0.73,27,32109.068326
0.64,36,32109.140022
0.59,31,32109.20168
0.8,30,32109.261378
0.83,17,32109.295718
0.94,16,32109.327906
0.43,57,32109.439714
0.36,54,32109.545916
0.8,20,32109.585852
0.82,18,32109.621779
0.93,17,32109.656023
0.73,27,32109.709241
0.82,18,32109.745542
0.73,17,32109.779787
0.72,28,32109.834885
0.65,35,32109.902669
0.65,35,32116.611392
0.79,21,32116.652224
0.82,18,32116.687877
0.74,16,32116.719189
0.56,34,32116.783849
0.48,32,32116.844929
0.83,17,32116.877812
0.72,18,32116.912235
0.82,18,32116.946804
0.8,30,32117.003961
0.91,19,32117.040746
0.82,18,32117.075242
0.84,16,32117.106363
0.76,24,32117.152637
0.74,16,32117.183962
0.69,21,32117.225358
0.78,22,32117.268367
0.95,15,32117.298235
0.95,15,32117.327742
0.69,21,32117.36912
0.6,30,32117.428946
0.83,17,32117.462172
0.88,22,32117.504631
0.89,21,32117.545861
0.9,20,32117.586751
0.85,15,32117.616702
0.75,15,32117.646426
0.77,23,32117.691092
0.6,30,32117.748684
0.5,30,32117.805956
0.76,14,32117.833974
0.86,14,32117.861597
0.8,20,32117.901341
0.48,42,32117.98155
0.84,16,32118.012716
0.82,18,32118.047708
0.85,15,32118.076849
0.84,16,32118.108109
0.73,27,32118.160333
0.8,20,32118.199136
0.83,17,32118.232657
0.83,17,32118.266014
0.79,21,32118.306604
0.62,28,32118.360549
0.94,16,32118.391644
0.92,18,32118.426536
0.78,22,32118.469367
0.82,18,32118.504258
0.81,19,32118.54101
0.82,18,32123.878986
0.89,21,32123.92217
0.58,32,32123.994955
0.71,29,32124.051902
0.93,17,32124.085318
0.66,24,32124.132298
0.82,18,32124.167532
0.8,20,32124.207216
0.81,19,32124.245106
0.66,24,32124.291603
0.94,16,32124.322763
0.84,16,32124.35439
0.8,20,32124.393845
0.71,19,32124.43134
0.35,35,32124.49917
0.83,17,32124.53231
0.9,20,32124.571669
0.97,13,32124.597446
0.88,22,32124.640494
0.78,22,32124.68374
0.74,16,32124.714917
0.5,40,32124.793764
0.57,33,32124.858953
0.75,15,32124.889184
0.7,20,32124.928344
0.69,31,32124.988976
0.75,15,32125.019692
0.79,21,32125.060817
0.64,26,32125.111324
0.87,23,32125.156208
0.6,30,32125.214515
0.93,17,32125.248131
0.84,16,32125.279603
0.84,16,32125.310629
0.86,14,32125.338973
0.85,15,32125.368948
0.85,15,32125.398958
0.61,29,32125.456481
0.82,18,32125.492438
0.91,19,32125.530207
0.95,15,32125.560739
0.82,18,32125.596441
0.81,19,32125.633896
0.75,15,32125.664017
0.85,15,32125.693821
0.93,17,32125.727791
0.86,14,32125.756291
0.81,19,32125.793349
0.64,26,32125.844291
0.91,19,32125.881102
0.82,28,32131.087968
0.84,16,32131.119569
0.94,16,32131.152393
0.92,18,32131.187783
0.72,18,32131.223506
0.9,20,32131.263096
0.79,21,32131.30462
0.83,17,32131.339044
0.89,21,32131.380606
0.74,16,32131.412539
0.81,19,32131.45018
0.8,20,32131.489246
0.82,18,32131.525048
0.73,17,32131.559284
0.89,21,32131.601318
0.73,27,32131.654789
0.81,19,32131.692628
0.82,18,32131.727525
0.91,19,32131.765779
0.9,20,32131.806245
0.83,17,32131.840332
0.93,17,32131.874366
0.84,16,32131.906343
0.93,17,32131.940396
0.85,15,32131.970186
0.81,19,32132.00766
0.83,17,32132.04109
0.86,14,32132.070155
0.84,16,32132.103168
0.7,30,32132.164488
0.82,18,32132.202346
0.88,22,32132.246814
0.81,19,32132.285703
0.4,40,32132.365248
0.91,19,32132.403852
0.79,21,32132.446267
0.78,22,32132.490416
0.7,30,32132.549362
0.96,14,32132.577763
0.85,15,32132.607817
0.93,17,32132.641692
0.9,20,32132.681562
0.8,20,32132.720716
0.72,18,32132.755976
0.82,18,32132.791075
0.73,27,32132.84362
0.6,30,32132.903403
0.96,14,32132.930562
0.82,18,32132.966345
0.83,17,32132.999789
0.9,20,32133.038259
0.74,16,32133.069911
0.77,23,32137.795908
0.62,28,32137.851273
0.91,19,32137.889679
0.61,29,32137.947185
0.8,20,32137.987557
0.69,31,32138.048039
0.78,22,32138.092151
0.82,18,32138.12764
0.8,20,32138.16752
0.83,17,32138.201926
0.78,22,32138.245342
0.8,20,32138.284943
0.83,17,32138.318989
0.74,16,32138.351556
0.49,41,32138.432879
0.75,15,32138.463219
0.83,17,32138.497034
0.73,17,32138.531658
0.86,14,32138.560271
0.75,25,32138.609884
0.82,18,32138.645866
0.92,18,32138.682737
0.7,20,32138.723119
0.92,18,32138.759649
0.84,16,32138.791595
0.9,20,32138.831486
0.81,19,32138.869794
0.83,17,32138.903976
0.92,18,32138.940233
0.74,16,32138.973022
0.85,25,32139.023623
0.68,22,32139.068167
0.8,20,32139.107225
0.82,18,32139.142942
0.58,32,32139.206822
0.92,18,32139.243188
0.8,20,32139.283639
0.76,34,32139.352351
0.95,15,32139.383883
0.81,19,32139.423347
0.81,19,32139.46284
0.84,16,32139.503805
0.77,23,32139.561478
0.92,18,32139.606915
0.59,31,32139.683523
0.92,18,32139.72576
0.85,15,32139.756141
0.87,23,32139.801968
0.83,17,32139.835614
0.74,26,32144.912301
0.82,18,32144.94751
0.94,16,32144.979163
0.71,19,32145.016533
0.58,32,32145.07953
0.81,19,32145.117881
0.62,28,32145.173023
0.71,29,32145.230681
0.6,30,32145.28977
0.83,17,32145.323903
0.93,17,32145.357988
0.83,17,32145.392662
0.92,18,32145.428593
0.95,15,32145.459307
0.86,14,32145.487797
0.59,31,32145.549006
0.84,16,32145.581273
0.61,39,32145.657256
0.71,19,32145.696471
0.61,29,32145.754529
0.84,16,32145.785801
0.85,15,32145.815249
0.52,38,32145.889034
0.76,24,32145.936777
0.85,25,32145.986665
0.83,17,32146.021026
0.93,17,32146.055338
0.79,21,32146.097314
0.69,21,32146.140665
0.82,18,32146.177109
0.96,14,32146.205764
0.84,16,32146.238929
0.79,21,32146.280896
0.68,32,32146.342694
0.66,24,32146.390895
0.84,16,32146.422675
0.72,18,32146.459228
0.86,14,32146.487513
0.66,34,32146.557982
0.65,25,32146.612126
0.8,20,32146.655091
0.91,19,32146.698518
0.77,23,32146.745588
0.93,17,32146.782383
0.73,17,32146.818374
0.73,17,32146.852791
0.84,16,32146.884917
0.76,14,32146.912956
0.82,18,32146.950013
0.94,16,32152.251473
0.9,20,32152.291466
0.69,31,32152.352306
0.89,21,32152.394172
0.6,20,32152.433977
0.79,21,32152.475785
0.95,15,32152.505778
0.82,18,32152.541464
0.82,18,32152.577451
0.94,16,32152.609259
0.93,17,32152.642707
0.71,29,32152.700402
0.83,17,32152.734209
0.83,17,32152.767942
0.83,17,32152.802497
0.75,15,32152.833038
0.81,19,32152.871489
0.44,46,32152.960956
0.71,29,32153.017592
0.93,17,32153.051184
0.72,28,32153.10578
0.83,17,32153.138694
0.79,31,32153.199843
0.82,18,32153.235472
0.62,28,32153.290878
0.68,32,32153.353499
0.94,16,32153.385278
0.93,17,32153.419431
0.89,21,32153.460513
0.83,17,32153.493593
0.9,20,32153.532726
0.79,21,32153.574436
0.82,28,32153.629207
0.92,18,32153.664914
0.66,34,32153.730262
0.69,31,32153.789832
0.73,17,32153.823033
0.38,62,32153.941105
0.74,16,32153.972569
0.74,16,32154.004081
0.91,19,32154.041585
0.76,14,32154.06981
0.82,18,32154.106171
0.74,16,32154.138037
0.84,16,32154.170113
0.94,16,32154.202258
0.84,16,32154.234081
0.84,16,32159.953906
0.85,15,32159.984682
0.82,18,32160.021276
0.84,16,32160.053903
0.94,16,32160.086436
0.85,15,32160.116674
0.93,17,32160.152083
0.85,15,32160.183369
0.8,20,32160.22243
0.83,17,32160.255573
0.81,19,32160.292725
0.58,32,32160.354626
0.46,44,32160.440911
0.92,18,32160.476183
0.96,14,32160.504035
0.93,17,32160.537036
0.92,18,32160.572665
0.74,16,32160.6041
0.78,22,32160.646694
0.72,18,32160.682051
0.79,21,32160.723556
0.94,16,32160.754697
0.83,17,32160.787892
0.94,16,32160.818901
0.72,28,32160.872867
0.69,21,32160.914081
0.41,49,32161.007341
0.91,19,32161.044327
0.84,16,32161.075856
0.6,30,32161.133954
0.76,14,32161.161592
0.71,39,32161.237104
0.67,33,32161.301334
0.7,40,32161.378279
0.89,21,32161.419575
0.77,23,32161.464761
0.82,18,32161.499627
0.79,21,32161.53995
0.8,20,32161.579032
0.68,22,32161.621868
0.91,19,32161.658955
0.9,20,32161.698143
0.59,31,32161.757694
0.63,27,32161.809545
0.81,19,32161.846607
0.89,21,32161.887258
0.74,16,32161.918497
0.87,13,32161.944271
0.38,52,32167.510512
0.89,21,32167.552001
0.73,27,32167.605671
0.49,41,32167.689139
0.85,15,32167.720313
0.6,30,32167.78022
0.78,22,32167.823651
0.78,22,32167.866842
0.93,17,32167.901322
0.7,30,32167.960649
0.66,34,32168.02841
0.89,21,32168.070181
0.83,17,32168.103849
0.82,18,32168.139672
0.82,18,32168.176101
0.94,16,32168.208397
0.5,40,32168.286465
0.85,15,32168.316164
0.83,17,32168.34982
0.83,17,32168.383494
0.83,17,32168.417536
0.9,20,32168.457688
0.7,30,32168.516584
0.82,18,32168.552323
0.59,31,32168.613816
0.82,18,32168.649602
0.79,21,32168.691823
0.79,21,32168.733514
0.91,19,32168.77094
0.68,42,32168.852385
0.8,20,32168.891429
0.93,17,32168.924844
0.8,20,32168.963402
0.84,16,32168.994684
0.81,19,32169.031996
0.9,20,32169.071416
0.72,18,32169.106763
0.55,25,32169.154892
0.86,14,32169.182693
0.95,15,32169.212451
0.81,19,32169.249751
0.42,38,32169.323322
0.95,15,32169.352656
0.62,28,32169.406531
0.93,17,32175.66893
0.82,18,32175.70437
0.92,18,32175.739388
0.69,31,32175.799969
0.74,16,32175.831503
0.8,30,32175.889704
0.69,31,32175.949528
0.14,66,32176.075175
0.83,17,32176.108759
0.86,14,32176.136034
0.86,14,32176.163787
0.82,18,32176.199156
-0.06,76,32176.34502
0.57,43,32176.427459
0.92,18,32176.462457
0.83,17,32176.495134
0.71,29,32176.55074
0.84,16,32176.582313
0.89,21,32176.622857
0.78,32,32176.684698
0.75,25,32176.732863
0.83,17,32176.76597
0.95,15,32176.795732
0.93,17,32176.828825
0.82,18,32176.864691
0.76,14,32176.892881
0.84,16,32176.924627
0.88,22,32176.96714
0.83,17,32177.000371
0.86,14,32177.02785
0.96,14,32177.055297
0.83,17,32177.088309
0.57,33,32177.152174
0.82,18,32177.187866
0.88,22,32177.230809
0.83,17,32177.264224
0.9,20,32177.302845
0.59,31,32177.362808
0.9,20,32177.402228
0.83,27,32177.455051
0.93,17,32177.48807
0.64,16,32177.518996
0.8,20,32177.55842
0.72,28,32177.612734
0.85,15,32177.642289
0.69,31,32184.368303
0.91,19,32184.406262
0.8,20,32184.446071
0.61,39,32184.522771
0.92,18,32184.558978
0.86,14,32184.587585
0.93,17,32184.621544
0.59,31,32184.683264
0.85,15,32184.714011
0.52,28,32184.769941
0.95,15,32184.800036
0.92,18,32184.835628
0.92,18,32184.870425
0.84,16,32184.901575
0.7,30,32184.959951
0.83,17,32184.99321
0.8,20,32185.031995
0.82,18,32185.067413
0.75,25,32185.116225
0.71,19,32185.154224
0.52,28,32185.209164
0.7,20,32185.248893
0.74,16,32185.280413
0.94,16,32185.311949
0.84,16,32185.342959
0.83,17,32185.376677
0.84,26,32185.428416
0.8,30,32185.48736
0.7,30,32185.545869
0.92,18,32185.582245
0.94,16,32185.614955
0.26,54,32185.724545
0.92,18,32185.761992
0.83,17,32185.796872
0.82,28,32185.853632
0.41,39,32185.931791
0.66,24,32185.979123
0.94,16,32186.011181
0.76,34,32186.077824
0.5,50,32186.176255
0.82,18,32186.212925
0.82,18,32186.249057
0.71,19,32186.287223
0.61,29,32186.344985
0.54,46,32192.552188
0.78,22,32192.595832
0.94,16,32192.626798
0.85,15,32192.656236
0.7,20,32192.695189
0.67,33,32192.759565
0.61,39,32192.834788
0.77,13,32192.861099
0.75,15,32192.890481
0.89,21,32192.931417
0.46,34,32193.002561
0.5,40,32193.084247
0.65,25,32193.133739
0.64,26,32193.185339
0.82,18,32193.22149
0.61,29,32193.279029
0.9,20,32193.318822
0.78,22,32193.36285
0.96,14,32193.391212
0.85,15,32193.42141
0.8,20,32193.460811
0.83,17,32193.494658
0.37,53,32193.614829
0.92,18,32193.661323
0.95,15,32193.699372
0.48,32,32193.779389
0.83,17,32193.822394
0.78,22,32193.87434
0.52,48,32193.971448
0.46,44,32194.059301
0.81,29,32194.116113
0.86,14,32194.143821
0.71,19,32194.181468
0.71,19,32194.219206
0.77,23,32194.263928
0.93,17,32194.297444
0.82,18,32194.332774
0.6,30,32194.391585
0.84,16,32194.423481
0.93,17,32194.456887
0.75,15,32194.486018
0.93,17,32194.518913
0.63,27,32200.736636
0.83,17,32200.770227
0.89,21,32200.812191
0.56,44,32200.903688
0.89,21,32200.9452
0.87,13,32200.972002
0.93,17,32201.006392
0.71,29,32201.064551
0.71,19,32201.102655
0.97,13,32201.128853
0.85,15,32201.158959
0.81,19,32201.197596
0.61,39,32201.280798
0.94,16,32201.313357
0.84,16,32201.345963
0.63,17,32201.380494
0.92,18,32201.417272
0.7,30,32201.477013
0.81,19,32201.514907
0.93,17,32201.548969
0.91,19,32201.586966
0.48,42,32201.668032
0.74,26,32201.718595
0.83,17,32201.752063
0.83,17,32201.784778
0.92,18,32201.819832
0.8,20,32201.858902
0.96,14,32201.886899
0.82,18,32201.92319
0.81,19,32201.960294
0.69,21,32202.00132
0.85,15,32202.03107
0.74,26,32202.08206
0.85,15,32202.111814
0.74,16,32202.143839
0.84,16,32202.175136
0.63,27,32202.228229
0.94,16,32202.260525
0.82,18,32202.296151
0.26,44,32202.382229
0.78,22,32202.426623
0.65,35,32202.495676
0.91,19,32202.533163
0.6,30,32202.593384
0.82,18,32202.629813
0.9,20,32202.669918
0.82,18,32202.70635
0.53,37,32202.778215
0.59,41,32208.788816
0.49,31,32208.849084
0.83,17,32208.882404
0.58,32,32208.946725
0.96,14,32208.975395
0.9,20,32209.014702
0.93,17,32209.04816
0.82,18,32209.084623
0.61,29,32209.140639
0.76,24,32209.187361
0.8,20,32209.226873
0.8,20,32209.266422
0.64,26,32209.317819
0.78,22,32209.360782
0.75,25,32209.409854
0.91,19,32209.447158
0.87,23,32209.492291
0.96,14,32209.519801
0.95,15,32209.549476
0.79,21,32209.590798
0.66,34,32209.656591
0.83,17,32209.690693
0.82,18,32209.727467
0.86,14,32209.755734
0.84,16,32209.787674
0.9,20,32209.826448
0.92,18,32209.86249
0.46,44,32209.948345
0.74,16,32209.980064
0.8,20,32210.018838
0.9,20,32210.057378
0.85,25,32210.106947
0.8,20,32210.145227
0.57,43,32210.226865
0.68,32,32210.288538
0.74,36,32210.358084
0.72,18,32210.393862
0.84,26,32210.445195
0.31,59,32210.560144
0.79,21,32210.600897
0.79,21,32210.641659
0.51,39,32216.967056
0.61,29,32217.023915
0.57,33,32217.088573
0.69,31,32217.149884
0.84,16,32217.186174
0.8,20,32217.234843
0.68,22,32217.288482
0.82,18,32217.332644
0.84,16,32217.372419
0.95,15,32217.409226
0.83,17,32217.451087
0.72,28,32217.516026
0.92,18,32217.561024
0.9,20,32217.61048
0.85,15,32217.647628
0.84,16,32217.687514
0.82,18,32217.732771
0.85,15,32217.770146
0.64,26,32217.834384
0.85,15,32217.869108
0.83,17,32217.904115
0.69,21,32217.947166
0.55,35,32218.016485
0.83,17,32218.050337
0.84,16,32218.081949
0.79,21,32218.122989
0.54,26,32218.17349
0.74,16,32218.204498
0.65,35,32218.272089
0.9,20,32218.310789
0.67,33,32218.37452
0.83,17,32218.407763
0.93,17,32218.441167
0.84,16,32218.472727
0.65,25,32218.521599
0.84,16,32218.553398
0.71,19,32218.591482
0.85,15,32218.621306
0.85,15,32218.650435
0.64,26,32218.70068
0.84,16,32218.731976
0.7,30,32218.78985
0.88,22,32218.832878
0.49,31,32218.892237
0.82,18,32218.927053
0.79,21,32218.968962
0.85,15,32218.999478
0.74,16,32219.031915
0.67,33,32219.098041
0.85,15,32224.482011
0.87,23,32224.527321
0.84,26,32224.579233
0.94,16,32224.610758
0.8,30,32224.668524
0.73,17,32224.701924
0.75,15,32224.731448
0.82,18,32224.766855
0.77,13,32224.792682
0.81,19,32224.83023
0.17,63,32224.95069
0.83,17,32224.984403
0.39,51,32225.082412
0.83,17,32225.115254
0.79,21,32225.155572
0.79,21,32225.196132
0.81,19,32225.233121
0.94,16,32225.26473
0.79,21,32225.305428
0.7,40,32225.383229
0.94,16,32225.414491
0.76,14,32225.441917
0.84,16,32225.473044
0.74,16,32225.504415
0.92,18,32225.539812
0.73,17,32225.573845
0.82,18,32225.609329
0.76,14,32225.636876
0.49,41,32225.717475
0.49,31,32225.778529
0.83,17,32225.811818
0.86,14,32225.839241
0.71,19,32225.876263
0.66,24,32225.922669
0.91,19,32225.960754
0.47,53,32226.06596
0.66,34,32226.133981
0.67,33,32226.19961
0.97,13,32226.225986
0.67,23,32226.271599
0.93,17,32226.305178
0.93,17,32226.338866
0.92,18,32226.374491
0.83,17,32226.408012
0.85,15,32226.438042
0.7,30,32232.869295
0.27,53,32232.97034
0.5,40,32233.046807
0.56,34,32233.112715
0.77,23,32233.157598
0.82,18,32233.192993
0.8,20,32233.232328
0.84,16,32233.263554
0.7,30,32233.32142
0.54,46,32233.410408
0.79,21,32233.451317
0.81,19,32233.488408
0.83,17,32233.521859
0.83,17,32233.555503
0.79,21,32233.596754
0.82,18,32233.632227
0.31,39,32233.707547
0.79,31,32233.768098
0.74,16,32233.799764
0.6,30,32233.857575
0.52,38,32233.931386
0.84,16,32233.962768
0.75,25,32234.012077
0.75,25,32234.06089
0.82,18,32234.096628
0.39,41,32234.176624
0.8,20,32234.216755
0.73,17,32234.250917
0.71,19,32234.288664
0.69,31,32234.34902
0.83,17,32234.382521
0.85,15,32234.412044
0.91,19,32234.448942
0.7,30,32234.507471
0.82,18,32234.543188
0.62,28,32234.597061
0.95,15,32234.626498
0.61,29,32234.682521
0.92,18,32234.717825
0.72,18,32234.752919
0.82,18,32234.788045
0.8,20,32234.827246
0.68,22,32241.000472
0.8,20,32241.038654
0.8,20,32241.077609
0.83,17,32241.110164
0.78,22,32241.152464
0.7,20,32241.191524
0.82,18,32241.22717
0.79,21,32241.268008
0.82,18,32241.303654
0.71,29,32241.36003
0.56,24,32241.407399
0.84,16,32241.439324
0.86,14,32241.467083
0.73,17,32241.500703
0.93,17,32241.534075
0.8,20,32241.57383
0.81,19,32241.612447
0.74,16,32241.643499
0.84,16,32241.674956
0.93,17,32241.708077
0.92,18,32241.747575
0.71,19,32241.788847
0.66,24,32241.835181
0.71,19,32241.872523
0.87,13,32241.898241
0.8,20,32241.937457
0.94,16,32241.969453
0.8,20,32242.009847
0.82,18,32242.045507
0.83,27,32242.098845
0.86,14,32242.126705
0.78,22,32242.17078
0.83,17,32242.204841
0.81,19,32242.24289
0.83,17,32242.277393
0.52,48,32242.370995
0.91,19,32242.408201
0.83,17,32242.441356
0.9,20,32242.479851
0.82,18,32242.514193
0.83,17,32242.547511
0.84,16,32242.581214
0.8,20,32242.622573
0.79,21,32242.666129
0.73,27,32242.727243
0.76,24,32242.779379
0.79,21,32242.82394
0.91,19,32242.865234
0.75,15,32242.895037
0.71,19,32242.932356
0.81,19,32242.968858
0.81,19,32243.00513
0.77,23,32247.776805
0.7,20,32247.815852
0.66,24,32247.862907
0.73,17,32247.897442
0.72,28,32247.953815
0.95,15,32247.984414
0.74,16,32248.016756
0.75,25,32248.065945
0.92,18,32248.105382
0.86,14,32248.136772
0.71,29,32248.194766
0.81,19,32248.233098
0.9,20,32248.273018
0.96,14,32248.301241
0.74,16,32248.332689
0.59,31,32248.393622
0.92,18,32248.429536
0.81,19,32248.466778
0.79,21,32248.508434
0.8,20,32248.548626
0.8,20,32248.588842
0.94,16,32248.620495
0.82,18,32248.656179
0.81,19,32248.694034
0.97,13,32248.720525
0.84,16,32248.752254
0.8,20,32248.79197
0.69,31,32248.852894
0.8,20,32248.891916
0.81,19,32248.928783
0.69,31,32248.988046
0.59,31,32249.046767
0.71,29,32249.101855
0.92,18,32249.136204
0.92,18,32249.174959
0.73,17,32249.211902
0.72,18,32249.246671
0.81,19,32249.283404
0.83,17,32249.316299
0.96,14,32249.343537
0.82,18,32249.378216
0.82,18,32249.413242
0.89,21,32249.454116
0.93,17,32249.487329
0.68,32,32249.549268
0.85,15,32249.578979
0.68,32,32249.640121
0.82,18,32249.675193
0.93,17,32249.708752
0.73,17,32249.742827
0.94,16,32249.773985
0.8,20,32254.853225
0.96,14,32254.881604
0.81,19,32254.919149
0.59,31,32254.980574
0.93,17,32255.014241
0.73,17,32255.047893
0.79,21,32255.09003
0.62,28,32255.143429
0.61,29,32255.19887
0.5,40,32255.274889
0.82,18,32255.30955
0.73,27,32255.361438
0.85,15,32255.390822
0.79,21,32255.431706
0.74,16,32255.462985
0.81,19,32255.499834
0.88,22,32255.542469
0.82,18,32255.57817
0.72,18,32255.613082
0.83,17,32255.646607
0.59,31,32255.706422
0.86,14,32255.733769
0.8,30,32255.79164
0.49,41,32255.870929
0.82,18,32255.906675
0.89,21,32255.947445
0.8,20,32255.986314
0.84,16,32256.017927
0.85,15,32256.047068
0.76,24,32256.094244
0.49,41,32256.173359
0.74,16,32256.205003
0.25,45,32256.292143
0.83,17,32256.325695
0.75,15,32256.356541
0.82,18,32256.39283
0.47,43,32256.47674
0.95,15,32256.50647
0.73,27,32256.559775
0.82,18,32256.596118
0.59,31,32256.657087
0.84,26,32256.709291
0.83,17,32256.747166
0.71,19,32256.784637
0.95,15,32256.81428
0.91,19,32262.805574
0.59,31,32262.867076
0.59,31,32262.928209
0.37,53,32263.03388
0.96,14,32263.062942
0.49,51,32263.164623
0.79,31,32263.227532
0.95,15,32263.258863
0.51,39,32263.33713
0.82,18,32263.373854
0.92,18,32263.410658
0.87,23,32263.457212
0.56,44,32263.544973
0.7,20,32263.586179
0.71,29,32263.644771
0.68,22,32263.689307
0.8,20,32263.729964
0.86,14,32263.758881
0.73,17,32263.793173
0.83,17,32263.827592
0.79,21,32263.870062
0.83,17,32263.911334
0.82,18,32263.956174
0.88,22,32264.010391
0.94,16,32264.043046
0.93,17,32264.077728
0.6,30,32264.137379
0.72,18,32264.173258
0.46,44,32264.260182
0.83,17,32264.29446
0.73,17,32264.328821
0.84,16,32264.361292
0.96,14,32264.390015
0.71,29,32264.447461
0.83,17,32264.481611
0.82,18,32264.516894
0.8,20,32264.556732
0.74,16,32264.588841
0.47,53,32264.692173
0.8,30,32264.752685
0.59,41,32264.834078
0.65,25,32271.600046
0.55,35,32271.672342
0.73,17,32271.715103
0.49,31,32271.78688
0.94,16,32271.819434
0.82,18,32271.855804
0.7,20,32271.895405
0.82,18,32271.930937
0.72,18,32271.966131
0.95,15,32271.995141
0.83,17,32272.028645
0.5,40,32272.104812
0.92,18,32272.139469
0.47,43,32272.221453
0.9,20,32272.260817
0.92,18,32272.295837
0.65,25,32272.343833
0.63,27,32272.395928
0.79,21,32272.447097
0.93,17,32272.488838
0.9,20,32272.533068
0.81,19,32272.572186
0.62,28,32272.627413
0.92,18,32272.663377
0.54,36,32272.735089
0.94,16,32272.767162
0.84,16,32272.799215
0.79,21,32272.840986
0.94,16,32272.872805
0.4,40,32272.951959
0.92,18,32272.988065
0.83,17,32273.021793
0.81,19,32273.059489
0.66,14,32273.087334
0.6,30,32273.146003
0.91,19,32273.184024
0.69,31,32273.245295
0.81,19,32273.283306
0.8,20,32273.323155
0.84,16,32273.355338
0.73,17,32273.389411
0.78,32,32273.452712
0.85,15,32273.482744
0.61,29,32273.539631
0.74,26,32273.592136
0.81,19,32273.629319
0.84,16,32279.504171
0.74,26,32279.557032
0.91,19,32279.596223
0.64,36,32279.669345
0.83,17,32279.711857
0.93,17,32279.74683
0.73,17,32279.782318
0.93,17,32279.817331
0.81,19,32279.856188
0.68,32,32279.921844
0.8,20,32279.963034
0.82,18,32279.99963
0.82,18,32280.036741
0.79,31,32280.09847
0.81,19,32280.13662
0.85,15,32280.166497
0.81,19,32280.20476
0.84,16,32280.237079
0.83,17,32280.271903
0.84,16,32280.304269
0.76,14,32280.332836
0.82,18,32280.368815
0.53,37,32280.442734
0.8,20,32280.483512
0.49,41,32280.565871
0.8,20,32280.606493
0.44,36,32280.677754
0.83,17,32280.712249
0.81,19,32280.750554
0.7,30,32280.810763
0.7,20,32280.851358
0.76,14,32280.880189
0.85,25,32280.930678
0.74,16,32280.963485
0.86,14,32280.992939
0.85,15,32281.024223
0.86,24,32281.072317
0.83,17,32281.106086
0.91,19,32281.144345
0.96,14,32281.172755
0.82,18,32281.208681
0.84,16,32281.240541
0.55,35,32281.310074
0.85,15,32281.341184
0.81,19,32281.380251
0.89,21,32281.422769
-0.16,76,32287.913579
0.85,15,32287.944133
0.85,15,32287.973894
0.84,26,32288.026328
0.73,17,32288.061559
0.37,43,32288.145686
0.58,32,32288.209054
0.8,20,32288.249255
0.5,40,32288.327953
0.84,16,32288.359967
0.91,19,32288.397963
0.96,14,32288.42643
0.84,16,32288.458361
0.78,22,32288.502588
0.82,18,32288.538925
0.2,60,32288.656742
0.52,38,32288.731645
0.73,27,32288.784449
0.82,18,32288.819869
0.85,15,32288.851085
0.82,18,32288.887138
0.58,32,32288.949519
0.93,17,32288.983717
0.95,15,32289.013435
0.85,25,32289.063797
0.92,18,32289.098987
0.84,16,32289.130525
0.72,18,32289.16564
0.82,18,32289.201298
0.71,19,32289.23946
0.81,19,32289.277593
0.85,25,32289.327064
0.76,14,32289.355428
0.82,18,32289.391815
0.59,31,32289.453445
0.38,42,32289.536173
0.82,18,32289.572076
0.91,19,32289.609553
0.62,38,32289.684095
0.81,19,32289.721742
0.94,16,32289.753202
0.9,20,32289.793089
0.82,28,32289.850517
0.72,28,32289.908968
0.95,15,32289.939608
0.84,16,32296.099022
0.94,16,32296.130735
0.84,16,32296.161937
0.66,24,32296.209206
0.68,32,32296.272053
0.48,42,32296.354006
0.51,29,32296.410769
0.84,16,32296.442515
0.72,18,32296.478286
0.79,21,32296.519808
0.84,16,32296.551541
0.82,18,32296.587195
0.73,27,32296.64064
0.54,26,32296.690813
0.91,19,32296.733451
0.82,18,32296.777383
0.54,36,32296.864239
0.91,19,32296.911503
0.6,30,32296.984061
0.63,37,32297.073822
0.81,19,32297.120073
0.85,25,32297.180702
0.82,18,32297.224349
0.64,16,32297.26335
0.81,19,32297.309316
0.8,20,32297.358198
0.93,17,32297.400356
0.81,19,32297.447643
0.91,19,32297.494481
0.81,29,32297.559945
0.82,18,32297.596039
0.83,17,32297.62955
0.74,16,32297.661286
0.85,25,32297.711662
0.79,21,32297.753643
0.72,28,32297.80849
0.82,18,32297.8439
0.71,19,32297.881151
0.82,18,32297.915897
0.89,21,32297.956791
0.88,22,32297.999142
0.88,22,32298.041435
0.8,20,32298.080018
0.83,17,32298.112899
0.84,16,32298.143986
0.95,15,32298.173023
0.71,29,32298.229396
0.98,12,32303.452962
0.81,19,32303.490268
0.93,17,32303.523557
0.22,68,32303.6538
0.94,16,32303.68511
0.83,17,32303.717182
0.94,16,32303.74829
0.75,15,32303.777781
0.85,25,32303.824751
0.81,19,32303.860977
0.84,16,32303.896644
0.57,43,32303.997983
0.93,17,32304.038961
0.8,20,32304.086977
0.79,21,32304.137847
0.83,17,32304.178629
0.88,12,32304.20801
0.8,20,32304.256952
0.85,15,32304.294873
0.93,17,32304.337797
0.58,32,32304.416853
0.57,33,32304.496892
0.83,17,32304.538769
0.12,58,32304.653375
0.84,16,32304.685316
0.69,31,32304.74651
0.83,17,32304.780311
0.9,20,32304.819367
0.7,30,32304.877912
0.95,15,32304.907375
0.8,20,32304.946912
0.34,46,32305.03655
0.76,24,32305.083378
0.95,15,32305.11314
0.97,13,32305.139281
0.52,38,32305.213064
0.7,20,32305.252231
0.93,17,32305.285568
0.8,20,32305.324806
0.9,20,32305.364378
0.97,13,32305.390347
0.92,18,32305.425742
0.87,13,32305.451265
0.92,18,32305.486759
0.55,35,32305.555104
0.93,17,32312.012647
0.8,20,32312.052338
0.4,50,32312.150915
0.86,14,32312.179107
0.93,17,32312.213091
0.9,20,32312.252017
0.76,24,32312.298775
0.83,17,32312.332481
0.86,14,32312.360367
0.83,17,32312.394201
0.7,30,32312.453702
0.83,17,32312.487696
0.85,15,32312.518075
0.57,33,32312.583972
0.61,29,32312.641621
0.77,23,32312.687352
0.8,30,32312.746304
0.46,44,32312.831079
0.81,19,32312.868374
0.85,15,32312.897703
0.78,22,32312.941264
0.85,15,32312.973698
0.82,18,32313.016547
0.75,15,32313.052037
0.62,28,32313.106271
0.92,18,32313.141429
0.84,16,32313.172979
0.93,17,32313.206685
0.82,18,32313.243643
0.68,32,32313.309607
0.91,19,32313.347553
0.68,22,32313.391225
0.92,18,32313.427066
0.92,18,32313.462881
0.83,17,32313.495604
0.79,21,32313.536114
0.83,17,32313.568902
0.96,14,32313.596376
0.84,16,32313.627229
0.77,23,32313.671918
0.83,17,32313.704676
0.93,17,32313.737684
0.79,31,32313.796951
0.71,19,32313.834145
0.81,19,32313.871072
0.81,19,32313.907557
0.93,17,32313.943125
0.74,26,32313.995389
0.93,17,32314.028744
0.69,31,32319.592341
0.95,15,32319.622715
0.86,14,32319.651092
0.72,18,32319.687214
0.96,14,32319.714364
0.45,45,32319.801009
0.94,16,32319.832436
0.91,19,32319.869748
0.85,15,32319.899734
0.72,18,32319.935261
0.83,17,32319.968966
0.96,14,32319.996855
0.86,14,32320.025143
0.74,26,32320.076277
0.81,19,32320.114061
0.81,19,32320.151974
0.75,25,32320.20143
0.86,14,32320.22942
0.84,16,32320.261317
0.85,15,32320.291251
0.67,33,32320.356049
0.49,31,32320.41763
0.94,16,32320.450012
0.93,17,32320.483937
0.67,33,32320.54917
0.18,52,32320.652719
0.83,17,32320.686783
0.24,56,32320.795645
0.61,39,32320.872204
0.67,33,32320.935765
0.92,18,32320.971098
0.85,15,32321.000176
0.44,46,32321.088543
0.95,15,32321.117994
0.47,33,32321.181476
0.68,22,32321.224385
0.67,33,32321.287938
0.6,40,32321.36403
0.81,19,32321.401163
0.8,20,32321.440019
0.92,18,32321.474902
0.47,43,32327.75428
0.77,13,32327.787519
0.96,14,32327.822938
0.8,20,32327.872369
0.82,18,32327.916765
0.83,17,32327.953613
0.59,31,32328.013978
0.83,17,32328.047122
0.83,17,32328.079943
0.8,20,32328.118568
0.83,17,32328.151795
0.75,15,32328.181537
0.96,14,32328.209199
0.85,15,32328.238269
0.93,17,32328.271571
0.8,20,32328.310811
0.74,16,32328.342472
0.8,30,32328.401245
0.81,19,32328.438536
0.83,17,32328.471463
0.82,18,32328.506597
0.8,20,32328.546257
0.74,16,32328.578991
0.39,41,32328.658418
0.6,20,32328.697506
0.91,19,32328.735568
0.94,16,32328.767205
0.47,53,32328.869234
0.9,20,32328.909412
0.83,17,32328.94382
0.81,19,32328.98171
0.83,17,32329.015625
0.93,17,32329.049779
0.74,26,32329.10174
0.87,23,32329.146839
0.82,18,32329.182705
0.96,14,32329.210705
0.79,31,32329.271326
0.84,16,32329.303266
0.76,14,32329.331625
0.77,23,32329.377345
0.08,52,32329.479373
0.83,17,32329.513443
0.91,19,32329.551548
0.56,44,32329.638455
0.43,37,32329.711254
0.82,18,32329.749065
0.81,19,32329.786452
0.6,30,32335.746891
0.78,32,32335.824148
0.77,23,32335.879618
0.96,14,32335.907485
0.72,28,32335.962013
0.93,17,32335.995703
0.81,29,32336.052337
0.51,29,32336.110116
0.73,17,32336.144158
0.64,36,32336.214892
0.82,18,32336.250678
0.61,29,32336.307604
0.92,18,32336.343099
0.73,17,32336.376977
0.6,30,32336.436095
0.81,19,32336.474149
0.79,21,32336.516117
0.85,15,32336.546309
0.85,25,32336.596558
0.83,17,32336.630593
0.44,56,32336.741451
0.85,25,32336.79146
0.9,20,32336.831236
0.73,17,32336.865049
0.82,18,32336.900562
0.67,23,32336.946016
0.85,15,32336.976445
0.46,44,32337.062292
0.49,41,32337.142576
0.81,19,32337.181105
0.85,25,32337.232028
0.8,20,32337.273379
0.82,18,32337.310385
0.64,26,32337.36369
0.84,16,32337.396364
0.83,17,32337.431565
0.63,17,32337.466823
0.85,15,32337.496928
0.92,18,32337.533305
0.46,44,32337.621716
0.94,16,32337.654038
0.8,30,32337.714414
0.85,15,32337.744475
0.86,14,32337.773021
0.82,18,32343.757365
0.83,17,32343.790493
0.84,16,32343.821809
0.88,22,32343.86477
0.93,17,32343.903778
0.76,24,32343.961129
0.58,32,32344.033634
0.73,27,32344.088824
0.87,23,32344.135137
0.83,17,32344.170021
0.7,20,32344.210228
0.86,24,32344.257832
0.57,33,32344.322975
0.85,15,32344.353314
0.68,32,32344.41719
0.81,19,32344.455612
0.92,18,32344.49178
0.36,54,32344.598517
0.61,29,32344.65679
0.93,17,32344.691713
0.72,18,32344.727942
0.77,33,32344.793711
0.96,14,32344.821876
0.81,19,32344.860055
0.93,17,32344.894425
0.69,31,32344.955623
0.94,16,32344.987822
0.94,16,32345.019936
0.71,19,32345.057829
0.55,45,32345.146619
0.73,17,32345.180246
0.85,15,32345.210813
0.48,32,32345.274251
0.85,15,32345.304772
0.91,19,32345.343203
0.76,24,32345.391358
0.85,15,32345.421636
0.83,17,32345.456139
0.91,19,32345.493094
0.84,16,32345.524728
0.83,17,32345.558603
0.92,18,32345.594621
0.83,17,32345.628396
0.82,18,32345.664559
0.85,15,32345.695208
0.82,18,32345.731226
0.76,24,32345.77843
0.85,15,32351.277025
0.81,19,32351.314691
0.82,18,32351.350557
0.81,19,32351.38816
0.83,17,32351.421458
0.81,19,32351.45883
0.94,16,32351.490164
0.65,25,32351.538835
0.55,35,32351.607511
0.96,14,32351.635466
0.92,18,32351.671224
0.57,43,32351.755062
0.76,34,32351.820603
0.63,27,32351.871561
0.84,16,32351.902851
0.75,15,32351.931823
0.27,43,32352.013617
0.92,18,32352.048242
0.7,30,32352.108196
0.75,15,32352.138696
0.84,16,32352.170884
0.72,18,32352.207353
0.81,19,32352.245533
0.75,15,32352.275979
0.84,26,32352.327909
0.81,19,32352.366145
0.94,16,32352.398489
0.87,13,32352.424909
0.94,16,32352.457294
0.92,18,32352.493782
0.7,20,32352.534147
0.51,29,32352.591587
0.84,16,32352.62322
0.91,19,32352.660483
0.74,26,32352.712491
0.85,15,32352.742477
0.8,20,32352.783204
0.82,18,32352.819363
0.81,19,32352.857317
0.39,41,32352.935874
0.93,17,32352.96893
0.78,22,32353.011677
0.85,15,32353.040807
0.85,15,32353.070153
0.71,19,32353.10751
0.64,26,32353.158377
0.74,16,32353.190188
0.94,16,32353.222246
0.88,22,32353.265456
0.49,41,32358.702645
0.92,18,32358.738243
0.85,15,32358.76784
0.82,18,32358.803518
0.9,20,32358.842706
0.92,18,32358.877754
0.96,14,32358.904745
0.81,19,32358.940922
0.86,14,32358.967367
0.77,23,32359.011453
0.77,23,32359.055503
0.57,33,32359.117482
0.89,21,32359.157358
0.66,24,32359.203153
0.81,19,32359.239764
0.83,17,32359.272853
0.85,15,32359.301689
0.91,19,32359.338115
0.82,18,32359.373214
0.74,16,32359.404192
0.6,30,32359.461495
0.9,20,32359.500074
0.68,22,32359.542123
0.85,25,32359.590062
0.92,18,32359.624107
0.81,19,32359.660711
0.93,17,32359.693727
0.95,15,32359.722739
0.85,15,32359.752052
0.9,20,32359.790882
0.83,17,32359.82327
0.75,25,32359.871534
0.83,17,32359.904645
0.78,22,32359.946554
0.35,55,32360.049192
0.82,18,32360.084015
0.8,20,32360.12215
0.84,16,32360.152782
0.82,18,32360.187194
0.91,19,32360.223386
0.79,21,32360.263606
0.85,15,32360.292823
0.67,23,32360.336799
0.81,19,32360.373407
0.35,55,32360.480624
0.85,15,32360.509797
0.81,19,32360.546597
0.9,20,32360.585237
0.93,17,32365.934292
0.62,28,32365.988827
0.92,18,32366.023714
0.93,17,32366.056715
0.84,16,32366.087487
0.69,31,32366.14715
0.73,17,32366.180469
0.83,17,32366.214239
0.52,38,32366.287873
0.87,13,32366.313967
0.65,35,32366.381879
0.89,21,32366.423176
0.84,16,32366.454854
0.68,32,32366.517095
0.85,15,32366.546935
0.83,17,32366.580928
0.71,29,32366.636533
0.5,40,32366.713195
0.84,16,32366.744326
0.67,33,32366.80742
0.91,19,32366.844527
0.92,18,32366.880088
0.8,20,32366.918983
0.79,31,32366.979904
0.72,18,32367.016258
0.6,40,32367.094519
0.73,27,32367.147243
0.58,32,32367.209355
0.84,16,32367.241462
0.44,36,32367.312151
0.92,18,32367.34807
0.95,15,32367.378181
0.83,17,32367.41222
0.8,30,32367.471099
0.8,20,32367.510423
0.84,16,32367.541569
0.88,22,32367.585109
0.66,14,32367.612638
0.8,20,32367.651697
0.6,30,32367.710865
0.85,15,32367.741108
0.94,16,32367.772928
0.81,19,32367.810062
0.95,15,32367.839716
0.83,17,32367.873352
0.48,42,32373.719046
0.54,36,32373.796356
0.79,21,32373.847466
0.96,14,32373.881702
0.68,32,32373.945093
0.57,33,32374.008238
0.79,21,32374.049364
0.84,16,32374.08131
0.7,30,32374.140364
0.65,45,32374.232855
0.79,21,32374.276199
0.42,48,32374.372079
0.79,21,32374.413727
0.83,17,32374.447596
0.76,14,32374.475243
0.82,28,32374.530239
0.93,17,32374.564015
0.58,32,32374.625988
0.71,19,32374.663543
0.83,17,32374.697045
0.82,18,32374.733038
0.79,21,32374.775311
0.48,52,32374.878746
0.76,14,32374.907253
0.58,32,32374.971905
0.79,21,32375.013899
0.93,17,32375.047807
0.92,18,32375.083346
0.7,30,32375.142102
0.94,16,32375.17392
0.71,29,32375.230894
0.84,16,32375.262678
0.82,18,32375.298182
0.84,16,32375.330404
0.81,19,32375.368681
0.97,13,32375.395731
0.56,34,32375.463268
0.58,32,32375.525466
0.8,20,32375.564774
0.92,18,32375.599833
0.96,14,32375.627491
0.84,16,32375.658545
0.83,17,32375.692228
0.82,18,32375.72742
0.87,23,32381.705819
0.82,18,32381.741328
0.49,41,32381.819676
0.94,16,32381.851172
0.82,18,32381.885935
0.8,20,32381.924972
0.83,17,32381.958494
0.65,25,32382.006957
0.91,19,32382.044181
0.94,16,32382.075717
0.72,18,32382.112175
0.93,17,32382.146333
0.82,18,32382.182344
0.8,20,32382.222166
0.87,23,32382.267821
0.84,16,32382.29988
0.6,30,32382.35923
0.71,19,32382.397256
0.61,39,32382.474332
0.84,16,32382.506442
0.83,17,32382.540707
0.94,16,32382.572788
0.89,21,32382.614358
0.82,18,32382.649941
0.93,17,32382.683856
0.37,43,32382.766773
0.95,15,32382.796649
0.84,16,32382.828199
0.81,19,32382.865174
0.64,36,32382.933241
0.75,15,32382.962696
0.83,17,32382.99598
0.72,28,32383.049689
0.9,20,32383.088929
0.8,20,32383.12785
0.4,40,32383.20544
0.84,16,32383.237441
0.82,18,32383.272746
0.91,19,32383.310246
0.94,16,32383.341874
0.62,28,32383.397432
0.8,20,32383.437049
0.83,17,32383.470304
0.84,16,32383.502265
0.6,30,32383.562998
0.4,60,32383.680839
0.81,19,32389.758888
0.7,30,32389.817064
0.76,24,32389.86434
0.79,21,32389.905479
0.95,15,32389.935351
0.79,21,32389.976102
0.85,15,32390.005189
0.74,26,32390.055539
0.72,18,32390.091002
0.69,31,32390.151716
0.82,18,32390.186938
0.73,17,32390.22104
0.9,20,32390.260687
0.81,19,32390.298608
0.38,42,32390.381475
0.1,70,32390.516337
0.81,19,32390.554206
0.79,21,32390.595596
0.91,19,32390.632468
0.53,37,32390.704253
0.71,19,32390.742583
0.54,36,32390.814196
0.84,16,32390.847447
0.83,17,32390.881675
0.48,32,32390.944386
0.84,16,32390.976194
0.73,27,32391.027234
0.73,17,32391.059822
0.9,20,32391.097833
0.74,16,32391.128762
0.83,17,32391.161551
0.81,19,32391.198979
0.97,13,32391.224718
0.69,31,32391.2846
0.95,15,32391.314256
0.85,15,32391.343833
0.83,17,32391.377248
0.71,19,32391.414752
0.78,22,32391.458002
0.63,27,32391.509839
0.93,17,32391.54299
0.74,16,32391.574777
0.68,32,32391.636262
0.61,29,32391.691976
0.75,15,32391.721527
0.84,16,32397.737037
0.83,17,32397.771434
0.82,28,32397.827171
0.83,17,32397.861779
0.84,16,32397.894246
0.61,29,32397.951793
0.81,19,32397.990598
0.53,27,32398.045334
0.82,18,32398.081493
0.83,17,32398.115128
0.87,13,32398.140852
0.7,20,32398.180396
0.71,19,32398.218011
0.58,42,32398.300481
0.63,27,32398.353978
0.83,17,32398.388241
0.83,17,32398.422699
0.46,44,32398.508191
0.81,19,32398.545966
0.76,14,32398.57444
0.84,16,32398.606502
0.83,17,32398.640618
0.69,31,32398.701048
0.84,16,32398.732752
0.72,18,32398.768023
0.8,30,32398.827781
0.94,16,32398.860211
0.73,17,32398.893552
0.75,25,32398.942767
0.74,16,32398.974979
0.85,15,32399.004853
0.8,20,32399.044366
0.37,43,32399.129073
0.52,28,32399.184801
0.85,15,32399.214982
0.81,29,32399.272872
0.78,22,32399.317107
0.9,20,32399.357572
0.8,20,32399.397892
0.84,26,32399.450148
0.69,31,32399.511914
0.85,15,32399.542351
0.13,67,32399.676574
0.32,38,32399.753536
0.84,16,32406.084375
0.71,19,32406.121227
0.71,29,32406.177896
0.82,18,32406.213519
0.56,24,32406.26042
0.94,16,32406.29227
0.84,16,32406.323836
0.86,14,32406.351843
0.69,21,32406.393404
0.69,31,32406.455035
0.85,15,32406.485126
0.8,20,32406.524872
0.93,17,32406.559439
0.75,15,32406.590276
0.84,16,32406.622108
0.82,18,32406.657629
0.91,19,32406.695143
0.85,15,32406.724841
0.73,27,32406.776861
0.72,18,32406.811733
0.82,18,32406.846794
0.82,18,32406.881745
0.81,19,32406.91856
0.71,29,32406.974381
0.68,22,32407.017011
0.75,15,32407.046816
0.73,17,32407.080051
0.84,16,32407.111673
0.57,33,32407.175317
0.94,16,32407.207336
0.8,20,32407.24721
0.86,14,32407.275336
0.75,15,32407.305276
0.96,14,32407.333333
0.96,14,32407.361592
0.8,20,32407.401146
0.63,17,32407.434838
0.46,44,32407.520007
0.76,24,32407.567112
0.86,14,32407.595366
0.72,18,32407.629999
0.82,18,32407.665117
0.44,56,32407.773444
0.82,18,32407.808663
0.84,16,32407.839934
0.82,18,32407.875577
0.85,15,32407.905788
0.95,15,32407.935801
0.73,17,32407.969268
0.73,37,32408.041291
0.73,27,32413.73704
0.79,21,32413.779927
0.81,19,32413.81814
0.64,16,32413.850562
0.72,28,32413.905802
0.57,33,32413.969686
0.67,23,32414.014335
0.55,45,32414.100643
0.93,17,32414.133765
0.8,20,32414.172775
0.75,15,32414.202282
0.77,33,32414.266635
0.83,17,32414.300569
0.88,22,32414.343785
0.79,21,32414.385035
0.52,38,32414.459501
0.83,17,32414.492791
0.72,18,32414.528042
0.9,20,32414.567715
0.27,43,32414.650526
0.82,28,32414.704706
0.82,18,32414.740246
0.51,29,32414.796347
0.84,16,32414.827957
0.84,16,32414.859494
0.94,16,32414.890522
0.55,35,32414.956992
0.34,46,32415.043851
0.73,17,32415.076537
0.82,18,32415.111395
0.94,16,32415.142447
0.82,18,32415.17748
0.63,27,32415.230061
0.8,20,32415.269335
0.82,18,32415.304432
0.76,34,32415.37033
0.81,19,32415.408007
0.94,16,32415.439461
0.84,16,32415.471026
0.82,18,32415.506334
0.86,14,32415.533992
0.84,16,32415.566324
0.67,23,32415.611651
0.83,17,32415.645355
0.83,17,32415.678755
0.82,28,32421.552246
0.78,32,32421.616168
0.91,19,32421.654014
0.96,14,32421.681868
0.85,15,32421.711624
0.84,16,32421.74224
0.92,18,32421.777627
0.35,35,32421.84531
0.83,17,32421.878585
0.78,22,32421.921511
0.77,23,32421.965902
0.82,18,32422.001365
0.88,22,32422.044698
0.7,20,32422.083692
0.85,15,32422.11319
0.61,29,32422.169167
0.93,17,32422.202871
0.8,20,32422.242035
0.93,17,32422.2756
0.76,14,32422.303365
0.84,16,32422.33483
0.83,17,32422.368668
0.9,20,32422.408302
0.81,29,32422.465609
0.86,14,32422.493604
0.14,66,32422.623552
0.81,19,32422.661722
0.62,28,32422.718023
0.72,28,32422.773864
0.63,27,32422.826741
0.82,18,32422.862397
0.81,19,32422.899731
0.91,19,32422.937518
0.73,27,32422.99079
0.89,21,32423.031675
0.82,18,32423.067327
0.73,17,32423.100847
0.58,32,32423.163524
0.79,21,32423.204795
0.85,15,32423.235077
0.86,14,32423.263471
0.85,15,32423.294011
0.61,29,32423.351315
0.74,26,32423.403369
0.84,16,32423.435734
0.94,16,32423.467728
0.85,25,32423.516449
0.93,17,32423.550512
0.92,18,32429.208529
0.7,30,32429.280265
0.83,17,32429.321685
0.84,16,32429.361335
0.77,23,32429.418066
0.96,14,32429.452979
0.81,19,32429.500086
0.96,14,32429.535326
0.83,17,32429.578265
0.4,50,32429.690166
0.74,16,32429.721862
0.83,17,32429.75505
0.84,16,32429.786034
0.72,18,32429.82157
0.84,16,32429.853233
0.81,19,32429.890668
0.73,17,32429.923853
0.81,19,32429.961314
0.75,15,32429.991187
0.65,25,32430.040527
0.82,18,32430.076407
0.62,18,32430.111835
0.7,20,32430.15106
0.95,15,32430.180737
0.8,20,32430.220078
0.79,21,32430.261401
0.73,17,32430.295377
0.92,18,32430.330944
0.56,54,32430.437668
0.84,16,32430.469811
0.84,16,32430.501616
0.61,29,32430.560017
0.45,55,32430.667772
0.82,18,32430.703405
0.84,16,32430.736296
0.8,20,32430.776554
0.91,19,32430.814308
0.94,16,32430.846436
0.64,36,32430.916385
0.85,15,32430.946442
0.83,17,32430.980683
0.63,27,32431.033874
0.81,19,32431.071646
0.86,14,32431.100105
0.82,18,32431.136303
0.74,16,32431.168246
0.83,17,32431.202392
0.71,39,32431.279816
0.85,25,32437.189848
0.51,29,32437.246705
0.8,20,32437.285704
0.74,16,32437.317532
0.83,17,32437.351284
0.82,18,32437.386624
0.93,17,32437.420389
0.72,18,32437.455888
0.77,23,32437.500753
0.85,15,32437.530586
0.83,17,32437.564338
0.73,27,32437.616738
0.82,18,32437.65252
0.92,18,32437.68759
0.84,16,32437.719377
0.83,17,32437.752741
0.82,18,32437.788227
0.8,20,32437.827629
0.91,19,32437.865218
0.81,19,32437.902647
0.73,17,32437.935859
0.93,17,32437.96952
0.83,17,32438.003067
0.49,41,32438.083319
0.56,44,32438.167984
0.84,16,32438.199673
0.92,18,32438.235448
0.78,22,32438.278711
0.95,15,32438.308569
0.78,22,32438.351773
0.85,15,32438.381663
0.81,19,32438.419412
0.68,22,32438.462755
0.72,18,32438.498213
0.85,15,32438.527753
0.86,14,32438.555775
0.8,20,32438.595024
0.79,21,32438.635484
0.78,22,32438.678672
0.74,16,32438.710062
0.29,61,32438.827615
0.63,27,32438.880707
0.69,21,32438.922231
0.64,36,32438.991405
0.84,16,32439.022486
0.93,17,32439.05539
0.67,23,32439.100368
0.85,15,32439.129879
0.84,16,32439.161131
0.74,26,32444.490543
0.79,21,32444.531878
0.7,20,32444.571993
0.81,19,32444.609176
0.72,18,32444.644376
0.84,16,32444.675858
0.71,19,32444.713271
0.91,19,32444.750627
0.72,18,32444.786689
0.83,17,32444.819608
0.58,32,32444.88115
0.61,29,32444.937803
0.69,21,32444.978577
0.93,17,32445.012082
0.82,18,32445.04679
0.79,21,32445.087579
0.72,18,32445.12251
0.84,16,32445.15345
0.54,36,32445.223463
0.7,20,32445.26295
0.9,20,32445.301915
0.89,21,32445.3425
0.85,15,32445.372236
0.79,21,32445.413742
0.75,15,32445.443704
0.83,17,32445.477447
0.71,29,32445.533723
0.92,18,32445.56942
0.79,21,32445.610655
0.84,16,32445.642439
0.83,17,32445.67637
0.58,32,32445.738938
0.71,19,32445.776365
0.49,31,32445.840436
0.83,17,32445.874065
0.84,16,32445.905941
0.5,30,32445.964203
0.8,20,32446.002938
0.71,19,32446.039804
0.61,29,32446.09486
0.85,15,32446.123882
0.79,21,32446.164685
0.81,29,32446.22164
0.89,21,32446.26274
0.56,44,32446.347291
0.93,17,32446.380928
0.95,15,32446.410183
0.71,19,32446.447811
0.74,16,32451.633977
0.81,19,32451.671135
0.91,19,32451.709025
0.78,22,32451.752697
0.7,30,32451.810965
0.94,16,32451.842768
0.72,28,32451.897172
0.85,15,32451.92784
0.62,38,32452.000778
0.83,17,32452.033589
0.57,33,32452.096014
0.82,18,32452.130643
0.95,15,32452.159804
0.81,19,32452.19626
0.81,19,32452.233215
0.87,13,32452.258621
0.84,16,32452.289585
0.81,19,32452.325915
0.95,15,32452.354449
0.67,33,32452.418443
0.82,18,32452.453779
0.71,19,32452.490646
0.85,15,32452.520093
0.72,28,32452.574686
0.93,17,32452.607947
0.94,16,32452.63889
0.88,22,32452.681158
0.93,17,32452.714413
0.81,19,32452.750934
0.84,16,32452.781842
0.82,18,32452.816746
0.83,17,32452.849579
0.83,17,32452.883153
0.8,20,32452.921897
0.87,13,32452.950369
0.82,18,32452.984734
0.7,30,32453.053515
0.91,19,32453.099276
0.66,34,32453.180705
0.8,20,32453.22933
0.8,20,32453.277428
0.67,23,32453.332545
0.71,29,32453.402506
0.92,18,32453.446931
0.82,18,32453.490779
0.8,30,32453.563156
0.84,16,32453.602652
0.84,16,32453.641065
0.48,32,32453.710193
0.86,14,32458.881163
0.76,24,32458.92707
0.82,18,32458.961793
0.84,16,32458.993035
0.82,18,32459.028793
0.83,17,32459.062429
0.79,21,32459.10382
0.8,20,32459.142457
0.7,30,32459.200226
0.76,14,32459.227617
0.84,16,32459.258996
0.83,17,32459.292565
0.48,32,32459.356793
0.69,21,32459.39914
0.92,18,32459.435681
0.83,17,32459.470034
0.26,44,32459.556895
0.69,21,32459.599359
0.68,32,32459.662049
0.96,14,32459.689638
0.95,15,32459.719988
0.7,30,32459.7787
0.84,16,32459.810715
0.74,16,32459.843761
0.87,23,32459.889496
0.7,20,32459.928542
0.84,16,32459.960097
0.79,21,32460.000531
0.87,13,32460.025999
0.9,20,32460.064921
0.87,13,32460.090253
0.84,16,32460.121422
0.58,42,32460.201691
0.47,43,32460.284676
0.93,17,32460.317981
0.81,19,32460.355265
0.8,20,32460.39445
0.87,23,32460.440172
0.63,27,32460.498454
0.86,14,32460.526473
0.9,20,32460.56637
0.78,22,32460.609693
0.61,39,32460.685958
0.75,25,32460.734895
0.81,19,32460.77184
0.82,28,32460.825291
0.85,15,32460.854112
0.81,19,32460.890851
0.85,15,32466.51425
0.83,17,32466.556668
0.69,31,32466.617923
0.83,17,32466.651747
0.92,18,32466.687074
0.95,15,32466.71671
0.92,18,32466.752009
0.86,14,32466.779969
0.75,15,32466.809381
0.92,18,32466.844756
0.6,20,32466.883769
0.73,17,32466.917983
0.79,21,32466.960035
0.84,16,32466.991916
0.56,34,32467.059153
0.82,18,32467.096173
0.64,16,32467.129087
0.78,22,32467.173377
0.88,22,32467.218323
0.82,18,32467.254853
0.85,15,32467.285206
0.67,43,32467.37082
0.52,28,32467.427371
0.69,21,32467.470111
0.84,16,32467.503093
0.81,19,32467.541903
0.72,18,32467.579102
0.71,19,32467.61782
0.82,18,32467.654188
0.58,32,32467.718584
0.84,16,32467.75152
0.81,19,32467.791279
0.94,16,32467.822946
0.93,17,32467.857269
0.74,16,32467.889241
0.73,17,32467.923377
0.81,19,32467.961217
0.84,16,32467.993566
0.61,29,32468.050992
0.84,16,32468.082998
0.85,15,32468.113198
0.7,30,32468.172726
0.82,18,32468.208546
0.91,19,32468.246549
0.85,15,32468.277048
0.82,18,32468.31319
0.93,17,32468.347202
0.87,13,32468.373717
0.38,42,32468.456992
0.84,16,32468.489152
0.74,26,32468.541177
0.82,18,32473.929715
0.96,14,32473.957352
0.82,18,32473.992928
0.81,19,32474.029885
0.81,19,32474.066484
0.69,21,32474.106816
0.83,17,32474.140448
0.61,39,32474.215906
0.91,19,32474.253524
0.94,16,32474.284923
0.81,19,32474.322074
0.85,15,32474.351774
0.95,15,32474.3819
0.8,20,32474.421435
0.8,20,32474.460922
0.82,18,32474.496346
0.71,29,32474.553408
0.73,17,32474.587454
0.83,17,32474.620823
0.96,14,32474.648336
0.75,15,32474.678277
0.85,15,32474.708109
0.91,19,32474.745325
0.84,16,32474.776708
0.65,25,32474.825706
0.88,22,32474.869005
0.63,37,32474.954959
0.75,15,32474.984961
0.82,18,32475.019506
0.62,28,32475.073352
0.9,20,32475.112818
0.7,20,32475.152401
0.74,16,32475.183688
0.84,16,32475.215452
0.84,16,32475.247051
0.73,27,32475.299488
0.83,17,32475.333045
0.81,19,32475.370534
0.81,19,32475.408067
0.36,54,32475.512185
0.68,22,32475.555834
0.68,22,32475.599324
0.8,20,32475.638745
0.79,21,32475.679791
0.72,18,32475.715303
-0.29,79,32475.869748
0.92,18,32475.905574
0.86,14,32482.142625
0.7,30,32482.202585
0.84,16,32482.234848
0.86,14,32482.26296
0.93,17,32482.296861
0.82,18,32482.33243
0.88,22,32482.37617
0.81,29,32482.433311
0.41,39,32482.509139
0.37,43,32482.594924
0.73,17,32482.628489
0.76,24,32482.676403
0.91,19,32482.713904
0.79,21,32482.755893
0.81,19,32482.793844
0.89,21,32482.835122
0.93,17,32482.868437
0.83,17,32482.902008
0.84,16,32482.932383
0.92,18,32482.967328
0.96,14,32482.995202
0.82,18,32483.030818
0.94,16,32483.062807
0.8,20,32483.101412
0.55,25,32483.15017
0.74,16,32483.181836
0.52,28,32483.236496
0.82,18,32483.272025
0.83,17,32483.305312
0.41,39,32483.381268
0.74,16,32483.412898
0.82,18,32483.448209
0.93,17,32483.481479
0.83,17,32483.514677
0.77,23,32483.560231
0.69,31,32483.620797
0.31,49,32483.714415
0.85,15,32483.74414
0.97,13,32483.769742
0.83,17,32483.802868
0.48,32,32483.870027
0.84,16,32483.908538
0.7,30,32483.965454
0.66,24,32484.011127
0.22,58,32484.120536
0.64,36,32490.271434
0.84,16,32490.302842
0.61,29,32490.359574
0.79,21,32490.400592
0.76,24,32490.447654
0.97,13,32490.473552
0.83,17,32490.506373
0.84,16,32490.537765
0.92,18,32490.573663
0.93,17,32490.606782
0.67,33,32490.670449
0.69,31,32490.732046
0.83,17,32490.767898
0.72,18,32490.8066
0.79,21,32490.847292
0.73,17,32490.880543
0.62,28,32490.934404
0.7,20,32490.973082
0.86,14,32491.000424
0.81,19,32491.037457
0.94,16,32491.069067
0.81,19,32491.106216
0.76,24,32491.15291
0.77,23,32491.197545
0.8,20,32491.236462
0.93,17,32491.269476
0.78,22,32491.312003
0.74,16,32491.343073
0.78,22,32491.385776
0.83,17,32491.419477
0.64,26,32491.470094
0.8,20,32491.50883
0.45,45,32491.59584
0.8,20,32491.634685
0.68,32,32491.696257
0.84,16,32491.727813
0.74,16,32491.759109
0.73,17,32491.796019
0.81,19,32491.834276
0.79,21,32491.879427
0.78,22,32491.923276
0.67,33,32491.987738
0.78,22,32492.030909
0.86,24,32492.078774
0.67,23,32492.124809
0.5,30,32492.184283
0.82,18,32492.220361
0.75,25,32497.578986
0.49,31,32497.641695
0.83,17,32497.676938
0.79,21,32497.719238
0.93,17,32497.753559
0.93,17,32497.786255
0.95,15,32497.815755
0.59,41,32497.894613
0.8,20,32497.933602
0.93,17,32497.966501
0.92,18,32498.002405
0.84,16,32498.034046
0.71,29,32498.090945
0.95,15,32498.121132
0.15,55,32498.236056
0.84,16,32498.267989
0.84,16,32498.299924
0.61,29,32498.357176
0.72,18,32498.393302
0.92,18,32498.429251
0.79,21,32498.470875
0.92,18,32498.506877
0.82,18,32498.543481
0.78,22,32498.588217
0.92,18,32498.623805
0.94,16,32498.655393
0.73,37,32498.727577
0.85,15,32498.7574
0.68,32,32498.818673
0.78,32,32498.879593
0.51,29,32498.934655
0.9,20,32498.973352
0.9,20,32499.0118
0.85,15,32499.040928
0.79,21,32499.081342
0.83,17,32499.1148
0.6,30,32499.171944
0.94,16,32499.202963
0.63,27,32499.273684
0.83,17,32499.315441
0.82,18,32499.359194
0.92,18,32499.403085
0.66,34,32499.486529
0.83,17,32499.527968
0.95,15,32499.565142
0.89,21,32499.615659
0.8,20,32499.663933
0.8,20,32505.55414
0.63,27,32505.606731
0.8,30,32505.664751
0.95,15,32505.694449
0.81,19,32505.730928
0.58,32,32505.805592
0.68,32,32505.882231
0.48,52,32506.002433
0.77,23,32506.04706
0.93,17,32506.080171
0.69,41,32506.159326
0.73,17,32506.192734
0.83,17,32506.226197
0.81,19,32506.263531
0.83,17,32506.297256
0.6,30,32506.355866
0.62,28,32506.410283
0.91,19,32506.447949
0.78,22,32506.491592
0.86,14,32506.519526
0.15,55,32506.626232
0.84,16,32506.657649
0.89,21,32506.698632
0.9,20,32506.737131
0.94,16,32506.769009
0.8,20,32506.808213
0.69,31,32506.868417
0.47,43,32506.951957
0.81,19,32506.989824
0.86,14,32507.017745
0.84,16,32507.049253
0.79,21,32507.090168
0.37,33,32507.154269
0.37,43,32507.237716
0.82,18,32507.273003
0.9,20,32507.312447
0.74,16,32507.344133
0.97,13,32507.370581
0.83,17,32507.404622
-0.17,87,32514.538709
0.85,15,32514.569139
0.86,14,32514.597362
0.86,14,32514.625528
0.66,24,32514.673182
0.62,18,32514.709215
0.76,24,32514.756757
0.53,27,32514.809361
0.89,11,32514.831379
0.8,20,32514.870586
0.62,28,32514.925885
0.82,18,32514.96115
0.66,34,32515.02777
0.7,20,32515.067306
0.66,34,32515.133515
0.94,16,32515.165462
0.23,47,32515.257005
0.54,36,32515.327033
0.85,25,32515.377002
0.84,16,32515.409506
0.82,18,32515.445428
0.64,36,32515.51613
0.75,15,32515.546189
0.77,23,32515.592043
0.93,17,32515.625293
0.77,23,32515.670059
0.8,20,32515.70863
0.7,30,32515.767776
0.72,28,32515.822673
0.83,17,32515.85657
0.72,18,32515.89213
0.77,23,32515.937438
0.84,16,32515.969156
0.85,15,32515.998795
0.8,20,32516.037819
0.81,19,32516.075087
0.83,17,32516.108703
0.96,14,32516.136443
0.84,16,32516.167675
0.91,19,32516.204588
0.71,29,32516.26129
0.8,20,32516.300796
0.82,18,32516.336653
0.71,19,32516.374187
0.79,21,32516.41566
0.54,36,32516.486054
0.83,17,32516.519845
0.95,15,32516.549948
0.84,16,32522.216074
0.83,17,32522.248858
0.74,16,32522.279742
0.84,16,32522.310712
0.59,31,32522.371113
0.71,19,32522.407863
0.81,19,32522.444939
0.73,17,32522.477503
0.61,29,32522.53287
0.82,18,32522.568479
0.78,22,32522.611524
0.61,29,32522.66768
0.73,17,32522.701105
0.73,17,32522.734101
0.84,16,32522.765687
0.84,16,32522.796828
0.41,39,32522.870162
0.84,26,32522.920664
0.83,17,32522.953914
0.85,15,32522.982923
0.84,16,32523.014252
0.78,32,32523.07615
0.8,20,32523.115052
0.83,17,32523.14827
0.85,15,32523.178098
0.79,21,32523.219194
0.8,20,32523.258301
0.81,19,32523.295487
0.76,14,32523.323517
0.81,19,32523.360762
0.53,37,32523.431787
0.83,17,32523.465491
0.77,33,32523.529775
0.94,16,32523.562498
0.71,19,32523.601073
0.62,38,32523.677278
0.82,18,32523.712978
0.82,18,32523.748267
0.67,43,32523.831222
0.73,17,32523.864686
0.84,16,32523.89582
0.69,21,32523.936551
0.62,28,32523.990185
0.67,23,32524.034619
0.93,17,32524.068025
0.83,17,32524.101834
0.28,42,32524.181682
0.73,17,32530.223629
0.77,23,32530.268523
0.53,37,32530.340469
0.7,30,32530.398612
0.81,19,32530.435949
0.92,18,32530.471385
0.79,21,32530.51248
0.84,16,32530.544297
0.81,19,32530.582004
0.75,15,32530.6118
0.66,34,32530.679149
0.6,30,32530.738926
0.84,16,32530.77114
0.94,16,32530.803274
0.83,17,32530.837191
0.73,17,32530.871299
0.85,15,32530.90112
0.83,17,32530.935209
0.52,38,32531.011171
0.69,21,32531.053771
0.84,16,32531.086439
0.79,21,32531.127925
0.72,18,32531.1631
0.29,41,32531.243046
0.85,15,32531.273104
0.89,21,32531.315243
0.75,25,32531.36534
0.82,28,32531.420855
0.85,15,32531.451071
0.65,35,32531.519983
0.93,17,32531.554148
0.71,29,32531.611872
0.81,19,32531.649383
0.44,36,32531.72022
0.91,19,32531.758599
0.93,17,32531.792998
0.81,19,32531.831682
0.82,18,32531.867956
0.85,15,32531.897996
0.8,20,32531.937548
0.83,17,32531.970882
0.84,16,32532.00346
0.82,18,32532.038282
0.71,19,32532.074898
0.81,19,32532.111226
0.59,31,32532.170702
0.81,19,32532.20699
0.9,20,32537.737769
0.83,17,32537.7719
0.75,15,32537.801797
0.9,20,32537.841388
0.78,22,32537.884758
0.74,26,32537.934675
0.78,22,32537.976965
0.83,17,32538.009758
0.84,16,32538.0409
0.76,14,32538.068118
0.45,55,32538.17296
0.73,17,32538.206225
0.71,19,32538.243227
0.66,24,32538.289198
0.6,40,32538.366349
0.76,14,32538.394151
0.83,17,32538.427852
0.81,19,32538.465152
0.76,14,32538.492979
0.57,33,32538.55628
0.84,16,32538.587849
0.48,32,32538.649018
0.83,17,32538.682204
0.3,40,32538.760074
0.75,15,32538.790023
0.84,16,32538.821837
0.84,16,32538.853538
0.52,28,32538.909203
0.69,21,32538.950825
0.5,30,32539.009725
0.83,17,32539.043567
0.82,18,32539.078947
0.84,16,32539.110344
0.69,21,32539.15129
0.94,16,32539.182727
0.82,18,32539.217778
0.83,17,32539.251399
0.82,18,32539.28677
0.82,18,32539.322093
0.84,26,32539.373363
0.74,16,32539.40617
0.83,17,32539.440413
0.75,15,32539.47023
0.85,15,32539.50013
0.61,29,32539.556921
0.8,20,32539.59631
0.83,17,32539.629987
0.78,22,32539.672986
0.8,20,32539.712529
0.94,16,32545.34266
0.64,16,32545.374731
0.81,19,32545.412364
0.74,16,32545.444158
0.83,17,32545.477917
0.79,21,32545.519177
0.84,16,32545.551271
0.7,20,32545.590547
0.87,23,32545.635775
0.94,16,32545.667814
0.96,14,32545.696306
0.82,28,32545.751509
0.84,26,32545.801973
0.8,20,32545.841004
0.7,30,32545.90078
0.81,19,32545.938771
0.64,26,32545.989396
0.62,28,32546.044128
0.71,19,32546.081754
0.84,16,32546.113377
0.78,22,32546.156321
0.65,15,32546.185629
0.81,19,32546.223038
0.92,18,32546.258498
0.79,21,32546.299957
0.84,16,32546.331711
0.32,48,32546.425255
0.68,32,32546.487911
0.87,13,32546.513861
0.72,28,32546.569095
0.83,17,32546.6026
0.74,26,32546.653358
0.8,20,32546.692841
0.83,17,32546.726411
0.77,23,32546.772038
0.81,19,32546.809158
0.77,23,32546.854246
0.85,15,32546.883991
0.96,14,32546.911895
0.92,18,32546.946866
0.91,19,32546.984736
0.81,19,32547.022584
0.92,18,32547.057902
0.82,18,32547.093331
0.75,15,32547.122435
0.77,33,32547.185998
0.82,18,32547.221372
0.93,17,32547.254755
0.8,30,32547.312587
0.93,17,32552.748257
0.66,24,32552.795832
0.78,22,32552.839194
0.83,17,32552.873806
0.83,17,32552.907808
0.83,17,32552.941922
0.56,34,32553.008737
0.83,17,32553.042765
0.75,15,32553.072747
0.87,23,32553.117749
0.94,16,32553.149912
0.69,21,32553.191892
0.86,14,32553.219507
0.93,17,32553.253202
0.68,22,32553.296523
0.64,16,32553.328219
0.85,15,32553.358074
0.97,13,32553.384153
0.78,32,32553.447044
0.89,21,32553.488583
0.85,25,32553.537475
0.91,19,32553.574464
0.8,20,32553.613446
0.85,15,32553.642866
0.56,34,32553.709303
0.8,20,32553.748923
0.94,16,32553.779924
0.92,18,32553.814444
0.93,17,32553.847493
0.84,16,32553.879327
0.82,18,32553.914489
0.64,26,32553.964862
0.84,16,32553.996362
0.86,14,32554.023919
0.84,16,32554.055619
0.82,18,32554.09114
0.88,22,32554.134239
0.95,15,32554.163848
0.79,21,32554.204955
0.85,15,32554.234433
0.71,29,32554.291288
0.84,16,32554.323105
0.82,18,32554.35879
0.85,15,32554.388811
0.88,22,32554.431833
0.73,17,32554.465162
0.94,16,32554.496732
0.97,13,32554.523412
0.83,17,32554.557292
0.78,22,32554.602059
0.73,17,32554.636872
0.79,31,32554.69819
0.83,17,32554.732001
0.39,31,32559.72653
0.92,18,32559.761299
0.84,16,32559.792459
0.92,18,32559.82716
0.96,14,32559.854706
0.85,15,32559.884556
0.97,13,32559.910333
0.72,28,32559.965407
0.7,20,32560.004795
0.68,22,32560.048028
0.71,29,32560.104461
0.95,15,32560.13392
0.47,43,32560.217966
0.81,19,32560.25593
0.84,16,32560.287322
0.7,20,32560.326691
0.84,16,32560.358598
0.84,16,32560.390551
0.85,15,32560.420602
0.8,20,32560.460128
0.83,17,32560.493799
0.83,17,32560.527179
0.82,18,32560.563563
0.86,24,32560.610783
0.8,20,32560.65014
0.81,19,32560.687951
0.71,29,32560.744938
0.96,14,32560.773069
0.85,15,32560.802376
0.84,16,32560.834118
0.6,30,32560.894768
0.7,30,32560.952353
0.73,17,32560.984722
0.65,35,32561.051348
0.93,17,32561.084211
0.83,17,32561.117233
0.83,17,32561.150421
0.49,41,32561.229226
0.67,33,32561.292615
0.95,15,32561.322625
0.92,18,32561.358105
0.94,16,32561.390612
0.82,18,32561.42681
0.82,18,32561.463236
0.74,26,32561.514217
0.74,16,32561.546029
0.85,15,32561.576
0.73,27,32561.628763
0.92,18,32561.664038
0.91,19,32566.895059
0.83,17,32566.928342
0.82,18,32566.963437
0.8,20,32567.002305
0.83,17,32567.035191
0.82,18,32567.069537
0.91,19,32567.106048
0.79,21,32567.146246
0.93,17,32567.178586
0.95,15,32567.20784
0.96,14,32567.23511
0.85,15,32567.263724
0.79,21,32567.304447
0.84,16,32567.335513
0.93,17,32567.368416
0.92,18,32567.403809
-0.02,52,32567.505587
0.69,31,32567.567506
0.82,18,32567.602704
0.93,17,32567.635242
0.94,16,32567.66649
0.83,27,32567.718382
0.86,14,32567.745565
0.7,30,32567.803457
0.91,19,32567.841991
0.93,17,32567.87632
0.87,13,32567.902448
0.74,16,32567.933533
0.81,29,32567.98944
0.87,13,32568.015918
0.86,14,32568.043451
0.83,17,32568.076798
0.93,17,32568.110374
0.8,20,32568.149703
0.96,14,32568.177496
0.83,17,32568.21146
0.84,16,32568.242944
0.77,23,32568.288133
0.7,30,32568.346766
0.85,15,32568.376461
0.82,18,32568.412049
0.72,18,32568.447114
0.96,14,32568.4743
0.81,19,32568.511223
0.82,18,32568.54658
0.85,25,32568.595786
0.79,21,32568.63636
0.83,17,32568.668971
0.74,16,32568.700005
0.62,28,32568.753831
0.94,16,32568.784866
0.71,19,32568.821514
0.75,25,32568.869947
0.87,13,32573.943269
0.93,17,32573.9766
0.79,21,32574.01721
0.83,17,32574.050292
0.63,37,32574.121266
0.86,14,32574.148622
0.94,16,32574.1803
0.83,17,32574.213538
0.44,46,32574.302056
0.59,31,32574.362271
0.92,18,32574.398169
0.92,18,32574.434182
0.87,13,32574.460263
0.7,30,32574.518436
0.93,17,32574.55225
0.73,17,32574.585785
0.84,16,32574.616987
0.85,15,32574.646357
0.82,18,32574.681499
0.81,19,32574.718699
0.83,17,32574.752398
0.8,20,32574.790669
0.8,30,32574.848229
0.93,17,32574.8814
0.84,16,32574.911958
0.84,16,32574.942449
0.86,14,32574.969475
0.84,16,32575.006133
0.9,20,32575.054493
0.83,17,32575.095722
0.93,17,32575.137197
0.63,27,32575.202262
0.66,44,32575.308044
0.76,24,32575.36704
0.85,15,32575.404114
0.97,13,32575.436302
0.67,23,32575.492431
0.9,20,32575.541013
0.88,22,32575.595706
0.93,17,32575.637754
0.84,16,32575.67713
0.45,45,32575.78703
0.86,14,32575.815905
0.83,17,32575.849145
0.72,28,32575.904722
0.86,14,32575.933048
0.81,19,32575.970349
0.82,18,32576.006393
0.73,17,32576.040131
0.59,31,32576.099716
0.89,21,32581.861371
0.86,14,32581.889196
0.73,17,32581.922934
0.86,14,32581.949898
0.73,17,32581.98306
0.69,41,32582.062505
0.82,18,32582.096891
0.91,19,32582.133391
0.77,33,32582.196321
0.77,23,32582.240681
0.84,16,32582.271947
0.93,17,32582.304976
0.83,17,32582.3383
0.79,21,32582.379586
0.83,17,32582.412987
0.44,46,32582.501534
0.86,14,32582.528991
0.9,20,32582.568015
0.91,19,32582.605529
0.77,23,32582.649824
0.37,33,32582.71286
0.73,17,32582.746517
0.83,17,32582.784004
0.45,45,32582.872563
0.75,25,32582.921196
0.84,16,32582.951769
0.93,17,32582.98426
0.82,28,32583.0373
0.81,19,32583.073818
0.85,15,32583.10266
0.86,14,32583.129716
0.74,16,32583.160275
0.7,30,32583.217221
0.8,30,32583.274388
0.83,17,32583.306596
0.86,14,32583.333708
0.82,28,32583.386629
0.71,19,32583.423143
0.85,15,32583.452394
0.84,16,32583.482885
0.58,32,32583.54549
0.81,29,32583.602222
0.81,19,32583.638856
0.82,18,32583.674148
0.8,20,32583.712482
0.85,15,32583.741893
0.71,29,32583.798442
0.94,16,32589.637586
0.48,42,32589.718921
0.82,18,32589.754525
0.82,28,32589.809067
0.56,34,32589.874678
0.81,19,32589.911808
0.84,16,32589.942699
0.91,19,32589.979098
0.82,18,32590.013745
0.91,19,32590.051084
0.74,16,32590.082346
0.77,23,32590.126655
0.8,30,32590.185534
0.8,20,32590.2253
0.92,18,32590.261585
0.81,19,32590.299589
0.8,20,32590.338807
0.91,19,32590.376489
0.94,16,32590.408272
0.74,16,32590.440337
0.23,67,32590.570215
0.83,17,32590.603716
0.89,21,32590.644649
0.84,16,32590.676317
0.84,16,32590.707513
0.83,17,32590.741382
0.8,20,32590.780629
0.59,31,32590.841099
0.81,19,32590.878108
0.89,21,32590.918866
0.57,33,32590.982309
0.7,30,32591.039833
0.93,17,32591.073024
0.48,42,32591.154249
0.75,25,32591.20345
0.86,14,32591.231374
0.71,29,32591.288212
0.72,28,32591.343736
0.85,15,32591.37352
0.83,17,32591.407214
0.73,27,32591.460102
0.82,18,32591.495354
0.79,21,32591.537006
0.8,20,32591.577788
0.85,15,32591.608537
0.72,28,32597.700347
0.95,15,32597.72973
0.95,15,32597.759274
0.93,17,32597.792387
0.94,16,32597.82393
0.94,16,32597.855973
0.59,31,32597.917063
0.9,20,32597.956837
0.61,29,32598.014082
0.68,32,32598.076846
0.73,17,32598.110881
0.9,20,32598.15027
0.34,56,32598.259219
0.73,27,32598.312346
0.8,20,32598.3513
0.84,16,32598.383553
0.81,19,32598.421483
0.66,24,32598.469186
0.9,20,32598.508777
0.59,41,32598.590237
0.61,39,32598.667362
0.74,16,32598.699619
0.96,14,32598.727702
0.79,21,32598.769734
0.86,24,32598.81791
0.61,29,32598.875945
0.81,19,32598.913428
0.6,30,32598.970658
0.61,39,32599.045254
0.24,56,32599.151206
0.87,13,32599.176937
0.7,20,32599.215761
0.93,17,32599.248737
0.83,17,32599.281954
0.74,16,32599.313095
0.61,29,32599.368751
0.93,17,32599.402007
0.76,14,32599.429253
0.72,18,32599.464248
0.95,15,32599.493105
0.66,24,32599.539001
0.81,19,32599.576826
0.93,17,32599.610962
0.75,15,32599.64092
0.66,24,32605.661606
0.95,15,32605.692174
0.96,14,32605.720686
0.84,16,32605.752352
0.85,15,32605.781908
0.81,19,32605.819709
0.74,26,32605.8709
0.87,23,32605.916214
0.63,37,32605.987933
0.79,21,32606.029339
0.69,21,32606.070483
0.78,22,32606.113355
0.83,17,32606.146515
0.73,27,32606.199051
0.74,16,32606.231064
0.86,14,32606.259318
0.86,24,32606.307215
0.83,17,32606.341616
0.74,26,32606.393262
0.56,44,32606.478545
0.7,20,32606.519526
0.91,19,32606.557379
0.83,17,32606.592176
0.84,16,32606.623459
0.85,15,32606.65296
0.55,35,32606.721166
0.81,19,32606.765893
0.49,41,32606.855546
0.7,30,32606.913059
0.87,23,32606.958366
0.85,15,32606.987664
0.84,16,32607.01936
0.97,13,32607.04491
0.9,20,32607.083724
0.81,29,32607.139368
0.82,18,32607.17507
0.83,17,32607.209735
0.72,28,32607.266151
0.92,18,32607.302846
0.91,19,32607.341018
0.83,17,32607.3754
0.93,17,32607.410143
0.91,19,32607.447734
0.78,22,32607.491055
0.83,17,32607.52528
0.95,15,32607.555734
0.82,18,32607.591708
0.64,36,32607.662118
0.79,21,32613.24735
0.77,23,32613.29327
0.84,16,32613.325332
0.9,20,32613.365331
0.56,34,32613.432399
0.83,17,32613.465763
0.82,18,32613.501394
0.88,22,32613.544641
0.8,20,32613.584355
0.91,19,32613.622159
0.96,14,32613.651139
0.8,20,32613.692204
0.83,17,32613.727184
0.82,18,32613.763741
0.49,41,32613.849737
0.93,17,32613.891958
0.81,19,32613.929494
0.77,23,32613.973927
0.92,18,32614.009857
0.94,16,32614.042119
0.79,21,32614.083872
0.81,19,32614.121556
0.96,14,32614.149246
0.8,20,32614.189033
0.85,15,32614.219334
0.14,36,32614.290323
0.89,21,32614.331738
0.75,15,32614.362004
0.82,18,32614.398232
0.76,34,32614.465863
0.82,18,32614.502044
0.18,52,32614.605465
0.9,20,32614.645845
0.96,14,32614.675318
0.58,32,32614.751297
0.82,18,32614.788408
0.87,13,32614.815311
0.73,17,32614.84978
0.47,33,32614.917024
0.85,15,32614.955069
0.81,19,32615.002834
0.82,18,32615.048392
0.92,18,32615.094486
0.83,17,32615.137321
0.66,24,32615.197246
0.83,17,32615.24002
0.8,20,32615.289675
0.9,20,32615.339746
0.53,47,32620.911478
0.68,32,32620.972672
0.92,18,32621.007537
0.74,26,32621.058119
0.84,16,32621.089823
0.9,20,32621.129013
0.46,54,32621.233626
0.32,58,32621.345791
0.76,14,32621.373923
0.74,16,32621.405599
0.76,34,32621.472533
0.64,26,32621.522819
0.8,30,32621.5818
0.9,20,32621.62089
0.83,17,32621.654086
0.72,18,32621.689575
0.46,34,32621.755315
0.84,16,32621.786431
0.67,23,32621.831114
0.25,45,32621.918159
0.97,13,32621.943948
0.48,32,32622.005539
0.82,18,32622.040621
0.73,27,32622.093179
0.66,24,32622.139366
0.93,17,32622.172636
0.84,16,32622.204315
0.34,46,32622.294146
0.9,20,32622.33381
0.66,44,32622.420535
0.91,19,32622.458599
0.85,15,32622.488635
0.96,14,32622.516457
0.84,16,32622.547963
0.84,16,32622.579474
0.96,14,32622.607554
0.75,15,32622.637796
0.76,24,32622.685044
0.92,18,32622.721105
0.79,21,32622.763255
0.95,15,32622.792959
0.85,15,32622.822469
0.88,22,32622.865618
0.47,33,32629.280156
0.75,25,32629.330404
0.95,15,32629.360941
0.86,14,32629.38985
0.97,13,32629.416511
0.82,18,32629.452497
0.76,24,32629.500044
0.71,39,32629.576629
0.68,32,32629.639853
0.72,18,32629.67523
0.8,20,32629.715071
0.8,20,32629.754557
0.7,20,32629.793914
0.84,16,32629.825587
0.82,18,32629.862035
0.95,15,32629.891989
0.74,36,32629.962835
0.96,14,32629.990865
0.78,22,32630.034091
0.61,29,32630.090677
0.74,26,32630.142066
0.76,14,32630.169778
0.8,30,32630.22875
0.86,14,32630.256979
0.85,15,32630.287032
0.95,15,32630.317335
0.93,17,32630.351758
0.78,22,32630.396033
0.58,32,32630.460452
0.59,31,32630.523051
0.75,15,32630.554349
0.79,21,32630.596735
0.86,14,32630.625285
0.84,16,32630.657246
0.8,20,32630.698221
0.76,14,32630.726638
0.79,21,32630.768474
0.51,39,32630.845069
0.81,19,32630.883045
0.7,20,32630.923048
0.75,25,32630.971408
0.73,17,32631.00472
0.72,18,32631.039943
0.9,20,32631.07971
0.75,15,32631.109911
0.78,22,32631.152265
0.63,37,32631.223158
-0.34,94,32636.752618
0.88,22,32636.797154
0.74,16,32636.829723
0.68,32,32636.891677
0.76,24,32636.938081
0.65,25,32636.987541
0.55,35,32637.056433
0.82,18,32637.092146
0.8,20,32637.131655
0.83,17,32637.165265
0.81,29,32637.2222
0.84,16,32637.254251
0.26,44,32637.340314
0.78,22,32637.38474
0.96,14,32637.412908
0.83,17,32637.447117
0.84,16,32637.479849
0.74,26,32637.531232
0.93,17,32637.565115
0.79,31,32637.625697
0.79,21,32637.667096
0.92,18,32637.702825
0.85,15,32637.732248
0.81,19,32637.769667
0.91,19,32637.806775
0.73,27,32637.858885
0.83,17,32637.892244
0.59,31,32637.952019
0.94,16,32637.983137
0.94,16,32638.014277
0.82,18,32638.051701
0.92,18,32638.088759
0.94,16,32638.121787
0.81,19,32638.160411
0.83,17,32638.195729
0.59,31,32638.257533
0.83,17,32638.29181
0.82,18,32638.326959
0.71,19,32638.36573
0.83,17,32638.400456
0.43,47,32638.492818
0.67,23,32638.538867
0.73,27,32638.592512
0.81,19,32638.630664
0.84,16,32644.928526
0.81,19,32644.965505
0.84,16,32644.997235
0.91,19,32645.034137
0.75,15,32645.0639
0.86,14,32645.091884
0.92,18,32645.127227
0.84,16,32645.158862
0.74,16,32645.190581
0.92,18,32645.226076
0.9,20,32645.265186
0.86,14,32645.293069
0.9,20,32645.333103
0.63,27,32645.387401
0.61,29,32645.445458
0.84,16,32645.477325
0.83,17,32645.511473
0.83,17,32645.546008
0.85,15,32645.577687
0.84,16,32645.610096
0.27,63,32645.733169
0.84,16,32645.764813
0.94,16,32645.796735
0.81,19,32645.834262
0.79,21,32645.875257
0.83,17,32645.908857
0.71,29,32645.965558
0.83,17,32645.999325
0.74,16,32646.031048
0.53,27,32646.083452
0.93,17,32646.116497
0.84,16,32646.147796
0.51,29,32646.204952
0.82,18,32646.24035
0.72,18,32646.276023
0.82,18,32646.311412
0.74,16,32646.342713
0.7,20,32646.381968
0.71,29,32646.438071
0.26,54,32646.541593
0.92,18,32646.57777
0.82,18,32646.612842
0.52,38,32646.685422
0.84,16,32646.71687
0.7,30,32646.775833
0.92,18,32646.812364
0.95,15,32646.842406
0.79,21,32646.884424
1.0,10,32646.905097
0.58,32,32652.680285
0.84,16,32652.712467
0.16,54,32652.817792
0.81,19,32652.856045
0.82,28,32652.918239
0.74,16,32652.950089
0.85,15,32652.979226
0.86,14,32653.00681
0.92,18,32653.041671
0.94,16,32653.073468
0.7,30,32653.131443
0.86,14,32653.158785
0.81,19,32653.195331
0.75,25,32653.243964
0.94,16,32653.275457
0.65,25,32653.324105
0.64,26,32653.375519
0.83,17,32653.409461
0.84,16,32653.441377
0.45,35,32653.508683
0.82,18,32653.543741
0.14,46,32653.633416
0.84,16,32653.664994
0.79,21,32653.706428
0.85,15,32653.73651
0.86,14,32653.764994
0.7,30,32653.823872
0.81,19,32653.861891
0.83,17,32653.896425
0.55,45,32653.990955
0.41,49,32654.085935
0.71,19,32654.123246
0.78,22,32654.166073
1.0,10,32654.186139
0.7,20,32654.225181
0.91,19,32654.262908
0.54,36,32654.332782
0.89,21,32654.374213
0.86,14,32654.40252
0.71,29,32654.460261
0.13,77,32654.610619
0.79,21,32654.652123
0.75,25,32661.808383
0.83,17,32661.843555
0.74,16,32661.876444
0.89,21,32661.918716
0.81,19,32661.956693
0.76,14,32661.984808
0.93,17,32662.018839
0.78,22,32662.063016
0.58,42,32662.146375
0.35,65,32662.276837
0.93,17,32662.311143
0.84,16,32662.342653
0.96,14,32662.370586
0.83,17,32662.408247
0.97,13,32662.434165
0.8,20,32662.476501
0.68,32,32662.537939
0.7,30,32662.597074
0.7,40,32662.676994
0.83,17,32662.710601
0.93,17,32662.744095
0.75,25,32662.792046
0.95,15,32662.821693
0.83,27,32662.874856
0.59,31,32662.936312
0.63,27,32662.988721
0.64,26,32663.039388
0.81,19,32663.076754
0.96,14,32663.104768
0.91,19,32663.141937
0.78,22,32663.184536
0.86,14,32663.212319
0.81,19,32663.249349
0.88,22,32663.29166
0.82,18,32663.326444
0.76,14,32663.354094
0.83,17,32663.38828
0.81,19,32663.426514
0.64,36,32663.5021
0.9,20,32663.547798
0.6,40,32663.631384
0.76,14,32663.659986
0.7,30,32663.720651
0.57,43,32663.806666
0.95,15,32669.861442
0.92,18,32669.901274
0.68,32,32669.964914
0.86,14,32669.992746
0.27,53,32670.094908
0.66,34,32670.160341
0.84,16,32670.191833
0.8,20,32670.230918
0.85,15,32670.260552
0.92,18,32670.296186
0.84,16,32670.328471
0.84,16,32670.360347
0.81,29,32670.41708
0.75,15,32670.446723
0.91,19,32670.483776
0.96,14,32670.511305
0.85,15,32670.540752
0.84,16,32670.573128
0.85,15,32670.603377
0.91,19,32670.641157
0.56,34,32670.70761
0.8,20,32670.74781
0.78,22,32670.79241
0.7,20,32670.833434
0.81,19,32670.871269
0.7,30,32670.937579
0.83,17,32670.971788
0.29,51,32671.07007
0.9,20,32671.109038
0.84,16,32671.140585
0.81,19,32671.178037
0.79,21,32671.219818
0.78,22,32671.263247
0.73,27,32671.315585
0.92,18,32671.35067
0.34,56,32671.459787
0.77,23,32671.504086
0.8,20,32671.543517
0.93,17,32671.577332
0.8,30,32671.635988
0.71,19,32671.67324
0.83,17,32671.707299
0.81,19,32671.744107
0.82,18,32671.779284
0.76,14,32671.807262
0.83,27,32671.860024
0.94,16,32678.161954
0.8,20,32678.20222
0.82,18,32678.238331
0.92,18,32678.274213
0.62,28,32678.333541
0.84,16,32678.369314
0.83,17,32678.403447
0.86,14,32678.431876
0.8,20,32678.472159
0.88,22,32678.515289
0.91,19,32678.553894
0.82,18,32678.590115
0.92,18,32678.626414
0.85,15,32678.656224
0.77,33,32678.721005
0.86,14,32678.748941
0.67,23,32678.794508
0.83,17,32678.828299
0.94,16,32678.860204
0.81,19,32678.898082
0.82,18,32678.933959
0.8,20,32678.973529
0.82,18,32679.009621
0.89,21,32679.051847
0.79,21,32679.093895
0.76,14,32679.122349
0.97,13,32679.148801
0.44,46,32679.240166
0.67,23,32679.287662
0.69,31,32679.352777
-0.05,95,32679.555197
0.74,16,32679.587394
0.61,29,32679.64538
0.69,21,32679.688462
0.78,22,32679.733147
0.68,42,32679.816241
0.81,19,32679.854003
0.81,19,32679.890985
0.71,19,32679.927896
0.62,38,32680.000156
0.85,15,32680.030879
0.32,68,32680.163399
0.58,32,32687.283054
0.86,24,32687.329228
0.7,20,32687.368049
0.95,15,32687.397335
0.79,21,32687.438288
0.95,15,32687.469164
0.84,16,32687.500555
0.47,33,32687.564778
0.85,15,32687.594678
0.86,14,32687.622267
0.75,25,32687.671093
0.83,17,32687.704145
0.6,40,32687.781116
0.83,17,32687.814659
0.7,20,32687.854343
0.76,24,32687.907227
0.68,22,32687.950359
0.82,18,32687.985954
0.5,50,32688.082193
0.75,15,32688.111679
0.85,15,32688.141124
0.95,15,32688.170269
0.85,15,32688.199669
0.71,19,32688.236813
0.94,16,32688.268281
0.81,19,32688.304935
0.82,18,32688.339654
0.91,19,32688.377632
0.94,16,32688.409714
0.82,18,32688.445919
0.74,16,32688.479213
0.82,18,32688.514675
0.77,13,32688.540484
0.93,17,32688.574235
0.96,14,32688.601797
0.93,17,32688.635259
0.94,16,32688.667374
0.78,22,32688.710031
0.8,20,32688.749209
0.96,14,32688.776776
0.84,16,32688.808158
0.81,19,32688.845394
0.63,27,32688.898106
0.58,32,32688.959861
0.85,15,32688.989544
0.91,19,32689.026026
0.68,32,32689.087256
0.67,33,32689.151666
0.48,32,32689.21386
0.88,22,32689.25721
0.82,18,32694.549577
0.81,29,32694.606927
0.7,20,32694.647269
0.81,19,32694.684742
0.83,17,32694.718293
0.63,27,32694.771997
0.86,14,32694.8001
0.82,18,32694.835591
0.84,16,32694.868036
0.95,15,32694.89792
0.91,19,32694.935327
0.8,20,32694.97543
0.79,21,32695.017273
0.84,16,32695.049741
0.8,30,32695.108939
0.84,16,32695.140965
0.79,21,32695.184126
0.8,20,32695.226749
0.84,16,32695.260331
0.92,18,32695.296717
0.94,16,32695.329764
0.82,18,32695.367079
0.91,19,32695.405859
0.93,17,32695.440645
0.84,16,32695.474704
0.83,17,32695.50949
0.83,17,32695.544127
0.87,13,32695.572355
0.96,14,32695.603224
0.85,15,32695.63681
0.92,18,32695.67607
0.12,68,32695.818567
0.84,16,32695.851411
0.76,14,32695.88065
0.76,14,32695.908598
0.9,20,32695.947865
0.76,24,32695.995465
0.65,25,32696.045177
0.95,15,32696.074989
0.82,28,32696.129471
0.62,18,32696.164873
0.77,33,32696.229077
0.94,16,32696.261256
0.83,17,32696.295479
0.84,26,32696.347169
0.94,16,32696.380543
0.96,14,32696.409772
0.73,17,32696.446251
0.49,41,32696.53614
0.7,30,32696.599812
0.93,17,32702.365376
0.75,25,32702.415106
0.85,15,32702.444892
0.74,16,32702.476841
0.87,13,32702.502132
0.96,14,32702.530045
0.83,17,32702.564087
0.49,31,32702.624369
0.95,15,32702.653867
0.94,16,32702.685498
0.71,29,32702.741993
0.69,31,32702.802549
0.49,51,32702.901851
0.66,34,32702.968111
0.8,20,32703.007192
0.65,25,32703.055034
0.86,14,32703.082933
0.7,30,32703.140479
0.81,19,32703.177351
0.93,17,32703.210504
0.74,16,32703.24171
0.83,17,32703.274846
0.88,22,32703.31712
0.8,20,32703.355932
0.83,27,32703.408229
0.48,42,32703.488333
0.75,35,32703.554782
0.85,15,32703.583876
0.95,15,32703.612877
0.78,22,32703.655155
0.85,15,32703.684738
0.83,17,32703.717632
0.85,15,32703.746928
0.7,30,32703.805344
0.58,32,32703.867752
0.95,15,32703.897248
0.57,33,32703.96044
0.91,19,32703.997468
0.84,16,32704.028621
0.81,19,32704.065682
0.73,27,32704.117483
0.82,18,32704.152777
0.83,17,32704.186056
0.96,14,32704.213737
0.95,15,32704.243691
0.59,41,32704.323617
0.81,19,32710.201566
0.8,20,32710.24112
0.93,17,32710.274826
0.7,30,32710.333168
0.79,21,32710.37453
0.93,17,32710.408437
0.56,34,32710.474854
0.84,16,32710.50625
0.73,27,32710.559346
0.97,13,32710.585489
0.9,20,32710.624472
0.52,28,32710.678633
0.93,17,32710.711821
0.69,21,32710.753025
0.88,22,32710.796452
0.97,13,32710.82269
0.82,18,32710.858828
0.81,19,32710.896247
0.75,15,32710.925493
0.96,14,32710.952575
0.72,18,32710.988163
0.83,17,32711.021645
0.81,19,32711.059382
0.71,29,32711.115761
0.88,22,32711.158614
0.76,24,32711.205683
0.78,22,32711.249543
0.82,18,32711.285329
0.9,20,32711.324869
0.61,29,32711.382036
0.73,17,32711.415911
0.93,17,32711.449872
0.85,15,32711.480102
0.82,18,32711.515604
0.94,16,32711.546929
0.8,20,32711.586775
0.81,19,32711.624312
0.56,44,32711.710525
0.48,42,32711.793637
0.8,20,32711.833295
0.94,16,32711.865018
0.83,17,32711.898551
0.81,19,32711.935416
0.72,18,32711.970358
0.95,15,32711.999627
0.59,41,32712.097275
0.82,18,32712.140738
0.91,19,32712.186644
0.87,13,32712.218714
0.8,20,32717.67
0.77,23,32717.717323
0.82,18,32717.753389
0.85,25,32717.803378
0.78,22,32717.847705
0.86,14,32717.876617
0.67,23,32717.922223
0.71,19,32717.959526
0.88,22,32718.002744
0.84,16,32718.033542
0.84,16,32718.064995
0.6,30,32718.122739
0.85,15,32718.15247
0.93,17,32718.185711
0.82,18,32718.221214
0.81,19,32718.259023
0.77,23,32718.304445
0.66,24,32718.351343
0.94,16,32718.383133
0.85,15,32718.413061
0.82,18,32718.448039
0.82,18,32718.482641
0.83,17,32718.515434
0.95,15,32718.544823
0.72,28,32718.598904
0.69,31,32718.658098
0.94,16,32718.689023
0.85,15,32718.718028
0.82,18,32718.753626
0.43,47,32718.843902
0.81,19,32718.881649
0.84,16,32718.913759
0.8,20,32718.953683
0.67,33,32719.018719
0.91,19,32719.056538
0.96,14,32719.084422
0.69,31,32719.145279
0.36,64,32719.270008
0.66,14,32719.298343
0.92,18,32719.334774
0.72,18,32719.370894
0.84,16,32719.403221
0.68,22,32719.447274
0.29,51,32719.548034
0.84,16,32719.580892
0.79,21,32719.622654
0.64,26,32725.636185
0.82,18,32725.674145
0.4,50,32725.773937
0.81,19,32725.811851
0.43,57,32725.923538
0.75,35,32725.992157
0.75,25,32726.041994
0.8,20,32726.08138
0.82,18,32726.116877
0.49,31,32726.178163
0.8,30,32726.237343
0.83,17,32726.271792
0.92,18,32726.308145
0.84,16,32726.340215
0.82,18,32726.376036
0.83,17,32726.410037
0.58,32,32726.473083
0.56,24,32726.520731
0.72,18,32726.556698
0.49,31,32726.618441
0.86,14,32726.646259
0.86,14,32726.673826
0.57,33,32726.737677
0.84,16,32726.76926
0.83,17,32726.802557
0.72,28,32726.857709
0.81,19,32726.894706
0.81,29,32726.952204
0.94,16,32726.98444
0.85,15,32727.01461
0.79,21,32727.057211
0.96,14,32727.085594
0.83,17,32727.120329
0.82,18,32727.156179
0.6,30,32727.216779
0.72,28,32727.273419
0.84,16,32727.306032
0.81,19,32727.345405
0.66,34,32727.4152
0.92,18,32727.452689
0.91,19,32727.492586
0.85,15,32727.524142
0.38,62,32727.648914
0.79,21,32734.08434
0.84,16,32734.115897
0.46,34,32734.182337
0.69,21,32734.223597
0.78,22,32734.267444
0.71,19,32734.304589
0.69,31,32734.365767
0.83,17,32734.399765
0.84,16,32734.431616
0.78,22,32734.475049
0.71,39,32734.552064
0.71,19,32734.590504
0.95,15,32734.620556
0.86,14,32734.648631
0.77,23,32734.693137
0.84,16,32734.723852
0.83,17,32734.757148
0.83,17,32734.790578
0.95,15,32734.819955
-0.09,79,32734.972942
0.9,20,32735.012743
0.84,16,32735.045238
0.96,14,32735.074626
0.82,18,32735.111249
0.96,14,32735.139866
0.83,17,32735.1738
0.84,16,32735.205512
0.84,16,32735.237489
0.6,40,32735.316457
0.79,21,32735.358882
0.76,14,32735.38724
0.81,19,32735.424938
0.89,21,32735.466421
0.84,26,32735.517541
0.66,24,32735.565476
0.79,21,32735.607311
0.72,28,32735.662368
0.71,29,32735.720395
0.65,25,32735.768882
0.92,18,32735.80429
0.67,23,32735.849044
0.84,16,32735.881138
0.94,16,32735.912543
0.74,16,32735.943476
0.84,16,32735.974263
0.82,18,32736.009404
0.93,17,32736.042737
0.6,30,32742.054396
0.91,19,32742.091936
0.85,15,32742.121777
0.81,19,32742.159306
0.76,14,32742.186401
0.85,15,32742.216115
0.84,16,32742.247439
0.63,27,32742.30065
0.85,15,32742.330723
0.74,16,32742.362823
0.75,15,32742.393102
0.8,20,32742.432749
0.84,16,32742.464313
0.83,17,32742.498167
0.81,19,32742.535822
0.86,14,32742.563893
0.83,17,32742.597577
0.82,18,32742.633365
0.85,15,32742.663361
0.6,40,32742.740378
0.81,19,32742.77692
0.69,21,32742.817498
0.82,18,32742.852729
0.85,15,32742.882105
0.51,29,32742.939395
0.91,19,32742.976664
0.56,34,32743.043651
0.73,17,32743.077022
0.46,44,32743.161735
0.8,20,32743.200938
0.88,22,32743.243992
0.82,18,32743.279482
0.82,18,32743.315343
0.84,16,32743.346704
0.57,33,32743.411596
0.91,19,32743.449912
0.8,20,32743.489024
0.93,17,32743.522539
0.95,15,32743.552604
0.6,30,32743.61251
0.95,15,32743.641943
0.92,18,32743.677549
0.82,18,32743.712984
0.7,30,32743.771419
0.82,18,32743.806201
0.71,19,32743.84324
0.82,28,32743.897704
0.89,21,32743.937718
0.75,25,32743.986423
0.59,31,32744.046523
0.96,14,32749.451119
0.7,30,32749.5118
0.82,18,32749.54835
0.79,21,32749.590692
0.83,17,32749.624501
0.8,20,32749.664358
0.83,17,32749.6984
0.85,15,32749.728373
0.71,29,32749.785346
0.74,16,32749.817026
0.81,19,32749.85495
0.83,17,32749.888673
0.68,22,32749.931607
0.72,18,32749.96629
0.94,16,32749.997056
0.84,16,32750.028224
0.66,24,32750.074432
0.78,22,32750.11656
0.72,28,32750.170624
0.81,19,32750.207752
0.83,17,32750.241079
0.69,31,32750.301105
0.84,16,32750.333589
0.88,22,32750.381661
0.82,18,32750.421664
0.85,15,32750.451547
0.95,15,32750.481747
0.83,17,32750.516243
0.85,15,32750.546559
0.93,17,32750.580657
0.5,30,32750.639309
0.73,17,32750.672603
0.84,16,32750.703999
0.84,16,32750.736072
0.63,27,32750.788437
0.91,19,32750.824838
0.83,17,32750.857578
0.54,46,32750.944211
0.84,16,32750.974841
0.85,15,32751.003387
0.74,16,32751.033993
0.72,18,32751.068422
0.93,17,32751.101063
0.77,23,32751.14452
0.92,18,32751.17944
0.77,23,32751.223881
0.72,28,32751.277226
0.82,18,32751.312233
0.94,16,32751.343316
0.83,17,32751.376384
0.53,37,32751.452026
0.77,23,32756.767588
0.83,17,32756.801221
0.81,19,32756.838372
0.61,29,32756.895447
0.8,20,32756.934707
0.71,19,32756.971648
0.83,17,32757.005203
0.84,16,32757.036934
0.8,20,32757.076031
0.71,19,32757.113623
0.9,20,32757.153496
0.84,16,32757.185578
0.7,20,32757.225148
0.38,62,32757.343242
0.83,17,32757.376674
0.81,19,32757.41369
0.85,25,32757.461565
0.82,18,32757.49666
0.76,14,32757.524005
0.94,16,32757.55537
0.44,46,32757.643398
0.75,15,32757.672167
0.68,32,32757.732608
0.53,37,32757.808105
0.8,20,32757.850582
0.81,19,32757.887686
0.83,17,32757.921425
0.72,18,32757.955943
0.7,20,32757.994184
0.8,20,32758.032808
0.47,53,32758.135441
0.82,18,32758.171288
0.89,21,32758.21199
0.81,19,32758.248597
0.84,16,32758.27994
0.63,27,32758.332742
0.9,20,32758.371984
0.86,14,32758.399512
0.73,17,32758.432841
0.66,24,32758.478762
0.21,69,32758.609038
0.43,47,32758.697577
0.61,29,32765.562399
0.85,15,32765.599298
0.93,17,32765.641534
0.84,16,32765.680946
0.61,29,32765.750978
0.91,19,32765.788664
0.7,30,32765.848173
0.83,17,32765.881839
0.82,18,32765.916499
0.65,25,32765.96489
0.79,21,32766.005583
0.8,20,32766.044588
0.82,18,32766.079852
0.47,33,32766.143558
0.91,19,32766.182056
0.67,33,32766.247748
0.58,42,32766.329923
0.63,27,32766.382684
0.61,29,32766.439309
0.27,43,32766.522112
0.68,32,32766.58375
0.76,14,32766.610749
0.93,17,32766.643658
0.81,19,32766.6805
0.83,17,32766.713271
0.77,13,32766.739623
0.82,18,32766.77495
0.82,18,32766.810298
0.79,31,32766.871228
0.69,21,32766.911903
0.78,22,32766.953648
0.92,18,32766.988508
0.81,19,32767.025134
0.9,20,32767.063288
0.79,21,32767.103477
0.73,17,32767.136897
0.79,21,32767.177764
0.58,42,32767.26139
0.84,16,32767.293075
0.72,28,32767.347654
0.84,16,32767.379594
0.94,16,32767.411583
0.84,16,32767.443156
0.74,26,32767.493387
0.9,20,32767.532476
0.8,20,32773.100233
0.73,17,32773.133875
0.76,34,32773.199496
0.92,18,32773.235115
0.8,20,32773.273943
0.69,21,32773.314353
0.58,32,32773.377323
0.95,15,32773.408153
0.92,18,32773.443635
0.81,19,32773.480883
0.95,15,32773.509615
0.96,14,32773.536983
0.79,31,32773.596999
0.83,17,32773.630568
0.82,18,32773.665408
0.96,14,32773.692818
0.95,15,32773.723084
0.85,15,32773.752806
0.88,22,32773.795835
0.25,45,32773.882917
0.86,14,32773.910589
0.77,23,32773.955472
0.43,37,32774.029212
0.17,53,32774.156109
0.81,19,32774.203465
0.66,14,32774.23898
0.81,19,32774.286465
0.93,17,32774.329369
0.74,16,32774.36909
0.89,21,32774.416889
0.92,18,32774.451908
0.75,15,32774.480908
0.82,18,32774.516098
0.84,16,32774.547495
0.78,22,32774.590802
0.82,18,32774.625804
0.84,16,32774.657354
0.54,36,32774.727945
0.92,18,32774.763773
0.82,18,32774.799537
0.85,15,32774.82971
0.79,21,32774.871201
0.64,26,32774.921448
0.84,16,32774.952326
0.5,30,32775.009657
0.97,13,32775.035116
0.81,29,32775.091087
0.84,16,32775.122511
0.83,17,32775.15549
0.74,16,32781.056842
0.83,17,32781.090108
0.84,16,32781.121225
0.86,14,32781.149221
0.45,35,32781.217347
0.78,22,32781.260818
0.83,17,32781.294474
0.75,25,32781.343928
0.79,21,32781.385563
0.83,17,32781.419248
0.61,29,32781.47647
0.64,26,32781.526984
0.94,16,32781.559506
0.84,16,32781.591833
0.7,20,32781.6309
0.83,17,32781.664067
0.8,20,32781.703916
0.83,27,32781.757166
0.67,23,32781.803174
0.85,15,32781.833694
0.74,26,32781.883614
0.81,19,32781.920109
0.84,16,32781.951146
0.73,17,32781.985356
0.95,15,32782.015462
0.96,14,32782.043681
0.5,30,32782.101671
0.78,22,32782.144205
0.8,30,32782.20257
0.82,18,32782.238276
0.79,21,32782.279361
0.82,18,32782.31518
0.84,16,32782.346934
0.8,20,32782.386648
0.71,19,32782.423965
0.81,19,32782.460941
0.82,18,32782.495924
0.7,20,32782.535372
0.65,25,32782.585795
0.74,16,32782.619149
0.57,33,32782.68575
0.83,17,32782.72012
0.94,16,32782.752344
0.82,18,32782.788129
0.85,15,32782.818779
0.91,19,32782.85729
0.74,16,32782.888973
0.81,19,32782.92671
0.92,18,32782.961888
0.82,18,32782.998551
0.93,17,32783.032058
0.74,16,32783.064128
0.85,15,32787.962877
0.72,18,32787.998098
0.85,15,32788.027508
0.84,16,32788.058954
0.84,16,32788.091235
0.67,33,32788.157474
0.7,40,32788.236531
0.83,17,32788.271066
0.81,19,32788.309535
0.85,15,32788.340123
0.71,19,32788.378609
0.85,15,32788.409104
0.83,17,32788.443313
0.35,45,32788.534665
0.94,16,32788.56976
0.86,14,32788.597647
0.7,30,32788.655869
0.82,18,32788.691047
0.86,14,32788.719089
0.94,16,32788.751248
0.83,17,32788.785375
0.8,20,32788.825281
0.64,26,32788.877078
0.36,54,32788.981539
0.8,20,32789.020848
0.9,20,32789.05969
0.5,50,32789.154835
0.77,23,32789.199728
0.81,19,32789.238356
0.58,42,32789.321631
0.69,41,32789.403521
0.74,16,32789.435928
0.81,19,32789.473415
0.84,16,32789.505257
0.78,22,32789.549145
0.54,36,32789.626837
0.79,21,32789.668268
0.65,45,32789.756749
0.15,55,32789.861828
0.85,15,32789.891536
0.82,18,32789.927662
0.78,22,32789.971276
0.76,14,32796.935351
0.42,48,32797.032145
0.74,26,32797.086234
0.61,39,32797.162303
0.93,17,32797.196217
0.84,16,32797.227598
0.87,23,32797.272696
0.72,38,32797.345994
0.79,21,32797.386853
0.83,17,32797.420352
0.92,18,32797.455662
0.81,19,32797.492934
0.88,22,32797.535714
0.84,16,32797.567798
0.29,41,32797.647357
0.82,18,32797.682901
0.78,22,32797.726041
0.83,17,32797.759161
0.74,16,32797.790807
0.71,19,32797.827852
0.72,28,32797.882714
0.86,24,32797.930289
0.46,34,32797.997396
0.73,17,32798.031354
0.83,17,32798.068403
0.81,19,32798.109563
0.71,19,32798.146906
0.8,20,32798.186679
0.51,29,32798.24346
0.89,21,32798.285063
0.96,14,32798.313578
0.93,17,32798.348055
0.82,18,32798.384312
0.83,17,32798.41805
0.19,41,32798.497577
0.84,16,32798.529091
0.95,15,32798.55884
0.71,19,32798.596673
0.81,19,32798.634513
0.34,46,32798.724465
0.85,15,32798.760695
0.85,15,32798.797738
0.85,15,32798.834977
0.68,22,32798.888803
0.84,16,32798.926534
0.84,26,32805.293111
0.42,48,32805.389842
0.62,28,32805.444689
0.39,31,32805.508771
0.83,17,32805.552114
0.84,16,32805.584193
0.86,14,32805.611599
0.7,30,32805.670282
0.83,17,32805.70404
0.83,17,32805.736959
0.84,16,32805.767964
0.84,16,32805.799165
0.73,17,32805.833574
0.82,18,32805.869684
0.82,18,32805.905336
0.84,16,32805.94394
0.77,23,32805.999387
0.86,14,32806.028343
0.74,26,32806.079156
0.73,17,32806.112506
0.94,16,32806.144114
0.7,20,32806.182717
0.84,16,32806.214473
0.44,46,32806.303957
0.75,25,32806.353617
0.94,16,32806.385778
0.83,17,32806.419821
0.81,19,32806.457585
0.7,20,32806.498232
0.92,18,32806.537909
0.81,19,32806.576117
0.92,18,32806.614059
0.83,17,32806.647305
0.78,22,32806.690551
0.73,17,32806.724946
0.8,20,32806.764219
0.81,19,32806.80141
0.91,19,32806.838541
0.85,15,32806.868159
0.8,20,32806.907356
0.93,17,32806.941252
0.78,22,32806.984557
0.84,16,32807.016412
0.93,17,32807.049944
0.84,16,32807.081669
0.74,16,32807.113093
0.58,32,32807.175721
0.8,20,32807.215229
0.69,21,32807.256417
0.84,16,32807.288033
0.65,25,32807.336949
0.8,20,32812.655494
0.93,17,32812.688911
0.51,39,32812.764777
0.77,13,32812.790542
0.95,15,32812.820257
0.82,18,32812.855793
0.9,20,32812.905834
0.47,33,32812.988084
0.68,32,32813.050392
0.8,20,32813.089449
0.8,30,32813.147111
0.87,13,32813.172506
0.92,18,32813.207579
0.78,32,32813.26948
0.83,17,32813.302738
0.75,15,32813.331919
0.83,17,32813.365387
0.92,18,32813.40141
0.86,14,32813.429278
0.95,15,32813.459292
0.84,16,32813.490892
0.84,16,32813.522181
0.94,16,32813.55414
0.75,15,32813.584111
0.85,15,32813.613804
0.72,28,32813.668325
0.84,16,32813.699657
0.39,41,32813.780482
0.91,19,32813.817954
0.74,16,32813.849861
0.8,20,32813.889703
0.68,22,32813.932346
0.72,18,32813.970988
0.97,13,32814.000109
0.83,17,32814.033582
0.7,20,32814.072587
0.83,17,32814.106294
0.82,18,32814.141648
0.95,15,32814.171173
0.79,21,32814.211909
0.82,18,32814.246946
0.8,20,32814.286001
0.78,22,32814.329008
0.86,14,32814.356579
0.94,16,32814.388521
0.7,30,32814.447882
0.61,29,32814.503876
0.92,18,32814.539248
0.79,21,32814.580195
0.29,41,32814.658937
0.83,17,32820.327598
0.83,17,32820.36599
0.83,17,32820.400213
0.77,23,32820.44623
0.86,24,32820.493679
0.77,23,32820.538801
0.4,70,32820.67363
0.82,18,32820.709563
0.62,28,32820.764313
0.82,18,32820.799933
0.55,35,32820.868688
0.67,23,32820.915104
0.69,21,32820.957407
0.91,19,32820.99495
0.8,20,32821.035523
0.93,17,32821.069567
0.62,28,32821.124976
0.76,24,32821.171952
0.82,18,32821.207173
0.94,16,32821.239013
0.82,18,32821.274703
0.59,41,32821.354562
0.81,19,32821.39768
0.79,21,32821.443364
0.82,18,32821.47908
0.9,20,32821.518297
0.75,15,32821.54814
0.95,15,32821.57833
0.35,45,32821.665945
0.92,18,32821.702117
0.85,15,32821.73238
0.93,17,32821.76613
0.64,36,32821.837414
0.82,18,32821.872663
0.74,16,32821.90476
0.7,20,32821.944929
0.86,14,32821.973346
0.8,20,32822.013489
0.83,17,32822.047316
0.85,15,32822.076935
0.73,17,32822.110037
0.43,37,32822.18276
0.85,15,32822.213206
0.82,18,32822.250439
0.81,29,32822.30782
0.72,18,32822.343958
0.82,18,32828.473791
0.6,30,32828.54834
0.84,26,32828.613005
0.71,29,32828.67604
0.92,18,32828.711442
0.29,51,32828.814892
0.6,30,32828.877046
0.7,30,32828.935104
0.74,16,32828.966587
0.94,16,32828.998499
0.82,28,32829.053447
0.87,13,32829.079365
0.81,19,32829.116848
0.94,16,32829.148725
0.64,36,32829.21951
0.69,31,32829.280737
0.92,18,32829.316361
0.91,19,32829.353996
0.81,19,32829.391813
0.82,18,32829.427875
0.91,19,32829.465999
0.82,18,32829.501923
0.81,19,32829.540019
0.46,44,32829.626358
0.8,20,32829.665843
0.84,16,32829.696925
0.96,14,32829.724665
0.82,18,32829.759229
0.67,23,32829.804348
0.76,24,32829.856038
0.72,28,32829.913522
0.45,45,32829.998606
0.8,20,32830.038261
0.71,19,32830.075251
0.85,15,32830.104435
0.86,14,32830.131738
0.96,14,32830.158951
0.84,16,32830.189674
0.87,13,32830.215317
0.94,16,32830.246156
0.84,16,32830.277035
0.83,17,32830.309932
0.52,38,32830.384045
0.79,21,32830.426016
0.82,18,32830.461995
0.74,26,32836.409026
0.65,35,32836.477405
0.81,19,32836.514805
0.71,29,32836.571581
0.72,18,32836.607071
0.7,30,32836.666263
0.9,20,32836.706442
0.48,42,32836.789516
0.81,19,32836.826362
0.72,18,32836.861372
0.85,15,32836.890826
0.62,28,32836.944009
0.75,15,32836.973315
0.83,17,32837.006716
0.37,53,32837.10765
0.86,14,32837.135675
0.82,18,32837.170618
0.76,14,32837.198474
0.96,14,32837.226258
0.73,17,32837.259541
0.73,17,32837.296179
0.76,24,32837.346183
0.83,17,32837.379535
0.46,34,32837.445441
0.84,16,32837.478109
0.26,54,32837.584616
0.78,22,32837.628571
0.83,17,32837.663151
0.7,30,32837.723222
0.83,17,32837.756982
0.83,17,32837.791239
0.92,18,32837.827317
0.82,18,32837.862931
0.95,15,32837.892923
0.81,19,32837.930398
0.73,27,32837.983386
0.84,16,32838.01526
0.9,20,32838.057916
0.51,29,32838.114263
0.39,31,32838.174228
0.86,14,32838.201547
0.86,14,32838.229272
0.82,18,32838.264712
0.74,16,32838.295153
0.73,17,32838.331299
0.85,15,32838.360755
0.37,53,32844.560322
0.8,20,32844.599824
0.84,16,32844.631197
0.57,33,32844.69515
0.59,41,32844.774092
0.92,18,32844.809225
0.83,17,32844.84287
0.5,30,32844.901731
0.79,21,32844.942938
0.67,23,32844.987574
0.9,20,32845.028141
0.79,21,32845.070507
0.83,17,32845.104033
0.82,18,32845.139608
0.73,17,32845.173266
0.75,15,32845.202851
0.93,17,32845.236447
0.8,20,32845.275676
0.92,18,32845.31115
0.84,16,32845.342435
0.85,15,32845.372841
0.43,47,32845.4651
0.85,15,32845.494371
0.84,16,32845.525406
0.77,23,32845.572283
0.63,27,32845.625293
0.81,19,32845.662944
0.78,22,32845.706414
0.83,17,32845.741189
0.72,18,32845.776632
0.87,13,32845.802283
0.82,18,32845.837355
0.91,19,32845.873822
0.72,28,32845.926732
0.83,17,32845.959679
0.86,14,32845.987148
0.73,17,32846.020182
0.82,18,32846.054917
0.81,29,32846.110502
0.82,18,32846.145488
0.83,17,32846.178957
0.81,19,32846.216339
0.91,19,32846.254333
0.67,33,32846.320019
0.83,17,32846.35369
0.93,17,32846.387529
0.93,17,32846.421118
0.72,18,32846.456619
0.77,23,32846.502022
0.74,16,32851.848428
0.67,23,32851.894508
0.61,29,32851.951867
0.82,28,32852.007026
0.71,29,32852.064792
0.89,21,32852.107406
0.81,19,32852.145769
0.82,18,32852.182065
0.84,16,32852.214313
0.88,22,32852.258794
0.93,17,32852.292698
0.65,25,32852.342056
0.93,17,32852.376335
0.92,18,32852.412067
0.84,16,32852.444473
0.94,16,32852.476911
0.58,52,32852.579414
0.8,20,32852.618313
0.9,20,32852.657558
0.92,18,32852.692839
0.73,17,32852.725799
0.82,18,32852.761444
0.7,20,32852.800329
0.63,37,32852.8728
0.82,18,32852.908727
0.79,21,32852.950374
0.5,40,32853.028654
0.81,19,32853.066012
0.96,14,32853.094061
0.72,18,32853.129785
0.96,14,32853.157515
0.83,17,32853.191408
0.85,15,32853.221621
0.51,29,32853.279634
0.95,15,32853.309691
0.75,15,32853.338817
0.83,17,32853.372489
0.8,20,32853.412184
0.67,33,32853.476816
0.8,20,32853.516267
0.54,26,32853.567524
0.84,16,32853.59935
0.84,16,32853.630978
0.55,35,32853.699888
0.53,37,32853.771918
0.59,31,32853.83193
0.81,19,32853.868775
0.79,21,32859.719429
0.84,16,32859.751401
0.83,17,32859.784708
0.63,27,32859.837914
0.84,16,32859.869951
0.8,20,32859.909406
0.82,18,32859.94466
0.77,23,32859.988569
0.93,17,32860.021416
0.81,19,32860.057778
0.85,15,32860.086654
0.94,16,32860.118185
0.78,32,32860.17943
0.85,15,32860.208899
0.67,33,32860.271986
0.96,14,32860.299202
0.89,21,32860.340483
0.92,18,32860.375742
0.84,16,32860.407578
0.86,14,32860.435669
0.73,17,32860.469928
0.49,31,32860.530994
0.77,23,32860.576756
0.73,17,32860.610486
0.91,19,32860.648157
0.94,16,32860.680646
0.82,18,32860.716475
0.94,16,32860.748127
0.83,17,32860.781475
0.85,15,32860.810563
0.93,17,32860.843584
0.83,17,32860.876878
0.84,16,32860.907675
0.72,18,32860.942569
0.84,16,32860.973552
0.4,30,32861.031338
0.83,17,32861.06396
0.74,16,32861.094607
0.81,19,32861.131555
0.95,15,32861.160464
0.72,18,32861.195064
0.84,16,32861.226005
0.83,17,32861.259266
0.88,22,32861.302041
0.28,52,32861.401623
0.73,17,32861.435051
0.93,17,32861.467957
0.8,20,32861.506229
0.78,22,32861.547702
0.42,48,32861.638089
0.78,22,32867.278826
0.73,27,32867.330757
0.81,19,32867.367793
0.83,17,32867.401611
0.86,14,32867.42917
0.75,15,32867.458265
0.95,15,32867.487583
0.81,19,32867.525645
0.77,23,32867.570883
0.86,24,32867.617433
0.9,20,32867.656903
0.81,19,32867.694534
0.71,29,32867.752268
0.83,17,32867.78481
0.82,18,32867.820098
0.92,18,32867.85587
0.96,14,32867.883599
0.62,38,32867.956788
0.82,18,32867.991715
0.56,34,32868.056797
0.81,19,32868.093446
0.91,19,32868.130493
0.79,21,32868.170945
0.8,20,32868.210176
0.7,30,32868.268537
0.84,16,32868.300614
0.94,16,32868.332202
0.81,19,32868.368941
0.95,15,32868.398817
0.77,23,32868.444063
0.7,30,32868.501429
0.86,14,32868.528923
0.84,16,32868.560725
0.71,19,32868.597947
0.88,22,32868.640913
0.81,19,32868.67859
0.83,17,32868.712401
0.88,22,32868.755781
0.93,17,32868.789174
0.58,32,32868.851869
0.95,15,32868.882189
0.79,21,32868.922958
0.94,16,32868.954413
0.84,16,32868.985628
0.83,17,32869.018737
0.85,15,32869.047833
0.84,16,32869.079265
0.74,16,32869.110326
0.93,17,32869.143608
0.81,19,32869.180635
0.83,17,32869.21379
0.84,16,32869.244881
0.85,15,32869.273913
0.87,13,32874.325736
0.54,46,32874.414815
0.92,18,32874.451337
0.85,15,32874.481034
0.79,21,32874.522209
0.81,19,32874.559953
0.75,25,32874.610773
0.59,31,32874.67178
0.85,15,32874.702698
0.84,16,32874.735798
0.93,17,32874.771054
0.57,33,32874.839551
0.83,17,32874.875257
0.83,17,32874.908947
0.45,45,32874.997104
0.71,29,32875.055066
0.78,32,32875.118484
0.91,19,32875.156264
0.83,17,32875.189599
0.8,20,32875.228701
0.74,16,32875.260401
0.94,16,32875.292146
0.74,16,32875.32428
0.82,18,32875.360461
0.82,18,32875.39607
0.85,15,32875.426024
0.83,17,32875.460037
0.84,16,32875.492694
0.84,16,32875.524945
0.51,39,32875.602972
0.83,17,32875.637969
0.84,16,32875.670825
0.61,29,32875.728906
0.47,43,32875.812808
0.75,15,32875.8433
0.69,21,32875.885669
0.83,17,32875.919953
0.71,19,32875.957839
0.89,21,32876.00085
0.86,14,32876.028933
0.8,20,32876.069193
0.66,24,32876.117204
0.93,17,32876.151772
0.86,14,32876.180332
0.83,17,32876.214217
0.84,16,32876.245994
0.94,16,32876.277651
0.85,15,32876.307674
0.8,20,32876.347376
0.92,18,32882.2937
0.07,73,32882.436701
0.69,31,32882.498369
0.71,19,32882.536528
0.74,16,32882.56895
0.87,13,32882.59531
0.7,30,32882.655675
0.8,20,32882.696583
0.73,17,32882.730809
0.82,18,32882.766511
0.69,21,32882.808174
0.91,19,32882.846206
0.92,18,32882.882427
0.67,43,32882.96645
0.81,19,32883.004245
0.9,20,32883.043947
0.7,30,32883.10314
0.86,14,32883.131416
0.84,16,32883.163659
0.81,19,32883.202107
0.59,31,32883.264967
0.79,21,32883.307208
0.73,27,32883.360965
0.72,18,32883.39765
0.7,20,32883.437736
0.84,16,32883.469895
0.96,14,32883.498329
0.8,30,32883.559113
0.93,17,32883.593811
0.49,51,32883.694369
0.79,21,32883.737089
0.71,29,32883.795034
0.97,13,32883.821391
0.9,20,32883.86203
0.75,15,32883.893063
0.92,18,32883.92966
0.91,19,32883.968652
0.84,16,32884.001424
0.91,19,32884.040109
0.74,16,32884.07253
0.56,34,32884.141112
0.91,19,32884.180806
0.97,13,32884.208645
0.85,15,32884.240223
0.93,17,32884.274942
0.84,16,32884.307715
0.8,20,32890.947358
0.96,14,32890.975578
0.82,18,32891.010676
0.83,17,32891.044872
0.8,20,32891.08358
0.57,43,32891.166248
0.81,19,32891.20354
0.81,19,32891.240838
0.2,70,32891.377281
0.85,15,32891.407678
0.68,32,32891.47039
0.64,26,32891.521394
0.63,27,32891.574187
0.83,17,32891.607817
0.67,33,32891.671627
0.84,16,32891.702704
0.92,18,32891.737853
0.83,17,32891.771631
0.84,16,32891.803132
0.96,14,32891.830875
0.55,35,32891.901219
0.94,16,32891.933612
0.83,17,32891.967456
0.8,20,32892.006793
0.82,18,32892.041676
0.82,28,32892.096041
0.82,18,32892.131402
0.81,19,32892.168394
0.95,15,32892.198169
0.91,19,32892.235484
0.84,16,32892.267221
0.87,13,32892.293213
0.71,19,32892.330368
0.83,17,32892.364116
0.74,16,32892.395942
0.82,18,32892.431675
0.79,21,32892.473844
0.8,20,32892.514315
0.51,29,32892.572584
0.71,29,32892.630175
0.67,43,32892.715626
0.47,43,32892.800545
0.8,20,32892.840265
0.83,17,32892.874301
0.71,19,32892.912511
0.96,14,32892.940869
0.82,18,32899.245536
0.81,19,32899.28362
0.83,17,32899.317435
0.77,33,32899.382287
0.84,16,32899.414073
0.87,13,32899.439855
0.93,17,32899.473287
0.85,15,32899.502536
0.92,18,32899.537709
0.82,28,32899.592645
0.82,18,32899.628592
0.62,28,32899.683308
0.8,30,32899.741857
0.78,32,32899.804038
0.61,39,32899.88126
0.52,28,32899.936286
0.79,21,32899.977294
0.86,14,32900.004641
0.83,17,32900.037283
0.81,19,32900.074621
0.85,15,32900.105794
0.77,13,32900.137929
0.94,16,32900.177169
0.83,17,32900.21895
0.84,16,32900.257735
0.95,15,32900.294053
0.58,42,32900.396146
0.69,21,32900.447779
0.81,19,32900.493889
0.7,30,32900.565309
0.86,14,32900.599385
0.82,18,32900.642778
0.62,28,32900.710124
0.88,22,32900.763127
0.51,59,32900.881081
0.84,16,32900.913802
0.79,31,32900.975481
0.81,19,32901.013448
0.28,62,32901.132448
0.85,15,32901.161784
0.83,17,32901.194577
0.87,13,32901.220219
0.79,31,32901.279343
0.85,15,32901.308206
0.85,15,32901.337273
0.63,27,32907.617929
0.83,17,32907.651175
0.95,15,32907.680688
0.84,16,32907.71181
0.45,35,32907.779819
0.74,16,32907.81089
0.67,33,32907.874884
0.78,22,32907.917745
0.84,16,32907.948829
0.83,17,32907.98224
0.7,20,32908.021238
0.83,17,32908.054202
0.84,16,32908.085137
0.62,28,32908.140264
0.74,26,32908.191709
0.67,13,32908.218111
0.53,27,32908.272075
0.91,19,32908.309089
0.96,14,32908.336552
0.79,21,32908.377375
0.65,25,32908.426775
0.93,17,32908.460375
0.8,20,32908.499231
0.79,21,32908.54002
0.7,20,32908.579429
0.92,18,32908.61381
0.52,28,32908.666989
0.79,21,32908.707358
0.81,19,32908.743803
0.8,20,32908.781756
0.85,15,32908.810517
0.72,18,32908.844559
0.8,20,32908.883808
0.83,17,32908.917461
0.77,13,32908.943321
0.81,19,32908.980159
0.86,14,32909.007549
0.6,30,32909.065229
0.84,16,32909.096681
0.85,15,32909.125834
0.81,19,32909.162131
0.96,14,32909.18905
0.84,16,32909.220372
0.81,19,32909.257183
0.75,15,32909.287
0.75,15,32909.31674
0.82,18,32909.352602
0.81,19,32909.390227
0.87,13,32909.416495
0.03,67,32909.5462
0.76,14,32909.57447
0.95,15,32915.030246
0.29,41,32915.108503
0.82,18,32915.143297
0.83,17,32915.176358
0.96,14,32915.204417
0.73,17,32915.237974
0.85,25,32915.286886
0.7,30,32915.345529
0.66,24,32915.392975
0.76,14,32915.420523
0.9,20,32915.459495
0.76,14,32915.486779
0.68,32,32915.551895
0.67,23,32915.599192
0.95,15,32915.62866
0.88,22,32915.671165
0.92,18,32915.706325
0.82,18,32915.742289
0.52,28,32915.796638
0.81,19,32915.833494
0.36,54,32915.937001
0.81,29,32915.992499
0.85,15,32916.02198
0.71,19,32916.059565
0.84,16,32916.09127
0.75,15,32916.121283
0.83,17,32916.154623
0.64,36,32916.224013
0.4,40,32916.300703
0.76,14,32916.32828
0.82,18,32916.363599
0.77,23,32916.408739
0.86,14,32916.436647
0.84,26,32916.486338
0.71,19,32916.523091
0.83,17,32916.556905
0.93,17,32916.591182
0.83,17,32916.624497
0.83,17,32916.658268
0.78,22,32916.701793
0.82,18,32916.737386
0.75,25,32916.786387
0.84,16,32916.818485
0.72,18,32916.854961
0.85,15,32916.885309
0.95,15,32916.914872
0.84,16,32916.946106
0.73,27,32916.999397
0.85,15,32922.826882
0.85,15,32922.856497
0.82,18,32922.89243
0.86,14,32922.920353
0.84,16,32922.952629
0.83,17,32922.986606
0.96,14,32923.014759
0.8,20,32923.054831
0.96,14,32923.08275
0.78,22,32923.126007
0.94,16,32923.158219
0.83,17,32923.192078
0.8,20,32923.231496
0.82,18,32923.266998
0.82,18,32923.302882
0.85,15,32923.332896
0.63,27,32923.386369
0.85,15,32923.41673
0.82,18,32923.4528
0.78,22,32923.496716
0.74,26,32923.548316
0.83,17,32923.582792
0.7,20,32923.623254
0.62,28,32923.678433
0.75,25,32923.727862
0.65,25,32923.777365
0.93,17,32923.811334
0.93,17,32923.845294
0.84,16,32923.877441
0.77,23,32923.922806
0.89,21,32923.964574
0.5,30,32924.023444
0.83,17,32924.056788
0.54,46,32924.145601
0.82,18,32924.181423
0.91,19,32924.219011
0.14,76,32924.36973
0.84,16,32924.402535
0.79,21,32924.44477
0.72,28,32924.500682
0.82,18,32924.536432
0.83,17,32924.570633
0.86,14,32924.598342
0.91,19,32924.635604
0.93,17,32924.66921
0.96,14,32924.697002
0.82,18,32924.732573
0.68,32,32924.795517
