#{"t_start": 1764470509.517201, "env_id": "None"}
r,l,t
-17.18,868,1.566778
-10.57,607,6.323368
-10.34,624,9.901711
-5.72,342,10.526409
-4.02,272,11.089617
-19.4,1000,18.257756
-19.25,935,22.163329
-1.56,156,22.440678
-11.61,601,27.433496
-7.15,385,28.110899
-6.4,360,32.371611
-15.25,705,33.63503
-11.57,567,38.384598
-6.54,384,39.116258
-17.76,926,44.661938
-5.96,336,45.343492
-23.4,1000,51.305023
-13.64,674,54.6729
-15.87,847,58.290379
-20.8,1000,62.261463
-19.9,1000,66.24305
-20.0,1000,70.31389
-17.6,1000,74.350666
-6.09,409,75.124519
-3.64,244,75.628742
-6.25,405,81.667266
-18.9,1000,85.928998
-5.5,340,86.530168
-1.15,165,86.870793
-12.16,776,93.987631
-15.9,1000,98.183038
-12.14,704,101.798625
-17.0,1000,105.954597
-4.14,414,106.691516
-4.25,305,107.234839
-18.8,1000,114.569299
-15.8,1000,118.723374
-17.3,1000,122.613857
-12.34,904,126.643258
-14.47,877,130.695345
-10.21,691,134.41261
-1.41,151,134.706414
-16.1,1000,140.551208
-6.59,519,141.526764
-3.7,270,145.808357
-16.3,1000,149.692371
-4.97,487,150.67663
-14.9,1000,155.93878
-6.13,473,156.786205
-16.0,1000,162.081962
-14.9,1000,165.871756
-13.7,1000,169.965418
-4.51,401,173.117381
-7.29,509,174.095651
-11.54,824,179.601107
-1.78,228,180.001786
-13.9,1000,185.606673
-9.6,780,189.135698
-15.2,1000,193.17346
-13.2,1000,197.159204
-14.5,1000,201.310022
-12.9,1000,205.523927
-8.28,688,209.059973
-14.7,1000,213.00465
-2.14,204,213.448803
-5.7,490,214.305831
-12.4,1000,221.531475
-10.77,877,225.282544
-13.5,1000,229.524063
0.04,96,229.718251
-1.25,155,229.992234
-11.37,967,236.667837
-13.1,1000,240.62593
-5.2,490,243.909059
-4.7,480,244.760208
-13.0,1000,250.635034
-12.5,1000,254.729048
-12.5,1000,258.976531
-12.1,1000,263.153178
-0.95,135,263.394011
-14.6,1000,269.118054
-11.67,947,273.158087
-14.6,1000,277.16991
-3.86,356,277.800549
-9.43,723,282.488184
-7.56,706,286.083011
-11.9,1000,290.412015
-1.95,185,290.733404
-13.9,1000,296.375246
-12.7,1000,300.134103
-0.66,146,300.396196
-2.91,361,301.081772
-13.1,1000,307.983259
-4.64,474,311.203507
-7.04,634,314.584149
-8.99,819,316.056466
-11.9,1000,321.645109
-14.1,1000,325.731835
-12.3,1000,329.731785
-12.7,1000,333.861325
-13.7,1000,338.190006
-12.0,1000,342.382432
-12.0,1000,346.555174
-12.1,1000,350.584301
-4.1,430,353.729858
-11.6,1000,357.357149
-12.4,1000,361.109035
-13.2,1000,363.053654
-11.8,1000,367.234688
-12.5,1000,371.054958
-11.9,1000,375.077755
-11.12,942,379.01035
-4.62,422,382.128069
-12.1,1000,386.209122
-12.8,1000,390.225712
-0.66,156,390.507026
-10.41,871,396.084375
-12.0,1000,400.132121
-11.3,1000,404.266623
-5.11,511,405.187986
-11.5,1000,410.994337
-3.67,357,411.640278
-10.7,1000,417.205
-1.34,214,419.505739
-7.51,661,420.876617
-6.0,590,425.412776
-11.2,1000,429.38353
-12.2,1000,433.357171
-10.99,979,437.312948
-10.26,906,440.904278
-11.9,1000,445.0836
-11.6,1000,449.120432
-12.4,1000,453.268956
-12.6,1000,457.471755
-11.6,1000,461.357002
-12.1,1000,465.050832
-8.8,780,466.456195
-8.48,818,471.57322
-8.01,771,475.322877
-11.6,1000,479.384274
-11.9,1000,483.25489
-9.23,853,486.895623
-10.01,971,490.885943
-6.52,602,492.03322
-12.0,1000,497.407574
-12.0,1000,501.431363
-11.2,1000,505.578498
-11.2,1000,509.850922
-11.2,1000,514.003338
-11.8,1000,518.155999
-11.7,1000,522.135996
-12.5,1000,525.920312
-6.48,598,529.288479
-11.7,1000,533.120662
-12.1,1000,537.172312
-11.4,1000,539.129273
-11.7,1000,543.132815
-7.73,763,546.766258
-0.42,122,546.977371
-12.2,1000,552.261343
-11.2,1000,556.579853
-5.87,637,560.111201
-11.6,1000,564.188778
-8.15,815,567.919687
-11.8,1000,572.03791
-11.2,1000,576.277579
-12.2,1000,580.484653
-3.92,442,581.394979
-11.8,1000,586.990148
-11.7,1000,590.972138
-8.86,856,594.819279
-12.0,1000,598.778469
-12.4,1000,602.743527
-11.0,1000,606.757347
-11.0,1000,610.737569
-12.1,1000,614.741766
-11.2,1000,618.913767
-11.5,1000,623.35782
-11.7,1000,627.483161
-10.31,971,631.801011
-11.2,1000,635.936628
-8.0,780,637.353006
-11.0,1000,642.945969
-11.9,1000,646.918213
-11.5,1000,650.996078
-12.2,1000,655.189781
-11.3,1000,659.249295
-11.6,1000,663.36589
-11.3,1000,667.474074
-10.9,1000,671.396736
-11.6,1000,675.470907
-11.4,1000,679.84547
-10.9,1000,684.310976
-11.0,1000,688.347803
-9.08,878,692.453191
-2.06,286,692.976931
-11.5,1000,698.641828
-8.51,871,702.419637
-11.0,1000,706.340832
-11.5,1000,710.2474
-11.6,1000,714.352711
-11.8,1000,718.301312
-11.6,1000,722.239869
-11.7,1000,726.254485
-11.3,1000,730.197464
-11.1,1000,734.382251
-11.6,1000,738.551054
-11.2,1000,742.671898
-11.2,1000,746.73446
-11.1,1000,750.612488
-11.9,1000,754.741205
-11.2,1000,759.007934
-10.5,1000,762.94826
-10.8,1000,767.262247
-10.9,1000,771.399628
-11.3,1000,775.447621
-10.8,1000,779.463167
-12.6,1000,783.715782
-10.8,1000,787.353532
-11.2,1000,791.295584
-11.6,1000,793.192564
-11.3,1000,798.135137
-7.9,850,801.607408
-9.81,871,805.462842
-10.4,1000,809.525452
-11.2,1000,813.860765
-11.3,1000,818.086958
-11.2,1000,822.216925
-10.7,1000,826.654618
-11.3,1000,830.618627
-10.9,1000,834.835715
-10.7,1000,838.788
-8.21,811,842.526691
-11.2,1000,846.565243
-11.5,1000,851.282925
-9.6,940,855.903267
-11.7,1000,860.296588
-10.7,1000,864.222496
-11.2,1000,868.07116
-10.5,1000,871.705937
-11.4,1000,873.715496
-11.2,1000,878.364833
-11.0,1000,882.515612
-11.1,1000,886.495216
-10.5,1000,890.21898
-11.0,1000,894.399672
-11.2,1000,898.545556
-10.9,1000,902.48816
-10.5,1000,906.682651
-10.9,1000,910.927414
-10.7,1000,914.879553
-10.9,1000,918.847641
-10.6,1000,922.820154
-11.1,1000,926.773935
-10.5,1000,930.950419
-11.2,1000,935.093792
-10.9,1000,939.394802
-10.6,1000,943.678167
-10.6,1000,947.871014
-10.4,1000,951.842999
-11.0,1000,956.157792
-10.6,1000,960.031574
-11.1,1000,964.231853
-8.37,817,968.161759
-11.1,1000,972.421059
-11.3,1000,976.517526
-11.1,1000,980.825033
-11.6,1000,984.96261
-11.5,1000,989.132242
-11.0,1000,993.288658
-10.9,1000,997.333994
-11.1,1000,1001.643404
-10.7,1000,1005.496047
-11.1,1000,1009.437633
-11.2,1000,1013.177476
-10.3,1000,1015.067761
-11.0,1000,1019.091412
-10.7,1000,1022.985722
-10.9,1000,1026.686703
-10.6,1000,1030.515908
-10.8,1000,1034.388989
-3.75,445,1037.520781
-10.4,1000,1041.527471
-11.1,1000,1045.68189
-10.8,1000,1049.767525
-10.3,1000,1053.927438
-10.5,1000,1058.035797
-10.7,1000,1062.268319
-10.6,1000,1066.39575
-11.0,1000,1070.381006
-10.8,1000,1074.463462
-10.4,1000,1078.610278
-10.7,1000,1082.632267
-11.1,1000,1086.066449
-10.6,1000,1089.85526
-10.9,1000,1091.606654
-11.0,1000,1096.383566
-10.5,1000,1100.110744
-11.0,1000,1104.080934
-7.36,826,1108.037749
-10.5,1000,1112.344129
-11.4,1000,1116.287704
-11.2,1000,1120.399944
-10.8,1000,1124.671924
-2.11,311,1125.269431
-10.6,1000,1130.804704
-10.4,1000,1134.655577
-11.3,1000,1138.681265
-11.2,1000,1142.811065
-10.5,1000,1146.990127
-11.3,1000,1151.113405
-10.5,1000,1155.01555
-10.3,1000,1158.881781
-11.0,1000,1163.161804
-11.1,1000,1167.035533
-10.8,1000,1171.155798
-10.8,1000,1175.427864
-10.8,1000,1179.594904
-10.7,1000,1183.720459
-10.6,1000,1187.666523
-10.4,1000,1191.486718
-10.9,1000,1195.656145
-11.0,1000,1199.631639
-11.0,1000,1203.735651
-10.8,1000,1207.821343
-11.0,1000,1211.85091
-10.5,1000,1216.016752
-10.8,1000,1220.041666
-10.3,1000,1224.255171
-10.5,1000,1228.479055
-10.8,1000,1232.72183
-3.08,398,1233.493661
-10.3,1000,1239.030952
-11.0,1000,1243.139058
-10.8,1000,1247.199342
-10.4,1000,1251.495711
-10.5,1000,1255.648595
-10.5,1000,1259.735204
-10.8,1000,1263.772424
-11.0,1000,1267.678359
-10.5,1000,1271.586497
-10.4,1000,1275.904752
-10.3,1000,1279.92131
-11.0,1000,1284.154758
-11.5,1000,1288.279237
-10.8,1000,1292.138561
-10.7,1000,1296.232258
-10.3,1000,1300.261828
-10.7,1000,1304.492009
-10.5,1000,1308.652071
-10.9,1000,1312.57257
-10.6,1000,1316.563624
-10.7,1000,1320.52693
-10.3,1000,1324.55081
-10.8,1000,1328.268384
-10.5,1000,1332.312795
-10.3,1000,1336.504669
-10.7,1000,1340.76789
-10.5,1000,1344.851748
-10.5,1000,1348.52631
-10.5,1000,1352.252377
-10.7,1000,1356.415855
-10.8,1000,1358.227782
-11.0,1000,1362.759248
-10.3,1000,1366.331521
-10.1,1000,1370.037107
-10.9,1000,1373.953841
-10.7,1000,1378.188895
-10.4,1000,1382.265333
-10.6,1000,1386.68104
-10.7,1000,1390.87008
-10.9,1000,1394.880868
-10.3,1000,1398.908411
-10.5,1000,1402.826319
-10.7,1000,1407.295179
-11.3,1000,1411.404202
-10.4,1000,1415.529217
-10.8,1000,1419.813845
-10.5,1000,1423.877275
-10.8,1000,1427.794374
-10.5,1000,1431.873844
-10.5,1000,1435.925915
-10.1,1000,1439.895626
-10.6,1000,1443.981005
-10.5,1000,1447.982191
-10.8,1000,1452.071516
-10.7,1000,1456.508069
-10.5,1000,1460.715292
-10.9,1000,1464.825179
-11.0,1000,1468.888155
-10.6,1000,1472.971868
-10.5,1000,1477.341367
-3.75,435,1478.232383
-11.0,1000,1483.983294
-10.7,1000,1487.949313
-10.5,1000,1491.851739
-10.7,1000,1495.698117
-10.7,1000,1499.625737
-10.3,1000,1503.558185
-10.4,1000,1507.44233
-10.8,1000,1511.322029
-10.4,1000,1515.483072
-5.38,618,1518.611312
-10.5,1000,1522.495132
-10.5,1000,1526.469909
-10.5,1000,1530.257863
-10.8,1000,1533.930121
-10.2,1000,1537.849851
-10.4,1000,1539.709661
-10.7,1000,1543.55237
-10.4,1000,1547.414042
-10.5,1000,1551.527465
-10.5,1000,1555.422103
-10.8,1000,1559.443037
-10.4,1000,1563.693877
-10.2,1000,1567.636302
-10.9,1000,1571.718315
-10.7,1000,1576.002038
-10.7,1000,1580.200845
-10.4,1000,1584.036674
-10.6,1000,1588.212494
-11.1,1000,1592.164657
-4.41,481,1595.146069
-10.2,1000,1598.998963
-8.14,834,1600.533226
-10.3,1000,1605.998353
-10.4,1000,1609.936594
-11.0,1000,1614.156275
-10.6,1000,1618.420958
-10.1,1000,1622.354395
-10.3,1000,1626.455609
-10.6,1000,1630.697818
-10.5,1000,1634.80136
-10.8,1000,1638.97568
-10.9,1000,1643.014742
-10.2,1000,1647.178586
-10.5,1000,1651.209446
-10.1,1000,1655.394412
-10.2,1000,1659.521389
-10.3,1000,1663.532617
-10.8,1000,1667.673916
-10.5,1000,1671.658281
-10.3,1000,1675.734627
-10.4,1000,1679.792843
-10.2,1000,1683.853847
-10.9,1000,1687.798135
-10.4,1000,1691.974113
-10.4,1000,1696.10728
-10.2,1000,1700.188286
-10.4,1000,1704.021581
-10.3,1000,1708.016627
-10.8,1000,1711.972742
-10.7,1000,1716.110533
-10.8,1000,1719.952891
-10.7,1000,1724.133531
-10.6,1000,1728.128584
-10.5,1000,1732.101975
-10.4,1000,1736.021324
-10.4,1000,1740.265897
-10.4,1000,1744.634697
-10.6,1000,1748.466166
-10.3,1000,1752.562217
-10.8,1000,1756.232036
-10.7,1000,1760.024245
-9.9,1000,1761.780108
-10.4,1000,1765.633954
-10.6,1000,1769.67844
-10.4,1000,1773.727441
-10.7,1000,1777.619709
-10.5,1000,1781.577939
-10.8,1000,1785.763472
-10.3,1000,1789.957827
-10.6,1000,1794.293939
-10.7,1000,1798.264103
-10.2,1000,1802.486543
-10.9,1000,1806.679686
-10.4,1000,1811.059268
-10.7,1000,1815.150054
-10.8,1000,1819.40084
-10.4,1000,1823.519813
-10.3,1000,1827.611559
-10.4,1000,1831.661889
-10.2,1000,1835.743791
-10.0,1000,1839.949305
-10.6,1000,1844.225173
-10.3,1000,1848.367725
-10.4,1000,1852.438958
-10.2,1000,1856.844659
-10.7,1000,1860.726294
-10.3,1000,1864.923227
-10.2,1000,1869.125854
-10.8,1000,1873.497349
-10.4,1000,1877.769335
-10.6,1000,1881.780932
-10.4,1000,1885.868455
-10.0,1000,1889.874583
-10.2,1000,1893.883666
-10.3,1000,1898.099117
-10.3,1000,1902.276006
-10.4,1000,1906.469415
-10.3,1000,1910.656807
-10.3,1000,1914.884707
-10.6,1000,1918.947633
-10.5,1000,1922.928585
-10.2,1000,1926.928297
-10.1,1000,1930.678362
-10.3,1000,1934.427823
-10.4,1000,1936.377742
-10.4,1000,1940.324865
-10.2,1000,1944.011147
-10.3,1000,1948.094138
-10.5,1000,1952.10702
-10.5,1000,1956.483479
-10.2,1000,1960.717695
-10.0,1000,1964.895327
-10.2,1000,1969.104578
-10.3,1000,1973.19089
-10.4,1000,1977.380872
-10.6,1000,1981.49559
-10.7,1000,1985.724864
-10.3,1000,1989.942633
-10.2,1000,1994.034236
-10.6,1000,1998.059265
-10.9,1000,2002.119348
-10.3,1000,2006.160392
-10.6,1000,2010.130628
-10.6,1000,2014.367178
-10.6,1000,2018.513494
-10.3,1000,2022.494236
-10.3,1000,2026.739954
-10.3,1000,2030.762761
-10.4,1000,2035.226111
-10.3,1000,2039.589391
-10.4,1000,2043.682451
-10.2,1000,2047.8184
-10.6,1000,2051.986012
-10.2,1000,2056.001493
-10.3,1000,2060.101936
-10.5,1000,2064.260411
-10.5,1000,2068.368798
-10.1,1000,2072.709822
-10.4,1000,2076.957519
-10.2,1000,2081.488364
-10.2,1000,2085.580777
-10.3,1000,2089.523008
-10.1,1000,2093.932931
-10.4,1000,2098.202277
-10.2,1000,2102.090597
-10.5,1000,2105.970903
-10.9,1000,2109.960321
-10.3,1000,2111.859878
-10.2,1000,2116.177211
-10.4,1000,2120.258779
-10.5,1000,2124.434381
-10.5,1000,2128.45383
-10.5,1000,2132.639344
-10.5,1000,2136.513395
-10.2,1000,2140.726299
-10.3,1000,2145.032312
-10.4,1000,2149.259466
-10.4,1000,2153.281827
-10.4,1000,2157.417836
-10.5,1000,2161.390777
-10.6,1000,2165.414746
-10.5,1000,2169.344762
-10.2,1000,2173.625491
-10.3,1000,2177.649337
-10.3,1000,2181.903193
-10.3,1000,2186.180052
-10.1,1000,2190.49544
-10.6,1000,2194.849326
-10.1,1000,2199.131752
-10.5,1000,2203.214239
-10.5,1000,2207.267642
-10.3,1000,2211.399273
-10.4,1000,2215.34319
-10.6,1000,2219.378407
-10.1,1000,2223.461242
-10.5,1000,2227.740938
-10.2,1000,2231.664417
-10.5,1000,2236.091051
-10.8,1000,2239.993303
-10.1,1000,2243.828437
-10.8,1000,2247.811259
-10.3,1000,2252.072881
-10.2,1000,2256.077187
-10.3,1000,2260.432523
-10.5,1000,2264.671775
-10.3,1000,2268.785666
-10.4,1000,2273.053851
-10.3,1000,2276.717551
-10.3,1000,2280.568585
-10.4,1000,2282.659024
-10.3,1000,2286.50593
-10.1,1000,2290.5084
-10.5,1000,2294.263932
-10.5,1000,2298.384565
-10.2,1000,2302.361315
-10.1,1000,2306.98635
-10.7,1000,2311.011085
-10.4,1000,2315.412118
-10.3,1000,2319.513004
-10.3,1000,2323.852466
-10.2,1000,2328.021881
-10.4,1000,2331.995265
-10.1,1000,2335.931457
-10.5,1000,2339.854063
-10.5,1000,2343.897826
-10.5,1000,2348.058525
-10.2,1000,2352.095507
-10.7,1000,2356.142421
-10.3,1000,2360.222688
-10.1,1000,2364.147163
-10.1,1000,2368.226514
-10.3,1000,2372.494025
-10.0,1000,2376.505139
-10.6,1000,2380.695063
-10.2,1000,2384.660292
-10.3,1000,2388.661212
-10.6,1000,2392.653769
-10.1,1000,2396.648133
-10.1,1000,2400.708932
-10.1,1000,2404.929478
-10.2,1000,2408.825758
-10.3,1000,2413.16034
-10.3,1000,2417.343777
-10.6,1000,2421.265954
-10.4,1000,2425.612593
-10.5,1000,2429.692899
-10.4,1000,2433.800905
-10.0,1000,2437.777811
-10.1,1000,2441.962073
-10.6,1000,2446.196152
-10.2,1000,2450.032335
-10.3,1000,2454.312485
-10.5,1000,2456.228526
-10.2,1000,2460.229985
-10.0,1000,2464.123707
-10.1,1000,2468.022865
-10.6,1000,2472.031365
-10.3,1000,2476.05593
-10.2,1000,2480.122987
-10.3,1000,2484.202715
-10.1,1000,2488.180034
-10.2,1000,2492.375371
-10.1,1000,2496.573328
-10.2,1000,2500.976971
-10.5,1000,2505.103089
-10.2,1000,2509.137411
-10.1,1000,2513.153603
-10.2,1000,2517.120901
-10.3,1000,2521.289798
-10.2,1000,2525.413555
-10.6,1000,2529.626153
-10.8,1000,2533.791676
-10.1,1000,2537.818806
-10.3,1000,2541.83527
-10.2,1000,2546.128009
-10.0,1000,2550.256269
-10.3,1000,2554.301733
-10.2,1000,2558.379267
-10.4,1000,2562.23301
-10.3,1000,2566.500025
-10.5,1000,2570.551809
-11.1,1000,2574.432537
-10.2,1000,2578.459499
-10.2,1000,2582.503287
-10.1,1000,2586.539176
-10.2,1000,2590.583839
-10.2,1000,2594.927581
-10.3,1000,2598.961699
-10.4,1000,2603.046698
-10.5,1000,2607.171073
-10.1,1000,2611.302473
-10.1,1000,2615.309883
-10.4,1000,2619.4843
-10.3,1000,2623.171728
-10.1,1000,2627.133338
-10.3,1000,2629.127399
-10.1,1000,2633.489047
-10.1,1000,2637.43496
-10.4,1000,2641.226979
-10.3,1000,2645.242529
-10.5,1000,2649.15702
-10.4,1000,2653.692559
-10.4,1000,2658.425309
-10.6,1000,2662.41889
-10.0,1000,2666.516108
-10.3,1000,2670.609802
-10.2,1000,2674.867447
-9.9,1000,2679.264452
-10.4,1000,2683.487735
-10.3,1000,2687.427779
-10.2,1000,2691.572478
-10.5,1000,2695.449637
-10.7,1000,2699.6171
-10.2,1000,2703.715935
-10.5,1000,2707.614425
-10.3,1000,2711.614551
-10.3,1000,2715.609976
-10.3,1000,2719.892299
-10.4,1000,2724.173266
-10.4,1000,2728.208596
-10.3,1000,2732.317834
-10.2,1000,2736.248053
-10.2,1000,2740.321024
-10.1,1000,2744.333748
-10.3,1000,2748.337868
-10.1,1000,2752.42805
-10.1,1000,2756.386067
-10.3,1000,2760.584408
-10.1,1000,2764.948611
-10.3,1000,2769.092311
-10.2,1000,2772.984876
-10.2,1000,2776.944893
-10.1,1000,2781.046504
-10.5,1000,2784.956555
-10.3,1000,2788.824961
-10.1,1000,2792.847288
-10.2,1000,2796.933256
-10.3,1000,2798.795465
-10.2,1000,2802.91143
-10.2,1000,2807.169831
-10.0,1000,2810.963155
-10.2,1000,2814.699865
-10.2,1000,2818.712333
-10.5,1000,2822.825435
-10.2,1000,2827.012645
-10.6,1000,2830.961812
-10.1,1000,2835.040504
-10.4,1000,2839.345789
-10.1,1000,2843.519922
-10.1,1000,2847.600727
-10.3,1000,2851.529182
-10.1,1000,2855.602677
-10.2,1000,2859.722972
-10.3,1000,2863.673676
-10.3,1000,2867.715673
-10.2,1000,2871.512584
-10.1,1000,2875.518108
-10.1,1000,2879.51895
-10.1,1000,2883.940639
-10.3,1000,2888.026682
-10.4,1000,2892.154412
-10.1,1000,2896.093446
-10.6,1000,2900.061188
-10.2,1000,2904.272379
-10.3,1000,2908.332881
-10.1,1000,2912.319184
-10.1,1000,2916.397727
-10.2,1000,2920.466564
-10.1,1000,2924.653836
-10.2,1000,2928.815709
-10.1,1000,2932.736286
-10.4,1000,2936.655107
-10.2,1000,2940.69555
-10.0,1000,2944.68507
-9.9,1000,2948.621851
-10.3,1000,2952.662032
-10.1,1000,2956.69953
-10.2,1000,2960.677173
-10.1,1000,2964.366471
-10.2,1000,2967.973614
-10.3,1000,2969.83343
-10.1,1000,2973.694034
-10.1,1000,2977.439614
-10.2,1000,2981.279078
-10.1,1000,2985.260803
-10.2,1000,2989.030422
-10.2,1000,2993.049396
-10.2,1000,2997.063897
-10.2,1000,3001.056689
-10.7,1000,3004.92714
-10.3,1000,3009.008385
-10.3,1000,3012.941488
-10.3,1000,3017.062857
-10.2,1000,3021.159189
-10.2,1000,3025.155524
-10.3,1000,3029.188681
-10.0,1000,3033.143688
-10.2,1000,3037.372372
-10.2,1000,3041.50317
-10.2,1000,3045.499026
-10.2,1000,3049.364051
-10.3,1000,3053.572262
-10.3,1000,3057.410264
-10.2,1000,3061.460533
-10.3,1000,3065.597449
-10.3,1000,3069.681141
-10.1,1000,3073.710281
-10.5,1000,3077.710592
-10.2,1000,3081.721734
-10.2,1000,3085.80044
-10.3,1000,3089.792389
-10.6,1000,3093.664526
-10.2,1000,3097.629231
-10.2,1000,3102.020639
-10.1,1000,3106.184817
-10.4,1000,3110.144253
-10.1,1000,3114.117583
-10.1,1000,3118.136099
-10.2,1000,3122.04041
-10.1,1000,3125.983484
-10.6,1000,3129.879042
-10.2,1000,3133.673088
-10.3,1000,3137.224123
-10.3,1000,3139.066827
-10.1,1000,3142.745474
-10.1,1000,3146.814128
-10.2,1000,3150.555337
-10.2,1000,3154.454469
-10.2,1000,3158.347783
-10.2,1000,3162.572712
-10.1,1000,3166.804953
-10.6,1000,3170.96397
-10.2,1000,3175.04448
-10.6,1000,3178.965233
-10.2,1000,3183.306638
-10.4,1000,3187.493706
-10.6,1000,3191.855279
-10.1,1000,3195.91827
-10.1,1000,3199.951311
-10.1,1000,3203.971758
-10.3,1000,3208.134215
-10.0,1000,3212.18499
-10.0,1000,3216.199172
-10.1,1000,3220.126101
-10.5,1000,3224.16172
-10.2,1000,3228.189334
-10.2,1000,3232.109016
-10.2,1000,3236.107163
-10.0,1000,3240.233443
-10.1,1000,3244.430773
-10.2,1000,3248.458816
-10.1,1000,3252.533512
-10.1,1000,3256.871173
-10.2,1000,3260.757834
-10.1,1000,3264.643811
-10.4,1000,3268.842442
-10.1,1000,3272.704719
-10.2,1000,3276.939581
-10.3,1000,3281.041424
-10.1,1000,3285.13919
-10.1,1000,3289.254873
-10.1,1000,3293.341795
-10.3,1000,3297.234921
-10.3,1000,3301.043495
-10.2,1000,3305.122984
-10.3,1000,3307.111052
-10.1,1000,3311.285173
-10.2,1000,3315.585796
-10.1,1000,3319.324601
-10.3,1000,3323.24564
-10.2,1000,3327.256589
-10.1,1000,3331.186299
-10.2,1000,3335.269471
-10.2,1000,3339.373051
-10.1,1000,3343.461156
-10.1,1000,3347.682916
-10.3,1000,3351.633317
-10.4,1000,3355.764961
-10.1,1000,3359.67867
-10.3,1000,3363.472486
-10.4,1000,3367.306099
-10.1,1000,3371.386652
-10.3,1000,3375.38696
-10.2,1000,3379.410444
-10.1,1000,3383.461893
-10.0,1000,3387.608192
-10.4,1000,3391.751103
-10.2,1000,3395.775909
-10.1,1000,3399.868051
-10.3,1000,3403.936787
-10.3,1000,3408.002042
-10.5,1000,3412.126421
-10.1,1000,3416.491814
-10.3,1000,3420.809795
-10.5,1000,3425.336941
-10.0,1000,3429.511111
-10.0,1000,3433.768161
-10.1,1000,3437.726035
-10.2,1000,3441.764688
-10.3,1000,3445.601583
-10.3,1000,3449.605369
-10.3,1000,3453.68733
-10.3,1000,3457.640017
-10.1,1000,3461.415254
-10.6,1000,3465.693575
-10.0,1000,3469.507614
-10.8,1000,3473.33551
-10.3,1000,3477.040482
-10.3,1000,3478.830641
-10.5,1000,3483.740324
-10.0,1000,3487.722131
-10.0,1000,3491.353754
-10.5,1000,3495.313401
-10.2,1000,3499.471315
-10.2,1000,3503.586386
-10.2,1000,3507.469878
-10.1,1000,3511.44981
-10.0,1000,3515.519217
-10.0,1000,3519.530294
-10.1,1000,3523.665966
-10.2,1000,3527.834936
-10.5,1000,3531.885766
-10.3,1000,3536.012074
-10.2,1000,3540.073593
-10.2,1000,3544.196385
-10.3,1000,3548.315581
-10.2,1000,3552.555122
-10.2,1000,3556.825498
-10.3,1000,3560.987702
-10.1,1000,3564.90233
-10.5,1000,3569.022177
-10.5,1000,3572.928859
-10.1,1000,3577.224826
-10.3,1000,3581.400479
-10.1,1000,3585.583153
-10.0,1000,3589.539626
-10.2,1000,3593.78757
-10.2,1000,3597.735714
-10.1,1000,3601.714275
-10.2,1000,3605.721656
-10.1,1000,3609.757839
-10.5,1000,3614.082314
-10.3,1000,3618.290922
-10.2,1000,3622.405191
-10.2,1000,3626.666874
-10.4,1000,3630.573164
-10.4,1000,3634.508921
-10.5,1000,3638.775917
-10.1,1000,3642.713858
-10.2,1000,3646.359719
-10.2,1000,3650.491299
-10.1,1000,3652.388911
-10.3,1000,3657.06569
-10.4,1000,3661.135169
-10.1,1000,3664.873242
-10.1,1000,3668.694967
-10.2,1000,3672.621683
-10.2,1000,3676.561139
-10.5,1000,3680.507445
-10.1,1000,3684.524372
-10.3,1000,3688.704213
-10.1,1000,3692.634201
-10.0,1000,3696.851003
-10.0,1000,3700.789193
-10.0,1000,3704.833159
-10.1,1000,3708.909875
-10.2,1000,3712.91169
-10.3,1000,3717.084111
-10.0,1000,3721.127456
-10.0,1000,3725.322445
-10.5,1000,3729.73766
-10.1,1000,3734.235682
-10.3,1000,3738.454833
-10.1,1000,3742.621463
-10.3,1000,3746.887279
-10.2,1000,3751.014992
-10.3,1000,3755.225785
-10.3,1000,3759.306541
-10.0,1000,3763.3906
-10.1,1000,3767.660383
-10.0,1000,3771.657119
-10.5,1000,3775.597965
-10.1,1000,3779.65391
-10.1,1000,3783.610252
-10.2,1000,3787.359897
-10.3,1000,3791.505868
-10.6,1000,3795.447628
-10.0,1000,3799.488927
-10.3,1000,3803.472976
-10.1,1000,3807.608123
-10.1,1000,3811.587119
-10.4,1000,3815.237643
-10.4,1000,3819.262767
-10.1,1000,3821.178519
-10.1,1000,3825.252694
-10.5,1000,3829.404638
-10.1,1000,3832.90604
-10.1,1000,3836.618737
-10.2,1000,3840.540663
-10.0,1000,3844.74084
-10.1,1000,3849.027308
-10.4,1000,3853.110518
-10.2,1000,3857.435114
-10.1,1000,3861.70005
-10.1,1000,3865.837816
-10.3,1000,3869.975131
-10.3,1000,3874.154617
-10.1,1000,3878.126739
-10.2,1000,3882.119738
-10.2,1000,3886.157238
-10.1,1000,3890.256771
-10.4,1000,3894.373178
-10.0,1000,3898.657882
-10.1,1000,3902.853333
-10.2,1000,3906.904624
-10.4,1000,3910.752698
-10.2,1000,3914.717429
-10.2,1000,3918.799671
-10.1,1000,3922.922774
-10.2,1000,3927.14504
-10.2,1000,3931.590257
-10.1,1000,3935.541919
-10.0,1000,3939.640595
-10.1,1000,3943.676385
-10.1,1000,3947.893488
-10.4,1000,3952.021835
-10.2,1000,3955.968823
-10.1,1000,3959.954161
-10.1,1000,3963.89704
-10.5,1000,3968.137262
-10.1,1000,3972.166647
-10.3,1000,3976.453146
-10.0,1000,3980.590145
-10.2,1000,3984.523917
-10.1,1000,3988.313054
-10.2,1000,3992.403703
-10.5,1000,3994.325558
-10.4,1000,3998.319032
-10.2,1000,4002.280963
-10.4,1000,4006.026686
-10.0,1000,4010.008793
-10.3,1000,4014.206063
-10.4,1000,4018.505439
-10.2,1000,4022.837771
-10.2,1000,4027.008735
-10.0,1000,4031.042065
-10.2,1000,4035.079177
-10.2,1000,4039.268461
-10.1,1000,4043.437701
-10.1,1000,4047.839345
-10.1,1000,4052.154372
-10.6,1000,4056.185172
-10.4,1000,4060.134423
-10.2,1000,4064.152838
-10.0,1000,4068.092766
-10.3,1000,4072.17642
-10.2,1000,4076.338861
-10.2,1000,4080.304027
-11.1,1000,4084.269475
-10.2,1000,4088.5741
-10.1,1000,4092.879217
-10.3,1000,4097.129925
-10.3,1000,4101.392391
-9.9,1000,4105.80139
-10.3,1000,4110.055179
-10.1,1000,4113.992389
-10.1,1000,4118.472644
-10.2,1000,4123.139226
-10.0,1000,4127.359611
-10.1,1000,4131.286282
-10.2,1000,4135.63709
-10.0,1000,4140.200707
-10.1,1000,4144.536529
-10.3,1000,4148.629854
-10.1,1000,4152.920684
-10.0,1000,4157.243098
-10.1,1000,4161.01061
-10.0,1000,4164.672282
-10.3,1000,4168.254231
-10.2,1000,4170.350831
-10.3,1000,4174.879564
-10.5,1000,4178.60664
-10.2,1000,4182.658818
-10.1,1000,4186.661216
-10.5,1000,4190.812046
-10.1,1000,4195.092309
-10.2,1000,4199.182073
-10.0,1000,4203.32671
-10.4,1000,4207.226643
-10.2,1000,4211.196272
-10.0,1000,4215.300817
-10.2,1000,4219.628122
-10.2,1000,4223.740565
-10.2,1000,4227.959043
-10.0,1000,4231.995693
-10.0,1000,4236.052101
-10.4,1000,4240.124469
-10.4,1000,4244.44479
-10.2,1000,4248.45153
-10.1,1000,4252.532047
-10.0,1000,4256.48313
-10.3,1000,4260.518555
-10.3,1000,4264.678501
-10.2,1000,4268.544637
-10.2,1000,4272.471908
-10.4,1000,4276.525479
-10.2,1000,4280.858169
-10.1,1000,4284.929738
-10.1,1000,4288.921801
-10.1,1000,4293.099122
-10.5,1000,4297.239886
-10.0,1000,4301.453709
-10.2,1000,4305.45168
-10.2,1000,4309.461312
-10.1,1000,4313.432792
-10.3,1000,4317.487037
-10.2,1000,4321.565121
-10.0,1000,4325.787435
-10.0,1000,4329.661714
-10.1,1000,4333.532545
-9.9,1000,4337.324613
-9.9,1000,4339.346787
-10.7,1000,4343.315399
-10.3,1000,4347.855043
-10.1,1000,4351.657535
-10.1,1000,4355.839511
-10.2,1000,4359.925863
-10.5,1000,4363.977314
-10.1,1000,4367.853773
-10.2,1000,4371.93798
-10.3,1000,4376.198993
-10.1,1000,4380.318315
-10.2,1000,4384.291915
-10.2,1000,4388.209654
-10.3,1000,4392.390203
-10.1,1000,4396.488863
-10.2,1000,4400.641404
-10.2,1000,4404.768687
-10.2,1000,4409.175421
-10.1,1000,4413.422693
-10.3,1000,4417.458972
-10.5,1000,4421.373868
-10.2,1000,4425.522704
-10.3,1000,4429.641696
-10.0,1000,4433.680191
-10.0,1000,4437.983136
-10.1,1000,4442.14221
-10.2,1000,4446.260246
-10.3,1000,4450.3276
-10.0,1000,4455.373339
-10.1,1000,4459.561849
-10.1,1000,4463.844118
-10.2,1000,4468.224704
-10.2,1000,4472.127073
-10.4,1000,4476.145953
-10.0,1000,4480.357985
-10.1,1000,4484.446652
-10.2,1000,4488.554266
-10.2,1000,4492.598052
-10.0,1000,4496.902256
-10.0,1000,4501.032266
-10.0,1000,4505.184918
-10.2,1000,4509.290787
-10.0,1000,4513.213801
-10.3,1000,4514.986404
-10.4,1000,4519.344485
-10.0,1000,4522.973529
-10.4,1000,4526.709582
-10.1,1000,4530.748405
-10.1,1000,4534.842071
-10.0,1000,4539.10234
-10.1,1000,4543.071633
-10.0,1000,4547.241747
-10.3,1000,4551.442307
-10.2,1000,4555.506798
-10.0,1000,4559.574966
-10.2,1000,4563.625085
-10.1,1000,4567.726951
-10.0,1000,4571.747834
-10.1,1000,4575.619036
-10.0,1000,4579.491181
-10.2,1000,4583.89682
-10.1,1000,4588.302854
-10.1,1000,4592.678193
-10.1,1000,4596.497467
-10.2,1000,4600.755299
-10.3,1000,4605.195416
-10.1,1000,4609.439338
-10.2,1000,4613.555062
-10.2,1000,4617.981675
-10.3,1000,4622.227976
-10.3,1000,4626.293001
-10.1,1000,4630.422871
-10.1,1000,4634.412642
-10.0,1000,4638.740705
-10.1,1000,4642.726345
-10.5,1000,4646.972655
-10.2,1000,4651.059081
-10.2,1000,4655.254868
-10.2,1000,4659.651899
-10.0,1000,4664.038172
-10.2,1000,4668.099691
-10.3,1000,4672.438012
-10.0,1000,4676.370786
-10.2,1000,4680.391631
-10.1,1000,4684.213423
-9.9,1000,4687.963479
-10.4,1000,4689.792352
-10.2,1000,4694.23263
-10.3,1000,4698.148795
-10.0,1000,4701.970568
-10.1,1000,4705.873965
-10.1,1000,4709.892675
-10.0,1000,4714.281475
-10.5,1000,4718.298234
-10.2,1000,4722.660303
-10.2,1000,4727.354916
-10.0,1000,4731.690135
-10.2,1000,4735.878792
-10.2,1000,4740.462187
-10.2,1000,4744.447889
-10.1,1000,4748.408897
-10.0,1000,4752.665336
-10.4,1000,4756.799772
-10.1,1000,4760.777364
-10.1,1000,4764.922109
-10.0,1000,4769.232939
-10.2,1000,4773.339794
-10.0,1000,4777.508093
-10.3,1000,4781.38529
-10.0,1000,4785.435637
-10.0,1000,4789.629994
-10.1,1000,4793.777226
-10.4,1000,4797.736291
-10.5,1000,4801.653935
-10.3,1000,4805.673489
-10.2,1000,4809.885247
-10.5,1000,4813.671105
-10.5,1000,4817.74551
-10.1,1000,4821.836643
-10.1,1000,4825.836053
-10.2,1000,4829.923351
-10.0,1000,4833.834167
-10.4,1000,4837.961048
-10.1,1000,4842.0605
-10.2,1000,4846.0399
-10.3,1000,4849.982018
-10.2,1000,4853.874813
-10.1,1000,4857.563606
-10.1,1000,4859.535638
-10.0,1000,4863.446871
-10.2,1000,4867.666449
-10.0,1000,4871.550904
-10.1,1000,4875.459202
-10.3,1000,4879.725958
-10.3,1000,4883.918626
-10.3,1000,4888.352682
-10.1,1000,4892.609399
-10.1,1000,4896.870051
-10.1,1000,4901.17364
-10.3,1000,4905.106429
-10.1,1000,4908.888723
-10.0,1000,4912.952356
-10.1,1000,4916.94205
-10.2,1000,4921.082377
-10.4,1000,4925.20031
-10.2,1000,4929.05659
-10.3,1000,4933.287777
-10.1,1000,4937.408179
-10.3,1000,4941.639788
-10.3,1000,4945.627337
-10.1,1000,4949.541976
-10.3,1000,4953.605442
-10.3,1000,4957.732968
-10.1,1000,4961.745525
-10.0,1000,4965.922134
-10.1,1000,4970.063265
-10.1,1000,4974.02025
-10.1,1000,4978.168452
-10.3,1000,4982.284442
-10.0,1000,4986.402072
-10.0,1000,4990.46157
-10.1,1000,4994.597874
-10.2,1000,4998.616944
-10.4,1000,5002.637274
-10.1,1000,5006.818575
-10.3,1000,5011.068083
-10.1,1000,5015.174829
-10.3,1000,5019.258973
-10.4,1000,5023.389349
-10.0,1000,5027.313565
-10.1,1000,5030.8228
-10.2,1000,5032.567702
-10.2,1000,5036.559145
-10.0,1000,5040.268559
-10.0,1000,5043.916068
-10.1,1000,5047.729136
-10.2,1000,5051.926832
-10.0,1000,5056.031653
-10.1,1000,5060.547447
-10.1,1000,5064.516857
-10.2,1000,5068.477644
-10.2,1000,5072.640966
-10.0,1000,5076.865038
-10.0,1000,5080.806918
-10.0,1000,5084.641279
-10.3,1000,5088.879844
-10.2,1000,5093.087422
-10.1,1000,5097.330024
-10.0,1000,5101.508363
-10.0,1000,5105.922684
-10.0,1000,5110.226106
-10.2,1000,5114.457303
-10.2,1000,5118.274148
-10.1,1000,5122.406754
-10.0,1000,5126.633098
-10.2,1000,5130.760956
-10.0,1000,5134.768413
-10.2,1000,5138.983772
-10.2,1000,5143.135087
-10.2,1000,5147.361451
-10.0,1000,5151.446913
-10.2,1000,5155.591595
-10.1,1000,5159.761178
-10.1,1000,5163.934313
-10.3,1000,5168.18111
-10.1,1000,5172.093114
-10.3,1000,5176.156587
-10.1,1000,5180.300363
-10.1,1000,5184.513491
-10.2,1000,5188.610987
-10.3,1000,5192.684252
-10.3,1000,5196.790607
-10.1,1000,5200.514476
-10.3,1000,5204.563919
-10.0,1000,5206.352899
-10.0,1000,5210.58657
-10.1,1000,5214.456307
-10.1,1000,5218.484241
-10.2,1000,5222.568931
-10.2,1000,5226.519148
-10.2,1000,5230.551771
-10.1,1000,5234.579312
-10.2,1000,5238.683006
-10.2,1000,5242.705733
-10.1,1000,5246.92202
-10.0,1000,5250.932641
-10.2,1000,5254.945769
-10.3,1000,5259.110284
-10.3,1000,5263.402272
-10.1,1000,5267.373128
-10.1,1000,5271.503601
-10.3,1000,5275.339431
-10.4,1000,5279.578914
-10.1,1000,5283.940224
-10.0,1000,5288.484083
-10.3,1000,5292.584494
-10.0,1000,5296.628474
-10.3,1000,5300.532929
-10.1,1000,5304.762199
-10.3,1000,5308.944786
-10.1,1000,5313.096256
-10.1,1000,5317.097627
-10.3,1000,5321.174301
-10.2,1000,5325.330037
-10.3,1000,5329.218561
-10.0,1000,5333.124991
-10.2,1000,5337.203106
-10.1,1000,5341.348738
-10.2,1000,5345.535449
-10.3,1000,5349.552109
-10.1,1000,5353.860422
-10.1,1000,5358.051286
-10.1,1000,5362.015617
-10.5,1000,5366.012709
-10.2,1000,5369.78614
-10.2,1000,5373.322362
-10.1,1000,5375.25873
-10.4,1000,5379.181936
-10.0,1000,5383.141394
-10.2,1000,5386.76713
-10.3,1000,5390.663414
-10.0,1000,5394.650522
-10.0,1000,5398.604172
-10.0,1000,5402.391175
-10.2,1000,5406.549639
-10.2,1000,5410.691721
-10.3,1000,5414.968495
-10.3,1000,5418.886697
-10.1,1000,5423.088049
-10.3,1000,5427.236569
-10.2,1000,5431.269593
-10.0,1000,5435.315335
-10.2,1000,5439.379494
-10.1,1000,5443.498386
-10.1,1000,5447.319121
-10.1,1000,5451.453688
-10.0,1000,5455.290143
-10.2,1000,5459.341161
-10.2,1000,5463.301143
-10.0,1000,5467.302697
-10.2,1000,5471.261371
-10.0,1000,5475.334295
-10.3,1000,5479.497122
-10.5,1000,5483.524781
-9.9,1000,5487.65312
-10.1,1000,5491.704319
-10.0,1000,5495.64855
-10.2,1000,5499.492985
-10.1,1000,5503.852062
-10.0,1000,5508.038255
-10.1,1000,5512.164499
-10.0,1000,5516.19442
-10.1,1000,5520.353227
-10.3,1000,5524.562744
-10.2,1000,5528.797967
-10.2,1000,5532.779797
-10.0,1000,5536.750623
-10.3,1000,5540.460994
-10.3,1000,5544.016212
-10.1,1000,5545.811109
-10.1,1000,5550.627943
-10.3,1000,5554.415752
-10.3,1000,5558.227905
-10.1,1000,5562.155093
-10.3,1000,5566.216049
-10.1,1000,5570.30106
-10.1,1000,5574.240541
-10.2,1000,5578.453717
-10.1,1000,5582.407484
-10.0,1000,5586.401374
-10.2,1000,5590.702053
-10.0,1000,5594.91205
-10.3,1000,5599.001987
-10.0,1000,5603.111511
-10.1,1000,5607.271143
-10.1,1000,5611.345842
-10.1,1000,5615.390375
-10.0,1000,5619.539925
-10.1,1000,5623.765708
-10.0,1000,5627.908937
-10.1,1000,5632.017231
-10.2,1000,5636.04039
-10.1,1000,5639.963458
-10.0,1000,5644.389865
-10.0,1000,5648.297147
-10.5,1000,5652.607768
-10.4,1000,5656.897953
-10.1,1000,5660.928907
-10.4,1000,5665.063894
-10.1,1000,5669.144585
-10.1,1000,5673.203249
-10.3,1000,5677.465688
-10.4,1000,5681.506924
-10.1,1000,5685.597044
-10.1,1000,5689.579666
-10.1,1000,5693.647929
-10.0,1000,5697.603684
-10.5,1000,5701.542637
-10.0,1000,5705.508811
-10.2,1000,5709.435986
-10.1,1000,5713.249431
-10.2,1000,5717.074448
-10.1,1000,5719.083864
-10.4,1000,5723.244628
-10.1,1000,5727.263596
-10.0,1000,5730.939082
-10.1,1000,5734.776752
-10.0,1000,5739.118282
-10.1,1000,5743.12694
-10.2,1000,5747.310668
-10.3,1000,5751.201997
-10.2,1000,5755.27996
-10.3,1000,5759.487905
-10.1,1000,5763.512324
-10.0,1000,5767.613962
-10.3,1000,5771.709616
-10.3,1000,5775.741345
-10.0,1000,5779.873237
-10.2,1000,5783.881113
-10.1,1000,5787.950068
-10.4,1000,5791.846749
-10.6,1000,5795.930489
-10.3,1000,5800.099866
-10.0,1000,5804.368733
-10.2,1000,5808.282114
-10.0,1000,5812.303361
-10.2,1000,5816.204823
-10.0,1000,5820.381333
-9.9,1000,5824.475741
-10.2,1000,5828.581458
-10.1,1000,5832.544001
-10.3,1000,5836.604476
-10.1,1000,5840.693176
-10.3,1000,5844.66102
-10.1,1000,5848.649198
-10.0,1000,5852.719216
-10.1,1000,5856.982768
-10.1,1000,5861.14725
-10.3,1000,5865.379372
-10.0,1000,5869.429537
-10.2,1000,5873.481531
-10.0,1000,5877.42356
-10.0,1000,5881.234477
-10.0,1000,5885.633332
-10.0,1000,5887.413984
-10.6,1000,5891.181512
-10.6,1000,5895.357885
-10.2,1000,5899.096369
-10.0,1000,5902.858833
-10.2,1000,5907.079709
-10.2,1000,5911.248542
-10.1,1000,5915.333537
-10.0,1000,5919.595268
-10.1,1000,5923.661095
-10.0,1000,5927.463866
-10.0,1000,5931.389049
-10.1,1000,5935.469424
-10.2,1000,5939.887392
-10.1,1000,5944.079124
-10.3,1000,5948.106838
-10.0,1000,5952.052073
-10.1,1000,5956.142026
-10.1,1000,5960.101159
-10.1,1000,5964.080541
-10.3,1000,5968.019972
-10.3,1000,5972.170291
-10.1,1000,5976.094868
-10.2,1000,5980.147595
-10.1,1000,5984.213678
-10.2,1000,5988.238672
-10.4,1000,5991.901345
-10.2,1000,5996.014183
-10.0,1000,6000.147702
-10.2,1000,6004.276367
-10.2,1000,6008.467993
-10.1,1000,6012.607783
-10.1,1000,6017.038492
-10.1,1000,6021.151889
-10.0,1000,6025.128377
-10.0,1000,6029.07402
-10.0,1000,6033.212359
-10.0,1000,6037.387102
-10.1,1000,6041.349926
-10.0,1000,6045.530169
-10.1,1000,6049.402506
-10.1,1000,6053.227017
-10.3,1000,6056.892883
-10.1,1000,6058.649509
-10.1,1000,6062.86586
-10.1,1000,6066.855304
-10.2,1000,6070.460635
-10.0,1000,6074.388757
-10.0,1000,6078.560706
-10.2,1000,6082.756338
-10.3,1000,6086.946039
-10.0,1000,6091.171158
-10.0,1000,6095.160521
-10.0,1000,6099.247529
-10.1,1000,6103.287587
-10.0,1000,6107.395421
-10.3,1000,6111.395198
-10.3,1000,6115.297648
-10.5,1000,6119.553712
-10.1,1000,6123.896092
-10.1,1000,6128.14226
-10.0,1000,6132.190566
-10.1,1000,6136.151736
-10.1,1000,6140.314277
-10.1,1000,6144.255014
-10.2,1000,6148.40091
-10.3,1000,6152.392501
-10.1,1000,6156.51525
-10.0,1000,6160.449114
-10.3,1000,6164.631752
-10.3,1000,6168.805447
-10.0,1000,6172.743961
-9.9,1000,6176.737144
-10.3,1000,6180.67698
-10.2,1000,6184.643701
-10.2,1000,6188.669893
-10.2,1000,6192.704576
-10.2,1000,6196.699201
-10.0,1000,6201.037666
-10.0,1000,6205.002275
-10.1,1000,6209.10819
-10.1,1000,6213.331845
-10.2,1000,6217.478909
-10.0,1000,6221.664335
-10.4,1000,6225.705143
-10.0,1000,6229.351936
-10.0,1000,6231.308083
-10.1,1000,6235.219351
-10.1,1000,6239.148334
-10.1,1000,6242.99527
-10.0,1000,6247.038469
-10.0,1000,6251.324987
-10.0,1000,6255.852052
-10.4,1000,6260.117461
-10.0,1000,6264.027203
-10.1,1000,6268.169314
-10.0,1000,6272.31946
-10.0,1000,6276.685564
-10.1,1000,6280.798581
-10.0,1000,6284.790311
-10.0,1000,6288.972959
-10.0,1000,6293.018018
-10.0,1000,6297.134135
-10.3,1000,6301.390715
-10.0,1000,6305.522061
-9.9,1000,6309.641977
-10.2,1000,6313.529838
-10.1,1000,6317.503649
-10.1,1000,6321.379536
-10.0,1000,6325.642455
-10.1,1000,6329.708153
-10.0,1000,6333.704963
-10.2,1000,6337.752319
-10.1,1000,6341.80654
-10.3,1000,6345.953891
-10.1,1000,6350.176435
-10.1,1000,6354.407772
-10.0,1000,6358.419021
-10.5,1000,6362.784414
-10.0,1000,6366.744916
-9.9,1000,6370.910128
-10.1,1000,6375.118375
-10.0,1000,6379.256286
-10.1,1000,6383.361355
-10.2,1000,6387.280729
-10.0,1000,6391.190473
-10.1,1000,6395.044429
-10.0,1000,6399.065516
-10.2,1000,6400.88236
-10.0,1000,6404.773959
-10.1,1000,6408.699986
-10.1,1000,6412.27448
-10.0,1000,6416.209836
-10.1,1000,6420.243173
-10.0,1000,6424.450114
-10.2,1000,6428.694293
-10.2,1000,6432.698516
-10.0,1000,6437.010142
-10.0,1000,6441.026594
-10.0,1000,6445.164237
-10.0,1000,6449.231174
-10.2,1000,6453.261437
-10.0,1000,6457.413858
-10.0,1000,6461.523831
-10.0,1000,6465.521505
-10.1,1000,6469.676034
-10.1,1000,6473.855773
-10.0,1000,6477.888791
-10.0,1000,6482.221108
-10.0,1000,6486.279696
-10.2,1000,6490.268656
-10.2,1000,6494.294664
-10.3,1000,6498.481373
-10.1,1000,6502.486788
-10.1,1000,6506.566811
-10.1,1000,6510.676351
-10.0,1000,6514.75632
-10.1,1000,6518.884581
-10.0,1000,6522.862409
-10.1,1000,6527.113095
-10.0,1000,6531.117015
-10.1,1000,6535.167587
-10.0,1000,6539.041151
-10.1,1000,6543.07032
-10.1,1000,6546.981904
-10.0,1000,6550.822386
-10.0,1000,6554.888733
-10.0,1000,6558.946789
-10.1,1000,6562.940748
-10.1,1000,6566.699586
-10.2,1000,6570.341996
-10.1,1000,6572.260345
-10.0,1000,6576.492261
-10.1,1000,6580.553576
-10.0,1000,6584.296581
-10.1,1000,6588.309256
-10.2,1000,6592.22388
-10.1,1000,6596.305984
-10.1,1000,6600.455815
-10.1,1000,6604.486865
-10.2,1000,6608.415163
-10.0,1000,6612.390351
-10.0,1000,6616.449172
-10.0,1000,6620.70328
-10.2,1000,6624.789641
-10.1,1000,6628.848111
-10.0,1000,6632.906548
-10.0,1000,6636.948352
-10.1,1000,6640.989506
-10.1,1000,6645.165011
-10.0,1000,6649.187243
-10.1,1000,6653.338983
-10.2,1000,6657.350958
-10.5,1000,6661.514644
-10.0,1000,6665.677328
-10.2,1000,6669.743124
-10.2,1000,6673.729931
-10.0,1000,6677.903347
-10.2,1000,6682.057791
-10.1,1000,6685.998927
-10.0,1000,6690.013733
-10.0,1000,6694.010502
-10.1,1000,6697.838504
-10.0,1000,6701.786649
-10.2,1000,6705.742949
-10.1,1000,6709.978081
-10.4,1000,6713.944952
-10.2,1000,6718.041372
-10.1,1000,6722.172503
-9.9,1000,6726.359287
-10.1,1000,6730.310858
-10.1,1000,6734.179861
-10.0,1000,6738.04212
-10.1,1000,6741.929364
-10.0,1000,6743.737049
-10.0,1000,6748.020076
-10.0,1000,6752.071112
-10.1,1000,6756.058285
-10.1,1000,6759.906681
-10.0,1000,6763.947551
-10.2,1000,6768.111402
-10.2,1000,6772.162628
-10.1,1000,6776.149495
-10.2,1000,6780.44627
-10.0,1000,6784.617508
-10.1,1000,6788.662927
-10.3,1000,6792.681915
-10.0,1000,6796.773964
-10.2,1000,6800.927207
-10.1,1000,6805.39774
-10.2,1000,6809.64505
-10.2,1000,6813.763603
-10.1,1000,6817.743956
-10.1,1000,6822.174123
-10.0,1000,6826.400655
-10.1,1000,6830.4052
-10.0,1000,6834.73303
-10.1,1000,6839.14205
-10.1,1000,6843.143071
-10.2,1000,6847.263903
-10.5,1000,6851.577389
-10.3,1000,6855.861791
-10.1,1000,6860.148402
-10.0,1000,6864.728656
-10.0,1000,6868.903781
-10.0,1000,6872.80965
-10.2,1000,6876.969634
-10.3,1000,6881.140949
-10.0,1000,6885.622488
-10.1,1000,6890.212889
-10.1,1000,6894.40971
-10.4,1000,6898.485539
-10.1,1000,6902.546268
-10.1,1000,6906.688912
-10.0,1000,6910.61583
-10.0,1000,6914.527852
-10.0,1000,6916.301584
-10.1,1000,6920.151215
-10.0,1000,6924.028118
-9.9,1000,6928.059992
-10.0,1000,6931.980927
-10.2,1000,6936.223132
-10.0,1000,6940.290724
-10.0,1000,6944.607444
-10.1,1000,6948.715014
-10.1,1000,6952.779253
-10.1,1000,6956.766192
-10.1,1000,6960.9706
-10.0,1000,6964.945663
-10.1,1000,6969.266899
-10.3,1000,6973.392254
-10.1,1000,6977.445755
-10.0,1000,6981.604516
-10.1,1000,6985.91558
-10.1,1000,6989.878614
-10.1,1000,6993.861121
-10.1,1000,6997.86313
-10.0,1000,7001.717314
-10.2,1000,7005.960949
-10.0,1000,7009.924161
-10.2,1000,7013.903301
-10.3,1000,7017.978342
-10.1,1000,7021.886416
-10.1,1000,7026.012268
-10.2,1000,7030.253219
-9.9,1000,7034.409982
-10.1,1000,7038.531554
-10.1,1000,7042.560966
-10.1,1000,7046.512617
-10.2,1000,7050.582507
-10.0,1000,7054.782851
-10.0,1000,7059.12757
-10.0,1000,7063.131768
-10.0,1000,7067.330449
-9.9,1000,7071.138025
-10.0,1000,7075.277936
-9.9,1000,7079.140205
-10.0,1000,7083.210626
-10.1,1000,7087.268546
-9.9,1000,7089.041247
-10.1,1000,7093.79848
-10.1,1000,7097.698711
-10.3,1000,7101.53447
-10.1,1000,7105.233294
-10.0,1000,7109.132307
-10.0,1000,7113.16626
-10.1,1000,7117.087528
-10.2,1000,7120.961929
-10.0,1000,7125.233263
-10.1,1000,7129.176285
-10.0,1000,7133.457677
-10.0,1000,7137.666957
-10.0,1000,7141.767497
-10.0,1000,7145.900012
-10.0,1000,7149.786669
-10.2,1000,7153.934738
-10.0,1000,7158.185123
-10.1,1000,7162.44539
-10.3,1000,7166.614118
-10.0,1000,7170.807604
-10.0,1000,7174.772584
-10.2,1000,7178.702256
-10.1,1000,7182.83281
-10.0,1000,7187.13311
-10.0,1000,7191.312206
-10.3,1000,7195.488812
-10.0,1000,7199.558183
-10.1,1000,7203.619525
-10.2,1000,7207.489141
-10.1,1000,7211.461963
-10.1,1000,7215.688554
-10.0,1000,7219.659293
-9.9,1000,7223.744443
-10.3,1000,7228.03459
-10.1,1000,7232.107956
-10.0,1000,7235.980869
-10.3,1000,7239.981186
-10.0,1000,7243.92663
-9.9,1000,7248.023104
-10.6,1000,7251.955423
-10.4,1000,7255.691793
-10.4,1000,7259.845834
-10.1,1000,7261.703067
-10.0,1000,7265.974428
-10.0,1000,7269.802058
-10.0,1000,7273.453767
-10.0,1000,7277.547434
-10.0,1000,7281.459381
-10.4,1000,7285.51512
-10.2,1000,7290.28713
-10.0,1000,7294.965249
-10.2,1000,7299.329483
-10.2,1000,7303.49884
-10.1,1000,7307.970725
-10.0,1000,7312.36792
-10.0,1000,7316.633619
-10.0,1000,7320.861942
-10.2,1000,7325.450257
-10.0,1000,7329.817905
-10.1,1000,7334.15903
-10.0,1000,7338.463786
-10.1,1000,7342.563179
-10.2,1000,7347.096658
-10.1,1000,7351.193376
-10.1,1000,7355.379207
-10.2,1000,7360.054688
-10.0,1000,7364.437262
-10.2,1000,7368.811443
-10.2,1000,7373.230991
-10.1,1000,7377.418746
-10.2,1000,7381.567186
-10.0,1000,7385.867651
-10.4,1000,7389.920629
-10.1,1000,7394.006121
-10.0,1000,7398.049687
-10.1,1000,7402.107041
-10.2,1000,7405.995779
-10.1,1000,7409.977991
-9.9,1000,7414.101415
-9.9,1000,7418.106216
-10.1,1000,7422.271368
-9.9,1000,7426.340317
-10.1,1000,7430.419547
-10.5,1000,7434.134032
-10.4,1000,7436.195918
-10.2,1000,7440.024119
-10.0,1000,7444.495516
-10.0,1000,7448.374388
-10.1,1000,7452.511171
-10.0,1000,7456.965934
-9.9,1000,7461.30629
-10.3,1000,7465.378552
-10.0,1000,7469.337595
-10.0,1000,7473.579327
-10.0,1000,7477.515564
-10.1,1000,7481.359739
-10.3,1000,7485.516859
-10.1,1000,7489.417799
-10.0,1000,7493.573986
-10.1,1000,7497.635839
-10.3,1000,7501.730902
-10.1,1000,7505.764491
-10.1,1000,7509.800669
-10.0,1000,7513.812569
-10.3,1000,7517.820965
-10.2,1000,7521.705486
-10.0,1000,7525.871291
-10.0,1000,7529.944421
-10.1,1000,7533.882935
-10.0,1000,7538.055061
-10.3,1000,7542.134793
-10.1,1000,7546.296676
-10.0,1000,7550.336112
-10.2,1000,7554.279509
-10.1,1000,7558.405296
-10.3,1000,7562.631822
-10.1,1000,7566.718143
-10.0,1000,7570.636264
-10.1,1000,7574.860944
-10.2,1000,7578.947286
-10.2,1000,7583.001705
-10.0,1000,7587.142657
-10.1,1000,7591.128642
-10.1,1000,7595.140859
-10.2,1000,7599.080954
-10.4,1000,7602.640241
-10.0,1000,7606.255781
-10.0,1000,7608.104445
-10.2,1000,7612.406722
-10.0,1000,7616.246576
-10.1,1000,7620.137106
-10.0,1000,7623.908125
-10.0,1000,7628.178164
-10.3,1000,7632.466834
-10.1,1000,7636.63282
-10.1,1000,7640.874337
-10.1,1000,7644.857799
-10.2,1000,7648.840106
-10.1,1000,7652.705241
-10.0,1000,7656.978172
-10.3,1000,7661.084679
-10.0,1000,7665.219509
-10.0,1000,7669.161932
-10.1,1000,7673.073767
-10.1,1000,7677.246285
-10.2,1000,7681.485147
-10.0,1000,7685.514627
-10.0,1000,7689.335136
-10.2,1000,7693.680279
-10.0,1000,7697.673025
-10.0,1000,7701.818655
-10.2,1000,7705.755878
-10.1,1000,7709.73658
-10.3,1000,7713.945752
-10.5,1000,7718.113149
-10.5,1000,7722.338981
-10.0,1000,7726.339633
-10.3,1000,7730.366093
-10.2,1000,7734.648918
-10.0,1000,7739.014652
-10.0,1000,7743.235165
-10.1,1000,7747.121131
-10.2,1000,7751.115747
-10.1,1000,7755.19409
-10.1,1000,7759.224408
-10.0,1000,7763.396126
-10.3,1000,7767.496623
-10.2,1000,7771.431649
-10.3,1000,7775.322029
-10.1,1000,7779.32829
-9.9,1000,7781.189031
-10.1,1000,7785.25184
-10.1,1000,7789.030824
-10.1,1000,7792.736775
-10.3,1000,7796.69804
-10.1,1000,7800.679162
-10.1,1000,7804.434682
-10.0,1000,7808.354141
-10.0,1000,7812.383069
-10.1,1000,7816.508339
-10.0,1000,7820.73314
-10.2,1000,7824.738115
-10.0,1000,7828.827322
-10.3,1000,7832.959543
-10.2,1000,7836.989899
-10.0,1000,7840.929938
-10.0,1000,7844.777745
-10.1,1000,7848.658726
-10.3,1000,7852.756617
-10.0,1000,7857.232271
-10.4,1000,7861.301645
-10.0,1000,7865.329787
-10.2,1000,7869.433569
-10.0,1000,7873.307389
-10.0,1000,7877.343112
-10.2,1000,7881.185372
-10.4,1000,7885.231668
-10.2,1000,7889.552035
-9.9,1000,7893.572665
-10.1,1000,7897.619662
-10.1,1000,7901.625556
-10.0,1000,7905.825617
-10.2,1000,7909.97156
-10.0,1000,7914.071347
-10.0,1000,7917.960155
-10.1,1000,7922.277244
-10.0,1000,7926.29587
-10.3,1000,7930.471666
-10.1,1000,7934.659425
-10.2,1000,7938.65078
-10.0,1000,7942.413386
-10.3,1000,7946.350697
-10.0,1000,7948.19099
-10.0,1000,7952.332898
-10.1,1000,7956.403589
-10.1,1000,7960.128778
-10.0,1000,7963.941097
-10.0,1000,7967.888085
-10.2,1000,7972.077518
-10.0,1000,7976.010859
-10.0,1000,7979.973307
-10.1,1000,7984.068971
-10.5,1000,7988.192792
-10.1,1000,7992.143505
-10.1,1000,7996.296777
-9.9,1000,8000.347142
-10.0,1000,8004.384197
-10.2,1000,8008.521925
-10.1,1000,8012.381373
-10.2,1000,8016.370838
-10.1,1000,8020.349342
-10.2,1000,8024.385796
-10.1,1000,8028.224103
-10.0,1000,8032.216628
-10.1,1000,8036.391248
-10.1,1000,8040.463292
-10.3,1000,8044.648638
-10.1,1000,8048.964921
-10.1,1000,8053.395042
-10.1,1000,8057.862339
-10.1,1000,8062.002332
-10.0,1000,8066.184274
-10.0,1000,8070.28765
-10.2,1000,8074.594257
-9.9,1000,8078.798156
-10.3,1000,8082.926062
-10.4,1000,8087.261777
-10.4,1000,8091.325632
-10.0,1000,8095.370915
-10.0,1000,8099.613293
-10.1,1000,8103.843731
-10.1,1000,8108.015947
-10.0,1000,8112.003416
-10.1,1000,8115.864848
-10.3,1000,8119.7027
-10.0,1000,8121.473663
-10.1,1000,8125.397563
-10.0,1000,8129.278989
-10.1,1000,8132.79999
-10.0,1000,8136.924987
-10.0,1000,8140.771582
-10.2,1000,8144.945423
-10.2,1000,8148.902315
-10.3,1000,8152.782702
-10.2,1000,8156.729942
-10.2,1000,8160.767631
-10.1,1000,8164.936356
-10.0,1000,8169.004963
-10.2,1000,8173.300079
-10.1,1000,8177.588916
-10.4,1000,8182.074477
-10.1,1000,8186.085373
-10.0,1000,8190.163896
-10.2,1000,8194.326309
-10.0,1000,8198.26159
-10.1,1000,8202.280358
-10.0,1000,8206.322026
-10.0,1000,8210.299756
-10.0,1000,8214.320631
-10.0,1000,8218.316033
-10.1,1000,8222.540508
-10.2,1000,8226.790418
-10.4,1000,8230.727999
-10.0,1000,8235.03253
-10.2,1000,8239.162888
-10.0,1000,8243.191524
-10.0,1000,8247.508121
-10.0,1000,8251.512058
-10.2,1000,8255.577158
-10.1,1000,8259.591336
-10.2,1000,8263.727286
-10.1,1000,8267.809055
-10.1,1000,8271.838656
-10.0,1000,8275.813115
-10.2,1000,8279.834223
-10.1,1000,8283.84684
-10.0,1000,8287.665319
-10.1,1000,8291.528731
-10.1,1000,8293.459487
-10.4,1000,8297.636446
-10.2,1000,8301.45672
-10.1,1000,8305.325328
-10.3,1000,8309.433326
-10.0,1000,8313.574803
-10.4,1000,8317.616236
-10.2,1000,8321.714576
-10.1,1000,8325.717649
-10.0,1000,8329.890885
-10.3,1000,8333.983569
-10.4,1000,8337.959521
-10.1,1000,8342.168755
-10.0,1000,8346.386748
-10.1,1000,8350.597918
-10.0,1000,8354.712523
-10.1,1000,8358.539499
-10.1,1000,8362.695886
-10.0,1000,8366.764264
-10.0,1000,8370.859649
-10.0,1000,8374.987031
-10.0,1000,8379.324353
-10.1,1000,8383.444505
-10.1,1000,8387.593261
-10.2,1000,8391.880057
-10.0,1000,8396.267685
-10.0,1000,8400.402999
-10.1,1000,8404.420933
-10.1,1000,8408.339478
-10.1,1000,8412.648529
-10.1,1000,8416.708412
-10.1,1000,8420.612365
-10.1,1000,8424.606706
-10.0,1000,8428.777375
-10.2,1000,8432.707985
-10.1,1000,8436.852399
-10.3,1000,8440.91184
-10.0,1000,8444.988982
-10.0,1000,8449.018472
-9.9,1000,8453.191021
-10.2,1000,8456.990066
-10.2,1000,8460.90921
-10.2,1000,8462.886882
-10.0,1000,8466.553151
-10.0,1000,8470.780285
-10.0,1000,8474.578254
-9.9,1000,8478.562921
-10.2,1000,8482.355716
-10.4,1000,8486.756942
-10.0,1000,8490.735357
-10.0,1000,8495.031861
-10.2,1000,8499.379355
-10.0,1000,8503.689485
-10.0,1000,8507.672525
-10.0,1000,8511.905328
-10.0,1000,8516.453672
-10.1,1000,8520.491972
-10.0,1000,8524.547056
-10.1,1000,8528.700951
-10.1,1000,8532.747304
-10.1,1000,8536.874155
-10.0,1000,8540.79248
-10.0,1000,8544.900992
-10.0,1000,8549.033392
-10.0,1000,8553.05055
-10.0,1000,8557.2201
-10.0,1000,8560.999686
-10.1,1000,8565.229112
-10.1,1000,8569.438008
-10.1,1000,8573.461503
-10.3,1000,8577.483919
-10.1,1000,8581.505166
-10.0,1000,8585.612768
-10.0,1000,8589.66205
-10.0,1000,8593.862252
-10.1,1000,8597.924469
-10.0,1000,8602.07158
-9.9,1000,8606.096515
-10.0,1000,8610.234231
-10.1,1000,8614.221869
-10.2,1000,8618.333317
-10.0,1000,8622.294573
-10.0,1000,8626.156027
-10.1,1000,8630.134938
-10.0,1000,8633.916352
-10.0,1000,8635.851784
-10.1,1000,8639.838537
-10.1,1000,8643.980013
-10.1,1000,8647.701946
-10.0,1000,8651.703145
-10.2,1000,8655.900968
-10.0,1000,8660.055136
-9.9,1000,8664.203483
-10.3,1000,8668.51858
-10.0,1000,8672.77345
-10.1,1000,8676.91043
-9.9,1000,8681.078469
-10.4,1000,8685.181993
-10.0,1000,8689.182661
-10.0,1000,8693.105989
-10.0,1000,8697.323505
-10.1,1000,8701.405345
-10.1,1000,8705.600537
-10.3,1000,8709.805402
-10.3,1000,8713.97282
-10.0,1000,8718.034656
-10.1,1000,8722.092689
-10.1,1000,8726.105719
-10.0,1000,8730.317581
-10.3,1000,8734.74119
-10.2,1000,8738.862764
-10.0,1000,8743.142739
-10.0,1000,8747.677765
-10.2,1000,8751.896623
-10.1,1000,8756.186855
-10.1,1000,8760.357865
-10.2,1000,8764.479987
-10.1,1000,8768.929656
-10.0,1000,8772.877115
-10.0,1000,8776.869993
-10.0,1000,8781.19161
-10.1,1000,8785.328399
-10.0,1000,8789.727101
-9.9,1000,8793.793358
-10.1,1000,8797.846584
-10.0,1000,8801.782631
-10.3,1000,8805.589126
-10.0,1000,8809.224305
-10.1,1000,8811.036865
-10.0,1000,8815.549892
-9.9,1000,8819.232659
-10.6,1000,8823.042741
-10.1,1000,8826.929997
-10.1,1000,8831.205566
-10.2,1000,8835.354067
-10.0,1000,8839.814071
-10.1,1000,8844.376336
-10.1,1000,8848.357981
-10.1,1000,8852.748594
-10.1,1000,8857.109236
-10.1,1000,8861.603631
-10.0,1000,8866.053977
-10.3,1000,8870.569398
-10.4,1000,8875.112237
-10.1,1000,8879.710309
-10.1,1000,8884.211324
-10.2,1000,8888.716137
-10.0,1000,8893.079727
-10.4,1000,8897.432869
-10.1,1000,8901.819427
-10.1,1000,8906.097632
-10.0,1000,8910.424754
-10.1,1000,8914.785444
-10.2,1000,8919.347516
-10.1,1000,8923.937221
-10.0,1000,8928.030397
-10.1,1000,8932.515302
-9.9,1000,8936.960585
-10.3,1000,8941.441779
-10.2,1000,8945.87658
-10.0,1000,8950.333998
-9.9,1000,8954.795431
-9.9,1000,8959.350172
-9.9,1000,8963.644304
-10.2,1000,8968.280013
-10.1,1000,8972.591854
-10.2,1000,8976.966167
-10.1,1000,8981.402024
-10.5,1000,8985.460669
-10.0,1000,8989.367289
-10.2,1000,8991.309436
-10.2,1000,8995.583966
-9.9,1000,9000.159238
-10.3,1000,9004.270055
-10.0,1000,9008.591949
-10.1,1000,9013.06023
-10.1,1000,9017.621212
-10.2,1000,9021.959713
-10.4,1000,9026.302091
-10.4,1000,9030.64302
-10.0,1000,9035.129357
-10.1,1000,9039.805427
-10.1,1000,9044.264945
-10.5,1000,9048.625575
-10.2,1000,9052.850652
-10.2,1000,9057.362712
-10.0,1000,9061.611969
-10.2,1000,9065.961373
-10.1,1000,9070.462325
-10.1,1000,9074.901345
-10.1,1000,9079.18695
-10.2,1000,9083.61581
-10.0,1000,9088.342596
-10.4,1000,9092.787045
-10.3,1000,9097.523115
-10.0,1000,9101.972232
-10.1,1000,9106.317974
-10.1,1000,9111.138317
-10.4,1000,9115.765076
-10.2,1000,9120.187427
-10.1,1000,9124.355007
-10.1,1000,9128.650004
-10.9,1000,9132.752978
-9.9,1000,9137.070586
-10.1,1000,9141.290275
-10.0,1000,9145.46594
-10.1,1000,9149.890683
-9.9,1000,9154.264553
-10.3,1000,9158.683033
-10.1,1000,9162.848543
-10.0,1000,9167.123963
-10.2,1000,9171.213772
-10.1,1000,9175.409868
-10.2,1000,9177.419608
-10.2,1000,9181.918544
-10.0,1000,9186.126355
-10.0,1000,9189.853961
-10.1,1000,9194.061722
-10.0,1000,9198.225568
-10.0,1000,9202.368101
-10.1,1000,9206.539528
-10.0,1000,9210.615088
-10.1,1000,9214.932504
-10.0,1000,9219.157727
-10.0,1000,9223.576839
-10.0,1000,9227.786895
-10.1,1000,9232.251705
-10.0,1000,9236.259295
-10.0,1000,9240.449737
-10.0,1000,9244.832314
-10.0,1000,9249.014758
-10.1,1000,9253.332452
-10.0,1000,9257.582655
-10.4,1000,9261.817391
-10.1,1000,9266.063651
-10.2,1000,9270.381391
-10.0,1000,9274.399607
-10.0,1000,9278.623585
-10.2,1000,9282.808123
-9.9,1000,9287.345375
-10.1,1000,9291.542107
-10.0,1000,9295.916946
-10.2,1000,9300.069748
-10.2,1000,9304.254741
-9.9,1000,9308.497232
-10.2,1000,9312.839062
-10.1,1000,9317.142825
-9.9,1000,9321.264229
-10.0,1000,9325.482032
-10.2,1000,9329.642064
-10.2,1000,9333.822333
-9.9,1000,9338.080369
-10.0,1000,9342.46729
-10.4,1000,9346.61962
-10.4,1000,9350.435705
-10.1,1000,9354.437908
-10.3,1000,9356.319397
-10.2,1000,9360.980687
-10.1,1000,9365.021583
-10.2,1000,9369.093587
-10.3,1000,9373.217165
-9.9,1000,9377.423229
-10.1,1000,9381.65156
-10.4,1000,9385.916232
-10.0,1000,9390.028495
-10.1,1000,9394.443936
-10.2,1000,9398.761665
-10.0,1000,9403.205796
-10.0,1000,9407.529466
-10.1,1000,9411.897267
-9.9,1000,9416.130395
-10.1,1000,9420.446738
-10.3,1000,9424.956321
-9.9,1000,9429.111621
-10.2,1000,9433.455206
-9.9,1000,9437.634156
-9.9,1000,9441.808628
-10.2,1000,9445.851395
-10.0,1000,9450.212805
-10.2,1000,9454.687109
-10.0,1000,9458.876433
-10.2,1000,9463.329289
-10.1,1000,9467.605311
-10.2,1000,9471.930522
-10.1,1000,9476.194636
-9.9,1000,9480.611416
-10.1,1000,9484.834045
-10.1,1000,9489.09294
-10.1,1000,9493.290248
-10.5,1000,9497.676974
-10.0,1000,9502.070477
-10.2,1000,9506.486662
-10.5,1000,9510.66953
-10.4,1000,9514.938891
-9.9,1000,9519.251225
-10.2,1000,9523.662876
-10.4,1000,9527.577014
-10.2,1000,9531.508931
-10.1,1000,9533.379458
-10.1,1000,9537.572478
-10.3,1000,9542.603902
-10.0,1000,9546.449421
-10.2,1000,9550.493771
-10.2,1000,9554.748358
-10.2,1000,9559.117821
-10.1,1000,9563.439219
-10.2,1000,9567.490665
-10.1,1000,9571.918967
-10.0,1000,9576.199583
-10.0,1000,9580.321343
-10.0,1000,9584.673344
-10.0,1000,9588.956156
-10.1,1000,9593.192968
-10.1,1000,9597.445618
-10.0,1000,9601.667325
-10.0,1000,9605.973179
-10.1,1000,9610.103896
-10.1,1000,9614.499841
-10.0,1000,9618.773992
-9.9,1000,9623.175939
-10.0,1000,9627.401823
-10.1,1000,9631.81698
-10.0,1000,9636.020094
-10.0,1000,9640.559043
-10.2,1000,9644.708802
-10.3,1000,9648.938684
-9.9,1000,9653.49031
-10.0,1000,9658.058769
-10.1,1000,9662.429421
-10.1,1000,9666.711849
-10.3,1000,9670.744177
-9.9,1000,9675.269395
-9.9,1000,9679.718895
-9.9,1000,9684.014763
-10.1,1000,9688.245794
-10.3,1000,9692.68431
-10.3,1000,9696.885308
-10.1,1000,9701.250234
-10.2,1000,9705.328336
-9.9,1000,9709.523927
-10.0,1000,9713.622663
-10.0,1000,9715.548936
-10.1,1000,9719.785645
-10.0,1000,9723.902713
-9.9,1000,9727.576104
-10.2,1000,9731.884284
-10.0,1000,9736.243069
-9.9,1000,9740.788808
-9.9,1000,9744.980549
-10.3,1000,9749.152119
-10.2,1000,9753.394809
-9.9,1000,9757.755235
-10.3,1000,9761.866924
-10.1,1000,9766.098934
-10.1,1000,9770.605176
-10.0,1000,9774.84439
-10.1,1000,9779.14363
-10.2,1000,9783.322363
-11.1,1000,9787.67987
-10.1,1000,9791.795528
-10.1,1000,9796.178534
-10.5,1000,9800.689842
-10.1,1000,9805.009744
-9.9,1000,9809.140516
-10.4,1000,9813.7935
-10.6,1000,9818.084342
-10.0,1000,9822.301446
-10.1,1000,9826.806921
-10.1,1000,9831.161226
-9.9,1000,9835.501351
-10.0,1000,9839.592237
-9.9,1000,9843.625779
-10.2,1000,9848.069414
-10.2,1000,9852.99237
-10.3,1000,9857.511288
-10.3,1000,9861.881857
-10.3,1000,9866.32087
-10.0,1000,9870.53434
-10.4,1000,9874.82591
-10.1,1000,9879.133997
-10.5,1000,9883.442001
-10.4,1000,9887.793805
-10.0,1000,9891.591233
-10.6,1000,9895.441861
-10.1,1000,9897.341231
-10.0,1000,9902.051072
-10.7,1000,9906.081294
-9.9,1000,9910.045803
-10.1,1000,9914.461331
-10.3,1000,9918.680856
-9.9,1000,9922.870734
-10.2,1000,9927.337647
-10.1,1000,9931.863338
-10.0,1000,9936.059263
-9.9,1000,9940.276747
-10.1,1000,9944.491883
-10.2,1000,9948.830715
-10.2,1000,9953.129812
-10.0,1000,9957.589117
-10.1,1000,9961.956804
-10.0,1000,9966.144977
-10.2,1000,9970.171301
-10.1,1000,9974.476598
-10.0,1000,9979.027681
-10.2,1000,9983.290157
-10.1,1000,9987.434845
-10.3,1000,9991.572103
-10.1,1000,9995.798888
-10.4,1000,10000.03817
-10.1,1000,10003.860845
-10.0,1000,10008.226309
-10.0,1000,10012.51138
-10.0,1000,10017.054099
-10.2,1000,10021.225458
-10.3,1000,10025.859917
-10.1,1000,10030.071624
-10.2,1000,10034.47997
-10.4,1000,10039.11858
-10.0,1000,10043.531496
-10.0,1000,10047.815545
-10.1,1000,10052.071713
-10.8,1000,10056.274565
-10.0,1000,10060.426099
-10.0,1000,10064.745056
-9.9,1000,10068.741879
-10.0,1000,10072.904239
-10.1,1000,10074.960103
-9.9,1000,10079.012234
-10.3,1000,10083.057423
-10.0,1000,10086.973891
-10.1,1000,10091.168392
-10.6,1000,10095.391323
-10.3,1000,10099.72738
-9.9,1000,10104.147667
-10.0,1000,10108.257282
-10.1,1000,10112.535507
-10.2,1000,10116.826321
-10.0,1000,10121.139245
-10.1,1000,10125.354495
-10.2,1000,10129.832782
-10.4,1000,10134.304203
-9.9,1000,10138.654346
-10.1,1000,10143.047905
-10.3,1000,10147.541384
-10.0,1000,10151.899367
-9.9,1000,10156.363023
-10.0,1000,10160.641695
-10.2,1000,10164.931595
-10.0,1000,10169.246123
-10.3,1000,10173.534548
-10.2,1000,10177.72778
-9.9,1000,10181.931633
-10.0,1000,10186.161394
-10.0,1000,10190.442041
-9.9,1000,10194.681698
-10.0,1000,10199.114356
-10.2,1000,10203.417504
-10.2,1000,10207.815174
-10.2,1000,10212.226727
-9.9,1000,10216.597722
-10.3,1000,10220.819262
-10.2,1000,10225.178753
-10.0,1000,10229.355754
-10.0,1000,10233.492676
-10.1,1000,10237.836031
-10.0,1000,10241.924936
-10.1,1000,10246.237203
-10.0,1000,10250.429151
-10.1,1000,10254.364874
-10.1,1000,10256.247669
-9.9,1000,10260.352701
-10.0,1000,10264.587572
-10.2,1000,10268.316448
-10.1,1000,10272.373132
-10.3,1000,10276.542412
-10.1,1000,10280.619613
-10.0,1000,10284.845668
-10.3,1000,10289.12054
-10.1,1000,10293.383511
-10.0,1000,10297.564187
-10.4,1000,10301.716138
-10.1,1000,10306.031006
-10.1,1000,10310.466113
-10.2,1000,10314.830943
-10.4,1000,10319.16213
-10.4,1000,10323.45858
-9.9,1000,10327.669127
-10.2,1000,10331.951863
-10.0,1000,10336.334629
-10.2,1000,10340.543714
-10.1,1000,10344.772282
-10.4,1000,10349.324093
-10.0,1000,10353.636516
-9.9,1000,10357.783394
-10.1,1000,10362.119142
-9.9,1000,10366.740666
-10.2,1000,10371.229815
-10.0,1000,10375.401169
-9.9,1000,10379.672991
-10.3,1000,10383.944237
-10.0,1000,10388.036176
-10.0,1000,10392.240201
-10.1,1000,10396.492375
-10.1,1000,10400.729923
-10.0,1000,10405.016552
-10.1,1000,10409.094881
-10.1,1000,10413.361658
-10.3,1000,10417.537011
-10.2,1000,10421.915581
-10.2,1000,10426.161794
-10.2,1000,10430.23875
-9.9,1000,10434.347984
-9.9,1000,10436.228942
-10.0,1000,10440.554969
-10.0,1000,10444.440836
-10.4,1000,10448.46693
-10.0,1000,10452.753803
-10.2,1000,10457.039738
-10.0,1000,10461.105056
-10.1,1000,10465.414312
-10.2,1000,10469.611642
-10.0,1000,10473.734628
-9.9,1000,10478.208382
-10.1,1000,10482.596617
-9.9,1000,10486.968549
-10.3,1000,10491.20745
-10.2,1000,10495.616001
-9.9,1000,10500.05914
-10.2,1000,10504.248273
-10.1,1000,10508.661901
-10.0,1000,10513.080654
-10.0,1000,10517.267754
-10.3,1000,10521.781708
-10.0,1000,10525.839717
-10.2,1000,10529.963239
-10.4,1000,10534.294995
-10.0,1000,10538.508367
-10.1,1000,10542.720516
-9.9,1000,10546.887043
-10.4,1000,10551.006403
-10.5,1000,10555.12519
-10.1,1000,10559.360403
-10.0,1000,10563.391505
-10.3,1000,10567.737509
-9.9,1000,10571.816474
-10.0,1000,10576.25593
-10.3,1000,10580.490176
-10.0,1000,10584.926047
-9.9,1000,10589.275933
-10.3,1000,10593.590266
-9.9,1000,10597.84052
-10.4,1000,10602.031934
-10.0,1000,10605.989904
-9.9,1000,10609.882536
-9.9,1000,10611.826573
-9.9,1000,10616.051508
-10.1,1000,10620.898026
-10.1,1000,10624.635898
-10.1,1000,10628.786656
-10.3,1000,10633.077345
-10.0,1000,10637.310551
-9.9,1000,10641.449456
-9.9,1000,10645.644223
-10.4,1000,10649.864436
-10.1,1000,10654.11447
-9.9,1000,10658.719184
-9.9,1000,10662.824904
-9.9,1000,10667.035376
-9.9,1000,10671.249943
-9.9,1000,10675.381197
-10.0,1000,10679.719499
-10.1,1000,10683.754525
-10.1,1000,10687.852394
-10.1,1000,10691.957247
-10.1,1000,10696.123158
-10.0,1000,10700.385713
-10.4,1000,10704.695493
-10.1,1000,10709.111541
-9.9,1000,10713.181765
-10.1,1000,10717.213494
-10.1,1000,10721.48167
-10.0,1000,10725.933563
-10.3,1000,10730.409857
-10.3,1000,10734.630427
-10.4,1000,10738.950699
-10.1,1000,10743.087856
-10.1,1000,10747.232843
-10.3,1000,10751.558251
-10.2,1000,10755.720255
-9.9,1000,10760.04881
-9.9,1000,10764.342342
-10.2,1000,10768.576017
-10.0,1000,10772.734744
-10.1,1000,10777.001622
-10.0,1000,10781.122311
-9.9,1000,10785.004359
-9.9,1000,10789.027933
-10.0,1000,10790.911633
-10.0,1000,10795.828676
-9.9,1000,10799.789413
-10.0,1000,10803.789519
-10.3,1000,10808.003215
-10.3,1000,10812.171895
-10.1,1000,10816.557327
-10.2,1000,10820.905527
-10.0,1000,10825.22074
-10.0,1000,10829.485979
-10.2,1000,10833.766057
-10.0,1000,10838.217732
-9.9,1000,10842.397012
-10.0,1000,10846.622556
-10.1,1000,10850.89615
-10.1,1000,10855.25996
-10.1,1000,10859.561332
-10.1,1000,10863.813869
-10.1,1000,10868.157254
-10.1,1000,10872.399014
-9.9,1000,10876.511637
-9.9,1000,10880.792568
-10.3,1000,10885.093757
-10.0,1000,10889.507218
-10.1,1000,10893.597248
-10.1,1000,10897.81006
-10.0,1000,10902.047828
-9.9,1000,10906.302613
-10.1,1000,10910.662266
-10.0,1000,10915.030197
-10.0,1000,10919.242488
-10.1,1000,10923.380715
-10.1,1000,10927.504772
-10.0,1000,10932.060577
-10.0,1000,10936.307826
-10.2,1000,10940.669963
-9.9,1000,10944.660234
-10.3,1000,10948.946541
-9.9,1000,10953.267393
-9.9,1000,10957.454668
-10.0,1000,10961.512376
-10.0,1000,10965.539379
-9.9,1000,10969.508351
-10.2,1000,10971.346274
-9.9,1000,10975.509222
-10.2,1000,10979.52006
-10.1,1000,10983.438713
-10.2,1000,10987.550896
-9.9,1000,10991.743358
-9.9,1000,10996.024655
-10.2,1000,11000.215141
-10.1,1000,11004.578645
-9.9,1000,11008.943979
-10.3,1000,11013.160467
-10.0,1000,11017.336747
-10.1,1000,11021.395121
-10.1,1000,11025.860263
-10.0,1000,11030.126476
-10.3,1000,11034.472082
-10.0,1000,11038.81777
-10.2,1000,11043.361298
-9.9,1000,11047.612903
-10.1,1000,11051.758162
-10.1,1000,11056.066254
-9.9,1000,11060.556442
-10.1,1000,11064.865221
-10.1,1000,11069.265461
-10.4,1000,11073.614727
-10.2,1000,11077.989451
-9.9,1000,11082.188582
-10.3,1000,11086.580696
-10.0,1000,11090.919827
-10.0,1000,11095.430833
-10.1,1000,11099.781202
-10.1,1000,11104.238797
-10.1,1000,11108.509643
-9.9,1000,11113.155316
-10.0,1000,11117.458426
-10.0,1000,11121.643188
-10.2,1000,11125.602381
-10.6,1000,11129.84848
-10.3,1000,11134.247487
-10.1,1000,11138.566019
-10.1,1000,11142.620629
-10.3,1000,11146.729213
-10.0,1000,11148.690384
-10.0,1000,11152.617698
-10.1,1000,11157.038037
-10.0,1000,11160.992599
-10.6,1000,11165.097982
-10.2,1000,11169.215323
-9.9,1000,11173.392304
-10.3,1000,11177.731962
-10.2,1000,11182.146618
-10.5,1000,11186.422677
-10.0,1000,11190.826472
-10.1,1000,11195.177192
-10.0,1000,11199.544672
-10.4,1000,11204.070325
-10.4,1000,11208.236554
-10.4,1000,11212.331877
-10.2,1000,11216.818362
-10.0,1000,11221.299208
-10.0,1000,11225.702827
-10.0,1000,11230.256094
-10.2,1000,11234.681137
-10.1,1000,11238.941808
-9.9,1000,11243.265421
-10.0,1000,11247.649014
-10.1,1000,11251.728038
-9.9,1000,11256.077276
-10.1,1000,11260.268638
-10.0,1000,11264.552036
-10.1,1000,11268.821362
-10.2,1000,11272.930458
-10.2,1000,11277.401993
-10.0,1000,11281.869508
-10.1,1000,11286.109259
-9.9,1000,11290.14708
-10.2,1000,11294.495817
-10.0,1000,11298.750354
-10.0,1000,11303.051831
-10.4,1000,11307.465101
-10.2,1000,11311.571872
-10.1,1000,11315.857042
-10.1,1000,11319.979185
-10.0,1000,11324.096211
-10.1,1000,11328.173193
-10.4,1000,11330.118428
-10.0,1000,11334.379647
-9.9,1000,11338.496286
-9.9,1000,11342.450938
-10.0,1000,11346.670367
-10.5,1000,11350.775767
-10.6,1000,11355.245256
-10.2,1000,11359.406236
-10.0,1000,11363.663952
-9.9,1000,11368.016516
-9.9,1000,11372.488453
-10.2,1000,11376.953154
-10.2,1000,11381.131936
-10.3,1000,11385.295237
-10.2,1000,11389.596721
-10.0,1000,11394.011708
-9.9,1000,11398.255786
-10.1,1000,11402.602183
-10.0,1000,11406.892504
-10.4,1000,11411.240831
-10.0,1000,11415.66559
-10.0,1000,11420.042748
-9.9,1000,11424.143034
-10.3,1000,11428.401101
-10.3,1000,11432.839222
-10.1,1000,11437.102503
-9.9,1000,11441.536434
-9.9,1000,11445.627606
-10.2,1000,11449.806621
-10.3,1000,11454.150939
-10.1,1000,11458.18221
-10.4,1000,11462.682813
-10.2,1000,11466.894034
-10.3,1000,11471.196472
-10.2,1000,11475.64167
-10.0,1000,11479.835414
-9.9,1000,11483.892122
-10.2,1000,11488.141745
-10.0,1000,11492.343961
-10.1,1000,11496.585832
-10.2,1000,11500.644062
-10.4,1000,11504.75096
-10.1,1000,11509.060014
-10.3,1000,11511.095438
-10.4,1000,11515.285102
-10.0,1000,11518.991828
-9.9,1000,11522.689361
-10.1,1000,11526.791986
-10.1,1000,11530.949371
-10.2,1000,11534.96063
-9.9,1000,11539.414284
-10.6,1000,11543.560766
-10.3,1000,11547.859383
-10.1,1000,11552.084579
-10.2,1000,11556.570198
-10.0,1000,11561.029333
-10.0,1000,11565.492534
-10.4,1000,11569.903238
-10.0,1000,11574.080169
-9.9,1000,11578.422319
-10.5,1000,11582.745425
-10.0,1000,11587.204059
-10.1,1000,11591.230479
-9.9,1000,11595.461614
-10.3,1000,11599.799002
-10.0,1000,11604.023866
-10.0,1000,11608.256534
-10.3,1000,11612.516822
-10.0,1000,11616.54183
-10.2,1000,11620.605504
-10.0,1000,11624.834996
-10.1,1000,11629.059407
-10.1,1000,11633.531606
-9.9,1000,11637.726886
-9.9,1000,11642.353041
-10.2,1000,11646.46098
-10.4,1000,11651.033157
-9.9,1000,11656.020146
-10.1,1000,11660.743618
-10.1,1000,11665.067246
-10.6,1000,11669.567291
-10.2,1000,11673.655505
-10.0,1000,11677.805091
-9.9,1000,11681.766601
-10.0,1000,11685.761573
-10.1,1000,11687.619271
-10.1,1000,11691.780054
-10.0,1000,11696.438061
-10.1,1000,11700.497801
-10.2,1000,11704.388237
-9.9,1000,11708.777575
-10.5,1000,11713.1847
-10.2,1000,11717.303331
-10.3,1000,11721.662166
-10.0,1000,11726.013918
-10.0,1000,11730.451986
-10.2,1000,11735.001085
-10.5,1000,11739.058481
-10.4,1000,11743.210226
-10.4,1000,11747.692017
-10.1,1000,11752.109507
-10.2,1000,11756.737671
-9.9,1000,11761.120299
-10.1,1000,11765.558841
-10.3,1000,11769.772623
-10.1,1000,11774.158972
-10.1,1000,11778.596503
-10.1,1000,11782.783102
-10.0,1000,11787.185105
-10.1,1000,11791.595282
-10.1,1000,11795.998724
-10.6,1000,11800.39064
-10.4,1000,11804.645428
-10.3,1000,11808.878101
-10.1,1000,11813.291749
-10.4,1000,11817.753668
-10.5,1000,11822.03043
-10.3,1000,11826.533959
-10.3,1000,11830.839875
-10.0,1000,11835.025585
-10.0,1000,11839.360546
-10.0,1000,11843.605993
-10.3,1000,11847.900031
-10.0,1000,11852.044541
-10.1,1000,11856.347706
-10.1,1000,11860.382246
-10.2,1000,11864.231849
-9.9,1000,11868.073164
-10.0,1000,11870.131344
-10.6,1000,11874.485506
-10.1,1000,11878.452784
-10.2,1000,11882.210211
-9.9,1000,11886.300586
-10.0,1000,11890.376164
-10.0,1000,11894.843497
-10.1,1000,11899.186566
-9.9,1000,11903.787048
-10.0,1000,11908.141272
-10.0,1000,11912.379818
-10.0,1000,11916.6797
-10.1,1000,11921.136699
-10.0,1000,11925.472429
-10.0,1000,11930.166844
-9.9,1000,11934.490523
-9.9,1000,11938.788442
-9.9,1000,11943.353253
-10.0,1000,11947.456255
-10.1,1000,11951.551704
-10.5,1000,11955.614663
-10.1,1000,11959.771662
-9.9,1000,11964.04756
-10.1,1000,11968.284154
-10.3,1000,11972.393331
-9.9,1000,11976.712788
-10.0,1000,11981.222775
-10.3,1000,11985.74945
-10.1,1000,11990.087619
-10.2,1000,11994.35273
-9.9,1000,11998.661025
-10.2,1000,12002.928176
-10.2,1000,12007.40168
-9.9,1000,12011.827529
-10.0,1000,12016.018405
-9.9,1000,12020.293352
-10.0,1000,12024.684888
-10.1,1000,12028.838774
-10.2,1000,12033.255022
-9.9,1000,12037.410888
-9.9,1000,12041.448388
-10.0,1000,12045.562654
-10.0,1000,12049.568592
-10.1,1000,12051.565003
-10.1,1000,12055.687152
-10.0,1000,12059.555824
-10.0,1000,12063.657162
-10.0,1000,12067.832993
-9.9,1000,12072.047968
-10.2,1000,12076.516265
-10.0,1000,12080.923346
-10.2,1000,12085.016704
-10.1,1000,12089.178379
-9.9,1000,12093.619915
-10.1,1000,12098.08601
-9.9,1000,12102.593571
-9.9,1000,12106.84581
-9.9,1000,12111.07269
-10.0,1000,12115.264356
-10.2,1000,12119.770276
-9.9,1000,12124.099727
-10.2,1000,12128.614664
-10.2,1000,12133.055015
-10.4,1000,12137.552161
-10.1,1000,12142.028182
-10.2,1000,12146.566294
-10.2,1000,12150.882703
-10.0,1000,12155.26515
-10.3,1000,12159.750771
-10.0,1000,12164.137694
-10.2,1000,12168.674716
-9.9,1000,12172.853382
-9.9,1000,12177.493783
-10.2,1000,12182.044992
-10.0,1000,12186.466419
-10.0,1000,12190.661337
-9.9,1000,12195.117096
-9.9,1000,12199.281544
-10.0,1000,12203.425538
-10.1,1000,12207.916839
-10.4,1000,12212.13629
-10.0,1000,12216.4403
-9.9,1000,12220.704648
-9.9,1000,12224.793904
-10.1,1000,12228.654067
-10.3,1000,12230.547894
-10.0,1000,12234.598522
-10.0,1000,12239.058079
-10.0,1000,12242.982375
-10.0,1000,12246.999887
-10.1,1000,12251.362146
-10.3,1000,12255.607418
-10.1,1000,12260.100279
-9.9,1000,12264.562948
-10.0,1000,12268.756683
-9.9,1000,12273.232724
-10.3,1000,12277.508084
-10.1,1000,12282.16198
-9.9,1000,12286.483167
-10.2,1000,12290.626712
-9.9,1000,12295.105101
-10.2,1000,12299.304739
-10.3,1000,12303.611983
-10.2,1000,12307.853836
-10.0,1000,12312.061084
-10.3,1000,12316.441926
-10.0,1000,12320.683506
-10.2,1000,12324.893962
-10.1,1000,12329.22548
-9.9,1000,12333.539945
-10.2,1000,12337.756004
-10.2,1000,12341.965246
-10.0,1000,12346.059246
-10.3,1000,12350.280755
-10.3,1000,12354.747534
-9.9,1000,12358.954684
-10.1,1000,12363.251611
-10.4,1000,12367.418518
-10.2,1000,12371.787389
-10.1,1000,12376.269182
-9.9,1000,12380.510662
-10.3,1000,12384.724135
-10.5,1000,12388.75133
-10.3,1000,12392.967982
-10.3,1000,12397.311074
-10.1,1000,12401.418618
-10.1,1000,12405.381366
-10.3,1000,12409.241997
-10.2,1000,12411.120961
-10.4,1000,12415.325312
-10.1,1000,12419.373053
-10.0,1000,12423.191837
-10.0,1000,12427.33871
-10.1,1000,12431.453747
-10.1,1000,12435.864904
-10.2,1000,12440.221929
-10.1,1000,12444.359343
-10.2,1000,12448.575248
-10.2,1000,12452.910239
-9.9,1000,12457.176531
-10.0,1000,12461.505534
-10.0,1000,12465.602753
-10.1,1000,12470.100881
-10.5,1000,12474.561249
-9.9,1000,12478.920952
-10.2,1000,12483.378699
-10.0,1000,12487.609518
-10.1,1000,12491.637477
-9.9,1000,12495.91532
-10.2,1000,12500.271058
-9.9,1000,12504.640539
-10.2,1000,12508.771465
-10.0,1000,12512.887265
-10.2,1000,12517.037937
-10.3,1000,12521.220079
-10.0,1000,12525.523286
-10.2,1000,12529.889036
-10.0,1000,12534.022286
-9.9,1000,12538.264579
-10.0,1000,12542.50194
-10.0,1000,12547.016732
-9.9,1000,12551.454487
-10.2,1000,12555.788041
-9.9,1000,12559.911867
-10.2,1000,12564.154119
-10.1,1000,12568.456181
-10.0,1000,12572.808948
-10.2,1000,12576.921213
-10.0,1000,12581.036656
-10.4,1000,12585.039302
-9.9,1000,12589.083505
-10.3,1000,12591.023899
-10.3,1000,12596.000486
-10.1,1000,12599.886072
-10.6,1000,12604.404799
-10.3,1000,12608.537781
-10.1,1000,12612.810736
-10.0,1000,12617.172238
-9.9,1000,12621.658782
-10.0,1000,12626.181445
-10.1,1000,12630.488179
-10.0,1000,12634.715724
-10.0,1000,12638.969105
-10.2,1000,12643.424371
-10.1,1000,12647.749409
-10.2,1000,12651.969778
-10.0,1000,12656.239372
-10.3,1000,12660.602291
-10.2,1000,12664.892394
-10.3,1000,12669.228982
-10.1,1000,12673.498284
-10.1,1000,12677.786139
-10.1,1000,12681.927462
-10.0,1000,12686.279441
-10.0,1000,12690.583083
-9.9,1000,12694.977032
-10.0,1000,12699.255259
-10.1,1000,12703.439418
-9.9,1000,12707.71425
-10.0,1000,12712.083463
-10.5,1000,12716.192816
-10.1,1000,12720.257113
-10.1,1000,12724.490307
-10.5,1000,12728.492158
-10.1,1000,12732.82675
-10.0,1000,12737.185159
-10.2,1000,12741.377561
-10.0,1000,12745.52867
-10.2,1000,12749.746169
-10.2,1000,12754.009333
-9.9,1000,12758.209048
-10.1,1000,12762.352288
-10.0,1000,12766.103442
-10.1,1000,12767.991121
-10.1,1000,12772.19282
-10.3,1000,12776.139051
-10.0,1000,12780.079719
-10.5,1000,12784.034899
-10.1,1000,12788.236182
-10.2,1000,12792.516606
-10.1,1000,12796.720494
-10.0,1000,12800.816267
-10.2,1000,12805.098739
-10.6,1000,12809.221592
-10.3,1000,12813.579216
-10.0,1000,12817.618357
-10.1,1000,12821.890081
-10.3,1000,12826.131627
-10.0,1000,12830.405757
-9.9,1000,12834.724778
-10.1,1000,12839.006349
-10.1,1000,12843.194134
-9.9,1000,12847.298404
-10.1,1000,12851.800556
-10.1,1000,12855.942315
-10.4,1000,12860.344048
-10.2,1000,12864.662173
-10.1,1000,12869.004197
-10.1,1000,12873.239025
-10.2,1000,12877.563483
-10.0,1000,12881.830538
-10.0,1000,12886.194867
-10.0,1000,12890.404092
-10.3,1000,12894.778282
-9.9,1000,12899.029634
-9.9,1000,12903.26032
-10.3,1000,12907.337576
-10.0,1000,12911.580565
-10.0,1000,12915.606383
-10.2,1000,12919.651877
-10.0,1000,12923.955107
-9.9,1000,12928.319498
-10.2,1000,12932.524931
-10.3,1000,12936.614279
-9.9,1000,12940.614198
-10.4,1000,12944.545669
-10.1,1000,12946.469675
-9.9,1000,12951.073437
-10.4,1000,12955.135264
-10.1,1000,12958.847016
-10.2,1000,12963.042803
-10.1,1000,12967.217945
-10.1,1000,12971.715449
-9.9,1000,12975.941002
-10.2,1000,12980.447509
-10.1,1000,12984.921891
-10.1,1000,12989.069615
-10.0,1000,12993.177981
-10.1,1000,12997.625216
-9.9,1000,13001.737038
-10.2,1000,13005.914674
-10.0,1000,13010.228207
-10.5,1000,13014.514576
-10.4,1000,13018.728659
-10.0,1000,13022.976496
-10.1,1000,13027.228275
-10.0,1000,13031.536963
-10.0,1000,13035.737965
-10.0,1000,13039.990417
-10.1,1000,13044.132473
-10.1,1000,13048.30137
-10.5,1000,13052.442318
-10.3,1000,13056.773188
-9.9,1000,13061.079268
-10.0,1000,13065.611342
-10.1,1000,13069.745363
-10.1,1000,13074.160192
-9.9,1000,13078.429522
-10.0,1000,13082.732948
-10.0,1000,13086.798622
-9.9,1000,13090.867126
-9.9,1000,13095.000035
-10.2,1000,13099.331175
-9.9,1000,13103.586202
-10.5,1000,13107.893663
-10.4,1000,13112.316203
-10.1,1000,13116.320589
-10.3,1000,13120.247101
-9.9,1000,13124.154999
-10.3,1000,13126.118717
-10.0,1000,13131.344319
-10.1,1000,13135.240537
-10.1,1000,13139.221563
-9.9,1000,13143.514494
-10.4,1000,13147.625588
-10.5,1000,13152.004301
-10.1,1000,13156.300027
-10.0,1000,13160.510998
-10.1,1000,13164.46687
-10.6,1000,13168.738923
-9.9,1000,13172.937953
-10.4,1000,13177.256099
-10.4,1000,13181.461456
-9.9,1000,13185.885354
-10.2,1000,13190.370486
-10.2,1000,13194.68192
-9.9,1000,13198.770081
-10.1,1000,13202.990938
-10.1,1000,13207.195895
-10.0,1000,13211.59558
-10.2,1000,13215.861643
-10.0,1000,13220.165978
-10.1,1000,13224.55687
-10.1,1000,13228.842414
-10.0,1000,13233.162675
-10.0,1000,13237.457862
-10.1,1000,13241.858399
-10.0,1000,13245.97476
-10.0,1000,13250.514263
-10.4,1000,13254.62777
-10.1,1000,13258.730952
-10.0,1000,13262.891438
-10.1,1000,13267.133416
-10.2,1000,13271.483567
-10.0,1000,13275.733115
-10.0,1000,13280.07559
-10.3,1000,13284.396835
-10.2,1000,13288.919279
-10.3,1000,13293.193307
-10.8,1000,13297.042876
-10.0,1000,13300.710753
-10.0,1000,13302.601952
-10.5,1000,13306.763257
-10.0,1000,13310.957448
-10.0,1000,13314.908236
-10.3,1000,13318.83155
-10.6,1000,13323.12048
-10.2,1000,13327.399803
-10.1,1000,13331.659042
-10.0,1000,13335.867419
-10.0,1000,13340.115573
-10.0,1000,13344.148351
-10.2,1000,13348.359215
-10.3,1000,13352.725874
-10.1,1000,13357.039572
-10.0,1000,13361.156676
-9.9,1000,13365.458328
-10.4,1000,13369.724301
-10.1,1000,13374.137672
-10.0,1000,13378.524298
-10.0,1000,13382.961753
-10.0,1000,13387.205647
-10.1,1000,13391.354125
-10.3,1000,13395.744761
-10.1,1000,13400.060238
-10.4,1000,13404.451446
-10.1,1000,13408.536737
-10.1,1000,13412.902719
-10.3,1000,13417.214894
-9.9,1000,13421.438277
-10.1,1000,13425.622114
-9.9,1000,13429.883991
-10.0,1000,13434.191907
-9.9,1000,13438.714375
-10.4,1000,13443.133224
-9.9,1000,13447.295013
-10.0,1000,13452.047077
-10.0,1000,13456.894289
-10.0,1000,13461.194635
-10.0,1000,13465.672969
-10.0,1000,13469.775674
-10.1,1000,13474.059445
-10.2,1000,13478.198173
-10.5,1000,13482.399198
-9.9,1000,13484.371732
-10.0,1000,13488.411543
-10.0,1000,13492.420887
-10.2,1000,13496.300421
-10.1,1000,13500.408453
-10.0,1000,13504.578181
-10.1,1000,13508.939584
-10.0,1000,13513.082846
-10.2,1000,13517.267319
-10.0,1000,13521.748713
-10.2,1000,13525.669318
-10.1,1000,13529.937475
-10.0,1000,13534.159256
-10.0,1000,13538.516026
-10.1,1000,13542.964338
-10.0,1000,13547.288039
-10.1,1000,13551.46758
-9.9,1000,13555.695718
-10.1,1000,13559.777951
-10.0,1000,13563.925833
-10.2,1000,13568.238231
-10.0,1000,13572.672658
-10.2,1000,13577.188601
-10.4,1000,13581.434371
-10.0,1000,13585.491607
-10.1,1000,13589.712948
-10.1,1000,13593.859397
-10.0,1000,13598.095083
-9.9,1000,13602.488246
-10.0,1000,13606.780127
-9.9,1000,13611.180682
-10.0,1000,13615.348509
-10.3,1000,13619.870104
-10.2,1000,13624.391451
-10.2,1000,13628.663247
-10.3,1000,13632.811467
-10.2,1000,13637.024528
-10.0,1000,13641.230004
-10.0,1000,13645.389282
-10.0,1000,13649.64194
-10.1,1000,13653.760314
-10.1,1000,13657.828006
-10.3,1000,13661.819886
-10.3,1000,13663.732294
-10.0,1000,13668.543083
-9.9,1000,13672.623495
-9.9,1000,13676.673658
-9.9,1000,13681.016739
-10.1,1000,13685.339022
-10.1,1000,13689.64951
-10.2,1000,13694.006412
-9.9,1000,13698.076239
-10.1,1000,13702.319946
-10.4,1000,13706.635171
-10.7,1000,13710.961783
-10.0,1000,13715.45931
-10.2,1000,13719.774827
-10.3,1000,13723.886713
-10.2,1000,13728.162296
-10.4,1000,13732.49942
-10.0,1000,13736.900917
-10.0,1000,13741.259326
-9.9,1000,13745.558832
-10.0,1000,13749.657273
-10.1,1000,13753.941894
-10.1,1000,13758.226095
-10.1,1000,13762.426706
-10.3,1000,13766.599502
-10.1,1000,13770.63729
-10.0,1000,13775.029714
-10.3,1000,13779.318315
-10.2,1000,13783.920267
-10.0,1000,13788.176887
-10.2,1000,13792.520578
-10.0,1000,13796.902552
-10.0,1000,13801.414636
-10.1,1000,13805.610274
-10.1,1000,13809.920038
-10.1,1000,13814.518885
-9.9,1000,13818.998629
-10.2,1000,13823.34209
-10.2,1000,13827.684469
-9.9,1000,13831.66691
-10.3,1000,13835.632463
-10.0,1000,13839.958268
-10.4,1000,13842.003729
-10.0,1000,13846.078953
-9.9,1000,13850.283808
-9.9,1000,13854.120014
-10.3,1000,13857.933257
-9.9,1000,13862.233346
-9.9,1000,13866.653948
-10.1,1000,13871.207527
-10.0,1000,13875.210638
-10.1,1000,13879.764791
-10.3,1000,13884.239305
-10.3,1000,13888.714386
-10.1,1000,13893.087365
-10.1,1000,13897.394726
-10.1,1000,13901.824769
-10.1,1000,13906.218568
-10.0,1000,13910.349177
-10.1,1000,13914.653816
-10.0,1000,13919.062693
-10.0,1000,13923.428191
-9.9,1000,13927.557636
-10.1,1000,13931.968622
-10.0,1000,13936.17148
-10.1,1000,13940.704281
-10.2,1000,13944.92261
-10.3,1000,13949.231822
-10.0,1000,13953.382987
-9.9,1000,13957.569397
-10.3,1000,13961.831939
-10.1,1000,13965.814391
-10.2,1000,13970.0723
-10.0,1000,13974.228647
-10.4,1000,13978.526558
-10.4,1000,13983.144326
-10.1,1000,13987.429058
-10.1,1000,13991.755072
-9.9,1000,13996.173941
-10.1,1000,14000.687525
-10.3,1000,14004.909886
-10.2,1000,14009.305054
-10.0,1000,14013.330292
-9.9,1000,14017.373296
-9.9,1000,14021.473007
-10.0,1000,14023.382036
-10.3,1000,14027.848529
-10.1,1000,14032.078176
-10.1,1000,14035.816345
-10.1,1000,14039.852505
-10.4,1000,14044.060695
-10.2,1000,14048.1191
-10.3,1000,14052.615776
-10.3,1000,14057.030887
-10.1,1000,14061.460561
-10.0,1000,14065.71315
-10.2,1000,14070.272028
-9.9,1000,14074.621561
-10.2,1000,14078.860307
-10.1,1000,14083.397286
-10.0,1000,14087.849196
-10.0,1000,14092.314605
-9.9,1000,14096.607515
-10.0,1000,14100.994693
-10.0,1000,14105.297864
-10.0,1000,14109.475779
-10.2,1000,14114.005546
-10.0,1000,14118.270173
-9.9,1000,14122.621442
-10.4,1000,14126.95894
-10.1,1000,14131.348563
-10.0,1000,14135.792892
-9.9,1000,14140.071439
-10.0,1000,14144.495702
-10.1,1000,14148.810693
-10.0,1000,14153.156627
-10.0,1000,14157.547051
-9.9,1000,14162.016856
-10.4,1000,14166.178548
-10.1,1000,14170.334178
-10.1,1000,14174.642863
-9.9,1000,14178.924936
-10.4,1000,14183.22641
-10.2,1000,14187.764804
-10.0,1000,14192.099302
-10.1,1000,14196.292547
-9.9,1000,14199.9419
-9.9,1000,14204.228799
-10.1,1000,14206.186656
-10.0,1000,14210.389965
-10.3,1000,14214.562882
-9.9,1000,14218.317121
-10.0,1000,14222.656085
-10.1,1000,14226.904855
-9.9,1000,14231.241913
-10.0,1000,14235.473299
-10.3,1000,14239.746582
-10.3,1000,14243.993168
-10.8,1000,14248.379647
-10.4,1000,14252.423352
-10.1,1000,14256.545899
-10.1,1000,14260.78699
-10.2,1000,14265.035348
-10.1,1000,14269.118414
-10.3,1000,14273.50772
-10.0,1000,14277.942998
-9.9,1000,14282.408222
-10.1,1000,14286.696103
-10.8,1000,14290.994732
-9.9,1000,14295.136081
-10.0,1000,14299.434067
-9.9,1000,14303.589536
-9.9,1000,14307.701101
-9.9,1000,14311.849332
-10.1,1000,14316.251894
-10.1,1000,14320.618395
-9.9,1000,14324.972123
-10.1,1000,14329.188095
-9.9,1000,14333.624084
-10.0,1000,14338.073195
-10.1,1000,14342.488789
-10.2,1000,14346.671926
-9.9,1000,14351.136313
-10.2,1000,14355.451938
-10.1,1000,14359.703551
-9.9,1000,14363.923034
-9.9,1000,14368.316202
-10.1,1000,14372.641564
-10.3,1000,14376.938651
-10.1,1000,14380.859733
-10.4,1000,14382.781562
-10.0,1000,14386.882381
-10.2,1000,14390.91822
-10.6,1000,14395.015785
-10.1,1000,14399.028408
-10.1,1000,14403.350175
-10.1,1000,14407.57626
-10.3,1000,14411.876956
-10.0,1000,14416.254677
-10.2,1000,14420.77992
-10.0,1000,14424.81028
-10.3,1000,14428.996235
-10.0,1000,14433.103193
-10.0,1000,14437.241499
-9.9,1000,14441.574007
-10.1,1000,14445.626027
-10.1,1000,14450.002487
-10.2,1000,14454.097058
-10.3,1000,14458.262548
-10.2,1000,14462.474362
-10.4,1000,14466.787485
-10.0,1000,14470.864812
-10.0,1000,14475.372244
-10.1,1000,14480.38662
-10.0,1000,14484.525924
-10.0,1000,14488.708022
-10.3,1000,14493.17759
-9.9,1000,14497.909319
-10.1,1000,14502.199195
-10.0,1000,14506.719527
-10.2,1000,14511.267043
-10.0,1000,14515.771354
-10.1,1000,14520.11593
-10.2,1000,14524.575817
-10.7,1000,14528.801593
-10.3,1000,14533.115361
-10.1,1000,14537.770435
-10.1,1000,14542.208289
-9.9,1000,14546.429943
-10.0,1000,14550.80065
-9.9,1000,14554.904513
-10.2,1000,14558.785703
-10.1,1000,14562.663296
-9.9,1000,14564.527947
-10.1,1000,14569.004391
-9.9,1000,14573.14264
-10.2,1000,14577.477585
-10.0,1000,14581.584972
-9.9,1000,14585.924747
-10.1,1000,14590.118321
-10.0,1000,14594.472784
-9.9,1000,14599.002012
-10.1,1000,14603.347881
-10.0,1000,14607.914386
-10.2,1000,14612.616815
-10.2,1000,14616.980278
-10.0,1000,14621.378972
-10.1,1000,14625.7398
-10.5,1000,14630.157458
-10.4,1000,14634.257544
-10.3,1000,14638.438423
-10.0,1000,14642.705313
-10.2,1000,14646.999545
-9.9,1000,14651.245559
-10.0,1000,14655.443335
-10.0,1000,14659.849386
-9.9,1000,14664.1195
-10.2,1000,14668.513657
-10.1,1000,14672.960663
-10.0,1000,14677.239224
-10.0,1000,14681.684534
-10.0,1000,14686.051955
-9.9,1000,14690.490387
-9.9,1000,14694.955439
-10.0,1000,14699.450833
-10.0,1000,14703.400742
-10.0,1000,14707.603097
-10.0,1000,14712.013733
-10.3,1000,14716.270326
-10.2,1000,14720.492486
-10.6,1000,14724.76939
-9.9,1000,14729.231384
-10.1,1000,14733.634375
-10.0,1000,14737.768934
-10.2,1000,14741.718157
-10.4,1000,14745.998317
-10.3,1000,14747.991962
-10.2,1000,14752.192457
-10.1,1000,14756.243274
-9.9,1000,14760.424009
-10.2,1000,14764.650481
-10.6,1000,14768.804018
-10.2,1000,14773.339745
-10.0,1000,14777.615021
-10.1,1000,14782.054349
-10.0,1000,14786.334116
-9.9,1000,14790.976643
-10.4,1000,14795.207981
-10.0,1000,14799.277398
-10.2,1000,14803.323174
-10.0,1000,14807.672155
-9.9,1000,14812.431565
-10.2,1000,14816.596562
-10.2,1000,14820.933965
-9.9,1000,14825.128526
-9.9,1000,14829.423639
-9.9,1000,14833.773884
-10.1,1000,14838.078287
-10.0,1000,14842.307398
-10.0,1000,14846.616943
-10.2,1000,14850.727081
-10.5,1000,14854.955405
-10.1,1000,14859.33792
-10.2,1000,14863.537251
-10.2,1000,14867.901969
-10.0,1000,14872.084535
-10.1,1000,14876.601145
-10.1,1000,14880.767874
-10.0,1000,14884.982284
-10.3,1000,14889.026283
-9.9,1000,14893.645762
-10.0,1000,14897.741158
-10.4,1000,14902.176667
-10.1,1000,14906.466414
-10.0,1000,14910.611143
-9.9,1000,14914.657463
-10.0,1000,14918.703671
-10.0,1000,14922.570286
-10.0,1000,14924.574855
-10.0,1000,14928.607603
-9.9,1000,14933.069885
-10.2,1000,14937.338542
-10.0,1000,14941.339582
-10.0,1000,14945.624429
-10.2,1000,14949.856373
-10.2,1000,14954.084114
-10.5,1000,14958.596954
-10.0,1000,14962.85128
-10.0,1000,14967.059604
-10.1,1000,14971.342092
-9.9,1000,14975.615099
-10.0,1000,14979.775932
-10.1,1000,14983.777104
-10.0,1000,14987.944635
-9.9,1000,14992.242501
-10.2,1000,14996.566661
-10.4,1000,15000.886034
-10.0,1000,15005.230777
-9.9,1000,15009.537258
-9.9,1000,15014.019247
-10.1,1000,15018.359535
-9.9,1000,15022.896091
-9.9,1000,15027.422599
-10.1,1000,15031.589993
-9.9,1000,15035.979767
-10.0,1000,15040.180048
-10.1,1000,15044.304465
-10.2,1000,15048.520773
-10.4,1000,15052.738921
-10.0,1000,15057.328717
-10.0,1000,15061.687114
-10.1,1000,15065.978518
-9.9,1000,15070.256561
-10.1,1000,15074.449211
-10.3,1000,15078.789947
-10.1,1000,15083.203162
-10.2,1000,15087.631547
-10.0,1000,15091.817909
-9.9,1000,15096.003184
-10.1,1000,15100.098381
-10.2,1000,15104.17404
-10.4,1000,15106.088897
-10.1,1000,15110.961999
-10.2,1000,15114.934671
-10.0,1000,15118.895475
-10.0,1000,15122.955572
-10.0,1000,15127.269706
-10.4,1000,15131.311592
-9.9,1000,15135.634693
-9.9,1000,15139.921171
-10.0,1000,15144.201326
-10.0,1000,15148.479206
-10.1,1000,15152.840328
-10.0,1000,15157.114243
-10.3,1000,15161.469581
-10.3,1000,15165.53264
-10.2,1000,15169.821065
-10.1,1000,15174.021683
-10.0,1000,15178.249064
-10.0,1000,15182.801817
-10.1,1000,15187.001059
-10.0,1000,15191.163768
-10.0,1000,15195.49514
-10.0,1000,15199.686935
-9.9,1000,15203.978241
-10.2,1000,15208.31838
-10.1,1000,15212.794236
-9.9,1000,15217.109424
-10.3,1000,15221.418815
-10.1,1000,15225.593257
-9.9,1000,15230.202705
-10.4,1000,15234.590281
-10.5,1000,15238.868257
-10.3,1000,15243.019187
-10.0,1000,15247.36954
-10.0,1000,15251.752963
-10.0,1000,15256.579697
-10.0,1000,15260.848071
-9.9,1000,15265.041805
-10.3,1000,15269.38929
-10.0,1000,15274.001305
-10.2,1000,15278.098511
-10.3,1000,15281.923019
-10.1,1000,15285.881141
-10.1,1000,15287.903934
-10.0,1000,15292.470426
-9.9,1000,15296.366498
-10.0,1000,15300.427573
-10.0,1000,15304.708164
-10.4,1000,15308.87738
-10.5,1000,15313.011264
-10.0,1000,15317.162284
-10.0,1000,15321.340733
-10.3,1000,15325.737985
-10.1,1000,15329.930064
-9.9,1000,15334.169483
-10.0,1000,15338.420978
-10.2,1000,15342.701685
-9.9,1000,15346.922613
-10.0,1000,15351.531782
-10.0,1000,15355.862426
-10.1,1000,15360.027124
-10.1,1000,15364.329983
-10.1,1000,15368.861532
-10.2,1000,15373.299309
-10.0,1000,15377.420957
-10.2,1000,15381.660017
-10.2,1000,15385.939489
-10.2,1000,15390.284528
-10.3,1000,15394.413853
-10.4,1000,15398.605088
-10.1,1000,15402.676683
-10.0,1000,15406.902855
-10.1,1000,15411.176933
-10.2,1000,15415.709898
-10.2,1000,15420.093547
-10.0,1000,15424.320795
-10.0,1000,15428.733708
-10.4,1000,15433.190723
-10.0,1000,15437.486336
-10.0,1000,15441.613723
-10.0,1000,15445.723208
-10.0,1000,15449.816755
-10.0,1000,15454.107213
-10.3,1000,15458.103094
-10.3,1000,15462.143296
-10.1,1000,15464.072157
-10.5,1000,15468.404977
-10.1,1000,15472.531306
-10.2,1000,15476.354538
-10.6,1000,15480.318808
-10.3,1000,15484.472595
-9.9,1000,15488.673878
-9.9,1000,15492.982231
-10.1,1000,15497.006301
-9.9,1000,15501.247074
-10.1,1000,15505.299109
-10.0,1000,15509.714241
-10.0,1000,15513.905857
-9.9,1000,15518.293666
-9.9,1000,15522.667739
-9.9,1000,15526.97371
-10.2,1000,15531.218796
-10.0,1000,15535.766926
-10.2,1000,15540.122274
-10.1,1000,15544.406358
-10.1,1000,15548.821289
-10.3,1000,15553.311709
-10.1,1000,15557.529749
-9.9,1000,15561.933625
-10.1,1000,15566.28696
-10.0,1000,15570.442079
-10.1,1000,15574.623111
-10.0,1000,15578.926049
-10.0,1000,15583.218445
-10.0,1000,15587.341258
-10.1,1000,15591.76478
-10.2,1000,15596.033244
-9.9,1000,15600.23285
-10.2,1000,15604.425794
-10.0,1000,15608.541057
-9.9,1000,15612.853385
-9.9,1000,15616.979621
-10.3,1000,15621.250173
-9.9,1000,15625.533984
-10.0,1000,15629.812252
-9.9,1000,15633.941638
-9.9,1000,15637.945335
-10.1,1000,15642.143188
-10.0,1000,15644.118725
-10.0,1000,15648.286802
-10.0,1000,15652.479366
-10.3,1000,15656.311561
-10.4,1000,15660.510998
-10.0,1000,15664.776834
-10.2,1000,15669.166395
-10.0,1000,15673.660775
-9.9,1000,15677.964978
-10.1,1000,15682.216532
-10.3,1000,15686.558659
-9.9,1000,15690.573997
-10.2,1000,15694.954931
-9.9,1000,15699.459804
-9.9,1000,15703.548808
-10.1,1000,15707.741428
-9.9,1000,15712.192135
-10.0,1000,15716.631076
-10.4,1000,15720.947206
-10.4,1000,15725.395671
-10.0,1000,15729.628712
-10.1,1000,15733.916402
-10.1,1000,15738.227951
-10.1,1000,15742.480165
-10.5,1000,15746.79021
-10.1,1000,15751.186741
-10.1,1000,15755.301325
-10.1,1000,15759.696404
-9.9,1000,15763.989491
-9.9,1000,15768.301221
-10.1,1000,15772.573355
-10.2,1000,15776.951671
-10.0,1000,15781.034908
-10.0,1000,15785.402156
-10.0,1000,15789.702325
-10.1,1000,15793.865695
-9.9,1000,15798.245658
-10.2,1000,15802.689678
-9.9,1000,15807.061937
-9.9,1000,15811.254472
-10.2,1000,15815.275515
-9.9,1000,15819.609947
-9.9,1000,15823.781174
-10.0,1000,15825.699531
-10.3,1000,15829.629901
-10.2,1000,15833.655995
-10.0,1000,15837.830126
-10.1,1000,15841.974138
-10.2,1000,15846.1261
-10.4,1000,15850.67636
-10.1,1000,15854.975378
-10.1,1000,15859.306425
-10.0,1000,15863.676888
-9.9,1000,15867.982354
-10.1,1000,15872.186092
-10.0,1000,15876.331342
-10.2,1000,15880.663029
-10.0,1000,15884.70371
-10.2,1000,15889.085708
-10.1,1000,15893.28057
-10.0,1000,15897.531013
-10.0,1000,15901.876892
-10.1,1000,15906.087136
-10.2,1000,15910.264659
-10.1,1000,15914.73617
-10.2,1000,15919.055853
-10.0,1000,15923.430533
-10.2,1000,15927.604687
-10.2,1000,15931.887964
-10.0,1000,15936.252931
-10.0,1000,15940.388999
-10.2,1000,15944.628402
-10.0,1000,15949.065999
-9.9,1000,15953.539377
-10.1,1000,15957.876185
-10.1,1000,15962.011884
-9.9,1000,15966.22349
-10.1,1000,15970.64079
-10.0,1000,15975.201469
-9.9,1000,15979.378736
-10.3,1000,15983.755199
-10.2,1000,15987.97374
-9.9,1000,15992.149561
-9.9,1000,15996.557291
-9.9,1000,16000.620579
-10.1,1000,16002.731077
-10.1,1000,16007.045518
-10.2,1000,16011.471479
-10.0,1000,16015.601333
-10.5,1000,16019.844471
-10.1,1000,16024.009025
-10.0,1000,16028.375041
-10.0,1000,16032.533319
-9.9,1000,16036.822537
-10.1,1000,16041.170556
-10.1,1000,16045.467421
-10.1,1000,16049.641355
-10.0,1000,16053.861028
-10.0,1000,16058.045093
-10.0,1000,16062.411016
-10.1,1000,16066.547767
-10.0,1000,16070.743446
-10.0,1000,16074.890773
-9.9,1000,16079.044938
-9.9,1000,16083.279987
-9.9,1000,16087.653366
-10.1,1000,16092.122648
-10.3,1000,16096.516945
-10.2,1000,16101.104483
-10.7,1000,16105.861368
-10.1,1000,16110.292977
-9.9,1000,16114.380562
-9.9,1000,16118.5539
-10.0,1000,16123.025392
-10.0,1000,16127.385234
-10.3,1000,16131.509482
-10.1,1000,16135.617943
-10.1,1000,16140.008137
-10.0,1000,16144.202698
-10.1,1000,16148.415649
-10.0,1000,16152.671515
-10.0,1000,16156.963727
-10.0,1000,16161.135501
-10.2,1000,16165.421495
-10.0,1000,16169.802727
-10.3,1000,16173.977564
-10.1,1000,16177.964018
-10.2,1000,16182.336215
-9.9,1000,16184.243184
-9.9,1000,16188.816245
-10.0,1000,16192.953269
-10.3,1000,16196.763405
-10.1,1000,16201.125792
-10.2,1000,16205.298783
-10.1,1000,16209.327996
-10.1,1000,16213.515036
-10.1,1000,16217.718396
-10.3,1000,16222.025565
-10.1,1000,16226.301438
-9.9,1000,16230.610203
-10.0,1000,16234.79111
-10.2,1000,16239.086101
-10.3,1000,16243.472185
-10.3,1000,16247.81961
-10.1,1000,16252.101643
-9.9,1000,16256.401192
-10.1,1000,16260.74735
-10.0,1000,16265.269142
-10.0,1000,16269.590266
-10.0,1000,16273.739518
-10.2,1000,16278.142051
-9.9,1000,16282.375752
-10.1,1000,16286.782028
-9.9,1000,16291.128284
-10.1,1000,16295.43581
-10.0,1000,16299.559672
-10.4,1000,16304.009402
-10.1,1000,16308.395505
-10.2,1000,16312.826814
-10.1,1000,16317.31664
-10.1,1000,16321.471212
-10.5,1000,16325.928151
-10.1,1000,16330.523995
-10.1,1000,16334.926136
-10.0,1000,16339.018261
-10.3,1000,16343.196916
-10.0,1000,16347.650163
-10.1,1000,16351.805225
-10.3,1000,16355.917037
-10.0,1000,16359.773903
-10.3,1000,16363.932054
-10.0,1000,16365.850291
-10.3,1000,16370.303039
-9.9,1000,16374.217328
-9.9,1000,16378.402596
-10.0,1000,16382.649059
-10.2,1000,16386.947524
-10.1,1000,16391.194111
-10.2,1000,16395.612072
-9.9,1000,16400.149702
-10.2,1000,16404.149692
-10.0,1000,16408.390297
-10.0,1000,16412.636937
-10.2,1000,16417.041388
-10.2,1000,16421.540645
-10.0,1000,16425.98635
-10.2,1000,16430.278338
-10.0,1000,16434.457578
-10.0,1000,16438.841372
-10.1,1000,16443.323052
-10.1,1000,16447.658068
-9.9,1000,16452.025041
-10.0,1000,16456.510898
-10.1,1000,16461.258573
-10.2,1000,16465.876476
-10.1,1000,16470.294089
-9.9,1000,16474.487705
-10.1,1000,16478.93916
-10.2,1000,16483.110129
-10.0,1000,16487.282331
-10.1,1000,16491.67559
-10.0,1000,16495.873631
-10.0,1000,16500.432024
-10.2,1000,16504.971143
-10.0,1000,16509.269252
-10.4,1000,16513.772357
-10.0,1000,16518.017871
-10.0,1000,16522.125268
-10.0,1000,16526.691182
-10.2,1000,16530.691435
-10.1,1000,16534.921597
-9.9,1000,16539.142417
-10.0,1000,16543.157324
-9.9,1000,16545.171274
-10.1,1000,16549.331426
-10.0,1000,16553.601412
-9.9,1000,16557.833981
-9.9,1000,16561.920284
-10.2,1000,16566.126112
-9.9,1000,16570.512091
-10.2,1000,16574.781718
-10.2,1000,16579.063931
-9.9,1000,16583.158775
-10.2,1000,16587.338361
-10.0,1000,16591.393149
-10.1,1000,16595.346487
-10.2,1000,16599.648794
-9.9,1000,16603.884195
-10.0,1000,16608.13764
-9.9,1000,16612.511841
-10.0,1000,16616.947402
-10.1,1000,16621.254492
-10.5,1000,16625.310358
-10.3,1000,16629.471093
-9.9,1000,16633.662898
-9.9,1000,16638.199715
-10.0,1000,16642.692166
-9.9,1000,16646.854452
-10.0,1000,16651.023177
-10.1,1000,16655.361488
-10.0,1000,16659.926832
-10.0,1000,16664.440911
-10.4,1000,16668.757245
-10.2,1000,16673.138725
-10.4,1000,16677.576459
-9.9,1000,16681.66986
-10.2,1000,16686.11407
-10.1,1000,16690.377949
-10.0,1000,16694.577265
-10.2,1000,16699.005691
-10.2,1000,16703.412601
-10.0,1000,16707.84935
-9.9,1000,16712.010373
-9.9,1000,16716.117307
-10.3,1000,16720.090554
-10.3,1000,16723.933833
-10.0,1000,16725.794893
-10.0,1000,16729.949166
-10.3,1000,16734.167496
-10.0,1000,16738.482125
-10.0,1000,16742.677088
-10.1,1000,16746.876876
-9.9,1000,16750.978949
-10.0,1000,16755.141813
-10.1,1000,16759.360817
-10.0,1000,16763.548744
-9.9,1000,16767.833055
-10.1,1000,16772.26023
-9.9,1000,16776.769113
-10.2,1000,16781.063799
-10.1,1000,16785.491709
-10.4,1000,16789.994289
-9.9,1000,16794.162324
-10.2,1000,16798.614304
-9.9,1000,16802.958811
-10.1,1000,16807.329509
-10.1,1000,16811.832355
-9.9,1000,16815.954204
-10.2,1000,16820.38146
-10.2,1000,16824.822196
-10.0,1000,16829.412323
-10.0,1000,16833.75091
-10.1,1000,16838.064711
-10.1,1000,16842.200408
-10.4,1000,16846.37724
-10.2,1000,16850.510809
-10.1,1000,16855.299775
-9.9,1000,16859.637314
-10.1,1000,16864.04355
-10.0,1000,16868.530681
-10.1,1000,16872.740294
-10.3,1000,16876.933071
-10.1,1000,16881.088257
-10.0,1000,16885.328705
-10.0,1000,16889.789821
-9.9,1000,16894.132753
-10.1,1000,16898.144531
-10.0,1000,16902.100468
-10.0,1000,16906.089418
-10.0,1000,16908.206075
-10.0,1000,16913.004106
-10.0,1000,16916.810677
-10.1,1000,16921.053323
-10.2,1000,16925.187758
-10.1,1000,16929.45016
-10.2,1000,16933.765192
-9.9,1000,16938.114461
-10.0,1000,16942.454383
-10.0,1000,16947.140384
-10.1,1000,16951.541991
-10.0,1000,16955.868178
-10.1,1000,16960.297157
-10.0,1000,16964.763691
-10.0,1000,16969.313331
-10.2,1000,16973.744663
-10.1,1000,16978.060699
-10.0,1000,16982.046855
-10.1,1000,16986.339101
-10.0,1000,16990.587197
-10.0,1000,16994.896472
-10.1,1000,16998.946672
-10.1,1000,17003.206619
-10.0,1000,17007.773342
-10.0,1000,17012.282685
-9.9,1000,17016.307904
-10.0,1000,17020.497003
-10.4,1000,17024.807781
-10.0,1000,17029.092032
-10.0,1000,17033.380502
-10.0,1000,17037.652593
-10.1,1000,17041.941919
-10.5,1000,17046.217401
-10.0,1000,17050.518892
-9.9,1000,17054.947023
-10.0,1000,17059.480881
-9.9,1000,17063.676641
-10.1,1000,17067.895912
-10.1,1000,17071.987005
-10.1,1000,17076.059055
-10.3,1000,17080.155925
-10.2,1000,17083.962434
-10.4,1000,17085.844471
-10.0,1000,17090.14351
-10.4,1000,17094.750168
-9.9,1000,17098.97212
-10.1,1000,17102.914353
-10.0,1000,17107.189582
-10.2,1000,17111.433578
-10.0,1000,17115.77447
-9.9,1000,17120.328324
-10.2,1000,17124.398992
-10.2,1000,17128.458719
-10.2,1000,17132.891063
-10.1,1000,17137.352226
-9.9,1000,17141.541591
-9.9,1000,17146.006095
-10.0,1000,17150.23663
-10.0,1000,17154.561907
-10.4,1000,17159.013328
-10.1,1000,17163.114156
-10.1,1000,17167.407153
-10.0,1000,17171.570615
-10.0,1000,17175.924982
-10.0,1000,17180.219577
-9.9,1000,17184.71612
-10.1,1000,17188.945883
-10.2,1000,17193.134744
-10.1,1000,17197.557742
-10.1,1000,17201.70798
-10.2,1000,17205.664925
-10.1,1000,17209.883844
-10.0,1000,17214.024421
-10.1,1000,17218.229052
-10.1,1000,17222.56774
-10.2,1000,17226.784777
-10.2,1000,17230.914875
-10.0,1000,17235.123871
-10.4,1000,17239.188485
-10.1,1000,17243.375152
-10.4,1000,17247.564413
-10.1,1000,17251.757369
-10.1,1000,17255.804223
-10.2,1000,17259.77014
-10.0,1000,17263.781407
-10.1,1000,17265.641559
-9.9,1000,17269.900592
-10.7,1000,17273.682272
-10.3,1000,17277.634309
-10.0,1000,17281.715693
-10.0,1000,17285.963102
-10.0,1000,17290.071055
-10.1,1000,17294.288748
-10.4,1000,17298.443574
-9.9,1000,17302.618958
-9.9,1000,17306.872092
-10.1,1000,17311.008103
-10.2,1000,17315.490248
-9.9,1000,17319.811333
-10.0,1000,17324.224118
-9.9,1000,17328.593896
-10.2,1000,17332.575567
-10.0,1000,17336.723302
-10.0,1000,17341.074883
-10.4,1000,17345.347131
-10.2,1000,17349.575994
-9.9,1000,17353.719005
-10.1,1000,17358.153253
-9.9,1000,17362.12271
-10.1,1000,17366.514591
-10.1,1000,17370.740381
-10.1,1000,17374.764113
-10.2,1000,17379.051901
-9.9,1000,17383.160339
-10.2,1000,17387.289679
-9.9,1000,17391.722038
-9.9,1000,17396.005025
-10.3,1000,17400.376443
-10.4,1000,17404.610147
-9.9,1000,17408.903314
-10.1,1000,17413.058069
-10.0,1000,17417.286765
-10.2,1000,17421.647652
-10.2,1000,17425.967577
-10.1,1000,17430.03024
-10.0,1000,17434.051471
-10.0,1000,17437.845819
-10.0,1000,17441.824153
-10.4,1000,17443.705637
-10.0,1000,17447.97218
-10.3,1000,17452.147524
-10.0,1000,17456.045793
-9.9,1000,17460.165224
-10.2,1000,17464.232795
-10.2,1000,17468.566988
-10.1,1000,17473.02162
-10.1,1000,17477.450517
-10.0,1000,17481.879592
-10.2,1000,17486.231596
-9.9,1000,17490.496207
-10.2,1000,17494.61509
-10.4,1000,17498.697186
-10.1,1000,17502.686176
-10.1,1000,17507.036921
-10.1,1000,17511.509343
-10.0,1000,17515.812443
-10.1,1000,17520.287439
-9.9,1000,17524.445544
-9.9,1000,17528.537442
-10.3,1000,17532.791234
-9.9,1000,17536.910568
-10.1,1000,17541.106718
-10.0,1000,17545.118292
-9.9,1000,17549.317785
-10.2,1000,17553.436873
-10.0,1000,17557.636455
-10.0,1000,17561.932082
-10.2,1000,17565.944789
-9.9,1000,17570.09166
-10.1,1000,17574.43232
-10.0,1000,17578.572792
-10.0,1000,17582.962685
-10.2,1000,17587.370986
-10.1,1000,17591.69211
-10.1,1000,17596.083135
-9.9,1000,17600.436667
-9.9,1000,17604.634528
-10.0,1000,17608.893689
-10.0,1000,17613.161069
-10.0,1000,17616.959899
-10.1,1000,17618.841121
-9.9,1000,17622.967067
-10.2,1000,17627.494656
-10.0,1000,17631.460823
-9.9,1000,17635.696796
-10.0,1000,17639.84683
-10.3,1000,17644.265662
-10.3,1000,17648.347862
-10.1,1000,17652.780529
-10.0,1000,17657.058268
-10.0,1000,17661.631417
-9.9,1000,17665.872968
-10.0,1000,17670.20601
-10.0,1000,17674.518599
-10.0,1000,17679.007671
-10.0,1000,17683.212306
-10.4,1000,17687.451644
-10.8,1000,17691.808095
-10.1,1000,17696.078038
-10.0,1000,17700.28942
-10.1,1000,17704.829003
-9.9,1000,17709.284608
-9.9,1000,17713.931378
-9.9,1000,17718.449743
-10.0,1000,17722.803337
-10.1,1000,17727.084058
-10.2,1000,17731.409505
-10.0,1000,17735.531189
-9.9,1000,17739.87881
-9.9,1000,17744.07384
-9.9,1000,17748.588864
-10.1,1000,17752.9711
-10.0,1000,17757.30844
-10.4,1000,17761.757848
-10.1,1000,17765.963592
-10.1,1000,17770.41866
-10.0,1000,17774.942302
-9.9,1000,17779.318446
-9.9,1000,17783.657442
-10.2,1000,17787.948174
-9.9,1000,17792.032303
-10.0,1000,17796.061136
-10.1,1000,17800.036602
-10.3,1000,17801.941776
-10.1,1000,17806.738544
-10.1,1000,17810.529296
-10.1,1000,17814.376745
-9.9,1000,17818.503101
-10.3,1000,17822.685173
-10.3,1000,17827.062953
-9.9,1000,17831.350904
-10.1,1000,17835.798563
-10.1,1000,17840.187227
-10.1,1000,17844.442829
-10.2,1000,17848.847537
-10.1,1000,17853.1374
-10.4,1000,17857.372412
-10.0,1000,17861.825791
-10.0,1000,17866.3473
-10.1,1000,17870.513119
-10.0,1000,17874.821004
-10.0,1000,17879.190831
-10.0,1000,17883.628083
-10.3,1000,17887.970087
-10.2,1000,17892.117784
-10.0,1000,17896.405864
-10.0,1000,17900.912937
-10.4,1000,17904.982988
-10.1,1000,17909.116923
-10.1,1000,17913.338208
-9.9,1000,17917.640109
-10.0,1000,17921.987476
-9.9,1000,17926.160355
-10.0,1000,17930.677515
-10.0,1000,17934.739347
-10.0,1000,17938.995894
-10.3,1000,17943.308843
-10.2,1000,17947.680877
-10.1,1000,17952.179454
-9.9,1000,17956.33487
-10.1,1000,17960.631877
-10.1,1000,17964.913889
-10.0,1000,17969.227097
-10.0,1000,17973.437364
-10.2,1000,17977.326322
-10.0,1000,17981.627345
-10.2,1000,17983.662537
-10.0,1000,17988.029114
-10.0,1000,17992.204778
-10.0,1000,17996.476579
-9.9,1000,18000.691204
-9.9,1000,18005.109321
-9.9,1000,18009.476135
-9.9,1000,18013.932044
-10.0,1000,18018.349014
-10.1,1000,18022.623213
-10.4,1000,18027.012735
-10.1,1000,18031.244768
-10.1,1000,18035.640854
-9.9,1000,18039.977566
-10.0,1000,18044.276887
-9.9,1000,18048.554303
-10.1,1000,18053.011343
-10.2,1000,18057.415306
-10.2,1000,18061.849148
-10.0,1000,18066.239879
-10.0,1000,18070.630935
-9.9,1000,18074.955487
-10.0,1000,18079.405854
-10.2,1000,18083.881006
-9.9,1000,18088.130339
-10.0,1000,18092.481424
-10.0,1000,18096.79113
-10.1,1000,18101.071579
-10.1,1000,18105.434956
-10.0,1000,18109.779199
-10.3,1000,18114.062948
-10.0,1000,18118.183752
-10.0,1000,18122.510493
-9.9,1000,18126.775554
-9.9,1000,18131.272201
-9.9,1000,18135.611027
-9.9,1000,18139.76429
-9.9,1000,18144.001134
-10.2,1000,18148.248264
-10.4,1000,18152.688122
-9.9,1000,18156.641803
-10.1,1000,18160.651057
-10.1,1000,18162.491131
-9.9,1000,18166.587683
-10.2,1000,18170.718123
-10.0,1000,18174.43589
-9.9,1000,18178.277571
-9.9,1000,18182.515248
-10.0,1000,18186.734823
-10.1,1000,18191.157296
-10.4,1000,18195.343795
-9.9,1000,18199.528427
-10.0,1000,18203.804227
-10.2,1000,18207.877898
-10.2,1000,18212.068054
-10.0,1000,18216.327974
-10.1,1000,18220.496373
-10.3,1000,18224.779976
-10.1,1000,18229.270809
-10.0,1000,18233.48008
-10.1,1000,18237.622012
-10.1,1000,18241.759452
-10.0,1000,18246.162084
-10.1,1000,18250.376387
-10.0,1000,18254.70785
-10.2,1000,18258.989065
-10.1,1000,18263.218962
-10.0,1000,18267.713457
-10.3,1000,18271.899966
-10.4,1000,18276.165287
-10.4,1000,18280.801919
-10.0,1000,18284.85405
-10.0,1000,18289.147117
-10.0,1000,18293.451505
-10.0,1000,18297.574879
-10.1,1000,18302.08207
-10.1,1000,18306.204435
-10.0,1000,18310.512599
-10.3,1000,18314.629307
-10.0,1000,18318.845998
-10.4,1000,18322.940529
-10.2,1000,18327.329977
-10.1,1000,18331.566815
-10.1,1000,18335.632845
-10.2,1000,18339.267277
-10.0,1000,18341.356997
-10.0,1000,18345.649964
-9.9,1000,18349.570267
-10.1,1000,18353.345968
-10.1,1000,18357.605572
-9.9,1000,18362.044207
-10.1,1000,18366.348216
-10.1,1000,18370.777495
-10.0,1000,18375.039345
-10.1,1000,18379.342251
-10.1,1000,18383.663837
-10.5,1000,18387.956159
-10.2,1000,18392.535394
-9.9,1000,18396.877785
-10.0,1000,18401.134608
-10.2,1000,18405.335428
-9.9,1000,18409.766209
-10.2,1000,18413.908675
-10.3,1000,18418.217224
-10.1,1000,18422.658508
-9.9,1000,18426.856977
-10.1,1000,18431.019315
-10.3,1000,18435.259856
-10.2,1000,18439.456342
-10.1,1000,18443.767304
-10.0,1000,18448.257396
-10.2,1000,18452.572586
-9.9,1000,18456.877733
-10.0,1000,18461.040594
-10.2,1000,18465.123751
-10.1,1000,18469.396843
-10.1,1000,18473.476059
-10.1,1000,18477.874719
-10.5,1000,18482.037522
-10.1,1000,18486.461807
-10.0,1000,18490.817406
-10.2,1000,18495.166052
-10.0,1000,18499.374641
-10.1,1000,18503.642636
-10.0,1000,18507.861066
-10.2,1000,18511.917163
-9.9,1000,18515.809434
-10.2,1000,18519.57221
-10.1,1000,18521.41493
-10.0,1000,18526.713164
-10.2,1000,18530.698964
-10.1,1000,18534.616169
-10.1,1000,18538.68069
-10.0,1000,18543.092126
-10.1,1000,18547.382369
-10.1,1000,18551.64206
-10.1,1000,18555.781292
-10.1,1000,18560.105299
-10.0,1000,18564.504674
-10.0,1000,18568.883572
-9.9,1000,18573.501878
-10.0,1000,18577.668252
-10.1,1000,18581.963818
-10.4,1000,18586.351532
-10.2,1000,18590.599988
-10.1,1000,18594.829069
-10.1,1000,18599.297298
-10.0,1000,18603.682865
-10.1,1000,18608.026264
-10.0,1000,18612.271137
-10.0,1000,18616.73052
-10.1,1000,18621.11155
-10.0,1000,18625.167053
-10.2,1000,18629.39335
-10.1,1000,18633.783423
-10.0,1000,18638.15844
-10.3,1000,18642.386982
-10.1,1000,18647.035761
-10.2,1000,18651.291914
-10.2,1000,18655.555719
-10.4,1000,18659.873797
-10.0,1000,18664.311529
-9.9,1000,18668.416494
-10.1,1000,18672.6737
-10.4,1000,18677.134419
-10.1,1000,18681.334398
-10.0,1000,18685.68702
-10.2,1000,18690.056358
-9.9,1000,18694.18763
-9.9,1000,18698.268678
-10.2,1000,18700.313549
-9.9,1000,18704.435124
-10.1,1000,18708.650466
-9.9,1000,18712.560392
-10.0,1000,18716.677989
-9.9,1000,18720.862115
-10.4,1000,18725.285638
-9.9,1000,18729.716918
-9.9,1000,18733.92139
-10.3,1000,18738.262009
-10.5,1000,18742.970884
-10.2,1000,18747.463173
-10.2,1000,18751.500711
-10.1,1000,18755.837706
-10.1,1000,18760.113472
-10.0,1000,18764.363367
-9.9,1000,18768.662457
-10.0,1000,18772.847516
-10.0,1000,18777.242702
-10.0,1000,18781.670261
-10.1,1000,18786.130901
-10.0,1000,18790.548207
-9.9,1000,18794.82099
-10.2,1000,18799.204693
-10.1,1000,18803.428127
-10.1,1000,18807.451512
-10.2,1000,18811.798544
-10.3,1000,18815.94321
-10.0,1000,18820.265856
-10.1,1000,18824.421013
-10.1,1000,18828.512623
-10.2,1000,18832.854424
-9.9,1000,18836.911492
-10.1,1000,18841.112424
-9.9,1000,18845.414111
-10.0,1000,18849.723062
-9.9,1000,18854.609613
-10.0,1000,18859.523119
-10.1,1000,18863.792277
-10.2,1000,18868.307811
-10.0,1000,18872.501755
-10.1,1000,18876.408951
-10.7,1000,18880.535735
-10.2,1000,18882.375687
-9.9,1000,18887.094991
-10.0,1000,18891.067693
-10.2,1000,18895.100724
-10.1,1000,18899.529152
-10.1,1000,18903.723607
-10.1,1000,18907.981519
-10.2,1000,18912.448601
-10.2,1000,18916.530636
-10.6,1000,18920.87391
-10.2,1000,18925.069615
-10.1,1000,18929.370404
-10.3,1000,18933.791605
-9.9,1000,18938.140546
-10.0,1000,18942.37574
-10.1,1000,18946.795785
-10.3,1000,18951.17285
-9.9,1000,18955.225657
-10.0,1000,18959.83177
-9.9,1000,18963.9595
-9.9,1000,18968.172307
-10.1,1000,18972.31248
-10.2,1000,18976.531009
-10.1,1000,18981.16599
-9.9,1000,18985.737943
-9.9,1000,18990.137454
-9.9,1000,18994.462946
-9.9,1000,18998.891097
-9.9,1000,19003.133389
-10.0,1000,19007.425029
-10.0,1000,19011.75143
-10.0,1000,19016.285115
-10.0,1000,19020.761951
-9.9,1000,19025.392435
-10.2,1000,19029.677305
-10.0,1000,19034.202495
-10.1,1000,19038.41423
-10.0,1000,19043.012685
-10.1,1000,19047.347057
-10.3,1000,19051.802274
-9.9,1000,19055.864724
-10.2,1000,19060.032816
-10.0,1000,19063.987347
-10.3,1000,19065.924571
-9.9,1000,19070.645907
-10.0,1000,19074.654326
-10.0,1000,19078.699014
-10.0,1000,19082.833599
-10.0,1000,19086.877926
-10.4,1000,19091.174485
-10.1,1000,19095.545551
-9.9,1000,19099.689127
-10.0,1000,19103.979102
-9.9,1000,19108.552233
-10.0,1000,19112.610622
-10.1,1000,19116.845005
-10.2,1000,19120.946291
-10.1,1000,19125.09014
-10.1,1000,19129.295668
-10.3,1000,19133.242004
-9.9,1000,19137.623511
-10.2,1000,19141.665688
-9.9,1000,19145.789966
-9.9,1000,19149.98848
-9.9,1000,19154.154874
-9.9,1000,19158.303596
-10.0,1000,19162.569749
-9.9,1000,19166.721478
-9.9,1000,19171.350129
-9.9,1000,19175.565317
-10.2,1000,19179.605735
-10.2,1000,19183.624419
-10.3,1000,19187.827817
-10.1,1000,19191.920203
-10.3,1000,19196.376849
-10.0,1000,19200.591404
-10.1,1000,19204.890463
-10.0,1000,19209.051402
-10.0,1000,19213.199423
-10.3,1000,19217.303495
-10.3,1000,19221.756643
-9.9,1000,19226.013381
-9.9,1000,19230.174615
-10.0,1000,19234.116798
-10.2,1000,19238.04685
-10.2,1000,19239.911352
-10.0,1000,19243.800849
-10.2,1000,19247.988601
-10.2,1000,19251.940436
-9.9,1000,19255.980989
-10.2,1000,19260.345796
-10.4,1000,19264.486511
-10.0,1000,19268.919035
-9.9,1000,19273.347693
-10.0,1000,19277.52632
-10.0,1000,19281.676648
-10.2,1000,19286.021077
-10.0,1000,19290.300677
-10.0,1000,19294.808836
-10.3,1000,19299.053329
-9.9,1000,19303.102349
-10.0,1000,19307.251131
-10.1,1000,19311.438203
-10.0,1000,19315.791065
-10.2,1000,19319.973563
-10.0,1000,19324.155263
-10.3,1000,19328.544487
-10.0,1000,19332.941342
-10.1,1000,19337.327696
-10.0,1000,19341.576232
-10.1,1000,19345.844302
-10.1,1000,19350.133481
-9.9,1000,19354.487843
-10.3,1000,19358.818976
-10.1,1000,19363.015886
-10.0,1000,19367.561892
-9.9,1000,19371.979208
-10.1,1000,19376.362345
-10.3,1000,19380.771602
-10.0,1000,19385.130394
-10.0,1000,19389.382017
-10.2,1000,19394.073819
-10.0,1000,19398.50025
-10.2,1000,19403.037529
-10.2,1000,19407.053272
-10.1,1000,19411.448783
-10.0,1000,19415.6999
-10.0,1000,19419.584202
-10.2,1000,19421.595435
-9.9,1000,19425.975333
-10.3,1000,19430.08537
-10.1,1000,19434.168097
-10.3,1000,19438.336922
-10.0,1000,19442.631442
-9.9,1000,19447.057793
-10.1,1000,19451.459721
-10.0,1000,19455.720873
-10.0,1000,19459.884615
-10.1,1000,19464.44338
-10.1,1000,19468.447331
-10.0,1000,19472.880003
-10.0,1000,19477.60317
-10.0,1000,19482.047027
-9.9,1000,19486.38027
-10.3,1000,19490.849278
-9.9,1000,19495.10885
-10.4,1000,19499.558639
-10.1,1000,19503.894172
-10.2,1000,19508.030472
-10.0,1000,19512.239285
-10.0,1000,19516.748463
-9.9,1000,19521.278633
-10.1,1000,19525.599818
-10.0,1000,19530.03835
-10.0,1000,19534.578928
-10.2,1000,19538.961057
-9.9,1000,19543.279559
-10.0,1000,19547.753087
-10.0,1000,19552.093832
-10.1,1000,19556.638606
-10.0,1000,19561.146124
-10.0,1000,19565.486275
-10.1,1000,19569.773973
-9.9,1000,19574.357293
-10.0,1000,19578.965833
-10.0,1000,19583.325009
-9.9,1000,19587.794072
-10.1,1000,19591.919263
-10.0,1000,19596.044773
-10.1,1000,19600.26305
-10.1,1000,19604.656762
-9.9,1000,19606.532806
-10.1,1000,19611.515423
-10.3,1000,19615.637252
-9.9,1000,19619.787448
-10.2,1000,19623.888317
-10.0,1000,19628.084407
-10.1,1000,19632.459115
-10.2,1000,19636.803359
-10.1,1000,19640.926189
-10.1,1000,19645.162304
-9.9,1000,19649.56073
-10.1,1000,19654.04428
-9.9,1000,19658.408624
-10.3,1000,19662.683729
-10.1,1000,19667.098848
-10.1,1000,19671.275927
-10.0,1000,19675.489516
-10.3,1000,19679.699411
-9.9,1000,19683.886293
-10.0,1000,19688.152752
-10.1,1000,19692.502416
-10.0,1000,19696.846463
-10.5,1000,19701.042954
-10.0,1000,19705.397198
-10.1,1000,19709.635045
-10.0,1000,19713.691441
-10.0,1000,19718.135332
-10.1,1000,19722.406663
-9.9,1000,19726.623254
-10.1,1000,19731.004546
-10.2,1000,19735.415048
-10.1,1000,19739.736634
-10.2,1000,19744.067729
-10.1,1000,19748.495201
-10.2,1000,19752.464071
-9.9,1000,19756.585728
-10.0,1000,19760.864612
-10.4,1000,19765.102778
-10.0,1000,19769.281817
-10.2,1000,19773.34152
-10.2,1000,19777.464263
-10.1,1000,19781.625391
-10.1,1000,19783.597934
-10.3,1000,19787.695834
-10.4,1000,19792.602191
-10.1,1000,19796.464959
-10.1,1000,19800.412654
-10.3,1000,19804.832243
-10.0,1000,19809.305888
-10.0,1000,19813.650444
-9.9,1000,19817.876993
-10.0,1000,19822.404511
-9.9,1000,19826.897365
-10.0,1000,19831.174315
-10.2,1000,19835.592267
-10.0,1000,19839.814665
-10.1,1000,19844.11534
-10.0,1000,19848.463215
-10.2,1000,19852.916165
-10.0,1000,19857.365847
-9.9,1000,19861.695328
-10.0,1000,19866.105431
-10.2,1000,19870.385504
-9.9,1000,19874.458759
-9.9,1000,19878.649118
-10.1,1000,19883.111094
-10.2,1000,19887.60442
-10.4,1000,19892.130136
-10.0,1000,19896.248926
-10.1,1000,19900.591927
-10.0,1000,19905.073966
-10.3,1000,19909.198577
-10.0,1000,19913.410768
-10.1,1000,19917.72382
-10.2,1000,19921.772011
-10.2,1000,19925.99555
-10.2,1000,19930.261089
-10.1,1000,19934.30765
-10.1,1000,19938.780684
-10.0,1000,19943.149793
-10.2,1000,19947.340669
-10.0,1000,19951.585449
-9.9,1000,19955.7662
-10.2,1000,19960.008363
-10.3,1000,19963.912377
-9.9,1000,19965.805419
-10.2,1000,19969.82449
-10.2,1000,19973.928267
-10.1,1000,19977.857968
-10.3,1000,19981.901922
-10.2,1000,19986.110564
-10.1,1000,19990.219139
-10.0,1000,19994.483854
-10.1,1000,19998.790522
-9.9,1000,20003.047676
-9.9,1000,20007.402898
-10.0,1000,20011.662546
-10.3,1000,20015.712059
-10.4,1000,20019.990006
-10.1,1000,20024.022184
-9.9,1000,20028.339903
-10.1,1000,20032.781806
-10.0,1000,20037.045814
-9.9,1000,20041.284997
-10.3,1000,20045.608517
-10.1,1000,20050.295028
-10.0,1000,20054.651896
-10.1,1000,20059.140142
-10.0,1000,20063.450098
-10.0,1000,20067.792866
-10.0,1000,20072.000461
-10.0,1000,20076.167272
-10.2,1000,20080.609418
-10.1,1000,20084.962887
-10.0,1000,20089.181513
-10.1,1000,20093.603346
-10.2,1000,20098.021682
-10.0,1000,20102.222471
-10.0,1000,20106.295891
-10.2,1000,20110.688031
-10.2,1000,20115.138835
-10.0,1000,20119.394516
-9.9,1000,20123.634387
-9.9,1000,20127.885914
-10.0,1000,20132.164073
-10.2,1000,20136.459474
-10.3,1000,20140.437693
-10.4,1000,20144.304179
-9.9,1000,20146.258705
-10.0,1000,20150.441775
-10.0,1000,20154.335793
-10.1,1000,20158.167802
-10.1,1000,20162.343791
-9.9,1000,20166.547273
-10.1,1000,20170.937386
-10.2,1000,20175.158286
-10.2,1000,20179.478065
-10.0,1000,20183.932507
-10.0,1000,20188.219337
-10.3,1000,20192.459703
-10.0,1000,20196.508538
-10.2,1000,20200.931647
-10.0,1000,20205.194728
-10.2,1000,20209.662184
-10.2,1000,20214.047906
-10.6,1000,20218.156128
-9.9,1000,20222.464928
-10.1,1000,20226.426162
-10.2,1000,20230.719244
-10.0,1000,20234.909099
-10.0,1000,20239.297175
-10.2,1000,20243.467972
-10.4,1000,20247.935561
-10.1,1000,20251.966844
-10.2,1000,20256.222596
-10.1,1000,20260.541396
-9.9,1000,20264.875811
-9.9,1000,20269.064562
-10.3,1000,20273.432507
-9.9,1000,20277.609231
-10.2,1000,20281.903758
-10.2,1000,20286.065275
-10.5,1000,20290.279631
-10.0,1000,20294.658402
-10.1,1000,20299.122062
-10.2,1000,20303.423006
-9.9,1000,20307.71124
-10.3,1000,20311.901749
-10.1,1000,20316.014194
-10.3,1000,20320.097152
-10.0,1000,20322.088573
-10.0,1000,20326.209466
-10.0,1000,20330.715463
-10.0,1000,20334.477242
-10.2,1000,20338.676545
-10.3,1000,20343.004394
-10.2,1000,20347.237181
-9.9,1000,20351.417401
-10.2,1000,20355.809171
-10.0,1000,20360.056471
-10.2,1000,20364.212738
-10.0,1000,20368.197968
-10.0,1000,20372.627459
-10.1,1000,20376.829391
-9.9,1000,20381.156236
-10.0,1000,20385.398537
-10.1,1000,20389.906861
-10.5,1000,20394.014735
-10.1,1000,20398.260395
-9.9,1000,20402.376027
-10.0,1000,20406.693146
-9.9,1000,20410.91127
-10.2,1000,20415.118582
-9.9,1000,20419.30677
-9.9,1000,20423.372179
-9.9,1000,20427.454352
-10.3,1000,20431.893519
-10.0,1000,20436.200919
-10.2,1000,20440.363549
-10.0,1000,20444.633644
-10.0,1000,20448.685142
-10.0,1000,20452.821359
-10.0,1000,20457.027738
-10.1,1000,20461.35338
-10.1,1000,20465.719026
-10.0,1000,20470.275204
-9.9,1000,20474.421884
-10.0,1000,20478.574035
-10.0,1000,20483.01025
-9.9,1000,20487.221214
-10.1,1000,20491.315618
-10.0,1000,20495.339955
-9.9,1000,20499.421453
-9.9,1000,20501.408013
-10.0,1000,20506.150825
-10.2,1000,20510.162994
-10.4,1000,20514.06747
-10.2,1000,20518.36607
-10.2,1000,20522.690336
-10.2,1000,20526.979716
-10.1,1000,20531.220766
-10.3,1000,20535.564497
-10.0,1000,20540.009492
-9.9,1000,20544.415169
-10.0,1000,20548.740357
-10.0,1000,20553.008396
-9.9,1000,20557.164539
-10.3,1000,20561.491657
-10.3,1000,20565.850238
-10.0,1000,20569.984248
-10.0,1000,20574.185699
-10.0,1000,20578.726493
-10.0,1000,20582.982772
-10.2,1000,20587.274712
-10.1,1000,20591.813292
-10.0,1000,20596.193049
-10.2,1000,20600.459965
-10.0,1000,20605.029033
-10.1,1000,20609.223312
-10.2,1000,20613.516748
-9.9,1000,20617.789984
-10.1,1000,20622.084622
-10.3,1000,20626.265087
-10.1,1000,20630.703262
-10.1,1000,20634.923315
-10.1,1000,20639.130813
-9.9,1000,20643.428305
-10.0,1000,20647.724639
-10.0,1000,20652.35505
-10.0,1000,20657.324122
-10.2,1000,20661.527361
-10.1,1000,20665.745038
-10.0,1000,20669.977274
-10.0,1000,20673.877226
-10.0,1000,20677.624789
-10.0,1000,20681.680448
-10.0,1000,20683.564191
-10.0,1000,20687.928704
-10.2,1000,20691.776694
-10.2,1000,20695.743994
-9.9,1000,20699.8607
-10.1,1000,20704.243181
-10.2,1000,20708.505722
-10.0,1000,20712.71324
-10.1,1000,20717.062344
-10.1,1000,20721.367433
-9.9,1000,20725.720013
-10.3,1000,20730.030068
-10.0,1000,20734.30993
-10.2,1000,20738.792133
-10.0,1000,20743.024141
-10.0,1000,20747.22352
-10.0,1000,20751.566648
-10.0,1000,20755.816645
-10.3,1000,20759.998673
-10.2,1000,20764.42928
-10.2,1000,20768.826274
-10.3,1000,20773.216546
-10.1,1000,20777.855572
-10.0,1000,20782.143428
-9.9,1000,20786.386287
-10.3,1000,20790.550562
-10.1,1000,20794.850384
-10.0,1000,20799.39029
-9.9,1000,20803.500255
-10.0,1000,20807.827921
-10.1,1000,20812.079986
-10.2,1000,20816.376217
-10.0,1000,20820.836381
-9.9,1000,20825.124129
-10.0,1000,20829.18855
-10.0,1000,20833.34376
-9.9,1000,20837.685086
-10.6,1000,20841.932987
-10.1,1000,20846.332747
-10.0,1000,20850.40677
-10.1,1000,20854.36268
-10.0,1000,20858.43002
-10.3,1000,20860.33426
-10.0,1000,20864.673968
-10.1,1000,20869.059457
-10.2,1000,20872.978565
-10.0,1000,20877.008153
-9.9,1000,20881.081369
-10.2,1000,20885.163032
-10.0,1000,20889.546008
-10.2,1000,20893.63538
-9.9,1000,20898.122169
-9.9,1000,20902.516652
-9.9,1000,20906.772012
-10.3,1000,20911.276865
-9.9,1000,20915.500087
-10.1,1000,20919.57515
-10.0,1000,20924.226986
-10.0,1000,20928.701829
-10.2,1000,20932.97022
-10.0,1000,20937.260435
-10.2,1000,20941.307973
-10.2,1000,20945.411216
-10.5,1000,20949.90096
-10.1,1000,20954.109047
-10.2,1000,20958.441103
-10.1,1000,20962.752709
-9.9,1000,20966.918703
-10.0,1000,20971.355372
-9.9,1000,20975.717493
-10.1,1000,20979.951325
-10.0,1000,20984.143452
-9.9,1000,20988.418856
-10.1,1000,20992.860933
-9.9,1000,20997.414756
-10.1,1000,21001.568675
-9.9,1000,21005.774009
-10.0,1000,21010.059138
-9.9,1000,21014.32698
-10.3,1000,21018.691836
-9.9,1000,21022.889389
-10.0,1000,21027.117084
-10.0,1000,21031.232755
-10.0,1000,21035.043119
-9.9,1000,21039.063749
-10.1,1000,21041.070526
-10.3,1000,21045.535707
-10.3,1000,21049.674777
-10.2,1000,21053.722508
-10.1,1000,21057.797311
-10.1,1000,21062.196912
-9.9,1000,21066.277692
-10.2,1000,21070.841539
-9.9,1000,21075.059788
-10.2,1000,21079.28721
-10.3,1000,21083.508388
-10.0,1000,21087.891692
-10.2,1000,21092.06473
-10.1,1000,21096.410607
-10.0,1000,21100.676644
-10.0,1000,21104.937255
-10.2,1000,21109.058664
-9.9,1000,21113.261714
-10.1,1000,21117.591127
-10.1,1000,21121.746432
-10.1,1000,21126.073936
-10.2,1000,21130.47383
-10.2,1000,21134.834813
-10.2,1000,21139.121899
-10.1,1000,21143.368342
-9.9,1000,21147.678935
-9.9,1000,21151.786143
-10.0,1000,21156.331376
-10.0,1000,21160.462415
-10.0,1000,21164.486457
-10.1,1000,21168.868103
-10.0,1000,21173.140818
-10.2,1000,21177.311094
-10.1,1000,21181.454458
-10.5,1000,21185.791204
-9.9,1000,21190.242043
-10.1,1000,21194.699483
-10.0,1000,21198.89098
-10.1,1000,21202.853219
-10.2,1000,21207.079833
-10.1,1000,21211.310469
-10.0,1000,21215.392553
-10.2,1000,21219.550539
-10.2,1000,21221.446555
-10.1,1000,21226.634326
-10.0,1000,21230.462335
-9.9,1000,21234.515725
-10.3,1000,21238.674482
-10.0,1000,21243.044194
-10.1,1000,21247.394177
-10.1,1000,21251.477416
-9.9,1000,21255.792238
-10.0,1000,21260.148808
-10.2,1000,21264.500043
-9.9,1000,21268.879022
-10.1,1000,21273.17332
-9.9,1000,21277.527331
-10.1,1000,21281.743688
-10.0,1000,21285.861632
-10.0,1000,21290.066859
-9.9,1000,21294.431366
-10.3,1000,21298.67735
-9.9,1000,21302.884638
-10.4,1000,21306.994555
-10.3,1000,21311.363263
-10.0,1000,21315.46678
-10.1,1000,21319.90608
-10.1,1000,21324.370172
-10.4,1000,21328.62524
-10.2,1000,21332.975224
-10.0,1000,21337.315099
-10.1,1000,21341.563988
-10.4,1000,21345.857341
-10.2,1000,21350.254743
-10.0,1000,21354.553918
-10.5,1000,21358.838389
-10.0,1000,21362.983929
-10.0,1000,21367.090637
-10.2,1000,21371.425497
-10.2,1000,21375.847998
-10.3,1000,21380.191969
-10.2,1000,21384.349059
-10.4,1000,21388.767818
-10.1,1000,21393.052623
-10.3,1000,21397.081316
-10.3,1000,21399.081957
-10.1,1000,21403.068652
-10.3,1000,21407.561589
-10.1,1000,21411.476066
-10.4,1000,21415.479716
-10.7,1000,21419.741675
-10.2,1000,21423.903158
-10.0,1000,21428.316814
-10.1,1000,21432.923793
-10.1,1000,21437.632612
-10.3,1000,21441.97936
-10.1,1000,21446.474779
-10.0,1000,21450.886842
-10.2,1000,21455.439367
-10.0,1000,21459.755945
-10.2,1000,21464.115058
-9.9,1000,21468.610319
-10.3,1000,21472.931979
-10.1,1000,21477.164622
-10.2,1000,21481.274949
-10.2,1000,21485.68294
-10.0,1000,21490.157646
-10.1,1000,21494.49562
-10.2,1000,21499.116069
-10.1,1000,21503.081146
-10.0,1000,21507.554453
-10.2,1000,21512.20049
-10.1,1000,21516.468282
-9.9,1000,21521.01064
-10.1,1000,21525.073936
-10.2,1000,21529.455223
-10.1,1000,21533.47183
-10.1,1000,21537.853769
-10.0,1000,21542.108934
-10.2,1000,21546.229342
-10.1,1000,21550.634209
-10.1,1000,21554.936532
-10.0,1000,21558.981953
-10.1,1000,21563.251623
-10.1,1000,21567.643613
-10.1,1000,21571.899859
-10.8,1000,21575.975587
-10.5,1000,21580.15931
-10.4,1000,21582.037582
-10.1,1000,21586.595466
-10.0,1000,21591.034951
-10.0,1000,21595.030693
-10.0,1000,21598.965938
-10.1,1000,21603.272162
-9.9,1000,21607.451544
-10.1,1000,21611.857105
-10.1,1000,21616.091602
-9.9,1000,21620.65428
-10.1,1000,21624.858985
-10.0,1000,21628.936881
-10.0,1000,21633.147699
-10.0,1000,21637.481452
-10.1,1000,21641.590358
-9.9,1000,21645.907376
-10.0,1000,21650.543599
-10.2,1000,21655.079128
-10.2,1000,21659.604882
-10.2,1000,21664.067729
-10.1,1000,21668.176109
-10.2,1000,21672.457328
-10.5,1000,21676.913667
-9.9,1000,21681.063532
-10.1,1000,21685.441708
-10.1,1000,21689.600963
-10.2,1000,21693.731154
-10.0,1000,21698.280416
-10.0,1000,21702.636834
-10.1,1000,21706.983837
-10.2,1000,21711.091883
-10.0,1000,21715.213233
-10.1,1000,21719.210299
-10.5,1000,21723.664828
-10.0,1000,21727.76669
-10.3,1000,21732.201381
-10.1,1000,21736.380028
-10.0,1000,21740.574068
-10.4,1000,21744.854333
-10.0,1000,21749.146851
-10.0,1000,21753.124292
-10.0,1000,21757.318046
-10.4,1000,21761.421577
-10.2,1000,21763.329664
-10.1,1000,21768.091712
-10.3,1000,21772.28477
-10.3,1000,21776.219613
-10.0,1000,21780.22905
-10.1,1000,21784.406375
-10.2,1000,21788.738386
-10.1,1000,21793.035696
-10.0,1000,21797.282509
-10.2,1000,21801.419156
-10.0,1000,21805.56128
-10.0,1000,21809.56694
-10.1,1000,21813.962674
-10.4,1000,21818.372742
-10.6,1000,21822.739503
-10.5,1000,21827.229745
-9.9,1000,21831.600475
-10.0,1000,21836.102333
-9.9,1000,21840.099714
-10.3,1000,21844.369914
-10.0,1000,21848.708019
-10.0,1000,21853.073658
-10.5,1000,21857.182646
-10.1,1000,21861.467527
-10.3,1000,21865.744791
-10.0,1000,21870.045937
-10.0,1000,21874.287858
-9.9,1000,21878.497617
-9.9,1000,21882.946645
-10.1,1000,21887.287012
-10.2,1000,21891.75336
-10.3,1000,21896.163325
-10.0,1000,21900.454651
-10.5,1000,21904.743852
-10.1,1000,21908.96541
-9.9,1000,21913.084192
-10.1,1000,21917.120833
-10.5,1000,21921.34333
-10.1,1000,21925.671898
-10.1,1000,21930.085037
-10.1,1000,21934.20958
-10.4,1000,21938.157216
-10.0,1000,21940.146501
-10.1,1000,21944.33468
-10.2,1000,21948.888805
-10.1,1000,21952.66505
-10.0,1000,21956.674564
-10.0,1000,21960.901407
-10.0,1000,21964.943306
-10.0,1000,21969.129751
-10.1,1000,21973.185515
-9.9,1000,21977.348395
-10.0,1000,21981.491139
-10.0,1000,21985.68467
-10.2,1000,21989.822766
-10.3,1000,21994.255636
-10.1,1000,21998.151962
-10.1,1000,22002.360223
-10.4,1000,22006.539593
-10.3,1000,22010.931737
-9.9,1000,22015.187168
-10.0,1000,22019.387447
-10.2,1000,22023.448127
-10.3,1000,22027.478333
-10.1,1000,22031.72303
-9.9,1000,22035.813065
-9.9,1000,22040.400649
-10.3,1000,22044.770558
-10.0,1000,22048.917366
-10.1,1000,22053.20116
-10.1,1000,22057.591607
-10.0,1000,22061.887447
-10.2,1000,22066.317308
-10.1,1000,22070.541844
-10.4,1000,22075.014779
-9.9,1000,22079.546116
-10.1,1000,22083.922032
-10.3,1000,22088.475907
-9.9,1000,22092.723325
-10.1,1000,22097.135222
-10.2,1000,22101.839061
-9.9,1000,22106.306554
-10.1,1000,22110.369536
-10.3,1000,22114.343018
-10.0,1000,22118.424528
-9.9,1000,22120.444556
-10.1,1000,22125.187816
-10.1,1000,22129.393482
-9.9,1000,22133.169522
-10.1,1000,22137.081189
-10.1,1000,22141.229153
-10.0,1000,22145.569354
-10.1,1000,22149.98753
-10.0,1000,22154.180724
-10.0,1000,22158.525793
-10.1,1000,22162.671113
-10.2,1000,22166.800013
-10.5,1000,22171.109346
-10.0,1000,22175.262902
-9.9,1000,22179.627214
-10.0,1000,22183.638631
-10.1,1000,22187.83651
-10.0,1000,22192.200683
-9.9,1000,22196.534312
-10.4,1000,22200.730185
-10.2,1000,22205.035424
-10.0,1000,22209.423746
-10.1,1000,22213.664486
-10.1,1000,22217.978623
-10.2,1000,22222.418841
-10.0,1000,22226.578138
-10.2,1000,22230.814422
-10.2,1000,22235.103548
-10.0,1000,22239.412019
-9.9,1000,22243.679544
-10.0,1000,22248.019437
-10.0,1000,22252.339202
-10.1,1000,22256.577904
-10.0,1000,22260.773029
-9.9,1000,22265.000694
-10.3,1000,22269.491061
-10.0,1000,22273.969055
-10.0,1000,22277.937615
-9.9,1000,22282.30766
-10.4,1000,22286.558434
-10.1,1000,22290.652519
-9.9,1000,22294.551611
-10.0,1000,22298.670367
-10.1,1000,22300.692777
-10.1,1000,22305.335038
-10.2,1000,22309.255731
-10.1,1000,22313.136652
-10.0,1000,22317.084607
-9.9,1000,22321.346193
-10.0,1000,22325.490397
-10.1,1000,22329.675173
-10.0,1000,22333.78216
-10.0,1000,22338.076507
-10.0,1000,22342.316647
-10.0,1000,22346.256215
-10.0,1000,22350.48589
-10.1,1000,22354.713526
-10.0,1000,22359.001558
-10.2,1000,22363.150527
-10.0,1000,22367.521956
-10.4,1000,22371.674036
-9.9,1000,22376.29791
-10.1,1000,22380.708472
-10.2,1000,22384.940711
-10.4,1000,22389.34538
-10.0,1000,22393.546451
-9.9,1000,22397.845675
-10.2,1000,22402.170624
-10.2,1000,22406.520156
-9.9,1000,22410.799886
-10.0,1000,22415.168673
-10.1,1000,22419.554997
-10.2,1000,22423.834767
-9.9,1000,22428.111703
-10.1,1000,22432.384511
-10.1,1000,22436.862275
-10.2,1000,22441.121163
-9.9,1000,22445.704626
-10.4,1000,22450.079618
-10.4,1000,22454.806098
-10.0,1000,22459.565725
-10.1,1000,22463.962175
-9.9,1000,22468.305777
-10.1,1000,22472.462236
-10.1,1000,22476.455461
-10.1,1000,22478.367575
-10.1,1000,22482.387121
-9.9,1000,22487.418068
-9.9,1000,22491.28072
-10.1,1000,22495.368168
-10.2,1000,22499.658031
-9.9,1000,22504.098665
-10.1,1000,22508.45763
-10.3,1000,22512.678359
-10.2,1000,22517.168773
-9.9,1000,22521.473345
-10.1,1000,22525.776965
-10.3,1000,22529.910452
-10.1,1000,22534.049783
-10.3,1000,22538.270825
-10.2,1000,22542.557946
-10.3,1000,22546.706322
-9.9,1000,22551.145363
-10.0,1000,22555.648593
-10.3,1000,22559.908925
-9.9,1000,22564.148298
-10.0,1000,22568.554018
-10.0,1000,22572.910694
-9.9,1000,22577.236822
-10.0,1000,22581.704477
-10.2,1000,22586.048654
-10.0,1000,22590.511472
-10.6,1000,22594.622484
-10.2,1000,22599.079723
-10.1,1000,22603.362134
-10.1,1000,22607.584632
-10.0,1000,22611.916109
-9.9,1000,22616.168808
-10.2,1000,22620.360104
-10.2,1000,22624.763299
-10.2,1000,22629.180817
-10.2,1000,22633.367924
-10.1,1000,22637.822336
-10.2,1000,22641.938566
-9.9,1000,22646.279618
-10.2,1000,22650.325776
-10.0,1000,22654.411728
-9.9,1000,22658.883415
-10.1,1000,22660.759481
-10.0,1000,22666.100794
-9.9,1000,22670.03452
-10.1,1000,22674.246914
-9.9,1000,22678.363827
-10.1,1000,22682.701087
-10.2,1000,22687.036294
-10.1,1000,22691.487255
-10.1,1000,22695.86256
-10.3,1000,22700.18014
-10.0,1000,22704.616825
-9.9,1000,22708.900999
-10.2,1000,22713.195247
-9.9,1000,22717.418202
-10.1,1000,22721.833932
-10.0,1000,22726.082854
-10.0,1000,22730.40859
-9.9,1000,22734.85057
-10.0,1000,22739.03428
-10.0,1000,22743.16615
-10.0,1000,22747.361538
-9.9,1000,22751.712474
-10.0,1000,22755.952611
-9.9,1000,22760.463397
-9.9,1000,22764.435991
-10.2,1000,22768.678425
-10.2,1000,22772.99977
-10.0,1000,22777.344969
-10.2,1000,22781.4474
-9.9,1000,22785.80936
-10.1,1000,22790.256977
-10.0,1000,22794.761967
-9.9,1000,22799.225779
-10.1,1000,22803.576933
-10.1,1000,22807.874443
-9.9,1000,22812.190308
-10.0,1000,22816.78615
-10.0,1000,22821.345037
-10.1,1000,22825.657283
-10.0,1000,22829.827327
-10.1,1000,22833.879286
-10.0,1000,22838.094879
-10.1,1000,22842.323794
-10.2,1000,22844.29845
-10.0,1000,22848.854714
-10.0,1000,22852.784317
-10.0,1000,22856.815723
-9.9,1000,22861.069404
-10.0,1000,22865.409358
-10.1,1000,22869.953763
-10.1,1000,22874.252605
-10.0,1000,22878.760762
-10.2,1000,22883.070631
-10.0,1000,22887.7781
-9.9,1000,22892.116119
-10.0,1000,22896.360311
-10.2,1000,22900.613398
-10.2,1000,22904.919883
-10.0,1000,22909.466122
-10.3,1000,22913.869344
-10.2,1000,22918.092764
-9.9,1000,22922.669972
-10.0,1000,22926.776076
-10.1,1000,22931.388793
-10.0,1000,22935.62065
-10.0,1000,22939.860815
-9.9,1000,22944.278068
-10.0,1000,22948.560931
-10.0,1000,22952.83475
-10.0,1000,22957.36094
-10.2,1000,22961.726271
-9.9,1000,22965.92432
-10.3,1000,22970.243859
-10.1,1000,22974.591496
-10.0,1000,22978.873738
-9.9,1000,22982.99605
-10.2,1000,22987.690154
-10.2,1000,22992.178801
-10.3,1000,22996.557811
-10.1,1000,23000.918325
-10.2,1000,23005.153908
-10.1,1000,23009.287495
-10.1,1000,23013.647898
-10.0,1000,23017.727844
-10.1,1000,23021.638126
-10.3,1000,23023.503282
-10.0,1000,23027.488736
-10.0,1000,23032.220329
-10.1,1000,23036.255658
-9.9,1000,23040.253855
-10.0,1000,23044.455512
-10.2,1000,23048.770927
-10.0,1000,23053.409647
-10.1,1000,23057.867081
-10.1,1000,23062.242752
-10.0,1000,23066.329739
-9.9,1000,23070.667996
-10.1,1000,23074.867517
-10.0,1000,23079.156352
-10.2,1000,23083.370601
-10.3,1000,23087.626081
-10.1,1000,23092.012595
-10.0,1000,23096.609466
-9.9,1000,23100.920966
-10.1,1000,23105.094474
-10.2,1000,23109.401643
-10.2,1000,23113.739729
-9.9,1000,23118.204741
-10.0,1000,23122.567256
-10.3,1000,23126.827466
-10.1,1000,23131.342689
-10.3,1000,23135.603373
-10.1,1000,23140.030484
-10.1,1000,23144.525435
-10.1,1000,23148.954348
-10.3,1000,23153.301072
-10.2,1000,23157.525001
-10.1,1000,23161.834194
-10.0,1000,23165.969414
-10.2,1000,23170.30401
-10.3,1000,23174.672647
-10.0,1000,23178.950638
-10.1,1000,23183.208571
-10.1,1000,23187.756789
-9.9,1000,23192.432276
-10.2,1000,23196.518923
-10.4,1000,23200.616762
-10.1,1000,23204.532772
-10.3,1000,23206.443624
-9.9,1000,23210.815352
-10.2,1000,23214.907088
-10.1,1000,23218.702168
-9.9,1000,23223.013969
-10.0,1000,23227.393913
-10.0,1000,23231.744979
-10.2,1000,23236.088526
-10.4,1000,23240.319195
-10.0,1000,23244.782474
-10.2,1000,23249.27956
-10.3,1000,23253.686077
-9.9,1000,23257.91597
-9.9,1000,23262.165395
-10.2,1000,23266.601969
-10.2,1000,23270.91333
-10.5,1000,23274.984077
-10.2,1000,23279.313569
-10.1,1000,23283.330251
-10.0,1000,23287.514181
-10.0,1000,23291.906343
-10.0,1000,23296.209945
-10.2,1000,23300.903364
-10.0,1000,23305.423702
-9.9,1000,23309.866324
-10.2,1000,23314.043206
-10.3,1000,23318.535759
-10.3,1000,23322.779959
-10.2,1000,23327.164204
-9.9,1000,23331.402112
-10.1,1000,23335.808292
-10.0,1000,23340.119204
-10.2,1000,23344.211607
-10.1,1000,23348.212838
-10.3,1000,23352.453947
-10.2,1000,23356.488788
-10.2,1000,23360.782398
-10.2,1000,23364.750981
-10.1,1000,23368.958769
-10.2,1000,23373.17969
-9.9,1000,23377.480465
-10.0,1000,23381.35775
-10.0,1000,23385.543666
-10.2,1000,23387.457812
-10.2,1000,23392.240803
-10.4,1000,23396.102647
-10.0,1000,23399.875573
-10.0,1000,23404.05793
-10.1,1000,23408.510689
-10.3,1000,23412.989193
-10.2,1000,23417.300263
-10.0,1000,23421.86102
-10.1,1000,23426.152727
-10.1,1000,23430.528009
-10.0,1000,23434.91055
-10.2,1000,23439.277225
-10.1,1000,23443.536701
-9.9,1000,23448.080288
-10.3,1000,23452.359588
-10.1,1000,23456.77681
-10.1,1000,23460.95065
-9.9,1000,23465.490123
-10.0,1000,23469.973196
-10.0,1000,23474.218566
-9.9,1000,23478.674479
-10.0,1000,23482.94179
-10.0,1000,23487.288293
-9.9,1000,23491.520854
-10.2,1000,23495.889287
-10.2,1000,23500.439772
-10.3,1000,23504.887882
-9.9,1000,23509.105478
-10.4,1000,23513.462631
-10.1,1000,23517.917379
-10.0,1000,23522.263874
-10.2,1000,23526.484352
-10.4,1000,23530.873424
-9.9,1000,23535.171219
-10.6,1000,23539.519414
-10.1,1000,23543.673584
-10.6,1000,23548.168615
-10.1,1000,23552.589787
-10.1,1000,23556.649328
-10.3,1000,23560.755514
-9.9,1000,23564.720292
-10.0,1000,23566.664495
-10.0,1000,23570.943477
-10.1,1000,23575.504182
-10.1,1000,23579.601778
-10.1,1000,23583.72667
-10.1,1000,23588.015616
-9.9,1000,23592.412199
-10.2,1000,23596.500982
-10.1,1000,23600.911335
-9.9,1000,23605.471109
-10.2,1000,23609.592232
-10.5,1000,23613.94559
-10.3,1000,23618.228376
-10.6,1000,23622.662524
-10.0,1000,23627.049227
-10.2,1000,23631.452796
-10.1,1000,23635.629539
-10.1,1000,23639.89091
-10.0,1000,23644.057073
-10.1,1000,23648.402878
-10.1,1000,23652.538077
-10.1,1000,23657.036351
-10.5,1000,23661.353512
-10.5,1000,23665.48936
-10.4,1000,23669.594944
-10.0,1000,23673.87032
-10.1,1000,23678.405893
-10.0,1000,23682.636539
-10.2,1000,23686.943648
-10.1,1000,23691.067033
-10.1,1000,23695.428373
-10.0,1000,23699.898114
-10.1,1000,23704.159736
-10.0,1000,23708.186103
-10.0,1000,23712.534348
-10.2,1000,23716.739703
-10.1,1000,23720.901997
-10.2,1000,23725.048644
-9.9,1000,23729.216886
-10.0,1000,23733.436151
-9.9,1000,23737.451451
-9.9,1000,23741.565537
-10.1,1000,23745.770669
-10.0,1000,23747.938242
-10.0,1000,23752.562462
-10.0,1000,23756.856654
-10.1,1000,23760.870216
-10.1,1000,23764.963174
-9.9,1000,23769.194088
-10.2,1000,23773.297643
-9.9,1000,23777.416853
-10.1,1000,23781.951483
-10.2,1000,23786.300695
-10.1,1000,23790.579625
-10.0,1000,23794.834945
-10.2,1000,23798.968658
-10.1,1000,23803.102678
-10.0,1000,23807.782524
-10.4,1000,23812.116081
-10.6,1000,23816.264639
-10.2,1000,23820.223927
-10.0,1000,23824.415374
-9.9,1000,23828.434784
-10.1,1000,23832.669823
-10.2,1000,23837.008652
-10.0,1000,23841.341313
-10.1,1000,23845.650719
-10.1,1000,23849.999771
-10.0,1000,23854.229714
-10.0,1000,23858.801194
-10.0,1000,23863.213109
-10.1,1000,23867.723048
-10.2,1000,23871.956899
-10.1,1000,23876.337827
-10.1,1000,23880.80468
-10.3,1000,23885.090022
-10.2,1000,23889.201331
-10.1,1000,23893.283069
-10.2,1000,23897.627304
-10.0,1000,23901.849754
-10.1,1000,23906.040854
-10.0,1000,23910.367386
-10.1,1000,23914.686964
-10.3,1000,23918.789888
-10.2,1000,23922.909554
-10.0,1000,23927.017719
-10.2,1000,23928.974944
-9.9,1000,23933.423862
-10.0,1000,23937.53157
-10.0,1000,23941.926774
-10.0,1000,23946.070073
-10.0,1000,23950.583047
-9.9,1000,23954.635083
-10.0,1000,23958.769068
-10.4,1000,23962.96201
-10.2,1000,23967.428195
-10.2,1000,23971.921554
-10.3,1000,23976.250469
-10.1,1000,23981.062643
-10.2,1000,23985.602432
-10.0,1000,23989.951028
-10.4,1000,23994.175784
-10.4,1000,23998.558272
-9.9,1000,24002.806505
-10.0,1000,24007.190394
-10.0,1000,24011.427154
-10.0,1000,24015.562394
-10.2,1000,24019.892264
-10.1,1000,24024.265749
-10.3,1000,24028.779015
-10.5,1000,24033.182487
-10.3,1000,24037.69572
-10.0,1000,24042.2392
-10.2,1000,24046.563683
-9.9,1000,24050.739705
-10.4,1000,24054.887218
-10.1,1000,24059.251607
-10.1,1000,24063.587061
-10.0,1000,24067.642503
-10.4,1000,24071.993062
-10.4,1000,24076.08717
-10.1,1000,24080.438928
-10.2,1000,24084.746528
-9.9,1000,24088.996481
-10.1,1000,24093.476902
-10.0,1000,24097.878992
-10.3,1000,24101.924762
-9.9,1000,24106.097506
-10.0,1000,24108.240129
-10.1,1000,24112.315822
-10.1,1000,24117.269668
-10.2,1000,24121.437562
-10.1,1000,24125.588127
-10.0,1000,24129.77653
-10.1,1000,24134.041254
-10.0,1000,24138.254461
-9.9,1000,24142.407733
-10.1,1000,24146.76757
-10.1,1000,24151.053754
-10.0,1000,24155.336857
-10.2,1000,24159.726856
-10.1,1000,24164.232949
-10.0,1000,24168.541564
-10.1,1000,24172.986774
-10.3,1000,24177.367791
-10.0,1000,24181.695336
-10.1,1000,24186.133216
-10.1,1000,24190.544667
-10.0,1000,24194.77377
-10.5,1000,24199.014702
-10.1,1000,24203.533217
-10.2,1000,24208.147387
-10.2,1000,24212.72901
-10.0,1000,24217.043998
-10.0,1000,24221.367485
-10.4,1000,24225.653104
-10.1,1000,24229.902783
-10.1,1000,24234.245258
-10.3,1000,24238.400616
-10.1,1000,24242.720054
-10.1,1000,24246.897669
-10.0,1000,24251.51215
-10.2,1000,24256.215133
-10.0,1000,24260.72696
-10.2,1000,24265.099154
-10.2,1000,24269.459598
-10.3,1000,24273.753101
-9.9,1000,24278.247235
-10.0,1000,24282.296398
-10.0,1000,24286.351576
-10.2,1000,24290.28941
-10.2,1000,24292.154728
-10.1,1000,24296.926433
-10.0,1000,24300.93283
-10.0,1000,24305.094816
-10.1,1000,24309.268914
-10.2,1000,24313.72351
-10.1,1000,24317.966136
-10.0,1000,24322.142142
-10.2,1000,24326.520512
-10.1,1000,24330.67801
-10.1,1000,24334.846061
-10.1,1000,24339.157562
-10.0,1000,24343.71313
-10.2,1000,24347.930118
-10.0,1000,24352.200426
-10.0,1000,24356.583258
-10.3,1000,24360.958787
-9.9,1000,24365.123398
-10.1,1000,24369.302836
-10.0,1000,24373.614657
-9.9,1000,24377.899088
-10.0,1000,24381.985675
-10.1,1000,24386.178614
-10.2,1000,24390.237398
-10.0,1000,24394.631566
-10.0,1000,24398.905939
-10.1,1000,24403.115539
-10.0,1000,24407.537106
-10.1,1000,24411.868274
-10.4,1000,24416.133124
-10.2,1000,24420.617438
-10.4,1000,24424.839763
-10.2,1000,24429.12395
-10.1,1000,24433.59889
-10.0,1000,24437.82374
-10.3,1000,24442.068181
-10.0,1000,24446.23053
-10.2,1000,24450.584628
-10.1,1000,24454.927225
-9.9,1000,24459.170553
-9.9,1000,24463.184899
-9.9,1000,24467.276462
-9.9,1000,24471.223186
-9.9,1000,24473.214938
-10.4,1000,24478.406477
-9.9,1000,24482.329473
-10.1,1000,24486.268956
-10.1,1000,24490.458046
-10.0,1000,24494.835545
-9.9,1000,24499.191136
-10.2,1000,24503.591444
-10.0,1000,24507.974898
-10.2,1000,24512.253118
-10.1,1000,24516.484833
-9.9,1000,24520.627818
-9.9,1000,24524.86725
-10.1,1000,24529.054055
-10.1,1000,24533.207184
-10.2,1000,24537.571996
-10.1,1000,24541.795578
-9.9,1000,24546.158486
-10.2,1000,24550.569398
-10.2,1000,24554.81184
-9.9,1000,24558.828
-10.0,1000,24563.119198
-9.9,1000,24567.138974
-10.0,1000,24571.397559
-10.2,1000,24575.605029
-9.9,1000,24579.83348
-9.9,1000,24584.109778
-10.1,1000,24588.32003
-9.9,1000,24592.596716
-10.2,1000,24596.964875
-10.0,1000,24601.004178
-10.1,1000,24605.237922
-10.1,1000,24609.445379
-10.1,1000,24613.536733
-10.2,1000,24617.991977
-10.1,1000,24622.487656
-10.3,1000,24626.86595
-10.1,1000,24630.917164
-10.0,1000,24635.043445
-10.1,1000,24639.23391
-10.0,1000,24643.381958
-9.9,1000,24647.524337
-9.9,1000,24649.559317
-9.9,1000,24653.575141
-10.3,1000,24658.245484
-10.0,1000,24662.368145
-10.0,1000,24666.56476
-10.5,1000,24670.769383
-10.0,1000,24674.833884
-10.1,1000,24678.901108
-10.0,1000,24683.164711
-9.9,1000,24687.60366
-10.2,1000,24692.070899
-10.3,1000,24696.318304
-10.4,1000,24700.424443
-9.9,1000,24704.754313
-10.0,1000,24708.913325
-10.0,1000,24712.991173
-9.9,1000,24717.203769
-10.2,1000,24721.620498
-10.1,1000,24725.626851
-10.4,1000,24729.904051
-10.0,1000,24734.236846
-9.9,1000,24738.42031
-10.0,1000,24742.634197
-10.1,1000,24746.910324
-10.3,1000,24751.12877
-10.2,1000,24755.754831
-10.7,1000,24760.097287
-10.2,1000,24764.472495
-9.9,1000,24768.746813
-10.2,1000,24773.013451
-10.2,1000,24777.042766
-10.1,1000,24781.346979
-10.3,1000,24785.723588
-10.4,1000,24789.859883
-10.2,1000,24794.010939
-10.3,1000,24798.264668
-10.2,1000,24802.397066
-10.1,1000,24806.574083
-10.1,1000,24810.814093
-9.9,1000,24815.019109
-10.0,1000,24819.048048
-10.0,1000,24823.019596
-10.3,1000,24827.103097
-10.0,1000,24829.305716
-9.9,1000,24834.594728
-10.2,1000,24839.036312
-10.0,1000,24843.034186
-10.4,1000,24847.123047
-10.0,1000,24851.643023
-10.1,1000,24855.936483
-10.1,1000,24860.411916
-10.1,1000,24864.700866
-9.9,1000,24869.211663
-9.9,1000,24873.337868
-10.4,1000,24877.689981
-10.0,1000,24881.906254
-10.0,1000,24886.135092
-10.3,1000,24890.645535
-10.0,1000,24894.892711
-10.2,1000,24899.190305
-10.1,1000,24903.434638
-10.0,1000,24907.747154
-10.0,1000,24912.087974
-9.9,1000,24916.279947
-9.9,1000,24920.652466
-9.9,1000,24924.951439
-10.2,1000,24929.184526
-10.1,1000,24933.546975
-10.1,1000,24937.708869
-10.3,1000,24941.987147
-9.9,1000,24946.256983
-10.2,1000,24950.613027
-10.2,1000,24955.085868
-10.4,1000,24959.237723
-10.2,1000,24963.876341
-10.1,1000,24968.105416
-10.1,1000,24972.502897
-10.2,1000,24976.949715
-10.2,1000,24981.267244
-10.0,1000,24985.576329
-10.0,1000,24989.912341
-10.0,1000,24994.022143
-9.9,1000,24998.240138
-10.1,1000,25002.367439
-10.0,1000,25006.171263
-10.0,1000,25010.147362
-10.0,1000,25012.048157
-10.0,1000,25016.178407
-10.4,1000,25020.22618
-10.0,1000,25024.212326
-9.9,1000,25028.641294
-10.1,1000,25032.977105
-10.0,1000,25037.177586
-10.0,1000,25041.385398
-10.3,1000,25045.495351
-10.1,1000,25049.769866
-10.1,1000,25054.129986
-10.2,1000,25058.504631
-10.1,1000,25062.895172
-10.1,1000,25067.361965
-10.1,1000,25071.733409
-10.0,1000,25075.992414
-10.1,1000,25080.324542
-10.2,1000,25084.56836
-10.1,1000,25088.727883
-10.1,1000,25092.613131
-10.3,1000,25097.055262
-10.0,1000,25101.39495
-10.0,1000,25105.617144
-10.3,1000,25109.850385
-10.1,1000,25114.320879
-10.1,1000,25118.429043
-10.0,1000,25122.736233
-9.9,1000,25127.021934
-9.9,1000,25131.294569
-10.2,1000,25135.682546
-10.2,1000,25140.006157
-10.0,1000,25144.308587
-10.3,1000,25148.488144
-10.1,1000,25152.828804
-10.3,1000,25157.070698
-10.3,1000,25161.32834
-10.1,1000,25165.937961
-10.3,1000,25170.124951
-10.2,1000,25174.540305
-9.9,1000,25178.71348
-10.1,1000,25182.719892
-9.9,1000,25186.74802
-10.2,1000,25188.628686
-10.0,1000,25192.607256
-10.4,1000,25197.689666
-10.1,1000,25201.669215
-10.1,1000,25205.529649
-10.2,1000,25209.741323
-10.1,1000,25214.148213
-10.1,1000,25218.541583
-10.1,1000,25222.774647
-10.0,1000,25227.12656
-9.9,1000,25231.272623
-10.1,1000,25235.627692
-10.0,1000,25239.933157
-10.0,1000,25244.30932
-10.2,1000,25248.567148
-10.2,1000,25252.885543
-9.9,1000,25256.939016
-10.0,1000,25261.373566
-9.9,1000,25265.850272
-10.3,1000,25270.347739
-9.9,1000,25274.425477
-10.0,1000,25278.92202
-10.1,1000,25283.273982
-10.1,1000,25287.495813
-10.1,1000,25291.521663
-10.3,1000,25295.855771
-9.9,1000,25300.223993
-10.1,1000,25304.239169
-10.3,1000,25308.492148
-10.0,1000,25313.009462
-10.0,1000,25316.99958
-10.1,1000,25321.379437
-10.0,1000,25325.584795
-10.0,1000,25329.857723
-10.1,1000,25334.156131
-10.3,1000,25338.321347
-10.0,1000,25342.588287
-10.1,1000,25346.894276
-10.0,1000,25351.124445
-10.5,1000,25355.585406
-10.2,1000,25359.971931
-10.0,1000,25363.890122
-10.1,1000,25367.513961
-10.0,1000,25369.548115
-9.9,1000,25373.400541
-10.2,1000,25377.543257
-10.1,1000,25381.406612
-10.1,1000,25385.541407
-10.6,1000,25389.513086
-10.2,1000,25393.980461
-10.0,1000,25398.276575
-10.0,1000,25402.487366
-10.1,1000,25406.786128
-10.4,1000,25411.08559
-10.5,1000,25415.350004
-10.2,1000,25419.385176
-10.0,1000,25423.615808
-9.9,1000,25427.969218
-10.0,1000,25432.308305
-10.1,1000,25436.604725
-10.2,1000,25440.839945
-10.1,1000,25444.978281
-9.9,1000,25449.052575
-10.1,1000,25453.422463
-9.9,1000,25457.714377
-10.2,1000,25462.197465
-10.2,1000,25466.532439
-10.0,1000,25470.745798
-9.9,1000,25475.005565
-10.1,1000,25479.21667
-10.1,1000,25483.93256
-10.0,1000,25488.527196
-10.1,1000,25492.884998
-10.1,1000,25497.220634
-10.0,1000,25501.383932
-10.0,1000,25505.528304
-10.4,1000,25509.787259
-10.3,1000,25514.093971
-10.2,1000,25518.447451
-10.1,1000,25522.674898
-10.0,1000,25526.865284
-9.9,1000,25531.068007
-10.1,1000,25535.591821
-10.0,1000,25539.715292
-9.9,1000,25543.769161
-10.1,1000,25547.862097
-10.2,1000,25549.757195
-10.1,1000,25554.306911
-10.0,1000,25558.581554
-10.1,1000,25562.466841
-10.0,1000,25566.844173
-10.1,1000,25571.310965
-9.9,1000,25575.884638
-10.2,1000,25580.272676
-10.0,1000,25584.814081
-10.1,1000,25589.102514
-10.0,1000,25593.470783
-10.2,1000,25597.565076
-10.1,1000,25602.064304
-10.1,1000,25606.241314
-10.0,1000,25610.325742
-10.0,1000,25614.477849
-10.0,1000,25618.489194
-10.1,1000,25622.662959
-10.0,1000,25626.804927
-9.9,1000,25630.902426
-10.0,1000,25635.131532
-10.0,1000,25639.619795
-10.0,1000,25643.890173
-10.0,1000,25648.062644
-10.5,1000,25652.168201
-10.1,1000,25656.387683
-10.2,1000,25660.522298
-10.1,1000,25664.782871
-10.2,1000,25669.132473
-10.2,1000,25673.425656
-10.2,1000,25677.664594
-10.2,1000,25681.827187
-10.1,1000,25686.071627
-10.1,1000,25690.041827
-9.9,1000,25694.484677
-10.2,1000,25698.725985
-10.2,1000,25703.129795
-10.0,1000,25707.430666
-10.0,1000,25711.594796
-10.1,1000,25715.831756
-10.2,1000,25719.914811
-10.4,1000,25723.904351
-10.2,1000,25725.841792
-10.3,1000,25730.17207
-10.0,1000,25734.257573
-10.0,1000,25738.53387
-10.3,1000,25742.617446
-10.3,1000,25746.861839
-10.1,1000,25751.103771
-10.3,1000,25755.553892
-10.0,1000,25759.847513
-9.9,1000,25764.156818
-10.0,1000,25768.330011
-10.0,1000,25773.036224
-10.3,1000,25777.409812
-10.1,1000,25781.861871
-10.1,1000,25786.163507
-10.0,1000,25790.530887
-10.2,1000,25794.822349
-10.1,1000,25798.977095
-10.0,1000,25803.492692
-10.0,1000,25807.609917
-10.1,1000,25811.850942
-10.2,1000,25816.342062
-10.2,1000,25820.667943
-10.4,1000,25824.846746
-9.9,1000,25829.094608
-10.4,1000,25833.354167
-10.2,1000,25837.518994
-10.1,1000,25841.662661
-10.3,1000,25845.839458
-10.2,1000,25849.938371
-10.0,1000,25854.244017
-9.9,1000,25858.190501
-9.9,1000,25862.376585
-10.1,1000,25866.491583
-9.9,1000,25870.768655
-10.1,1000,25874.865063
-10.0,1000,25879.048783
-10.0,1000,25883.267403
-9.9,1000,25887.811553
-9.9,1000,25892.29462
-10.0,1000,25896.799551
-10.2,1000,25900.868229
-10.1,1000,25904.946151
-10.1,1000,25907.0965
-10.1,1000,25911.686637
-10.4,1000,25915.689701
-10.5,1000,25919.543087
-10.0,1000,25923.623283
-9.9,1000,25927.666728
-10.2,1000,25932.060517
-9.9,1000,25936.537262
-10.1,1000,25940.721617
-10.0,1000,25945.1483
-10.0,1000,25949.202852
-10.0,1000,25953.489549
-10.1,1000,25957.85861
-10.0,1000,25962.155722
-10.1,1000,25966.684032
-10.0,1000,25970.931198
-9.9,1000,25975.35543
-10.0,1000,25979.724477
-9.9,1000,25983.923647
-10.2,1000,25988.246686
-10.1,1000,25992.749394
-10.0,1000,25997.104939
-9.9,1000,26001.431053
-10.2,1000,26005.585715
-9.9,1000,26009.798126
-10.0,1000,26014.199765
-10.1,1000,26018.35344
-10.2,1000,26022.654568
-10.0,1000,26027.012229
-10.0,1000,26031.182997
-9.9,1000,26035.399751
-10.2,1000,26039.755193
-10.3,1000,26044.059298
-9.9,1000,26048.166427
-9.9,1000,26052.968632
-9.9,1000,26057.851535
-10.0,1000,26062.446911
-10.0,1000,26066.910004
-10.2,1000,26071.554423
-10.3,1000,26075.901668
-9.9,1000,26080.055912
-10.3,1000,26084.027981
-10.0,1000,26087.838136
-10.2,1000,26089.853558
-10.4,1000,26094.169399
-10.2,1000,26098.454866
-10.2,1000,26102.465202
-10.1,1000,26106.680216
-10.1,1000,26110.939272
-10.0,1000,26115.434796
-10.1,1000,26119.912711
-10.1,1000,26124.483197
-10.0,1000,26128.920229
-10.0,1000,26133.105973
-10.2,1000,26137.458338
-10.1,1000,26141.607237
-10.1,1000,26145.990787
-10.1,1000,26150.199437
-10.1,1000,26154.461673
-10.2,1000,26158.806554
-10.1,1000,26163.075713
-10.0,1000,26167.472801
-10.2,1000,26171.716095
-10.0,1000,26176.105776
-10.0,1000,26180.518129
-9.9,1000,26184.603246
-10.1,1000,26188.800264
-10.2,1000,26193.031442
-9.9,1000,26197.524182
-10.2,1000,26201.794009
-9.9,1000,26206.093748
-10.0,1000,26210.366551
-9.9,1000,26214.551978
-10.1,1000,26218.742444
-10.1,1000,26222.855248
-9.9,1000,26227.261827
-10.1,1000,26231.503079
-9.9,1000,26235.784594
-10.1,1000,26240.38162
-10.0,1000,26244.841779
-10.3,1000,26249.105422
-9.9,1000,26253.543617
-9.9,1000,26258.006822
-9.9,1000,26262.11351
-10.2,1000,26266.425069
-10.1,1000,26268.519815
-10.1,1000,26272.579271
-10.1,1000,26277.552368
-9.9,1000,26281.452716
-10.1,1000,26285.551345
-9.9,1000,26289.94759
-9.9,1000,26294.213172
-9.9,1000,26298.58538
-10.0,1000,26302.819377
-9.9,1000,26307.129711
-10.2,1000,26311.504538
-9.9,1000,26315.755076
-10.3,1000,26319.889735
-9.9,1000,26324.064547
-10.4,1000,26328.293543
-9.9,1000,26332.625267
-10.3,1000,26336.920568
-10.1,1000,26341.296748
-10.0,1000,26345.567048
-10.6,1000,26349.629036
-10.3,1000,26353.882029
-9.9,1000,26358.131345
-10.0,1000,26362.336732
-10.3,1000,26366.65424
-10.1,1000,26371.124986
-9.9,1000,26375.19679
-10.3,1000,26379.41355
-10.0,1000,26383.637976
-10.0,1000,26387.925084
-10.3,1000,26392.168335
-10.3,1000,26396.313377
-9.9,1000,26400.670562
-10.0,1000,26405.063787
-10.2,1000,26409.571406
-10.5,1000,26414.01223
-9.9,1000,26418.747105
-10.1,1000,26423.231313
-10.2,1000,26427.342529
-9.9,1000,26431.639942
-9.9,1000,26436.091371
-10.2,1000,26440.343552
-10.1,1000,26444.802601
-10.1,1000,26448.588098
-9.9,1000,26450.528028
-10.0,1000,26455.115452
-10.2,1000,26459.202576
-10.0,1000,26463.258007
-9.9,1000,26467.585509
-10.4,1000,26471.968808
-9.9,1000,26476.27862
-10.0,1000,26480.337063
-9.9,1000,26484.723744
-10.3,1000,26489.019604
-9.9,1000,26493.37612
-10.2,1000,26497.552677
-10.1,1000,26501.74614
-10.0,1000,26505.993904
-10.0,1000,26510.292228
-10.4,1000,26514.581216
-10.0,1000,26519.033436
-10.0,1000,26523.25976
-10.1,1000,26527.609161
-10.2,1000,26532.01816
-10.1,1000,26536.692858
-10.0,1000,26541.009477
-10.4,1000,26545.355926
-10.2,1000,26549.725372
-9.9,1000,26554.062285
-10.0,1000,26558.46974
-10.0,1000,26562.556233
-10.3,1000,26566.898564
-10.0,1000,26571.045181
-10.0,1000,26575.461284
-10.0,1000,26579.545698
-10.0,1000,26583.711959
-10.1,1000,26588.023853
-10.0,1000,26592.25584
-10.0,1000,26596.428483
-9.9,1000,26600.620464
-10.3,1000,26604.727692
-10.0,1000,26609.008328
-10.1,1000,26613.281111
-10.2,1000,26617.760047
-10.4,1000,26621.974971
-10.0,1000,26625.976054
-10.1,1000,26630.322854
-10.1,1000,26632.181305
-10.1,1000,26636.823848
-9.9,1000,26640.796865
-10.0,1000,26644.921491
-10.1,1000,26648.995906
-10.2,1000,26653.261667
-10.2,1000,26657.375732
-10.0,1000,26661.535251
-10.0,1000,26665.7574
-10.1,1000,26670.006438
-10.3,1000,26674.137161
-9.9,1000,26678.384867
-10.0,1000,26682.883341
-9.9,1000,26687.17215
-10.0,1000,26691.497057
-10.3,1000,26695.750797
-10.1,1000,26700.036421
-10.0,1000,26704.302611
-10.0,1000,26708.512809
-10.0,1000,26712.721168
-9.9,1000,26716.832602
-9.9,1000,26721.148793
-10.0,1000,26725.35366
-10.1,1000,26729.642612
-10.2,1000,26733.768695
-10.0,1000,26738.073443
-10.4,1000,26742.475301
-10.1,1000,26746.716746
-9.9,1000,26750.965435
-9.9,1000,26755.427462
-10.1,1000,26759.807317
-10.2,1000,26763.961258
-10.4,1000,26768.059586
-10.1,1000,26772.368431
-10.0,1000,26776.844635
-10.1,1000,26781.145528
-10.1,1000,26785.428386
-10.1,1000,26789.616988
-10.1,1000,26794.08725
-10.0,1000,26798.217587
-10.0,1000,26802.047687
-10.1,1000,26806.051481
-10.1,1000,26807.938094
-10.0,1000,26811.890022
-10.2,1000,26815.816572
-10.0,1000,26819.778254
-9.9,1000,26823.832135
-10.2,1000,26828.06771
-10.0,1000,26832.296571
-10.1,1000,26836.647605
-10.1,1000,26840.914663
-10.1,1000,26845.025284
-10.2,1000,26849.036445
-10.3,1000,26853.443783
-10.1,1000,26857.901805
-10.1,1000,26861.903188
-10.1,1000,26866.360289
-10.0,1000,26870.588918
-10.0,1000,26875.032807
-10.0,1000,26879.321697
-10.1,1000,26883.612804
-10.1,1000,26887.761655
-10.2,1000,26892.042078
-10.2,1000,26896.342053
-10.1,1000,26900.599571
-10.1,1000,26904.807383
-10.1,1000,26909.234057
-10.0,1000,26913.414254
-10.2,1000,26917.6048
-10.1,1000,26921.913048
-10.0,1000,26926.19501
-10.0,1000,26930.560032
-10.0,1000,26934.784786
-10.0,1000,26939.055092
-9.9,1000,26943.284703
-10.0,1000,26947.271024
-10.1,1000,26951.436417
-9.9,1000,26955.701326
-10.7,1000,26959.962443
-10.0,1000,26964.387419
-10.1,1000,26968.846172
-10.0,1000,26973.014754
-10.2,1000,26977.123698
-10.0,1000,26980.976342
-9.9,1000,26985.103014
-10.2,1000,26987.02779
-10.0,1000,26991.500305
-10.3,1000,26995.817434
-10.3,1000,26999.757382
-10.0,1000,27003.830416
-10.0,1000,27008.013753
-10.1,1000,27012.302944
-10.4,1000,27016.865534
-10.0,1000,27021.300596
-10.0,1000,27025.658337
-9.9,1000,27030.021166
-10.3,1000,27034.33357
-10.0,1000,27038.624676
-10.1,1000,27042.900705
-10.2,1000,27047.277209
-10.0,1000,27051.577768
-10.0,1000,27055.99055
-9.9,1000,27060.283211
-10.2,1000,27064.592538
-10.0,1000,27068.960525
