#{"t_start": 1764132523.2185712, "env_id": "None"}
r,l,t
-16.22,772,1.931136
-4.64,284,2.179553
-14.55,725,2.817294
-0.2,60,2.871367
-21.7,1000,3.768173
-14.69,699,4.373939
-12.43,653,4.980668
-15.98,898,5.779268
-9.55,485,6.196839
-3.41,211,6.379897
-6.13,343,6.67936
-9.54,554,7.165201
-13.73,633,7.72641
-17.68,888,8.517509
-5.24,274,8.786164
-8.49,449,9.197038
-16.27,887,9.979532
-18.46,926,10.800986
-11.58,568,11.305282
-0.59,89,11.382519
-20.81,921,12.19931
-3.44,214,12.393251
-7.31,391,12.742771
-8.36,496,13.192801
-17.58,798,13.912252
-6.71,391,14.264668
-8.15,455,14.695512
-21.7,1000,15.593389
-5.1,280,15.835008
-22.8,1000,16.706871
-7.51,431,17.112742
-22.0,1000,17.993865
-0.94,114,18.094799
-10.77,597,18.654629
-10.15,525,19.4975
-11.84,644,20.806142
-1.32,132,21.09576
-12.6,620,22.327957
-21.7,1000,24.346986
-5.05,365,25.104281
-9.38,478,26.10005
-5.19,299,26.695533
-17.69,889,28.451455
-18.15,845,30.198746
-19.3,1000,32.271533
-1.19,99,32.47925
-19.0,1000,34.377919
-11.73,633,35.594381
-5.5,300,36.177314
-6.93,433,37.025039
-21.2,1000,38.996787
-11.04,674,40.319086
-24.2,1000,42.293031
-11.36,546,43.348075
-4.41,251,43.848466
-13.4,690,45.217384
-1.28,98,45.397695
-1.65,185,45.739976
-16.93,933,47.538877
-17.08,768,49.055515
0.47,33,49.125472
-20.8,1000,51.134859
-20.0,1000,53.061859
-8.71,471,53.989689
-5.33,343,54.675671
-4.5,340,55.36456
-21.2,1000,57.334089
-13.15,775,58.910618
-9.07,447,59.788112
-20.7,1000,61.702891
-0.14,104,61.899411
0.76,24,61.945729
-6.59,369,62.636545
-10.94,624,63.81394
-8.2,560,64.920927
-20.2,1000,66.879413
-13.31,701,68.286219
-10.3,610,69.498166
-0.98,108,69.714687
-19.1,1000,71.691355
-11.45,555,72.800635
-11.65,745,74.276772
-7.85,495,75.257372
-7.13,333,75.910908
-4.5,310,76.512845
-4.01,241,76.983813
-3.23,223,77.40432
-11.55,565,78.51032
-4.48,308,79.168849
-1.25,135,79.428611
-7.46,376,80.199685
-7.08,418,81.028935
-5.82,352,81.707558
-15.5,760,83.189803
-13.38,658,84.486709
-3.09,219,84.920223
-8.54,534,85.966258
-10.67,467,86.878652
-2.04,184,87.26929
-10.72,632,88.563428
-10.37,497,89.527251
-3.01,131,89.78439
-0.72,72,89.940406
-4.47,307,90.567107
-8.73,513,91.584859
-6.15,425,92.440161
-3.01,261,92.977664
-13.01,801,94.610393
-17.3,1000,96.644934
-9.95,555,97.730168
-19.9,1000,99.683125
-11.36,526,100.674197
-5.53,353,101.366464
-1.83,143,101.667786
-4.32,182,102.064549
-5.94,364,102.795297
-10.67,587,103.95719
-7.75,405,104.750432
-15.6,770,106.268987
-14.29,939,108.112359
-5.71,351,108.78779
-7.05,415,109.583567
-4.87,237,110.068367
-10.19,609,111.27679
-4.34,294,111.848908
-5.64,354,112.536124
-9.14,594,113.711648
-8.0,510,114.683731
-12.6,660,115.975167
-1.44,94,116.184095
-7.84,424,117.02296
-1.69,159,117.340608
-7.02,382,118.092688
-4.86,316,118.715359
-12.24,654,120.054564
-5.74,344,120.758124
-4.73,303,121.350739
-4.41,291,121.928751
-10.45,585,123.090108
-5.72,372,123.83119
-2.01,121,124.086277
-0.36,56,124.203701
-7.47,427,125.095103
-21.9,1000,127.159034
-17.6,1000,129.226526
-16.49,939,131.143669
-12.89,729,132.64201
-18.2,1000,134.639158
-2.91,211,135.079701
-5.77,337,135.743081
-14.32,832,137.43207
0.29,51,137.535915
-1.66,166,137.864857
-8.12,482,138.848277
-3.04,214,139.291392
-6.72,442,140.183848
-7.34,454,141.091639
-4.93,353,141.79424
-16.08,858,143.485808
-2.24,134,143.748918
-10.28,748,145.178383
-22.4,1000,147.202852
-7.2,430,148.066385
-8.82,452,148.946129
-11.02,722,150.343193
-8.02,652,151.675019
-18.2,1000,153.692801
-14.48,928,155.602888
-16.4,1000,157.619626
-7.08,458,158.5405
-4.92,402,159.378671
-19.3,1000,161.433259
-7.34,484,162.471188
-16.5,1000,164.42365
-2.93,243,164.901692
-21.5,1000,166.887058
-4.64,264,167.424043
-10.39,679,168.799449
-14.23,773,170.365833
-10.09,599,171.604922
-4.6,220,172.070026
-3.34,294,172.679416
-7.49,499,173.668489
-18.9,1000,175.635985
-5.24,354,176.363963
-7.38,418,177.189079
-2.87,187,177.559322
-2.9,150,177.876462
-7.76,456,178.78992
-17.19,909,180.609882
-0.72,102,180.819315
-5.34,314,181.469318
-8.95,475,182.426739
-9.31,651,183.733528
-2.53,203,184.140879
-9.7,490,185.115297
-6.27,327,185.773693
-9.95,545,186.879512
-4.22,262,187.412183
-10.54,614,188.669187
-4.46,276,189.238924
-14.12,792,190.865891
-7.92,512,191.927137
-1.83,143,192.215284
-18.9,1000,194.234463
-18.8,1000,196.263716
-2.34,174,196.63294
-6.5,400,197.474071
-19.7,1000,199.541928
-11.87,737,201.057722
-8.94,544,202.161018
-6.9,460,203.086545
-1.58,128,203.343254
-3.62,322,203.988495
-14.7,830,205.634886
-3.51,251,206.139546
-6.15,315,206.76564
-7.67,457,207.702705
-7.97,527,208.796401
-17.98,868,210.551361
-9.1,610,211.784858
-2.69,269,212.317928
-6.96,466,213.271343
-2.95,315,213.907132
-5.04,364,214.622962
-13.0,640,215.957255
-2.64,224,216.394414
-12.25,675,217.770597
-4.35,365,218.499378
-3.81,251,218.995876
-17.4,1000,221.030386
-3.04,214,221.488789
-11.83,803,223.10902
-3.34,304,223.721541
-6.79,449,224.625359
-3.51,261,225.145594
-2.2,190,225.526765
-6.93,483,226.498385
-5.33,333,227.210557
-7.23,493,228.19875
-12.34,924,230.123594
-5.42,322,230.760507
-1.91,151,231.062073
-9.08,498,232.068162
-3.46,256,232.559914
-11.32,662,233.840318
-11.87,787,235.478557
-0.41,51,235.585953
-1.56,96,235.773268
-7.94,454,236.666406
-15.76,786,238.243103
-4.89,319,238.884964
-5.12,412,239.728963
-13.79,769,241.302641
-8.84,644,242.551848
-8.94,474,243.498434
-5.48,288,244.068055
-1.74,174,244.415004
-5.66,386,245.194678
-5.47,357,245.901561
-17.66,916,247.749818
-5.41,391,248.591602
-5.88,408,249.453927
-1.34,144,249.745582
-9.92,752,251.241898
-9.91,671,252.655001
-12.39,749,254.159655
-4.54,314,254.805208
-7.53,413,255.638841
-11.96,706,257.135156
-10.37,547,258.332976
-7.61,511,259.422842
-5.46,296,260.078155
-11.89,719,261.581828
-4.09,269,262.140117
-11.28,718,263.629705
-1.71,191,264.017135
-2.01,151,264.330428
-6.36,396,265.163982
-7.49,559,266.318949
-5.13,313,266.975353
-1.87,187,267.351698
-4.44,284,267.960697
-6.74,444,268.845603
-7.08,508,269.873185
-8.54,454,270.803056
-12.89,809,272.481644
-5.17,317,273.133686
-3.22,272,273.684796
-5.25,245,274.216396
-4.56,386,275.0325
-5.45,345,275.732157
-2.74,174,276.116084
-12.35,645,277.452295
-4.87,327,278.14939
-18.4,1000,280.360468
-0.91,141,280.667739
-7.85,525,281.867757
-4.63,283,282.454343
-0.81,91,282.651851
-2.94,214,283.119293
-1.4,100,283.335188
-7.22,472,284.35219
-9.11,471,285.350269
0.3,40,285.438539
-9.45,635,286.811863
-2.12,132,287.087548
-7.74,504,288.160069
-6.69,429,289.125891
-16.08,878,291.005692
-7.42,432,291.947375
0.29,41,292.032316
-12.86,786,293.713165
-10.38,718,295.148889
-3.69,279,295.729613
-13.36,916,297.671169
-19.0,1000,299.752159
-17.7,1000,301.820115
-1.92,152,302.136561
-16.47,977,304.189527
-7.53,443,305.14286
-1.42,192,305.555243
-12.23,793,307.229432
-10.23,603,308.485765
-2.79,249,308.995673
-3.99,289,309.590444
-9.51,651,310.957998
-15.2,1000,313.034272
-4.26,346,313.746656
-2.19,229,314.236664
-6.87,427,315.131855
-7.7,560,316.282278
-7.11,461,317.234964
-4.22,272,317.817976
-6.0,420,318.753873
-4.41,251,319.310232
-1.89,179,319.692299
-7.14,464,320.764038
-16.94,944,322.799616
-12.65,875,324.710259
-3.52,272,325.311646
-5.82,382,326.144941
-3.14,224,326.622094
-16.1,1000,328.82903
-2.52,162,329.182533
-18.5,1000,331.370893
-7.88,488,332.388894
-2.77,187,332.761486
-11.54,784,334.462863
-11.12,762,336.051619
-4.82,362,336.814618
-0.05,55,336.932843
-0.26,76,337.094582
-10.06,656,338.460532
-13.12,952,340.403959
-13.76,946,342.391122
-5.12,332,343.07787
-16.2,1000,345.185529
-15.3,890,347.09358
-11.46,666,348.517973
-10.69,649,349.927713
-17.8,1000,351.996817
-13.66,936,354.037854
-3.33,263,354.591535
-2.29,199,355.023577
-17.0,1000,357.120934
-16.6,1000,359.212308
-3.98,248,359.730998
-0.56,106,359.95613
-2.45,185,360.354753
-4.64,324,361.044759
-13.05,845,362.772953
-0.69,99,362.974818
-4.99,279,363.524135
-4.54,264,364.071175
-2.28,198,364.484996
-17.0,1000,366.660336
0.1,40,366.745665
-8.45,515,367.841505
-9.7,680,369.273038
-15.25,975,371.265726
-13.4,810,372.967325
-14.72,872,374.796536
-2.28,258,375.338233
-8.61,611,376.617232
-5.62,432,377.527147
-7.86,626,378.895993
-2.42,142,379.204692
-15.6,1000,381.380579
-13.08,808,383.123966
-9.86,586,384.322759
-1.25,155,384.644322
-7.9,570,385.866084
-1.83,123,386.145152
-13.34,834,388.035185
-9.29,629,389.476422
-16.1,1000,391.717284
-17.5,1000,394.128433
-4.06,186,394.531859
-16.75,985,396.779033
-2.33,213,397.290636
-11.18,688,398.880316
-6.11,461,399.953074
-5.61,431,400.953344
-12.39,859,402.967106
-1.24,84,403.162632
-13.79,819,405.042365
-2.1,190,405.481324
-5.14,354,406.326839
-7.13,453,407.416804
-4.71,271,408.032737
-0.95,155,408.372744
-4.74,294,409.053771
-5.87,377,409.934129
-6.01,351,410.776089
-4.57,327,411.579013
0.01,69,411.75526
-3.66,256,412.415133
-0.84,84,412.642667
-4.64,304,413.430294
-14.9,1000,415.926649
-5.56,356,416.851625
-0.38,68,417.036156
-5.49,419,418.242892
-6.81,401,419.334135
-8.48,488,420.596071
-5.31,351,421.569429
-11.04,744,423.630311
-10.35,685,425.391021
-18.9,1000,428.116835
0.57,53,428.258518
-8.53,503,429.471925
-2.1,170,429.862969
-2.11,171,430.277234
-1.93,153,430.6274
-2.67,217,431.147761
-11.11,741,432.893728
-6.22,472,433.99987
-0.37,77,434.177774
-3.9,250,434.789048
-5.05,425,436.316207
-0.83,63,436.537075
-3.29,269,437.361532
-7.9,590,439.284696
-0.96,166,439.822087
-4.86,346,440.936906
-13.91,881,443.279706
-6.67,507,444.535575
-5.83,483,445.68263
-0.37,67,445.849294
-1.9,160,446.241526
-11.48,788,448.149579
-5.8,460,449.283149
-1.62,162,449.747443
-0.38,88,449.967921
-3.5,230,450.544199
-6.29,539,451.904962
-7.88,498,453.121257
-4.76,356,454.027325
-9.18,658,455.656155
-17.1,1000,458.041346
-15.28,928,460.260974
-18.58,988,462.578557
-2.45,245,463.151089
-7.13,463,464.229321
-3.63,303,464.964361
-3.68,298,465.67771
-0.87,87,465.890601
-2.7,240,466.447178
0.73,37,466.531419
-13.19,979,468.82233
-3.27,257,469.426615
-8.92,602,470.850067
-11.35,665,472.385492
-0.48,118,472.661079
-9.11,551,474.012172
-0.69,109,474.276798
-3.77,247,474.833552
-5.28,418,475.818243
-3.0,200,476.27738
-6.79,449,477.321414
-2.36,176,477.723635
-14.87,987,480.017984
-4.41,251,480.619708
-4.93,353,481.498142
-2.16,176,481.941135
-1.49,119,482.240801
-6.47,387,483.182674
-0.85,125,483.474409
-2.98,218,484.022538
-6.83,503,485.206201
-0.82,112,485.473843
-5.75,445,486.551105
-7.52,492,487.845105
-17.6,1000,490.249966
-9.28,578,491.638346
-8.69,489,492.880397
-10.62,692,494.647919
-5.91,471,495.797413
-4.88,468,496.926739
-2.75,225,497.520891
-4.58,318,498.354596
-8.66,416,499.540321
-2.5,210,500.117384
-2.36,196,500.606478
-0.66,76,500.796968
-2.09,209,501.314531
-9.88,708,503.116436
-2.11,191,503.584528
-1.1,100,503.820958
-0.96,116,504.106934
0.54,26,504.171645
-3.76,236,504.778491
-3.21,251,505.411391
-12.52,822,507.463957
-0.45,55,507.607746
-2.71,241,508.213347
-4.56,416,509.280885
-3.16,286,509.997591
-13.65,795,512.120154
-3.87,327,513.006515
-1.5,140,513.383904
-8.33,523,514.707241
-16.5,1000,517.387519
-6.7,540,518.843339
-12.41,771,520.779388
-5.52,432,521.966765
-6.35,495,523.264448
-5.68,448,524.389861
-14.79,809,526.418396
-8.26,636,528.050201
-3.75,295,528.81034
-6.66,406,529.906934
-6.02,432,531.003032
-9.44,694,532.723584
-15.6,1000,535.218517
-1.13,113,535.499747
-3.19,239,536.149626
-4.7,330,536.976724
-7.01,451,538.169461
-12.5,870,540.417702
-1.24,154,540.785043
-0.45,115,541.066988
-5.41,411,542.056859
-2.54,264,542.743124
-7.94,544,544.06332
-8.8,630,545.69801
-6.56,486,546.871239
-4.51,361,547.772807
-0.25,65,547.933922
-4.27,367,548.799585
-0.8,110,549.058796
-14.8,860,551.186559
-4.48,288,551.911504
-1.44,124,552.228992
-1.21,111,552.520909
-1.91,171,552.935359
-12.18,808,554.996175
-10.58,638,556.597828
-4.6,250,557.232456
-2.17,147,557.580685
-1.11,171,557.995481
-4.94,394,559.169523
-2.93,233,559.77838
-8.22,592,561.286709
-2.0,170,561.730034
-9.89,679,563.468373
-5.44,364,564.408514
-0.14,34,564.495731
-1.33,153,564.889156
-1.75,145,565.250165
-1.11,131,565.574076
-1.65,155,565.984179
-5.48,408,567.020182
-4.24,374,568.006577
-2.31,241,568.591833
-7.65,505,569.882488
-0.62,112,570.18134
-1.34,124,570.502054
-7.8,580,572.018369
-5.3,430,573.090024
-4.15,275,573.754644
-0.26,66,573.922229
-10.3,690,575.690975
-0.82,102,575.993748
-7.47,477,577.196582
-1.55,155,577.58499
-17.5,1000,580.277108
-3.15,265,580.948902
-14.15,955,583.379828
-3.64,234,583.972336
-14.19,979,586.397999
-1.74,164,586.813641
-7.73,603,588.394849
-10.35,695,590.153714
-10.55,745,591.980843
-6.97,577,593.405966
-5.48,398,594.400695
-14.59,919,596.748839
-9.8,690,598.495094
-2.25,195,598.96421
-0.93,153,599.31929
-0.13,43,599.426734
-2.27,217,599.955736
-4.35,265,600.577697
-13.48,858,602.670201
-10.74,634,604.268423
-3.58,288,605.016981
-1.07,147,605.399698
-4.58,358,606.352204
-10.94,694,608.170577
-2.52,162,608.596977
-14.5,1000,611.210881
-5.65,445,612.378676
-0.5,110,612.652609
-5.93,453,613.779562
-4.15,275,614.487194
-1.11,141,614.837824
-0.26,106,615.111172
0.32,68,615.283896
-4.19,239,615.868259
-5.86,316,616.66872
-15.13,963,619.43366
-5.18,388,620.508803
-10.95,815,622.758019
-1.51,181,623.230356
-3.36,306,624.049413
-2.53,253,624.678251
-7.02,482,626.003272
-2.56,206,626.525634
-6.22,452,627.749695
0.11,59,627.91091
-3.11,221,628.466845
-3.36,236,629.062741
-4.84,304,629.826609
-5.34,434,630.991397
-16.4,1000,633.622805
0.14,56,633.763534
-2.75,265,634.429758
-0.69,129,634.773458
-5.27,397,635.7747
-4.26,326,636.629225
-1.42,162,637.071613
-1.6,160,637.49719
-6.44,474,638.667283
-5.05,435,639.745888
-2.12,232,640.358207
-3.09,269,641.090996
-5.57,437,642.250188
-4.57,367,643.172134
-3.14,254,643.851235
-2.8,280,644.546591
-2.5,260,645.221145
-7.22,552,646.660798
-2.64,214,647.226419
-8.71,651,648.939077
-6.2,440,650.052355
-0.25,95,650.293345
-9.57,747,652.118573
-0.88,148,652.492178
-1.77,187,652.973719
-3.88,318,653.795407
-7.36,486,655.03641
-1.97,147,655.409928
-12.72,932,657.823935
-1.28,128,658.160404
-15.0,1000,660.720832
-2.94,174,661.142966
-4.62,372,662.115334
-0.2,70,662.290704
-7.13,503,663.589638
-4.17,257,664.29301
-3.46,356,665.19604
-8.61,551,666.556624
-1.79,159,666.964711
-0.4,100,667.219737
-7.29,519,668.522839
-2.46,206,669.039955
-0.63,63,669.198796
-3.11,171,669.617998
-3.44,284,670.319082
-5.53,373,671.287979
-2.39,199,671.841367
-1.25,185,672.351645
-13.8,1000,675.015667
-2.01,181,675.48927
-3.41,281,676.188673
-5.1,380,677.102496
-8.5,610,678.659916
-9.79,729,680.7132
-0.54,74,680.898618
-0.52,112,681.208911
-2.26,186,681.737845
-3.42,292,682.504039
-0.58,68,682.694224
-3.04,234,683.303863
-1.37,117,683.604051
0.18,72,683.809704
-9.01,731,685.833635
-5.89,379,686.819472
-9.18,578,688.35072
-5.84,444,689.519621
-2.0,140,689.892003
-3.27,327,690.749068
-0.83,93,691.006211
-0.94,124,691.326119
-13.9,1000,693.955426
0.11,69,694.1275
-7.42,552,695.563496
-0.73,103,695.830204
-4.67,377,696.79113
-7.99,579,698.275468
-13.98,868,700.50195
-3.44,324,701.375049
-1.19,79,701.573054
-3.81,311,702.449515
-3.02,272,703.223105
-5.2,440,704.363621
-3.9,280,705.04791
-10.05,745,707.039549
-14.4,990,709.635012
-2.87,287,710.365466
-4.94,404,711.45434
-1.09,119,711.746021
-2.13,163,712.144707
-6.44,374,713.109812
-2.19,139,713.498585
-3.19,259,714.271715
-2.03,173,714.762319
-4.13,313,715.717099
-3.09,289,716.533498
-3.45,285,717.376922
-0.05,75,717.617737
-2.2,200,718.184273
-0.95,115,718.502142
-1.08,128,718.830375
-4.19,309,719.695544
-6.03,413,720.845256
0.06,74,721.048959
-2.76,236,721.688711
-10.16,766,723.910419
-4.46,406,725.090032
-2.47,217,725.715569
-1.79,149,726.136021
-2.54,184,726.630077
-6.16,466,727.86808
-6.05,405,728.900896
-0.47,137,729.252171
-5.37,387,730.36539
-3.99,309,731.193019
-0.21,71,731.395739
-6.53,483,732.764205
-8.01,601,734.379598
-6.9,470,735.657976
0.01,69,735.836794
-0.75,105,736.127066
-9.26,686,737.993665
0.02,58,738.154892
-0.99,79,738.37975
-6.02,372,739.468394
-0.73,113,739.801564
0.11,49,739.931319
-1.47,167,740.450556
-3.98,318,741.341863
-2.86,226,741.997622
-8.26,646,743.743669
-1.21,121,744.073141
-7.49,549,745.613283
-1.69,159,746.056793
-0.26,86,746.299223
0.32,38,746.412774
-1.54,174,746.908463
-11.27,827,749.25311
-7.8,560,750.823918
-8.78,608,752.613302
-5.66,456,753.860692
0.62,28,753.931014
-0.57,87,754.157887
-10.11,801,756.351723
-6.99,509,757.653743
-3.17,327,758.509625
-3.75,295,759.309063
-5.26,366,760.345345
-13.6,1000,763.184747
-0.1,70,763.382055
-0.02,62,763.568499
-0.84,134,763.966783
-6.22,482,765.314623
-10.71,761,767.383088
-14.15,995,770.107923
-0.41,101,770.392653
-6.02,472,771.728353
-1.77,177,772.226976
-14.6,1000,775.0037
-6.08,468,776.335387
-3.61,241,777.023454
-8.63,673,778.975749
-1.31,151,779.388767
-6.59,529,780.85406
-5.97,487,782.240072
-2.51,211,782.863859
-1.73,183,783.389727
-1.29,129,783.745925
-3.13,233,784.394315
-0.63,103,784.711241
-2.13,193,785.260041
-11.86,906,787.823795
-8.43,723,789.86167
-5.11,441,791.073849
-3.13,253,791.77854
-4.99,349,792.767742
-7.24,574,794.384043
-3.4,290,795.240996
-3.69,319,796.170961
-1.11,131,796.519097
-11.65,805,798.750603
-2.18,208,799.390468
-10.86,926,802.01185
-1.96,206,802.613211
-1.24,154,803.078578
-5.31,401,804.256277
-1.18,148,804.657187
-1.53,203,805.226533
-1.65,165,805.689124
-7.08,598,807.365154
-0.93,123,807.697922
-0.82,122,808.021297
-5.67,467,809.276201
-0.11,61,809.451354
-9.43,663,811.367666
-0.91,131,811.758327
-3.63,213,812.390811
-3.28,218,813.01963
-0.81,121,813.377145
-4.26,326,814.279404
-7.32,622,815.970009
-2.46,206,816.543382
-2.3,230,817.164879
-1.53,133,817.523696
-1.06,166,818.044263
-4.16,256,818.746736
-1.13,163,819.206102
-4.98,368,820.231811
-2.27,177,820.706117
-4.51,281,821.506935
-3.81,281,822.274317
-3.33,243,822.909796
0.14,56,823.062481
-3.76,296,823.873208
-1.31,141,824.259854
-0.15,75,824.477573
-2.85,225,825.130433
-7.32,602,826.828512
-1.11,171,827.345424
-0.68,78,827.561957
-9.37,667,829.517048
-4.05,335,830.519879
-5.98,468,831.802425
-0.84,154,832.219781
-8.62,652,834.021614
-4.25,365,835.036134
-1.36,136,835.438967
-4.02,312,836.328078
-1.76,216,836.948472
-1.79,169,837.432894
-6.04,514,838.933649
-9.31,811,841.189585
-7.74,684,843.113897
-1.73,203,843.67146
-3.92,252,844.360602
-16.3,1000,847.273052
-3.89,239,847.93124
-2.2,230,848.539495
-0.17,107,848.863379
-2.59,279,849.732506
-0.25,75,849.969601
-3.43,363,850.981597
-6.01,491,852.335208
-1.45,205,852.915341
-0.67,127,853.254963
-1.19,119,853.600393
-7.83,653,855.527122
-0.2,80,855.758743
-2.42,152,856.157256
-5.18,408,857.272663
-1.44,194,857.859361
-1.17,177,858.383193
-3.02,272,859.336868
-3.52,342,860.355686
-0.62,122,860.73094
-5.75,395,861.891913
-0.73,83,862.140513
-4.91,331,863.069175
-3.16,176,863.567184
-12.34,904,866.194676
-13.3,880,868.734102
-10.08,808,871.110064
-1.03,123,871.465014
-10.98,808,873.881802
0.43,37,873.984961
-12.16,866,876.41626
-9.46,616,878.05818
-0.89,149,878.459402
-1.52,192,878.984869
-0.79,99,879.284189
-6.71,551,880.871757
-3.03,313,881.772077
-2.77,257,882.486567
-3.19,239,883.112578
-0.63,153,883.514575
0.12,58,883.665483
-1.86,146,884.059183
-5.99,419,885.15903
-2.68,228,885.819339
-0.42,72,886.029167
-10.15,745,888.193637
-2.33,203,888.784722
-1.36,146,889.1796
-3.11,271,890.012196
-1.04,94,890.262659
-3.65,275,891.055584
-5.81,361,892.098547
-4.3,380,893.207495
-0.37,127,893.553891
-5.83,363,894.537499
0.42,48,894.682222
-2.54,204,895.28407
-2.1,200,895.868664
-0.33,83,896.094808
-4.24,374,897.141624
-4.4,380,898.245275
-1.75,225,898.850833
-3.28,228,899.467108
-0.75,95,899.759802
-1.64,174,900.249904
-0.99,99,900.510036
-2.15,155,900.906907
-10.17,607,902.531471
-0.6,100,902.796899
-4.36,356,903.798689
-0.26,66,903.967285
-9.33,733,906.001655
-0.96,126,906.347164
0.43,27,906.422046
-0.29,69,906.607387
-7.19,479,908.030182
-0.96,146,908.437595
-1.96,226,909.083587
-2.51,221,909.740464
-12.82,852,912.200406
-0.17,77,912.414598
-7.24,454,913.68477
-0.87,137,914.059227
-1.07,107,914.402748
-6.81,521,915.860569
-7.36,586,917.486316
-3.38,278,918.294582
-2.9,300,919.192894
-1.98,148,919.631142
-3.41,321,920.477017
-6.0,480,921.862998
-5.49,449,923.194267
-6.97,527,924.660913
-0.2,60,924.828122
-6.82,512,926.282394
-2.37,307,927.1249
-3.38,328,928.022668
-2.06,176,928.511255
-3.24,254,929.258878
-9.21,761,931.436029
-0.16,96,931.723526
-2.46,226,932.381248
-1.11,81,932.602816
-1.83,213,933.20685
-13.49,969,935.96363
-1.47,167,936.433798
-1.71,141,936.811656
-2.91,231,937.440108
-2.33,183,937.973823
-1.34,144,938.384552
-3.64,304,939.249495
-0.73,103,939.5266
-3.42,342,940.513317
-9.15,695,942.549775
-0.93,113,942.857634
-4.27,407,943.962911
-0.01,71,944.168443
-3.1,320,945.060482
-5.27,407,946.233926
-4.55,425,947.438168
-1.76,156,947.868641
-8.36,646,949.699513
0.36,54,949.839396
-0.5,120,950.16836
-2.19,209,950.725341
-1.98,178,951.244418
-2.12,182,951.84067
-2.6,230,952.485497
-3.53,283,953.300615
-2.07,207,953.882597
-3.34,244,954.559898
-2.44,234,955.200704
-1.17,137,955.618452
-1.1,130,956.026393
-6.23,483,957.398676
-0.79,119,957.732562
-2.11,211,958.332896
-4.47,397,959.408074
-1.76,156,959.837133
-4.7,350,960.869532
-1.79,199,961.383029
-0.23,73,961.57276
-4.52,392,962.631481
-3.67,357,963.625271
-14.93,903,966.188102
-14.1,1000,968.999814
-6.98,558,970.521266
0.17,63,970.710705
-2.44,274,971.466484
-7.5,540,972.956938
-7.57,537,974.390565
-2.74,284,975.171008
-2.51,231,975.803983
0.01,69,975.988509
-1.04,144,976.386914
-8.29,629,978.201496
-6.75,555,979.993081
-6.63,493,981.463267
-0.27,47,981.609373
-7.05,565,983.161915
-3.69,249,983.872194
-3.88,328,984.746992
-1.44,144,985.135261
-3.08,248,985.796509
-1.03,103,986.079035
-6.42,552,987.584287
-3.83,323,988.486904
-3.77,327,989.422837
-4.67,417,990.664319
-0.89,129,991.051105
-1.14,134,991.444345
-2.3,200,992.019139
-3.04,294,992.821393
-8.29,709,994.729914
-3.81,361,995.73005
-4.47,427,996.962454
-0.53,113,997.3059
-3.78,318,998.255877
-4.88,428,999.507561
-2.2,220,1000.157857
-0.22,102,1000.469223
-4.91,371,1001.567587
-4.45,365,1002.651232
-0.34,94,1002.922457
-3.03,293,1003.731609
-2.99,249,1004.397923
-0.33,83,1004.620212
-3.07,277,1005.401839
-1.33,173,1005.871074
-2.98,268,1006.608662
0.2,60,1006.767975
-2.0,200,1007.370217
-0.69,99,1007.646349
-0.77,87,1007.907036
-3.13,293,1008.781928
-2.61,191,1009.323402
-6.69,539,1010.826706
-7.48,578,1012.413237
-0.89,119,1012.751856
-1.21,171,1013.224445
-6.43,523,1014.671235
-3.27,267,1015.495385
-7.24,594,1017.277952
-1.37,157,1017.72227
-5.29,409,1018.968143
-2.38,218,1019.573088
-1.84,224,1020.238594
-1.88,178,1020.785019
0.2,30,1020.869082
-2.68,228,1021.512897
-3.24,344,1022.46595
-1.64,184,1022.990871
-5.55,495,1024.433627
-1.72,152,1024.879494
-3.69,319,1025.842347
-3.98,368,1026.893329
-1.88,168,1027.349585
-2.72,182,1027.847854
-0.14,64,1028.054818
-7.25,555,1029.638982
-1.78,178,1030.123876
-1.64,214,1030.731517
-0.2,50,1030.858482
-2.79,249,1031.551544
0.46,44,1031.679994
-12.99,989,1034.70379
-14.2,1000,1038.176618
-8.31,681,1040.550868
-3.4,370,1041.668154
-7.0,600,1043.564872
-11.14,864,1046.327653
-2.3,210,1047.140817
-2.33,153,1047.661961
0.16,34,1047.795387
-3.41,251,1048.679622
-1.02,132,1049.076177
-4.45,305,1049.977295
-1.33,203,1050.645662
-0.89,109,1050.981116
-4.88,418,1052.277791
-0.48,88,1052.555151
-2.6,200,1053.105614
-5.92,482,1054.467199
-2.26,196,1055.084623
-2.53,193,1055.618939
-4.24,404,1056.891741
-4.35,395,1058.131966
-2.46,196,1058.719137
-3.42,342,1059.859559
-4.08,368,1061.071478
-1.07,157,1061.52849
-2.37,257,1062.258313
-2.47,217,1062.869805
-14.1,1000,1065.553667
-4.8,430,1066.70127
-0.57,97,1066.985666
-5.84,474,1068.359777
-0.67,97,1068.620272
-2.27,227,1069.322635
-1.49,199,1069.903764
-2.93,333,1070.833338
-2.28,198,1071.415907
-0.72,142,1071.794595
-2.42,232,1072.401094
-2.2,170,1072.898951
-6.43,473,1074.221391
-4.12,372,1075.292666
-2.85,245,1075.980045
-0.11,71,1076.187981
-1.29,179,1076.725175
0.23,37,1076.841623
-2.83,253,1077.579834
-0.12,52,1077.734855
-2.87,327,1078.66794
-15.5,1000,1081.558645
-2.76,256,1082.248266
0.3,60,1082.410557
0.25,45,1082.533668
-1.0,90,1082.786971
-0.77,117,1083.109157
0.24,46,1083.260506
-4.41,381,1084.330695
0.08,92,1084.586388
-0.9,90,1084.834725
-4.22,342,1085.863555
0.01,89,1086.126701
-5.18,388,1087.253166
-0.91,121,1087.589798
-3.85,315,1088.515586
-1.92,182,1089.063408
-0.61,151,1089.49541
-4.46,396,1090.597704
-1.67,167,1091.074762
-3.09,299,1091.973603
-1.28,158,1092.422359
-1.58,178,1093.005445
-6.16,426,1094.232493
-0.38,98,1094.556805
-13.9,1000,1097.371049
-4.57,447,1098.7892
-2.48,258,1099.665307
-4.21,371,1100.720131
-0.75,135,1101.137619
-3.1,300,1102.087959
-9.12,622,1103.90982
-1.49,179,1104.410676
-7.96,546,1105.961051
-1.51,171,1106.452126
-1.7,210,1107.042513
-1.22,152,1107.456825
-1.35,145,1107.859692
-5.29,489,1109.216215
-1.37,107,1109.530721
-1.16,146,1109.93952
-0.17,77,1110.182837
-15.3,1000,1113.183691
-1.89,189,1113.742235
-3.84,274,1114.529261
-5.4,470,1115.871742
-2.81,251,1116.610281
-1.71,191,1117.172772
-1.39,189,1117.719265
-4.16,346,1118.760364
-7.77,587,1120.429749
-4.9,400,1121.568729
-1.19,159,1121.994514
-5.0,340,1122.918634
-1.61,251,1123.606904
-2.22,222,1124.241292
-3.36,276,1125.026184
-2.93,273,1125.818799
0.03,77,1126.031037
-4.46,376,1127.044579
-1.36,136,1127.455637
-2.24,204,1128.062997
-0.99,109,1128.38456
-2.05,175,1128.91403
-1.16,136,1129.323651
0.43,27,1129.404521
-2.27,247,1130.124299
-3.78,438,1131.399262
-4.69,379,1132.515621
-1.58,128,1132.887549
-3.9,270,1133.654334
-12.99,899,1136.259488
-1.34,154,1136.693539
-1.25,155,1137.109301
-1.98,188,1137.619585
-13.2,1000,1140.385504
-0.73,143,1140.777818
-1.87,167,1141.286004
-0.1,60,1141.456269
-0.57,97,1141.732916
0.27,63,1141.916781
-6.73,463,1143.341827
-4.74,424,1144.561521
-1.96,156,1145.004869
-8.05,755,1147.079042
-2.18,258,1147.802852
-9.88,788,1150.117655
-2.1,200,1150.719985
-7.0,590,1152.406507
-0.76,126,1152.752761
-1.71,161,1153.225246
-5.47,447,1154.467498
-4.17,377,1155.579157
-0.29,69,1155.782858
-6.62,552,1157.445711
0.07,83,1157.708434
0.29,41,1157.842975
-5.62,452,1159.471363
-1.43,193,1160.007206
-2.05,235,1160.658076
0.35,45,1160.788198
-1.93,163,1161.269821
-9.04,664,1163.197955
-2.76,256,1163.953203
-0.75,125,1164.308699
-7.52,492,1165.709616
0.59,31,1165.798832
-6.91,551,1167.371233
-1.2,120,1167.724405
-0.18,48,1167.867722
-1.91,201,1168.433937
-1.9,200,1169.022156
-0.27,57,1169.188427
-1.22,122,1169.521172
-4.14,334,1170.448516
-1.29,139,1170.874228
-2.14,204,1171.490658
-0.96,116,1171.86979
-12.55,955,1174.775986
-3.28,318,1175.714121
-2.2,220,1176.365234
-0.67,97,1176.664808
-4.31,321,1177.723689
-1.0,110,1178.106502
-4.94,344,1179.111418
-2.47,227,1179.764535
-0.3,100,1180.033916
-5.11,431,1181.227457
-4.92,312,1182.125619
-0.15,75,1182.357703
-6.45,475,1183.848417
-0.03,103,1184.158554
-2.64,274,1184.981922
-0.22,62,1185.160659
-1.13,123,1185.510962
-3.39,319,1186.565192
-3.99,389,1187.728434
0.02,58,1187.892782
-1.01,131,1188.27329
-14.0,1000,1191.131599
-2.13,173,1191.620089
-5.34,414,1192.877106
-1.52,222,1193.555104
-3.47,237,1194.296053
-2.13,183,1194.880575
-1.61,181,1195.417269
-0.02,92,1195.723019
-5.38,328,1196.669342
-0.33,103,1196.997643
-2.39,239,1197.732409
-9.72,742,1199.895415
-6.15,465,1201.30811
-1.12,152,1201.792678
-0.42,62,1201.971237
-14.5,1000,1204.920326
-3.48,328,1205.846999
-4.49,309,1206.790224
-2.97,267,1207.589144
-5.04,424,1208.853025
-3.98,268,1209.61412
-1.42,132,1210.009475
-2.72,302,1210.873515
-6.16,456,1212.183906
-3.95,315,1213.149037
-1.57,217,1213.805272
-2.45,275,1214.596706
0.41,39,1214.70696
-4.48,398,1215.988574
-1.74,184,1216.513024
-2.11,201,1217.119722
-1.7,170,1217.588259
-4.45,375,1218.694808
-0.57,107,1219.028281
-0.14,104,1219.378571
0.25,35,1219.483466
-0.01,61,1219.671294
-2.55,295,1220.553394
-13.6,1000,1223.489554
-1.13,163,1223.924729
-1.53,203,1224.490437
-2.49,169,1224.964577
-6.18,398,1226.151196
-5.33,503,1227.700262
-6.91,551,1229.411925
-0.63,113,1229.749954
-2.32,212,1230.358341
-0.09,99,1230.634221
-0.53,113,1230.942934
-5.05,395,1232.079264
-2.77,227,1232.750487
-7.95,595,1234.470137
-1.48,168,1234.938
-1.0,160,1235.385218
-3.67,367,1236.393433
-9.57,707,1238.428798
-0.32,82,1238.66359
-1.04,154,1239.098576
-0.43,63,1239.285556
-3.27,277,1240.113193
-5.24,374,1241.255718
-0.98,148,1241.677046
-0.22,72,1241.879463
-7.97,637,1243.732064
-5.61,471,1245.206909
-0.49,69,1245.411321
0.59,21,1245.47361
0.09,81,1245.725511
-0.26,66,1245.949034
-0.92,132,1246.34514
-1.34,194,1246.890812
-1.72,192,1247.495276
0.43,57,1247.677396
0.08,72,1247.891352
-1.27,157,1248.387817
0.11,79,1248.630058
0.13,67,1248.819542
-5.41,421,1250.124526
-10.92,852,1252.73058
-1.23,173,1253.235485
0.22,58,1253.407784
-5.07,377,1254.648506
-1.78,218,1255.291295
0.26,34,1255.393713
0.01,79,1255.617059
0.53,17,1255.674702
-0.66,116,1256.01323
-8.13,643,1257.929266
-0.78,88,1258.186851
-4.05,285,1258.987164
-1.59,179,1259.472258
-3.4,300,1260.267726
-8.18,578,1262.035631
-2.48,248,1262.765796
-2.08,178,1263.305331
0.02,48,1263.446175
-8.74,734,1265.666513
-3.81,361,1266.69932
-1.55,175,1267.236653
-2.66,266,1268.044802
-1.48,188,1268.664203
-0.83,163,1269.159255
-3.36,316,1270.190463
-0.3,110,1270.53447
-1.6,170,1271.062287
-9.81,681,1273.253189
-1.4,120,1273.614563
-6.03,483,1275.123771
-1.98,218,1275.843149
-4.08,338,1276.800044
-3.13,213,1277.384038
-1.19,129,1277.762171
-2.25,225,1278.451948
-9.16,756,1280.792587
-0.02,72,1280.981374
-0.63,113,1281.31086
0.25,65,1281.518702
-3.45,255,1282.318025
-0.58,108,1282.624661
-2.5,220,1283.314354
-0.16,56,1283.503239
-3.51,331,1284.461361
-1.61,181,1284.989568
-0.01,51,1285.137014
-2.88,358,1286.187078
-0.16,86,1286.436883
-1.01,141,1286.845363
-2.27,237,1287.572191
-5.65,405,1288.764426
0.15,55,1288.91856
-5.46,566,1290.58691
-7.84,664,1292.461149
0.16,34,1292.555517
-1.62,222,1293.192974
-0.62,142,1293.614027
0.04,46,1293.754833
-0.01,81,1294.00261
-1.48,178,1294.480035
-2.73,273,1295.258228
-1.99,249,1295.966999
-0.25,55,1296.119289
-0.56,76,1296.331679
-0.14,84,1296.566057
0.7,20,1296.622552
-0.23,113,1296.939948
-1.28,158,1297.40722
-3.37,367,1298.507565
-1.4,150,1298.995501
-0.0,70,1299.205022
0.65,15,1299.250123
-2.43,233,1299.990849
-1.29,179,1300.499074
-1.69,249,1301.266366
-3.22,242,1302.000138
-7.08,668,1304.033462
-6.35,545,1305.635289
-0.78,148,1306.084042
0.3,40,1306.203918
-1.3,190,1306.760949
0.22,28,1306.847344
-6.03,463,1308.270138
-2.13,143,1308.6686
-2.19,189,1309.243798
-1.0,160,1309.704346
-0.68,148,1310.163575
-0.38,98,1310.439024
-15.3,1000,1313.294397
-0.35,95,1313.586034
-4.02,392,1314.756917
0.14,46,1314.89045
-4.01,401,1316.158643
-0.81,101,1316.481219
-2.59,189,1317.02301
-6.59,579,1318.690724
-1.5,150,1319.126582
-0.43,93,1319.39258
-0.55,75,1319.617286
-4.05,385,1320.731623
-4.56,386,1321.935531
-2.43,213,1322.620901
-3.21,331,1323.63572
-4.5,300,1324.526226
-1.12,172,1325.029647
-6.24,454,1326.368052
-0.35,95,1326.643841
-2.87,257,1327.399496
-1.02,102,1327.697749
-0.15,105,1328.010377
-0.16,66,1328.200078
0.46,54,1328.358933
-0.6,120,1328.705971
-0.1,70,1328.922439
-2.81,221,1329.555638
-6.46,536,1331.172467
-2.29,239,1331.884169
-0.06,96,1332.193463
-1.01,161,1332.683338
-6.88,568,1334.333839
-5.19,429,1335.609213
-0.42,132,1336.012292
-0.87,137,1336.401079
-1.56,156,1336.858664
-4.3,330,1337.813327
0.11,69,1338.010876
-1.35,185,1338.603274
-0.56,56,1338.808195
0.05,65,1339.082774
-1.75,155,1339.601405
-8.62,722,1341.861683
-0.24,64,1342.058926
-4.32,322,1343.019346
0.19,61,1343.228788
-2.35,215,1343.816316
0.08,32,1343.904565
-0.42,82,1344.158603
-8.83,773,1346.277434
-3.07,317,1347.192156
-1.49,149,1347.611073
-0.79,159,1348.047973
-5.1,300,1348.846163
-1.71,181,1349.366294
0.41,59,1349.532795
0.76,34,1349.630139
-3.98,378,1350.769806
-5.01,391,1351.894109
-1.25,125,1352.272962
-4.47,327,1353.157334
-0.86,176,1353.639842
-0.55,75,1353.854911
0.08,72,1354.050762
-4.11,381,1355.124884
0.61,19,1355.177836
-6.33,443,1356.390359
-1.09,109,1356.694989
-1.29,169,1357.174376
-0.97,117,1357.506356
-0.27,57,1357.665245
-8.0,670,1359.5772
-3.58,288,1360.406871
-5.49,399,1361.524572
0.33,57,1361.722256
-0.45,95,1362.002813
-4.66,476,1363.385794
-2.38,208,1363.98358
-0.18,78,1364.213506
0.21,39,1364.336009
-8.01,671,1366.244608
-9.18,748,1368.394504
-1.43,203,1368.995914
-3.33,253,1369.696961
-0.57,97,1369.988648
0.25,35,1370.084
0.19,71,1370.28111
-3.57,307,1371.185018
-1.63,183,1371.704074
-3.28,288,1372.553901
0.23,57,1372.705896
-0.07,77,1372.921174
-0.47,107,1373.211508
-6.94,594,1374.953305
-2.22,182,1375.53059
-0.85,145,1375.944614
-2.87,277,1376.747702
-7.0,570,1378.365922
-0.15,85,1378.636705
-3.02,332,1379.576114
-7.53,613,1381.336967
-6.65,585,1383.034324
0.36,44,1383.168988
-4.9,350,1384.215886
-1.43,153,1384.66574
-4.64,414,1385.857868
-2.35,245,1386.611111
-0.62,112,1386.959468
-4.65,425,1388.200865
-2.45,235,1388.881305
-10.09,879,1391.446495
-7.24,494,1392.984251
-3.87,367,1394.030961
-1.62,192,1394.564517
-1.05,125,1394.914226
-1.86,216,1395.541332
-4.5,380,1396.624852
-2.79,269,1397.400573
0.43,27,1397.477307
-4.08,368,1398.490349
-1.0,160,1398.979628
-1.14,184,1399.702298
-1.19,209,1400.378233
-6.63,593,1402.199466
-5.1,460,1403.487203
0.37,33,1403.578681
-0.6,150,1403.984206
-2.64,244,1404.720737
-0.86,96,1405.004445
-0.01,61,1405.171662
-1.46,156,1405.620043
0.07,73,1405.842142
-2.04,274,1406.597802
0.41,29,1406.683031
-4.01,361,1407.725329
-0.23,83,1407.957421
-1.61,191,1408.521139
-1.2,190,1409.07683
-0.04,74,1409.298968
-1.15,55,1409.450688
-0.96,146,1409.864204
-1.45,205,1410.46401
-3.47,277,1411.258935
0.6,30,1411.345208
-4.36,396,1412.476072
-1.82,192,1413.039686
-2.2,260,1413.805914
-0.06,86,1414.055351
-9.59,759,1416.236131
-2.08,218,1416.854371
-6.54,554,1418.530298
-2.21,221,1419.170909
-1.65,195,1419.744686
-7.18,508,1421.213702
-1.34,134,1421.607573
-0.15,95,1421.875474
-0.37,57,1422.037743
-2.77,297,1422.869327
-1.39,169,1423.345296
-5.82,432,1424.538937
-5.24,474,1425.86004
0.23,67,1426.041424
-1.31,141,1426.468675
-7.04,594,1428.22707
-1.24,124,1428.595638
-0.76,116,1428.939021
0.58,42,1429.057999
-3.95,385,1430.156601
-7.94,554,1431.722976
-3.36,346,1432.714382
-0.11,51,1432.861221
-6.67,537,1434.385264
-0.48,78,1434.628467
-5.52,512,1436.148588
-0.63,53,1436.300957
-2.67,267,1437.090723
-1.43,163,1437.572827
-0.92,92,1437.83461
-1.68,188,1438.384511
-2.62,242,1439.057148
0.81,29,1439.138667
-0.53,63,1439.311478
-1.63,173,1439.791353
-2.26,206,1440.355697
-7.2,540,1441.952095
-4.37,387,1443.104875
-0.3,90,1443.3577
-2.29,209,1443.936666
-0.73,173,1444.480911
-5.1,430,1445.816426
-3.44,314,1446.699265
-8.58,678,1448.580838
-2.13,233,1449.261899
-2.09,209,1449.888291
-0.94,94,1450.187648
-0.56,116,1450.55981
-0.14,44,1450.692849
-1.26,136,1451.094061
-1.34,194,1451.684291
-1.71,161,1452.165825
-5.42,422,1453.409832
-1.64,204,1454.011497
-0.94,134,1454.389021
-4.52,452,1455.712647
-0.16,86,1455.936394
-0.38,68,1456.122454
-9.61,871,1458.573735
0.19,51,1458.737875
-0.32,102,1459.040827
-7.2,580,1460.834917
-2.15,225,1461.524168
-9.88,898,1464.172387
-0.21,71,1464.389168
-0.12,72,1464.589233
-2.86,336,1465.578063
-4.77,357,1466.586505
-3.63,303,1467.456138
-4.76,466,1468.827794
-5.66,456,1470.231081
-11.63,943,1472.929511
0.07,73,1473.141427
-0.99,89,1473.417933
-1.58,118,1473.747489
-3.52,332,1474.698615
0.25,55,1474.892684
-2.19,189,1475.438586
-5.46,416,1476.611129
-3.29,319,1477.536394
-4.24,434,1478.78814
-0.78,98,1479.064257
-2.63,273,1479.844458
-5.36,486,1481.283479
-6.3,580,1482.897039
-3.49,339,1483.811743
-4.18,408,1485.014276
-0.47,57,1485.187983
-0.11,71,1485.376015
0.39,71,1485.575624
-0.03,103,1485.882622
-8.78,698,1487.923703
-0.24,74,1488.137727
-0.72,122,1488.468008
-1.59,199,1489.014436
-0.93,173,1489.476985
-0.33,113,1489.800845
0.2,70,1489.997694
-0.6,100,1490.265071
-0.71,151,1490.707602
-2.34,214,1491.303164
-2.49,259,1492.027348
-0.78,108,1492.34526
-2.3,230,1493.070635
-4.14,394,1494.156309
-2.76,276,1494.974003
-1.03,153,1495.437182
-1.69,199,1496.077806
-8.32,752,1498.241151
-2.66,256,1499.005005
-0.26,106,1499.293798
-2.0,210,1499.869957
-0.49,69,1500.056359
-5.62,512,1501.527799
-7.09,549,1503.062461
-0.45,105,1503.35492
-0.24,64,1503.536007
-6.03,443,1504.7817
-0.6,120,1505.129965
-1.53,153,1505.593241
-3.14,344,1506.577441
-3.79,289,1507.418664
-9.65,725,1509.440002
0.33,47,1509.583385
-0.26,66,1509.789357
-2.68,278,1510.563354
-1.46,196,1511.130877
0.42,38,1511.246912
-0.09,79,1511.462392
-0.72,152,1511.905806
-5.27,447,1513.159737
0.77,23,1513.230953
-3.24,334,1514.194454
-1.39,169,1514.672883
-9.83,743,1516.792878
-1.3,140,1517.184772
0.28,72,1517.380165
-0.75,115,1517.730591
-3.55,415,1519.127655
0.31,49,1519.257243
-1.74,194,1519.850541
-1.45,145,1520.307721
0.44,26,1520.386847
0.18,62,1520.57891
-0.19,99,1520.897023
0.42,48,1521.037003
0.18,52,1521.198783
-2.86,316,1522.170419
-0.71,101,1522.461962
-0.61,131,1522.863369
-0.16,56,1523.035048
-9.45,705,1525.135498
-0.76,126,1525.497498
-1.43,223,1526.122481
-1.12,152,1526.567978
-0.34,144,1526.99169
-0.99,119,1527.363044
-2.65,225,1528.052413
-3.38,258,1528.855343
-0.83,173,1529.330829
-0.08,68,1529.525784
-4.85,445,1530.847972
0.16,64,1531.05464
-5.42,502,1532.624179
-0.62,102,1532.919693
-0.07,67,1533.124828
-0.69,79,1533.366628
-4.44,304,1534.230414
-0.93,103,1534.518845
-0.61,141,1534.922797
-6.39,469,1536.378318
-5.53,443,1537.725176
-1.53,163,1538.22045
-0.54,84,1538.468691
-8.0,640,1540.367978
-0.15,65,1540.557769
0.2,70,1540.750265
-1.82,162,1541.214337
-0.62,102,1541.494939
-8.83,703,1543.628543
-1.13,143,1544.050246
-0.64,154,1544.521562
-0.24,54,1544.70112
-1.59,189,1545.296122
0.01,49,1545.440275
-2.31,201,1546.026639
-1.49,179,1546.588676
-2.34,194,1547.208714
-0.42,122,1547.574117
-0.15,65,1547.803973
-3.15,265,1548.62084
-3.2,250,1549.364511
-1.11,121,1549.756845
-0.19,89,1550.041368
-3.02,302,1550.985637
-4.56,456,1552.343695
-5.6,480,1553.784823
0.59,41,1553.903628
-2.97,267,1554.692419
-3.67,397,1555.792804
-2.43,223,1556.433705
0.05,45,1556.558316
-1.41,151,1556.988352
-3.27,257,1557.70312
0.07,73,1557.915934
-0.9,100,1558.211455
-1.14,104,1558.524408
-3.97,407,1559.683417
-4.01,371,1560.740575
-1.71,201,1561.290848
-1.98,208,1561.869293
-1.31,191,1562.40288
0.75,25,1562.474125
-0.67,147,1562.920546
-0.83,163,1563.39448
-0.08,48,1563.540402
-2.07,197,1564.125125
-2.13,193,1564.686432
-2.78,248,1565.397479
-6.02,522,1566.883718
-7.31,551,1568.603297
-1.8,200,1569.183289
-1.97,207,1569.794304
0.27,33,1569.895782
-1.44,154,1570.343175
-3.67,297,1571.197027
-4.54,414,1572.402525
-3.72,302,1573.295078
0.46,54,1573.460502
-0.13,63,1573.643991
-1.62,172,1574.142777
-1.12,132,1574.502265
-0.75,145,1574.901877
-1.62,192,1575.428754
-3.35,295,1576.230616
-3.71,351,1577.198385
-0.54,104,1577.481014
0.12,58,1577.657605
-2.71,331,1578.629867
-5.35,475,1580.061463
-5.17,457,1581.414423
-0.82,112,1581.751605
-1.8,170,1582.226024
-5.54,384,1583.335468
-2.73,263,1584.097424
-3.97,457,1585.426878
-1.18,138,1585.807462
-0.67,107,1586.103962
-0.74,104,1586.388144
0.13,57,1586.558652
-0.37,97,1586.870841
-1.12,162,1587.329339
0.32,28,1587.40533
-1.18,168,1587.889868
-7.15,615,1589.633235
0.15,45,1589.759206
-5.13,523,1591.287921
-0.59,89,1591.547467
-0.42,82,1591.79206
-0.2,80,1592.025548
-5.3,480,1593.390142
-4.61,401,1594.52724
-0.15,95,1594.796583
-0.29,99,1595.113723
-0.45,135,1595.516323
-1.51,191,1596.091872
-0.21,101,1596.390432
-8.88,668,1598.352055
-2.5,270,1599.137355
-2.28,228,1599.765607
-0.93,113,1600.085066
-4.16,426,1601.32953
0.39,61,1601.511996
-0.04,54,1601.672273
-0.87,157,1602.129061
-1.68,208,1602.712406
-2.38,168,1603.214603
0.76,24,1603.287001
-1.2,150,1603.753925
-0.91,161,1604.256974
-0.38,88,1604.544152
-3.93,383,1605.729986
-6.76,446,1607.081946
-2.15,225,1607.732771
0.07,93,1607.994857
0.25,35,1608.09387
0.15,95,1608.366088
-0.17,97,1608.660848
-0.69,129,1609.044887
-2.47,297,1609.908832
-7.37,617,1611.775729
-0.34,74,1611.997606
-0.81,101,1612.288462
-0.45,95,1612.576454
-11.63,923,1615.496877
-1.58,158,1615.936146
-0.47,77,1616.155318
-3.91,391,1617.266992
-0.17,67,1617.464851
-2.11,211,1618.061175
-0.16,76,1618.281355
-3.66,346,1619.31266
0.12,78,1619.536304
-3.92,312,1620.48039
0.1,80,1620.72831
-2.57,257,1621.480095
-1.56,156,1621.943962
-2.87,227,1622.706113
-5.55,495,1624.179654
-1.66,196,1624.767853
-5.67,447,1626.119783
-1.0,170,1626.652872
-1.4,140,1627.067919
-1.23,173,1627.595623
-3.8,310,1628.525641
-3.45,355,1629.646363
-2.3,190,1630.253927
-6.57,547,1631.857279
-1.86,226,1632.574315
-1.5,180,1633.10912
-2.63,293,1634.022617
-7.25,605,1636.206368
-7.12,552,1638.095816
-3.01,351,1639.465866
0.62,18,1639.536592
-1.68,198,1640.250525
-0.25,65,1640.484478
-2.48,238,1641.304727
-1.31,161,1641.812168
-0.25,75,1642.137196
-4.87,467,1643.81434
-0.98,168,1644.366863
-5.43,503,1645.980368
-0.29,79,1646.203507
0.07,53,1646.357403
-0.55,95,1646.663396
-3.85,315,1647.773555
-0.26,86,1648.065291
-0.35,95,1648.347705
-1.77,207,1649.044056
-3.64,354,1650.216287
-2.14,184,1650.872998
0.67,23,1650.944916
-6.17,527,1652.595718
-0.14,84,1652.85034
0.54,46,1652.985208
0.46,54,1653.127498
0.26,34,1653.228436
-3.44,334,1654.264092
-1.37,197,1654.845684
0.08,62,1655.031852
-0.82,92,1655.309365
-6.65,595,1657.284447
0.36,44,1657.42021
-2.81,261,1658.316926
0.51,29,1658.427049
-3.3,330,1659.53927
0.04,66,1659.791829
-0.23,83,1660.086076
-1.62,172,1660.758209
-0.12,62,1661.005954
-3.38,258,1662.06514
-0.18,78,1662.319497
-1.73,153,1662.906052
-4.72,452,1664.321429
-0.12,72,1664.543387
-2.88,288,1665.378792
-1.73,203,1665.993192
-3.16,316,1666.949595
0.57,43,1667.104334
-0.77,107,1667.445616
-2.45,275,1668.288486
-6.68,508,1669.786247
-1.31,131,1670.161463
-1.38,218,1670.797944
-6.5,550,1672.444029
-4.25,405,1673.762535
-1.08,108,1674.106297
-2.5,180,1674.674594
-1.25,165,1675.226147
-10.37,877,1677.930095
-5.52,492,1679.416466
-3.2,300,1680.348576
-0.77,157,1680.818978
-2.07,207,1681.449946
-2.23,183,1682.034443
-0.07,67,1682.256161
-2.8,280,1683.170055
-0.15,95,1683.468184
0.07,53,1683.65244
0.41,49,1683.806596
-0.16,106,1684.134576
-1.21,171,1684.647521
-3.86,356,1685.755477
-5.22,422,1687.10941
-0.64,134,1687.524783
-1.22,152,1688.000798
0.51,29,1688.084946
-4.16,306,1689.005972
0.5,30,1689.101435
0.28,32,1689.203223
-5.57,407,1690.526695
-1.14,154,1691.027972
0.02,58,1691.195671
-1.17,177,1691.801932
-2.5,260,1692.712866
-1.62,212,1693.378981
-2.06,236,1694.143711
-1.09,129,1694.532894
-0.15,95,1694.821976
0.55,25,1694.904562
-6.06,506,1696.514327
-4.94,384,1697.714115
-0.36,66,1697.930777
-3.43,303,1698.859482
-0.46,136,1699.314158
-7.08,658,1701.469267
-0.38,98,1701.771308
0.24,56,1701.944457
-2.17,217,1702.61729
-0.08,48,1702.761883
-1.31,141,1703.172078
-2.81,291,1704.12955
-1.64,194,1704.738781
0.05,65,1704.946542
-2.22,202,1705.583271
-1.2,160,1706.110555
-3.26,296,1707.051495
-3.35,285,1707.928688
-1.97,157,1708.431486
0.06,74,1708.663095
-0.63,93,1708.929774
-0.93,143,1709.388526
-3.51,361,1710.514191
0.45,65,1710.71664
-0.66,76,1710.948315
-2.31,261,1711.733483
-5.37,487,1713.244838
-0.17,107,1713.597101
-0.29,109,1713.937177
-0.58,78,1714.178214
-1.32,152,1714.640593
-0.73,133,1715.030622
-2.91,361,1716.107898
-1.62,142,1716.565685
-0.76,106,1716.891547
-3.68,368,1718.052097
-0.47,107,1718.394775
-0.17,97,1718.705164
-2.83,313,1719.664835
-2.97,307,1720.629895
-1.46,156,1721.12777
-1.79,179,1721.683736
0.2,70,1721.904325
-2.47,257,1722.728678
-1.01,171,1723.229626
-3.07,257,1723.982535
0.27,53,1724.132212
-2.25,235,1724.851426
-4.32,332,1725.870203
-2.96,236,1726.590707
-4.13,373,1727.749994
-2.59,269,1728.530552
0.03,77,1728.75749
-3.92,342,1729.801659
-1.26,156,1730.281342
-2.28,288,1731.194477
-2.56,236,1731.897651
0.19,61,1732.075342
-9.46,756,1734.510436
-1.67,157,1735.013341
-1.18,188,1735.567764
-2.32,252,1736.310176
-6.13,503,1737.797034
-1.15,165,1738.288516
-0.41,81,1738.553449
-4.88,438,1739.810491
-3.25,295,1740.629617
-2.8,190,1741.198699
-2.61,301,1742.10958
-3.33,273,1742.892249
-2.06,266,1743.681266
-4.51,391,1744.80981
-1.16,136,1745.205971
-12.4,1000,1748.25388
-2.27,197,1748.82283
0.15,55,1748.977365
-0.58,118,1749.381994
-3.14,314,1750.346117
0.33,47,1750.479033
0.13,57,1750.638258
-1.63,153,1751.069649
-3.52,332,1752.129795
-0.08,68,1752.324333
-3.73,363,1753.37839
-2.62,262,1754.180801
-0.11,91,1754.446042
0.47,43,1754.563811
-2.06,206,1755.204788
-2.33,283,1756.073714
-4.42,412,1757.330587
-1.22,162,1757.843513
-2.64,284,1758.678329
0.78,22,1758.763651
-0.23,93,1759.079026
-1.31,201,1759.794721
-0.63,103,1760.141184
-3.76,346,1761.187114
0.14,76,1761.418485
-6.14,514,1762.938972
-1.7,170,1763.421763
-1.58,198,1764.02403
-0.27,57,1764.182092
-8.5,690,1766.261092
-2.02,222,1766.947018
-0.62,92,1767.222679
-7.0,660,1769.287019
-0.63,73,1769.501478
-2.7,230,1770.193005
-1.26,166,1770.713966
-0.15,75,1770.941774
-0.51,141,1771.361401
-7.28,508,1772.859183
-3.74,304,1773.768833
-1.58,158,1774.260775
-1.33,183,1774.816273
-8.37,677,1776.962114
-6.29,589,1778.736196
-0.7,90,1779.029053
-0.43,103,1779.359283
-1.2,160,1779.872283
-2.15,205,1780.467295
-2.12,222,1781.106927
-9.68,798,1783.548263
-2.13,183,1784.10446
-1.02,152,1784.55202
-1.33,183,1785.117586
-7.0,530,1786.715457
-0.51,81,1786.956134
-0.44,84,1787.209491
0.55,35,1787.324349
0.23,67,1787.522014
-0.62,132,1787.934518
-0.64,104,1788.249645
0.18,52,1788.401167
-0.24,84,1788.653242
-0.45,85,1788.906411
0.53,27,1788.982649
-0.07,77,1789.211248
-1.05,205,1789.843835
-1.68,168,1790.344205
-1.24,174,1790.846813
-4.2,400,1792.071417
-0.89,129,1792.478909
0.07,33,1792.585111
-0.68,128,1792.964498
-2.25,215,1793.634142
-5.86,416,1794.899425
-1.82,192,1795.464098
-1.54,204,1796.044935
-0.03,73,1796.239381
-8.96,766,1798.367426
-3.73,323,1799.344418
-0.08,68,1799.54981
-1.82,212,1800.160335
-2.07,187,1800.676104
-2.27,267,1801.454869
-7.62,542,1803.012826
-1.49,209,1803.635337
-0.54,124,1804.006941
0.2,50,1804.15904
-0.38,88,1804.405892
-2.76,256,1805.149761
-2.63,313,1806.068294
-2.02,252,1806.783038
0.21,69,1806.971377
-2.95,265,1807.747223
-3.68,338,1808.792745
-0.27,47,1808.942254
-7.87,577,1810.694665
-2.25,195,1811.285972
-1.29,149,1811.736816
-1.4,150,1812.213538
0.72,18,1812.264348
-2.97,347,1813.29123
-2.97,327,1814.243477
-3.34,304,1815.10383
0.3,50,1815.249817
-3.54,384,1816.393467
-5.64,534,1818.061953
-0.14,64,1818.263733
-2.04,214,1818.955908
-3.37,307,1819.925521
-2.66,266,1820.788125
-2.88,278,1821.689156
-0.56,136,1822.08997
-5.59,459,1823.411309
0.25,45,1823.5387
-0.84,64,1823.732671
-2.69,259,1824.486538
-4.02,352,1825.576221
0.38,42,1825.707121
-7.23,583,1827.408677
-0.33,93,1827.677657
-0.05,45,1827.8076
0.5,40,1827.922356
-1.22,182,1828.453543
-4.75,445,1829.802777
-2.94,274,1830.630935
0.81,19,1830.683984
-0.5,130,1831.087274
-1.76,196,1831.698492
-0.18,68,1831.901882
-2.45,275,1832.694883
0.2,50,1832.83003
-7.32,632,1834.650972
-1.69,149,1835.102892
-0.89,119,1835.443803
-1.49,179,1835.960631
-2.09,219,1836.657132
-9.13,773,1839.000077
0.39,41,1839.128791
-9.99,789,1841.485352
0.13,57,1841.661246
-2.24,254,1842.418343
-0.41,81,1842.666637
-6.68,538,1844.326687
-0.82,92,1844.637827
-0.91,121,1845.068959
-0.45,105,1845.405285
-1.73,143,1845.861674
-0.93,113,1846.213241
-4.31,321,1847.233604
-0.03,93,1847.509835
-1.11,121,1847.86891
-10.16,806,1850.350349
-3.24,254,1851.152845
-1.24,134,1851.55864
0.36,34,1851.65512
-1.49,169,1852.133257
-0.79,119,1852.484023
-0.4,110,1852.844847
-1.87,157,1853.320328
-1.5,170,1853.897528
0.08,72,1854.125589
-0.14,64,1854.33303
-1.18,178,1854.916517
-2.89,239,1855.618633
-6.61,561,1857.230385
-3.56,356,1858.262994
-0.08,48,1858.407168
-0.92,112,1858.791154
0.31,59,1858.980494
-1.27,157,1859.42507
-7.82,542,1860.98875
-0.54,104,1861.298513
-0.84,104,1861.61601
-3.77,357,1862.650661
-1.23,153,1863.085676
-0.24,64,1863.271837
-4.85,385,1864.359584
-1.04,164,1864.80945
0.76,14,1864.854889
-1.08,158,1865.304152
-2.35,245,1865.994367
-0.15,105,1866.292662
-1.49,179,1866.803962
-1.61,151,1867.232921
-1.54,154,1867.658348
-3.04,324,1868.596726
-0.62,82,1868.857814
-4.87,427,1870.101151
0.07,53,1870.277707
-2.68,258,1871.110406
-2.01,261,1871.91063
-1.19,119,1872.2607
-0.63,133,1872.663461
-3.02,302,1873.542632
-2.3,240,1874.254243
-10.63,843,1876.787366
0.28,52,1876.941878
0.3,70,1877.154678
0.24,46,1877.292339
-2.01,241,1878.079662
-2.61,301,1879.126705
-4.53,363,1880.222864
-3.48,278,1881.075798
-2.56,256,1881.878407
-2.65,285,1882.71723
-2.47,297,1883.600214
-0.97,117,1883.947407
0.54,36,1884.051508
0.36,54,1884.210221
-0.0,90,1884.467704
0.44,46,1884.593762
-0.66,136,1884.978037
-0.17,97,1885.267369
0.08,92,1885.534317
0.2,60,1885.708837
-2.18,298,1886.593879
0.33,37,1886.720171
0.11,69,1886.932318
-3.19,329,1887.978817
-1.39,109,1888.292502
-7.68,578,1889.9951
-2.66,266,1890.794584
-0.53,83,1891.046503
-1.78,168,1891.53166
-2.25,225,1892.280693
-0.82,132,1892.680341
-1.67,177,1893.211615
-0.36,96,1893.482401
-5.14,474,1894.869978
-2.8,260,1895.62285
-0.83,133,1896.007731
-1.93,193,1896.6044
0.37,53,1896.762808
-0.13,83,1897.012593
-3.46,336,1897.994409
-0.83,163,1898.447453
-1.04,144,1898.835567
-2.36,206,1899.464892
0.26,34,1899.57505
-2.96,226,1900.229279
0.59,41,1900.336949
-1.79,169,1900.805126
0.16,54,1900.949982
-6.01,481,1902.291538
-0.63,93,1902.588306
-0.54,144,1903.004977
-5.22,442,1904.296923
-4.22,422,1905.548033
-7.37,567,1907.18906
-0.2,60,1907.35945
0.19,61,1907.530829
-2.43,273,1908.324274
-3.88,358,1909.362293
-0.66,96,1909.638842
-0.75,105,1909.931041
-1.69,219,1910.569016
-1.59,139,1910.950795
-0.36,86,1911.197311
-0.32,102,1911.472257
-2.12,212,1912.126499
0.69,41,1912.251358
0.24,36,1912.365454
-2.09,199,1912.942418
0.28,62,1913.140477
-0.65,85,1913.397403
0.32,38,1913.510659
-0.01,61,1913.687964
-1.97,267,1914.446996
-4.26,396,1915.632754
-2.14,244,1916.313253
-1.81,231,1916.942438
-4.76,456,1918.219273
-0.06,76,1918.432124
-1.97,137,1918.860991
-0.05,85,1919.117944
-1.23,153,1919.561154
-2.51,241,1920.289747
-0.23,93,1920.548687
-0.88,88,1920.791209
-0.28,68,1921.005102
-4.65,435,1922.262902
-2.62,262,1923.012893
-1.4,220,1923.65155
0.38,42,1923.783973
-6.82,612,1925.565927
-8.91,811,1928.017932
-0.56,96,1928.32129
0.81,29,1928.407846
-7.06,576,1930.092246
-2.27,197,1930.621622
-2.96,276,1931.393182
0.45,25,1931.467818
-3.31,321,1932.388113
0.59,41,1932.499546
-0.59,99,1932.767967
-3.75,355,1933.74808
-1.18,138,1934.147286
-3.34,324,1935.124174
-0.35,75,1935.352321
-0.08,58,1935.520163
-1.99,229,1936.168128
-2.07,247,1936.892219
-5.36,476,1938.329978
0.09,51,1938.504456
-1.75,225,1939.197841
-0.92,122,1939.542715
-1.19,149,1939.972489
-3.08,328,1940.913756
-3.7,340,1941.942786
-0.29,79,1942.171912
-2.37,227,1942.794899
-1.62,142,1943.249509
0.05,65,1943.44241
0.55,25,1943.514582
-2.42,242,1944.250151
-0.27,87,1944.517111
0.1,70,1944.735105
-7.72,672,1946.73013
-0.7,110,1947.039629
-7.49,629,1948.910212
0.39,51,1949.079761
-0.43,103,1949.386047
-0.65,125,1949.776508
-3.46,286,1950.65052
-6.73,653,1952.546224
-0.06,46,1952.685017
-0.48,118,1953.037205
0.24,26,1953.110299
-2.12,232,1953.791173
-1.8,210,1954.421599
-1.32,172,1954.92192
-1.73,233,1955.591058
-3.36,326,1956.552389
-5.8,480,1957.914876
-5.86,506,1959.393931
-0.29,119,1959.754961
0.23,57,1959.931116
-0.6,80,1960.177807
-0.05,85,1960.425575
-0.72,122,1960.780818
0.26,84,1961.039134
-0.92,122,1961.390075
0.06,54,1961.56236
0.37,63,1961.750518
-0.69,109,1962.092672
0.1,60,1962.263991
-0.27,57,1962.43122
-0.21,61,1962.59561
-0.88,148,1963.037607
0.69,21,1963.111608
-5.12,452,1964.427006
-1.47,177,1964.974761
-2.93,293,1965.835063
-4.38,368,1966.943464
0.58,32,1967.033722
-4.19,339,1968.022606
-3.89,309,1968.923898
-3.01,351,1969.991283
-2.27,267,1970.761998
-1.62,182,1971.295442
0.78,32,1971.384501
-2.54,194,1971.911211
-2.33,253,1972.633478
-1.27,157,1973.068636
-0.26,96,1973.332952
-0.18,88,1973.590483
-0.52,112,1973.913664
0.46,44,1974.045822
-1.85,205,1974.642303
-0.57,127,1975.021485
-1.09,149,1975.449408
-4.14,364,1976.518285
0.24,66,1976.722399
-0.91,151,1977.196652
-0.55,115,1977.520191
-0.03,63,1977.706687
-0.59,139,1978.117539
-0.69,159,1978.602031
-0.74,144,1979.015689
-7.75,695,1980.968629
-2.63,243,1981.663884
-0.32,92,1981.949419
-1.35,195,1982.521885
0.24,36,1982.625971
0.01,69,1982.816789
-5.28,478,1984.236305
-2.09,189,1984.819964
-3.05,325,1985.793048
-0.23,93,1986.074917
-0.59,129,1986.522362
-4.37,377,1987.644799
-1.19,119,1987.995639
-0.43,83,1988.233776
-0.25,45,1988.37198
-1.17,187,1988.930569
-1.34,144,1989.335071
-2.12,232,1989.980388
-0.47,97,1990.256607
0.64,36,1990.363879
-2.21,201,1990.928876
-5.48,508,1992.418889
0.59,31,1992.509767
-1.04,114,1992.86776
0.28,52,1993.028045
-2.18,238,1993.753565
-1.83,183,1994.306048
-0.06,46,1994.466558
-5.01,431,1995.777501
-0.95,135,1996.206522
-0.78,68,1996.396971
-0.03,103,1996.716691
-1.85,185,1997.26011
0.2,40,1997.368951
0.84,26,1997.448966
-2.7,320,1998.417813
-0.63,133,1998.846857
-4.72,442,2000.226612
-7.88,728,2002.410444
-0.97,117,2002.757682
0.65,35,2002.86219
-2.07,187,2003.440855
-1.98,238,2004.150337
-3.99,359,2005.223693
-0.48,118,2005.572364
-0.83,103,2005.867781
-2.39,249,2006.635848
-1.47,167,2007.138668
0.38,62,2007.336999
0.3,30,2007.424708
-1.07,147,2007.897472
-0.27,67,2008.123045
-2.01,251,2008.911662
0.42,18,2008.97207
-1.12,172,2009.519139
-0.73,83,2009.768778
-1.33,173,2010.35689
0.02,68,2010.57814
0.25,45,2010.7101
-6.47,537,2012.403787
0.69,31,2012.495303
-0.92,122,2012.889124
0.7,30,2012.986033
0.6,30,2013.079154
-0.45,105,2013.424592
-0.65,145,2013.850738
-0.57,77,2014.067536
-0.13,83,2014.305546
-0.21,91,2014.575934
-0.99,119,2014.933224
0.62,28,2015.017217
0.01,39,2015.138279
-3.3,330,2016.178065
-2.92,272,2017.062394
-2.5,220,2017.738038
-1.32,132,2018.159465
-0.44,84,2018.415616
-0.01,61,2018.600652
-0.14,54,2018.764686
-1.66,236,2019.465987
-1.59,209,2020.139214
-2.39,239,2020.883525
-0.98,138,2021.269063
0.27,63,2021.448359
0.42,58,2021.642412
0.2,60,2021.826735
-0.04,94,2022.124489
-0.26,86,2022.390043
-0.25,45,2022.511991
0.26,64,2022.696534
-0.34,74,2022.910429
-0.77,147,2023.330179
-0.32,102,2023.618547
-0.96,156,2024.051416
-0.01,81,2024.275744
-0.2,90,2024.534695
-0.03,93,2024.803887
-1.44,154,2025.265685
-0.55,125,2025.644593
0.76,34,2025.74641
-1.94,244,2026.485218
0.55,45,2026.63331
-0.36,86,2026.88039
-0.83,103,2027.196626
-0.32,92,2027.474377
-0.68,98,2027.766046
-0.12,72,2027.972328
-3.58,298,2028.815348
-1.05,175,2029.315943
-2.78,298,2030.177579
-0.33,93,2030.444379
-0.28,98,2030.730975
-0.38,78,2030.959646
-0.52,122,2031.297356
-2.2,260,2032.071525
-1.87,237,2032.814542
-0.38,128,2033.221672
0.56,34,2033.346656
-2.0,230,2034.036684
-1.11,141,2034.508835
-12.8,1000,2037.522866
0.88,22,2037.587437
-0.18,58,2037.760883
0.7,40,2037.89122
-1.83,183,2038.444614
-3.75,325,2039.40546
-0.17,77,2039.636779
-2.25,245,2040.367535
0.34,56,2040.539641
0.59,41,2040.661998
0.5,40,2040.792346
-0.89,129,2041.189636
-3.12,322,2042.196967
0.36,44,2042.331579
0.05,35,2042.443234
-2.85,255,2043.234582
-1.59,189,2043.852387
-10.44,944,2046.715939
-0.33,83,2046.953685
0.29,31,2047.037423
0.36,34,2047.139192
-0.5,90,2047.405948
0.05,75,2047.642329
0.46,44,2047.789999
0.26,64,2047.987745
0.54,56,2048.160097
-2.26,216,2048.895582
-2.71,251,2049.703914
0.16,74,2049.935803
-0.58,118,2050.296505
0.47,53,2050.458207
-1.54,154,2050.941498
-2.69,269,2051.757901
-0.96,166,2052.252888
-0.23,73,2052.460734
-1.39,159,2052.94509
-0.39,79,2053.21422
-0.4,90,2053.507452
-1.63,173,2054.049541
-1.15,175,2054.571135
-0.87,137,2054.980118
-1.08,148,2055.434318
-0.3,80,2055.675599
-0.49,99,2055.996645
-4.19,309,2056.919101
-2.95,275,2057.753773
-0.69,119,2058.10993
-5.78,488,2059.802296
0.11,59,2059.988539
-0.38,88,2060.261609
-2.54,254,2061.026253
-6.26,506,2062.565978
-2.3,280,2063.394425
-0.43,103,2063.695849
-3.35,305,2064.589156
0.04,86,2064.838561
-2.66,226,2065.515658
-0.51,121,2065.87722
0.03,47,2066.022198
-0.32,42,2066.147959
-1.88,168,2066.670795
0.02,58,2066.843977
-4.61,371,2068.014862
-1.18,158,2068.531902
-6.22,552,2070.183867
-0.15,85,2070.440267
0.89,21,2070.507209
0.64,26,2070.58554
-2.63,313,2071.540035
0.36,34,2071.647874
0.22,78,2071.871837
-2.5,260,2072.619103
-0.43,103,2072.914901
-0.07,97,2073.200516
-1.61,161,2073.68689
-7.75,675,2075.693138
-0.36,86,2075.948558
-3.26,316,2076.866497
-6.53,493,2078.315617
-0.04,74,2078.552407
-0.21,81,2078.809669
-0.75,125,2079.191816
0.77,33,2079.297856
-4.32,382,2080.742547
-9.01,711,2083.166397
-0.01,61,2083.369965
-1.89,169,2083.911866
-6.25,485,2085.446312
-3.89,319,2086.432966
-0.16,66,2086.63691
-1.26,166,2087.118529
-2.5,250,2087.869606
0.03,57,2088.033844
-2.23,213,2088.653313
-0.61,81,2088.879083
-0.69,79,2089.143393
-0.31,61,2089.324911
-1.77,157,2089.787757
-1.54,174,2090.376103
-0.37,67,2090.590578
-1.63,163,2091.10181
-1.01,151,2091.542948
-0.55,95,2091.820551
-3.0,340,2092.930219
0.28,42,2093.081512
-0.2,90,2093.395873
-0.51,121,2093.762965
-0.32,92,2094.054397
-5.01,431,2095.358814
-1.62,202,2095.952791
0.87,13,2095.992526
-0.78,188,2096.57329
-2.03,223,2097.248659
-0.48,78,2097.479275
-0.18,98,2097.760335
-0.55,95,2098.047275
-0.29,109,2098.413425
-3.23,243,2099.189381
-0.08,58,2099.366678
-0.3,110,2099.677676
-0.16,56,2099.842265
-0.28,98,2100.125559
-1.05,95,2100.404083
-0.99,149,2100.852233
-3.07,307,2101.78197
0.02,78,2102.003107
0.26,54,2102.156659
-1.33,133,2102.530154
-2.69,339,2103.536582
-0.13,83,2103.777526
-0.69,79,2104.013534
-2.8,290,2104.872182
-5.05,405,2106.07255
0.2,70,2106.282387
-0.2,100,2106.570876
-1.12,152,2107.022485
0.27,63,2107.200127
-0.41,121,2107.556304
-2.08,218,2108.230011
-0.98,138,2108.663585
-1.21,131,2109.055378
0.29,61,2109.24799
0.72,28,2109.333154
-4.74,374,2110.433664
-2.12,222,2111.059592
0.35,45,2111.194548
-2.01,231,2111.87647
-0.74,124,2112.238379
-0.51,111,2112.575373
-2.73,263,2113.361362
-0.78,98,2113.653611
0.38,22,2113.719352
0.29,41,2113.8416
-0.94,164,2114.373213
0.62,28,2114.466873
-0.43,83,2114.75333
-0.41,81,2115.007582
-3.03,303,2116.021394
0.39,41,2116.159557
-0.14,84,2116.40932
-0.72,132,2116.805889
-6.85,565,2118.803038
-0.67,107,2119.238819
0.29,41,2119.409731
-0.87,177,2119.962723
-0.79,109,2120.280026
0.24,36,2120.38402
-0.41,91,2120.671985
0.23,27,2120.747374
-1.53,203,2121.37213
-3.04,334,2122.416975
-2.31,211,2123.108264
-1.41,161,2123.664642
-0.4,110,2124.025698
-0.27,87,2124.308084
0.35,75,2124.552818
-3.37,317,2125.527145
-1.61,181,2126.120282
0.49,21,2126.195736
-5.73,423,2127.563448
-5.15,475,2128.982496
0.25,55,2129.148455
-0.61,121,2129.498205
-1.7,170,2129.996666
-1.55,195,2130.608219
-3.27,317,2131.60131
-4.5,420,2132.907684
-3.89,339,2133.990419
-0.37,87,2134.273788
-0.36,96,2134.573678
-2.21,281,2135.450566
-0.69,139,2135.872129
-0.49,99,2136.180753
-1.88,158,2136.667571
-1.11,171,2137.173011
-0.3,70,2137.405026
-0.04,84,2137.673607
0.65,25,2137.747154
-2.39,299,2138.650931
-0.04,94,2138.955557
-2.84,304,2139.930159
-1.49,159,2140.411991
-1.58,198,2141.036173
-1.22,142,2141.481158
-0.66,126,2141.904129
0.63,37,2142.018301
-2.01,231,2142.722412
0.62,38,2142.844353
0.32,48,2142.99345
-2.76,266,2143.823614
-2.0,250,2144.565259
-0.7,150,2145.009377
-0.01,71,2145.222544
-0.43,103,2145.548358
-1.75,145,2145.979207
-0.35,85,2146.247644
-0.93,123,2146.628319
0.47,43,2146.771542
-0.03,103,2147.123004
0.22,38,2147.242278
-5.34,474,2148.691575
-0.01,81,2148.93693
-2.08,218,2149.613463
-2.41,211,2150.233429
-4.44,354,2151.314853
-0.0,80,2151.545986
-1.74,224,2152.225866
0.41,39,2152.353142
-1.62,172,2152.869187
-1.47,187,2153.431775
-0.74,144,2153.850249
-0.65,115,2154.183422
-1.58,168,2154.669544
-2.34,214,2155.372246
-1.07,127,2155.762784
-3.35,355,2156.901626
-1.0,160,2157.411206
-2.93,213,2158.048574
0.11,49,2158.189889
-2.62,212,2158.818616
-1.15,95,2159.121647
-0.2,70,2159.328945
0.19,41,2159.455043
0.12,58,2159.618897
0.01,59,2159.788285
-5.93,483,2161.249535
-6.12,582,2162.965654
-4.11,321,2163.958086
-4.43,403,2165.191179
-3.0,300,2166.067082
-5.17,467,2167.444784
-1.33,153,2167.908396
-0.18,88,2168.192626
0.31,39,2168.310712
-0.53,123,2168.673713
-1.01,161,2169.1489
-0.21,101,2169.469108
0.22,58,2169.661202
-3.63,283,2170.518353
0.07,83,2170.75753
-0.17,107,2171.056277
-1.96,146,2171.475215
-0.85,125,2171.84709
-2.25,255,2172.588326
-1.38,178,2173.122957
-0.34,54,2173.29032
-0.46,86,2173.544069
-0.99,129,2173.928483
-1.94,204,2174.523732
-2.9,310,2175.426832
-1.6,180,2175.979611
-0.56,136,2176.410916
0.23,37,2176.521353
-7.22,672,2178.573896
0.12,48,2178.761287
-1.2,130,2179.187594
0.56,34,2179.304163
0.12,38,2179.439562
-1.54,184,2180.024456
-1.55,185,2180.589465
-0.23,83,2180.833151
-0.19,99,2181.141154
-7.01,481,2182.626837
-0.52,92,2182.900595
-2.6,220,2183.597698
-5.91,511,2185.1202
-4.04,354,2186.231944
-1.12,162,2186.722338
-1.93,233,2187.428463
-0.86,106,2187.752775
-0.13,83,2188.013971
0.35,55,2188.181477
0.2,30,2188.276358
-5.93,543,2189.941486
-2.4,190,2190.519804
-2.96,276,2191.373846
0.14,66,2191.58284
-1.36,186,2192.148651
-0.39,119,2192.508223
-0.35,75,2192.750223
-0.85,115,2193.101434
-0.72,132,2193.512462
0.31,39,2193.627925
-0.48,88,2193.90645
-2.08,198,2194.527082
0.14,76,2194.759302
-0.96,136,2195.197962
-5.06,426,2196.568704
-0.29,109,2196.892558
-4.24,394,2198.204844
-2.86,346,2199.261396
0.48,42,2199.403062
0.27,43,2199.562783
-7.32,702,2201.798393
0.02,68,2202.001157
-1.48,178,2202.533919
-1.69,169,2203.061615
-1.66,216,2203.728812
-0.41,101,2204.06884
-3.16,316,2205.093719
0.77,23,2205.175315
-0.14,64,2205.387913
-0.21,81,2205.652617
0.15,75,2205.878931
-3.29,329,2206.879616
-0.96,136,2207.286098
-3.24,304,2208.197632
-0.48,118,2208.559849
-0.91,121,2208.929592
-1.15,175,2209.495956
-1.58,128,2209.9011
-5.66,456,2211.373506
-2.67,257,2212.221481
-4.95,455,2213.712256
-1.24,174,2214.270299
-6.9,580,2216.166323
-1.89,199,2216.811145
-0.8,150,2217.275069
0.3,70,2217.497056
-1.74,194,2218.07112
-1.31,171,2218.644263
-5.08,478,2220.251885
-0.05,75,2220.472124
0.11,79,2220.710849
0.05,55,2220.878797
-1.97,197,2221.462815
-0.79,129,2221.842577
-0.61,91,2222.125902
0.61,29,2222.210595
-0.39,139,2222.635614
-2.74,214,2223.308112
-2.11,241,2224.041004
-5.78,538,2225.69916
0.66,44,2225.82347
-0.76,126,2226.21238
-0.3,80,2226.469141
-13.5,1000,2229.633867
0.67,23,2229.716395
-0.34,114,2230.075174
-1.08,148,2230.526696
-2.1,230,2231.206839
-4.91,351,2232.244918
-2.49,279,2233.077934
-2.12,192,2233.679133
-3.93,363,2234.75409
-0.93,133,2235.251441
-0.93,133,2235.768121
-1.21,171,2236.451105
0.74,26,2236.55928
-4.21,371,2237.993184
-0.81,151,2238.576436
0.15,65,2238.850322
-1.71,161,2239.49738
0.38,62,2239.741088
-3.47,317,2240.962271
-0.67,147,2241.532918
-0.8,100,2241.887042
-4.93,383,2243.369529
-3.03,323,2244.646582
-0.16,36,2244.803243
-0.05,55,2245.045969
-3.38,338,2246.298605
0.06,44,2246.444342
-2.75,325,2247.535591
0.36,64,2247.77075
0.5,30,2247.874136
0.04,86,2248.160131
-0.19,59,2248.359559
-1.39,179,2248.95772
0.38,62,2249.194066
-1.29,189,2249.839789
-0.14,84,2250.104853
0.04,56,2250.281496
-2.05,215,2250.961446
-0.97,107,2251.303554
-3.27,287,2252.285073
-0.2,80,2252.559815
-0.36,106,2252.931357
-0.75,135,2253.35023
0.26,54,2253.515204
-2.8,240,2254.306081
0.43,57,2254.521012
-0.57,127,2255.073409
-0.88,138,2255.633008
0.24,46,2255.806876
-0.96,126,2256.281916
-4.22,392,2257.763287
-1.99,189,2258.449759
-0.23,93,2258.771371
-4.72,432,2260.410481
-1.91,191,2261.165488
0.61,19,2261.245742
-0.69,99,2261.650518
-0.63,83,2261.979644
0.04,76,2262.227528
0.27,53,2262.441309
-1.93,233,2263.362221
0.61,29,2263.473877
-1.68,158,2264.041283
-0.01,71,2264.283266
-2.21,211,2264.938933
-0.68,118,2265.317058
-3.25,335,2266.383991
-4.29,419,2267.730473
-1.91,191,2268.366578
-5.57,477,2269.913084
-1.52,212,2270.560099
-2.21,231,2271.283345
-1.8,160,2271.813025
-0.14,84,2272.08455
-0.57,87,2272.373172
-0.87,117,2272.766696
0.15,55,2272.949596
0.23,57,2273.142831
-0.96,176,2273.724363
-0.12,82,2273.990447
-2.16,226,2274.746387
-0.02,82,2275.021017
-1.48,148,2275.509037
-0.46,106,2275.830713
0.65,25,2275.903322
0.87,23,2275.974899
0.15,45,2276.114306
-2.25,255,2276.958735
-1.65,215,2277.65906
-1.89,269,2278.494094
0.18,72,2278.708664
0.21,49,2278.8539
-0.53,113,2279.243632
-0.37,77,2279.473171
-2.28,258,2280.269814
-1.16,156,2280.76364
-2.65,285,2281.756542
-1.81,181,2282.376863
-3.44,234,2283.228868
-0.24,114,2283.621358
-1.21,151,2284.10683
-1.52,172,2284.692674
-7.38,598,2286.651572
-0.7,130,2287.042108
-2.27,257,2287.884921
0.15,65,2288.088169
0.2,50,2288.246681
-0.98,118,2288.632308
-0.34,64,2288.850578
-1.23,193,2289.491153
0.46,54,2289.671056
-3.42,282,2290.566681
-0.25,85,2290.838392
-0.06,76,2291.082228
0.68,32,2291.185649
0.4,40,2291.319128
0.55,35,2291.430095
-1.37,187,2292.015871
0.24,56,2292.204753
0.64,36,2292.322682
-3.2,230,2293.029928
-1.39,179,2293.569266
0.17,33,2293.663986
-0.03,63,2293.892737
-1.49,209,2294.578689
0.12,68,2294.793172
-0.9,130,2295.224658
-1.07,137,2295.675537
-0.11,41,2295.808277
-0.3,100,2296.137109
-0.75,95,2296.440466
-0.3,80,2296.690073
-0.67,127,2297.094612
-4.15,355,2298.262232
-0.54,124,2298.64195
0.19,51,2298.796531
-0.29,59,2298.985573
-5.43,453,2300.484169
0.23,37,2300.609755
0.49,51,2300.762238
-4.71,381,2301.966441
-0.18,58,2302.140282
-1.73,183,2302.742975
-0.76,106,2303.075789
-0.63,93,2303.398823
-0.07,97,2303.722882
0.11,79,2303.983653
-0.78,118,2304.356275
0.21,49,2304.504735
0.54,26,2304.591382
-1.86,216,2305.332915
-1.84,204,2306.019873
0.49,51,2306.191465
0.02,68,2306.403287
-1.17,167,2306.947843
-0.44,84,2307.234516
-1.25,165,2307.804707
-0.25,75,2308.060342
0.57,23,2308.156048
0.3,30,2308.265633
-0.14,64,2308.461195
-2.38,198,2309.108934
-0.35,115,2309.479878
-0.15,105,2309.81364
-0.03,93,2310.131449
-1.84,194,2310.761637
-0.94,114,2311.131313
-6.74,624,2313.145081
-6.51,551,2314.914473
0.47,23,2314.994908
-2.05,205,2315.636504
0.13,47,2315.794089
-0.66,96,2316.104436
-1.69,179,2316.701441
-1.63,163,2317.232518
-0.87,97,2317.549142
-0.4,120,2317.903397
-1.36,176,2318.426965
-1.79,199,2319.03975
0.41,29,2319.136976
0.09,41,2319.272282
-0.03,53,2319.42524
-0.06,86,2319.711852
-0.3,80,2319.975989
0.38,52,2320.141225
-0.8,100,2320.461063
-4.19,419,2321.800849
-1.18,188,2322.379195
-3.48,268,2323.27981
-0.53,103,2323.60113
-1.09,179,2324.196156
-0.6,140,2324.654937
0.9,20,2324.727622
-8.92,702,2326.980296
0.08,82,2327.238232
-2.11,181,2327.811847
-4.2,380,2329.049591
-0.82,132,2329.450888
-1.24,134,2329.879089
-1.04,154,2330.362674
-1.3,150,2330.865998
-0.44,84,2331.138168
0.08,62,2331.331491
0.81,29,2331.424179
0.07,73,2331.658504
-0.11,101,2331.988442
-3.3,290,2332.936098
-0.29,79,2333.179474
-0.63,93,2333.474116
-0.99,149,2333.955594
-3.5,340,2335.055895
-2.76,296,2336.002532
-1.47,157,2336.50081
0.46,34,2336.60855
-1.26,156,2337.111025
-1.41,191,2337.688341
0.46,34,2337.798314
-1.33,163,2338.305319
-1.36,176,2338.852048
-2.76,246,2339.713598
-1.4,180,2340.303967
-0.94,164,2340.82127
-2.92,302,2341.778752
-0.14,74,2342.018385
0.64,36,2342.129583
-1.7,210,2342.821526
-1.16,166,2343.346055
-0.81,81,2343.601264
-3.05,305,2344.557149
0.15,75,2344.779669
-1.19,149,2345.225116
-1.84,174,2345.812182
-4.37,397,2347.049884
-1.53,153,2347.545124
-2.45,295,2348.566316
-2.45,285,2349.540949
-2.45,255,2350.394212
-2.43,253,2351.223208
-0.1,70,2351.469887
-0.84,124,2351.876537
0.09,31,2351.976882
0.25,35,2352.085111
-1.54,204,2352.769719
0.17,53,2352.94051
-3.02,322,2353.999031
-0.26,86,2354.2657
-2.73,263,2355.1208
-2.96,316,2356.199324
-0.45,85,2356.486478
0.28,42,2356.610562
-0.67,127,2357.013192
-2.2,260,2357.856802
-3.31,341,2359.047468
0.41,49,2359.241646
-1.08,108,2359.609361
-2.0,210,2360.287277
-1.53,183,2360.919807
-0.5,110,2361.26846
-1.9,200,2361.912738
-0.52,82,2362.153836
-1.99,239,2362.879505
-4.14,374,2363.998168
-1.09,109,2364.330759
-0.42,122,2364.714304
-0.55,115,2365.096211
-2.59,249,2365.887266
-2.63,283,2366.759272
-4.15,355,2367.895586
-1.65,185,2368.51651
-9.73,763,2370.946486
-1.45,145,2371.40957
-1.15,185,2371.959937
-0.57,97,2372.287138
-1.64,214,2372.966522
0.11,69,2373.191699
-1.35,185,2373.764988
-0.01,51,2373.918315
0.02,88,2374.17709
-5.07,427,2375.460036
-0.36,106,2375.793965
-1.63,183,2376.37708
-3.51,351,2377.449328
0.39,31,2377.552523
-0.69,119,2377.927302
-0.46,46,2378.062444
0.03,87,2378.341574
0.16,44,2378.480684
-3.48,388,2379.724854
-0.97,127,2380.143791
-1.42,122,2380.545439
-1.56,156,2381.08056
-4.49,449,2382.57082
-1.07,97,2382.867649
0.35,55,2383.04958
0.07,53,2383.208205
-13.3,1000,2386.351955
-2.63,283,2387.261543
0.41,39,2387.375074
-3.14,304,2388.376883
0.35,45,2388.526252
-3.16,296,2389.48621
-0.92,112,2389.849254
-1.25,155,2390.318372
-0.64,114,2390.670519
-2.29,279,2391.535192
-2.27,277,2392.405078
0.93,17,2392.453667
-0.77,87,2392.715292
-1.01,131,2393.137805
0.57,53,2393.304028
-5.0,390,2394.550187
-0.51,91,2394.844164
-0.97,157,2395.323135
-1.17,147,2395.806185
-0.5,110,2396.173018
0.43,47,2396.337517
0.68,22,2396.423466
-0.31,121,2396.83044
-8.89,739,2399.269776
-6.97,557,2401.001421
-2.62,252,2401.856218
-2.67,247,2402.711004
-0.29,99,2403.018979
-0.23,93,2403.307418
-0.25,65,2403.517354
-2.46,226,2404.244701
-0.47,107,2404.610354
0.09,81,2404.870586
-0.0,80,2405.117092
-0.43,103,2405.43234
-5.45,485,2406.937547
0.5,60,2407.128765
-1.43,183,2407.73573
-0.0,90,2408.031997
-1.51,211,2408.710504
-2.62,302,2409.670581
-0.92,102,2410.004792
-2.47,187,2410.594636
-5.33,543,2412.291234
-0.01,61,2412.469573
-0.76,106,2412.791259
-0.03,83,2413.041302
-1.38,148,2413.483451
-2.18,278,2414.311692
-0.63,93,2414.599304
-1.47,187,2415.187965
-0.0,60,2415.369834
-2.29,269,2416.226965
0.73,37,2416.349431
-0.48,118,2416.708899
-0.14,64,2416.894369
-2.01,211,2417.531772
-0.87,147,2417.969464
-2.07,197,2418.556777
-2.39,239,2419.276848
-0.13,93,2419.563477
-0.37,97,2419.881018
-0.92,162,2420.400797
0.56,44,2420.538435
-0.98,98,2420.85493
-1.79,249,2421.649179
0.65,45,2421.784532
-4.21,381,2422.959538
-0.71,131,2423.355578
-1.03,163,2423.862738
0.61,19,2423.920439
0.13,57,2424.093546
-0.78,98,2424.393919
0.86,24,2424.462165
-1.45,165,2424.977797
-2.25,245,2425.774279
-0.19,69,2426.006665
-0.52,92,2426.280218
0.06,64,2426.483647
-2.78,258,2427.258358
-2.93,323,2428.295236
0.67,33,2428.392859
-0.06,36,2428.498628
-1.19,119,2428.85618
-0.05,85,2429.10957
-0.14,74,2429.352555
-1.53,193,2429.964372
-0.38,78,2430.218116
-10.03,843,2432.750265
-2.15,265,2433.575434
0.58,42,2433.709552
-0.43,93,2433.989417
-2.42,252,2434.75235
-2.95,265,2435.564159
-4.36,396,2436.7845
-1.96,206,2437.505153
0.03,37,2437.630038
0.27,63,2437.834692
0.39,61,2438.03032
-4.18,418,2439.374778
-4.25,435,2440.70949
0.14,56,2440.882187
-0.91,121,2441.260599
-1.19,179,2441.846575
-0.29,89,2442.115372
-5.94,524,2443.803392
-0.15,85,2444.077824
-0.74,94,2444.388538
-0.97,157,2444.885384
-0.19,89,2445.164595
-1.79,199,2445.792669
0.27,53,2445.966003
-3.43,413,2447.32936
-1.24,184,2447.933549
0.63,27,2448.02384
-5.76,576,2449.797598
0.27,43,2449.920696
-0.43,73,2450.137182
-1.06,126,2450.49553
-2.5,270,2451.336377
-4.89,399,2452.6627
-4.6,420,2453.998938
-2.93,333,2455.053583
-2.99,299,2456.04015
-0.38,108,2456.396195
-1.6,200,2457.031402
-0.53,113,2457.401692
-5.85,495,2458.963861
-2.16,246,2459.686833
-0.29,79,2459.914677
-0.3,90,2460.193855
-2.01,251,2461.001758
-5.39,499,2462.514955
0.61,19,2462.572117
-2.67,237,2463.311336
-2.14,214,2463.980811
-1.01,81,2464.235919
-4.44,424,2465.543454
0.39,31,2465.641515
-2.33,223,2466.355715
-0.34,124,2466.725644
0.19,71,2466.951583
-4.16,416,2468.288673
-0.34,94,2468.555033
-2.53,263,2469.462858
-1.15,165,2470.041356
-1.22,132,2470.485917
-0.58,98,2470.794142
-3.62,332,2471.803613
-1.64,164,2472.325954
-5.68,518,2473.978156
-2.52,242,2474.725718
-3.77,347,2475.813849
-3.13,333,2476.84078
-0.33,83,2477.125158
-4.07,427,2478.496639
-1.5,170,2479.078855
-1.41,221,2479.796175
-0.9,130,2480.205587
-1.9,260,2480.988214
0.47,23,2481.051365
-0.08,108,2481.393681
-0.04,94,2481.688442
0.87,13,2481.728213
-0.41,71,2481.944728
0.18,72,2482.165882
-0.32,102,2482.460961
-4.01,341,2483.509682
-3.67,347,2484.56037
-2.33,273,2485.452348
-2.08,248,2486.273869
0.06,74,2486.48321
0.11,59,2486.670725
-2.84,314,2487.658819
-1.06,176,2488.227133
-6.74,574,2490.040921
0.8,20,2490.103391
-0.66,96,2490.417343
-1.05,185,2491.013633
-4.47,427,2492.302067
0.85,15,2492.345069
-2.94,324,2493.356572
-6.88,638,2495.480592
-1.13,173,2496.014371
0.12,48,2496.161214
-0.29,109,2496.483963
-5.52,442,2497.860265
0.72,28,2497.94733
-5.03,453,2499.345457
-1.47,187,2499.993613
-0.07,67,2500.207165
-2.22,242,2500.982821
0.37,33,2501.089578
0.1,30,2501.190822
0.05,85,2501.442461
-2.14,254,2502.25461
-1.96,216,2502.970902
0.54,26,2503.050304
-1.55,215,2503.729893
-4.19,319,2504.729373
0.46,44,2504.871314
-0.02,52,2505.039359
-1.65,165,2505.546163
-1.23,183,2506.117075
-2.64,264,2506.938416
-0.5,100,2507.234636
0.37,53,2507.388382
-3.33,313,2508.412217
-2.75,265,2509.251081
-1.37,187,2509.895617
-0.69,129,2510.3216
-0.03,43,2510.452925
-5.49,459,2511.951253
-1.1,180,2512.52159
-1.58,188,2513.092333
0.17,63,2513.289013
-0.56,126,2513.693561
-1.26,186,2514.302254
0.32,48,2514.453466
-2.99,309,2515.432375
-3.19,279,2516.294398
0.4,50,2516.44474
-1.09,189,2517.015752
-0.82,152,2517.487198
-1.56,146,2517.944357
-3.95,345,2519.011459
0.13,87,2519.278965
-0.91,111,2519.622242
0.07,53,2519.78186
0.21,29,2519.872782
-0.72,142,2520.325502
-3.44,354,2521.42379
-6.96,686,2523.51582
-0.0,60,2523.689206
-2.26,246,2524.403236
-0.43,113,2524.737059
-5.56,486,2526.204771
-1.58,178,2526.81209
0.59,21,2526.88463
-2.93,323,2527.99045
-0.91,171,2528.521522
-0.38,98,2528.845618
-1.17,137,2529.269161
0.04,66,2529.48479
0.07,83,2529.73812
-0.1,110,2530.079063
-5.45,465,2531.505383
-0.27,137,2531.917979
-2.22,282,2532.766216
-0.28,98,2533.059008
-5.12,462,2534.489552
0.04,66,2534.682402
-3.96,346,2535.722079
-0.42,132,2536.127243
-5.03,493,2537.662952
0.12,48,2537.803607
-0.26,66,2538.001407
0.67,23,2538.069358
-0.98,148,2538.527466
-4.46,456,2540.075105
-0.79,129,2540.474635
-5.97,477,2541.946849
-10.81,821,2544.438617
-0.03,73,2544.664296
0.63,47,2544.81797
-4.06,316,2545.761076
-1.42,202,2546.373411
-4.12,402,2547.615696
-2.61,311,2548.545876
-1.7,170,2549.047229
-0.65,105,2549.380697
-5.16,426,2550.684763
-0.38,78,2550.944934
-0.16,76,2551.17776
-2.27,257,2551.983896
-0.4,90,2552.252675
-0.65,95,2552.545155
-2.89,349,2553.584455
-2.98,268,2554.398837
-7.1,690,2556.533901
0.48,32,2556.628146
0.23,37,2556.738322
-2.26,246,2557.470126
0.03,87,2557.740339
-0.46,86,2558.013387
-4.36,426,2559.349197
-0.25,105,2559.727307
0.71,39,2559.845042
-0.3,90,2560.13196
-1.12,152,2560.621219
-0.58,98,2560.913062
-1.84,224,2561.631465
0.6,40,2561.762494
0.32,58,2561.945994
0.39,31,2562.040642
-0.97,117,2562.390002
-12.6,1000,2565.357506
-4.99,449,2566.73238
0.53,47,2566.881203
-13.6,1000,2570.095499
0.04,56,2570.272848
-0.67,97,2570.576359
-1.75,175,2571.10768
-3.4,340,2572.171675
-2.91,221,2572.849329
-0.05,85,2573.129918
-0.24,84,2573.407688
-3.12,312,2574.352549
-2.87,337,2575.408494
-6.93,573,2577.226015
-2.25,255,2578.023156
-3.22,282,2578.857532
-1.04,164,2579.344404
-4.7,460,2580.754433
-0.5,100,2581.057571
-0.28,68,2581.2598
-1.54,184,2581.864777
-0.55,135,2582.28285
-0.43,113,2582.637749
-1.03,153,2583.097483
-1.71,171,2583.631375
-0.91,151,2584.16519
-4.23,363,2585.30363
-5.75,565,2587.071146
-1.55,185,2587.644327
-1.0,160,2588.137924
-0.96,126,2588.511979
0.76,24,2588.584064
0.08,82,2588.821542
-1.72,172,2589.324805
0.11,29,2589.40691
-1.65,145,2589.856313
-2.06,196,2590.481143
-0.13,73,2590.720923
-8.22,732,2592.983191
-0.4,100,2593.278566
-1.01,91,2593.557017
0.57,43,2593.692443
0.28,62,2593.877344
-5.7,550,2595.579487
0.28,62,2595.772725
-6.12,612,2597.616147
-0.92,132,2598.007821
-1.89,209,2598.627975
-1.04,184,2599.231179
0.36,64,2599.418703
0.29,71,2599.647763
-0.57,67,2599.873723
0.52,38,2599.99066
-4.95,455,2601.513901
-3.71,341,2602.542011
-2.38,268,2603.388337
-12.7,1000,2606.600595
0.06,64,2606.799466
-1.52,172,2607.328429
-5.96,586,2609.192569
-0.29,89,2609.466387
-2.02,252,2610.251369
0.21,29,2610.339459
-10.8,760,2612.760985
-4.02,382,2613.921536
0.49,31,2614.009128
-4.74,434,2615.359287
-8.02,722,2617.576354
-5.86,576,2619.403442
-2.57,257,2620.176635
0.75,15,2620.21647
-1.96,256,2621.070671
-5.9,510,2622.678476
-2.89,269,2623.483145
-4.83,413,2624.830403
0.82,18,2624.889431
-12.5,1000,2628.024386
-0.76,126,2628.414908
-0.41,121,2628.794947
-6.35,545,2630.489821
-2.07,207,2631.1861
-0.48,68,2631.398394
-0.92,112,2631.762849
-12.6,1000,2634.842593
0.7,40,2634.959435
-1.18,198,2635.529098
-5.11,411,2636.776866
-0.5,90,2637.030182
-2.59,239,2637.761311
0.2,40,2637.890367
-6.66,606,2639.715891
-6.11,591,2641.546858
-5.02,512,2643.227958
-4.75,445,2644.623528
-1.45,145,2645.056779
-8.15,705,2647.243088
-0.39,99,2647.541425
-5.56,476,2649.007856
-4.77,477,2650.562653
-1.77,217,2651.222306
0.59,21,2651.293367
-8.45,705,2653.423408
-13.1,1000,2656.575658
-0.31,71,2656.796037
-8.54,714,2659.038217
-0.52,92,2659.343293
-7.72,712,2661.590546
-2.02,272,2662.423927
-5.86,546,2664.059724
-8.28,678,2666.218029
-12.7,1000,2669.341203
-3.22,332,2670.361317
-0.45,115,2670.701069
0.29,41,2670.820848
-0.44,114,2671.168873
-1.24,154,2671.639647
-1.27,167,2672.134112
-1.39,189,2672.721043
-4.94,464,2674.201146
0.7,40,2674.332066
-3.27,307,2675.263942
-0.74,134,2675.680319
-2.6,300,2676.630474
-6.75,605,2678.475449
-1.16,156,2678.941402
-0.71,111,2679.278359
0.02,88,2679.54312
-1.45,205,2680.208576
-0.13,83,2680.492022
-12.7,1000,2683.775358
0.37,23,2683.850137
0.44,26,2683.93565
-0.94,144,2684.384993
-8.55,735,2686.774873
0.51,29,2686.872121
-5.63,473,2688.398237
-0.23,83,2688.659446
-1.29,189,2689.271702
0.2,80,2689.566799
-2.01,221,2690.244894
-0.36,76,2690.480932
0.21,59,2690.672701
0.12,78,2690.921782
-1.86,226,2691.635466
0.33,67,2691.843604
-4.89,519,2693.468032
0.6,20,2693.538047
-0.81,71,2693.756928
-4.48,428,2695.077367
-0.28,108,2695.425755
-0.54,144,2695.89041
-6.88,668,2697.99389
-2.5,270,2698.882695
0.75,25,2698.970391
-12.7,1000,2702.238429
-1.75,175,2702.770046
-0.97,127,2703.165453
0.42,58,2703.337225
-6.52,562,2705.133675
-3.39,329,2706.185277
-2.2,240,2706.956641
-0.24,74,2707.210316
-0.62,142,2707.666993
-1.49,169,2708.168348
-4.88,468,2709.596615
-0.82,152,2710.049984
-0.25,115,2710.385256
-8.21,661,2712.353396
-6.17,597,2714.12487
-6.54,604,2715.90318
-0.52,132,2716.323677
-2.34,254,2717.077814
-0.02,92,2717.336374
-2.78,268,2718.131619
-12.7,1000,2721.432504
0.9,20,2721.493595
0.63,27,2721.572935
-4.64,404,2722.941871
-3.09,289,2723.855175
-10.18,858,2726.475277
-3.62,342,2727.516989
-5.56,506,2729.103929
-1.29,149,2729.572765
0.13,57,2729.759157
-0.21,91,2730.053928
-2.84,314,2731.046941
-0.28,88,2731.311521
-0.37,107,2731.642626
-0.65,75,2731.862782
0.85,15,2731.912338
-13.0,1000,2734.89395
-0.37,97,2735.176088
-12.9,1000,2738.318497
-3.11,301,2739.310615
-0.1,80,2739.5721
-0.64,124,2739.976114
-0.53,133,2740.371398
-4.03,283,2741.218389
-0.66,136,2741.639469
-0.62,122,2742.038606
-6.96,516,2743.613398
-0.33,73,2743.844086
-2.79,289,2744.753359
-10.06,816,2747.281905
-10.21,851,2749.895484
-1.91,211,2750.582361
-0.48,118,2750.959218
0.08,62,2751.160598
-0.6,110,2751.492121
-10.51,901,2754.458034
-0.58,108,2754.771656
-3.35,335,2755.807649
-5.97,527,2757.439373
-3.0,280,2758.325949
0.2,60,2758.518811
-12.5,1000,2761.737242
-0.84,144,2762.209754
0.51,49,2762.368496
-3.17,327,2763.409548
0.06,64,2763.608278
-1.11,171,2764.157174
-1.78,178,2764.793714
0.33,27,2764.877725
-5.57,527,2766.64828
-2.29,299,2767.616114
-1.09,209,2768.354788
0.71,19,2768.42325
-5.44,474,2770.016196
-10.71,921,2772.962646
-1.96,226,2773.665552
-1.05,135,2774.096208
-1.83,203,2774.710261
-0.88,128,2775.124825
-3.38,338,2776.173641
0.1,60,2776.36459
0.07,63,2776.56028
-0.06,96,2776.85743
-3.89,329,2777.932317
-1.8,200,2778.597599
-1.93,203,2779.339908
-13.4,1000,2782.590228
-4.11,391,2783.846153
-5.01,401,2785.129585
-5.99,449,2786.556461
-4.95,495,2788.173532
0.4,30,2788.264987
-6.4,490,2789.812011
-0.27,117,2790.163825
-2.7,250,2790.93983
0.58,22,2791.00445
-6.51,521,2792.635232
-3.03,233,2793.387362
-3.88,378,2794.616018
-0.45,115,2794.97524
-0.64,94,2795.270843
-2.43,273,2796.183224
-0.86,146,2796.655277
-9.32,782,2799.010168
-3.18,278,2799.965746
-5.43,473,2801.528084
-3.73,383,2802.828028
-1.12,152,2803.372104
-0.91,101,2803.716118
-0.88,158,2804.251696
-5.98,558,2806.08052
-0.53,113,2806.479536
-5.63,513,2808.25762
-3.19,309,2809.343445
-1.73,263,2810.258364
-12.2,1000,2813.632626
-2.06,246,2814.409134
-4.81,441,2815.852851
-1.83,223,2816.525828
-7.66,626,2818.632494
-3.31,341,2819.860725
-9.61,851,2822.643478
-4.3,420,2823.982336
-0.0,90,2824.270213
-0.78,118,2824.642194
-12.8,1000,2828.091095
0.15,25,2828.181503
-7.05,555,2829.973466
-0.35,115,2830.350538
-1.43,103,2830.686103
0.49,61,2830.897762
-5.02,422,2832.294407
-0.77,87,2832.58254
0.68,32,2832.687368
-1.06,146,2833.153178
0.13,57,2833.357355
-9.82,882,2836.521113
-1.52,202,2837.314073
-5.19,519,2839.345526
-0.71,131,2839.806898
0.43,27,2839.924881
-1.6,200,2840.826445
-0.08,108,2841.221644
-0.08,78,2841.535576
0.72,18,2841.613687
0.59,21,2841.702793
-0.18,78,2841.9844
-13.3,1000,2845.616028
-3.62,322,2846.692414
0.81,19,2846.770113
-13.1,1000,2850.050186
-9.25,785,2852.934919
-4.37,477,2854.91308
-12.5,1000,2858.665551
0.05,35,2858.815728
-1.31,141,2859.302695
0.31,29,2859.430742
-9.37,817,2862.306036
-0.53,143,2862.838764
-1.65,175,2863.498002
-4.93,413,2864.921373
-12.0,1000,2868.514656
-5.65,535,2870.364934
-12.3,1000,2873.72113
0.04,46,2873.87532
0.69,21,2873.940841
-3.28,298,2874.96032
-12.8,1000,2878.309535
-1.45,165,2878.843476
-9.98,848,2881.634241
-3.7,360,2882.819455
-13.7,1000,2886.288251
-11.17,967,2889.539699
-0.54,124,2889.916531
0.81,19,2889.974084
-0.89,169,2890.509951
0.69,21,2890.575053
-2.3,260,2891.378126
-3.14,294,2892.316478
-12.2,1000,2895.475156
-1.99,219,2896.215504
-4.92,512,2897.916425
-5.96,556,2900.110263
-4.19,409,2901.56483
-2.1,220,2902.335511
0.64,26,2902.428061
-8.19,739,2904.93822
0.3,40,2905.074417
-3.67,347,2906.293658
-3.5,340,2907.447807
-11.6,1000,2910.759872
-7.74,694,2913.101792
-11.5,1000,2916.569421
-4.83,443,2918.02967
-7.86,656,2920.237292
-3.43,293,2921.330822
-4.66,436,2922.851528
-1.47,157,2923.417222
-7.82,722,2925.871755
-13.7,1000,2929.108499
-2.11,181,2929.765574
0.78,22,2929.837753
-12.2,1000,2933.270541
-12.0,1000,2936.534729
-12.73,973,2939.705155
0.49,21,2939.777246
-0.76,76,2940.019234
0.33,37,2940.146076
-12.6,1000,2943.28406
-0.97,117,2943.653138
-8.72,722,2945.965061
-3.56,336,2947.069409
-5.85,555,2948.836925
-10.54,894,2951.602879
-11.03,843,2954.327654
-0.69,139,2954.813666
-12.7,1000,2957.96069
-6.18,498,2959.755394
-1.28,188,2960.376658
-12.0,1000,2963.553551
-1.19,169,2964.074595
0.19,41,2964.221875
-12.4,1000,2967.458727
-5.55,445,2968.922127
-0.47,87,2969.211645
-5.78,528,2970.956553
-2.98,308,2971.96777
-2.38,268,2972.849547
-12.4,1000,2975.88764
-12.0,1000,2979.11987
-7.3,710,2981.367006
-0.68,98,2981.68854
-1.61,151,2982.165478
-9.06,716,2984.43197
-12.2,1000,2987.680747
-12.7,1000,2990.837253
-0.02,82,2991.090184
-5.57,547,2992.84003
-5.95,545,2994.639285
-0.35,125,2995.037088
-7.33,683,2997.302882
-2.63,283,2998.192088
-14.66,896,3001.084843
-12.1,1000,3004.321404
-11.9,1000,3007.474914
-11.8,1000,3010.729321
-2.02,212,3011.448404
-2.81,351,3012.566515
-12.9,1000,3015.758044
-5.45,525,3017.481794
-1.0,150,3017.964288
-12.1,1000,3021.402286
-4.49,459,3022.85518
0.69,21,3022.917728
-0.95,145,3023.372589
-1.54,244,3024.169197
-10.58,938,3027.257234
-4.71,421,3028.615008
-3.77,357,3029.780959
-0.77,157,3030.281332
-11.9,1000,3033.426362
-6.59,569,3035.239588
-11.3,1000,3038.569436
-12.3,1000,3041.780307
-3.26,366,3042.974767
-7.26,676,3045.24985
-8.32,712,3047.577121
-0.83,93,3047.885439
-1.56,176,3048.46954
0.67,23,3048.537827
-1.11,171,3049.064255
-3.1,330,3050.065658
0.52,18,3050.117336
-12.9,1000,3053.293455
-4.68,418,3054.684339
-4.98,468,3056.183573
-12.0,1000,3059.356192
-11.6,1000,3062.641906
-5.27,497,3064.236159
-9.45,885,3066.998929
-1.9,240,3067.751184
-6.15,555,3069.573046
0.38,22,3069.642091
-1.99,269,3070.509315
-4.31,371,3071.720494
0.23,67,3071.934657
-1.72,192,3072.549835
-2.64,314,3073.542887
-9.84,874,3076.309896
-1.94,224,3077.057312
-0.57,147,3077.522492
-5.88,538,3079.4305
-0.93,143,3079.888766
0.25,65,3080.091906
0.69,21,3080.165916
-4.75,415,3081.516834
-0.72,132,3081.933505
-3.63,373,3083.077995
-7.13,633,3085.060796
-1.68,198,3085.717744
-1.02,152,3086.234143
-3.84,354,3087.398657
-8.18,738,3089.771691
-6.47,587,3091.544119
-6.74,584,3093.496559
-3.61,341,3094.58151
-8.13,743,3096.966943
-11.4,1000,3100.121775
-8.33,653,3102.239167
-12.9,1000,3105.449423
-4.7,390,3106.70605
-4.51,451,3108.140029
-7.89,729,3110.518902
-5.2,470,3112.006558
-0.25,75,3112.23283
-8.14,674,3114.389984
-1.4,160,3114.896358
-3.38,358,3116.056055
-5.41,481,3117.697631
0.49,31,3117.799429
-3.43,343,3118.972885
-5.62,522,3120.749567
-2.13,263,3121.627436
-0.7,110,3121.979346
-11.9,1000,3125.199392
0.11,69,3125.429558
0.91,19,3125.500295
-0.08,68,3125.726216
-3.42,342,3126.825101
-12.4,1000,3130.042445
0.01,89,3130.326885
-0.96,96,3130.663141
-3.43,253,3131.477266
-0.07,47,3131.622308
-1.9,160,3132.133549
-1.78,198,3132.762531
-6.38,578,3134.600348
0.54,26,3134.685218
-5.85,545,3136.480829
0.63,27,3136.574262
-6.86,556,3138.313486
0.71,29,3138.405494
-12.2,1000,3141.777726
-1.16,156,3142.281452
-11.4,1000,3145.494544
-2.45,295,3146.425828
-6.91,601,3148.35262
-0.59,109,3148.738768
-12.6,1000,3152.015049
-9.59,829,3154.57369
-0.68,128,3154.984947
-8.18,758,3157.472165
-5.53,553,3159.235739
-0.5,70,3159.469224
-1.53,213,3160.132328
-10.1,870,3162.877349
-1.49,149,3163.371213
-12.7,1000,3166.54637
-13.0,1000,3169.896157
-1.35,195,3170.536455
-3.31,311,3171.557849
-1.42,162,3172.073456
-13.0,1000,3175.423274
-9.05,835,3178.184141
-1.11,161,3178.674632
-6.51,591,3180.59113
-7.22,682,3182.92432
-8.21,781,3185.43088
-0.28,98,3185.742145
-9.17,787,3188.194164
-8.42,832,3190.899909
-8.77,797,3193.50567
-1.26,176,3194.087414
-0.03,73,3194.325936
-0.23,53,3194.493452
-6.27,537,3196.253446
-12.3,1000,3199.702806
-4.35,435,3201.14636
-12.9,1000,3204.490168
-6.75,575,3206.433815
-4.9,490,3208.064357
-1.2,150,3208.571715
-3.69,409,3209.876962
-1.32,152,3210.36368
-7.05,615,3212.283827
-2.48,278,3213.206151
0.75,15,3213.252642
-1.39,199,3213.878406
-5.06,466,3215.416356
-12.8,1000,3218.722486
-1.59,189,3219.304797
-9.58,908,3222.196374
-7.96,596,3224.157053
-8.27,737,3226.506932
-4.18,408,3227.799664
-13.2,1000,3231.129129
-1.61,221,3231.878636
0.07,53,3232.05793
0.36,24,3232.139225
0.06,44,3232.286141
-12.5,1000,3235.651839
-3.02,322,3236.693373
0.05,75,3236.933638
-11.5,1000,3240.222786
-0.33,113,3240.607153
-9.15,795,3243.309788
-2.45,245,3244.103462
-4.12,432,3245.579926
-2.29,289,3246.504209
0.3,30,3246.610435
-1.65,205,3247.274245
-10.61,881,3250.363301
-5.25,515,3252.046319
-6.32,602,3253.952164
-6.13,553,3255.796688
0.77,23,3255.878282
0.7,30,3255.974473
0.02,68,3256.203021
-1.22,162,3256.732635
-3.77,367,3257.980093
-5.2,500,3259.758748
-6.53,623,3261.869723
-2.19,179,3262.463075
-3.55,375,3263.644938
-1.27,147,3264.13764
-2.78,288,3265.148889
-1.16,166,3265.700843
-0.54,94,3266.015561
-4.14,404,3267.382354
-3.96,406,3268.756356
0.6,40,3268.885494
0.35,45,3269.046664
-0.34,124,3269.473327
-1.94,234,3270.235897
-0.01,81,3270.495477
-0.49,89,3270.781997
-12.9,1000,3274.195861
-12.3,1000,3277.666173
-4.49,449,3279.119525
-0.67,147,3279.57266
-4.5,400,3280.876546
-3.7,390,3282.219017
-2.57,307,3283.363873
-1.07,157,3283.964728
-6.1,530,3285.769655
-2.63,283,3286.690146
-12.7,1000,3290.010164
-1.11,131,3290.454902
-2.29,219,3291.171115
0.49,31,3291.272951
-1.18,188,3291.921541
0.93,17,3291.982197
-1.33,173,3292.592144
-7.12,642,3294.694531
-4.26,436,3296.121689
-1.15,175,3296.703382
-6.3,570,3298.549009
-2.25,295,3299.639399
-2.8,300,3300.640581
-12.4,1000,3303.941875
-0.1,100,3304.254049
0.53,37,3304.370891
-8.03,723,3306.847212
-9.21,791,3309.512519
-0.09,99,3309.853419
-5.38,538,3311.625556
0.01,79,3311.894349
-10.24,894,3314.88993
-4.25,395,3316.231589
0.65,35,3316.352596
-0.64,104,3316.708928
-1.84,204,3317.406584
-0.41,111,3317.776131
-0.94,164,3318.337631
-0.07,77,3318.700761
-0.44,104,3319.161322
-2.34,284,3320.153805
-1.59,199,3320.828761
0.79,21,3320.895144
-2.37,277,3321.81031
-0.36,106,3322.158332
-0.36,106,3322.510869
-1.43,193,3323.166064
-13.0,1000,3326.617674
-7.87,717,3329.053036
-0.02,72,3329.290815
-3.36,306,3330.33835
-1.31,181,3330.965841
-2.26,266,3331.936625
-2.47,297,3333.015309
-0.21,81,3333.27217
-4.19,399,3334.679035
0.75,25,3334.764724
-1.19,139,3335.26941
-1.66,176,3335.89085
-5.26,416,3337.268676
-5.31,481,3338.835264
-9.51,871,3341.869802
0.5,50,3342.043662
-11.66,946,3345.201123
0.95,15,3345.2518
-0.4,110,3345.596466
-0.64,124,3345.999159
-5.55,505,3347.700157
0.13,87,3347.995838
-8.2,710,3350.694707
-0.57,147,3351.221251
-3.1,300,3352.275608
0.39,31,3352.367128
-2.54,274,3353.370211
-1.52,192,3354.052663
-2.35,225,3354.828362
0.79,21,3354.897479
-1.48,188,3355.52138
-2.44,284,3356.491811
0.63,27,3356.590983
-5.52,372,3357.959064
-7.37,597,3360.064956
-0.09,119,3360.449949
0.6,30,3360.552396
0.44,26,3360.638733
-4.22,432,3362.054844
-5.13,503,3363.687918
-0.67,77,3363.939882
-5.84,494,3365.60691
-2.54,284,3366.550594
-1.58,208,3367.27709
-13.4,1000,3370.720409
-1.15,155,3371.214802
0.08,62,3371.421827
-2.53,253,3372.248886
0.01,89,3372.558399
-3.74,374,3373.846817
-4.16,426,3375.30265
-9.67,887,3378.324998
-12.2,1000,3382.005601
-6.37,507,3383.842998
-10.44,924,3387.254415
-4.94,474,3388.885011
-1.68,188,3389.534005
-1.97,267,3390.459514
-5.66,566,3392.523309
-4.76,446,3394.06898
-0.01,41,3394.210185
-1.47,197,3394.877708
-4.88,488,3396.488588
0.34,46,3396.634033
-4.63,443,3398.153998
-2.96,266,3399.063082
-3.08,338,3400.286457
-8.32,792,3403.116049
-1.66,226,3403.904651
-1.02,172,3404.537591
-8.49,729,3407.176895
0.22,58,3407.379539
-6.77,677,3409.794594
-1.65,225,3410.57722
-4.24,444,3412.101407
-2.57,277,3413.062423
-0.26,106,3413.419387
-9.56,856,3416.410212
-1.48,208,3417.159397
-7.52,712,3419.686412
-0.62,112,3420.071049
0.14,46,3420.230116
-0.54,114,3420.624626
-2.32,262,3421.52149
-1.83,213,3422.234922
-0.7,110,3422.606627
-5.77,537,3424.535475
-9.37,867,3427.566448
-0.17,77,3427.83315
-2.29,259,3428.743452
-4.74,474,3430.424542
-0.0,80,3430.701838
-0.45,145,3431.208672
-0.2,100,3431.567524
-3.41,371,3432.914469
-4.34,444,3434.489097
-3.71,401,3436.160105
-7.76,686,3438.971406
-1.2,190,3439.83408
-2.05,245,3440.75518
-10.39,969,3444.453142
-5.66,516,3446.369921
-1.48,178,3446.995496
-2.3,300,3448.232996
0.5,30,3448.341339
-4.65,445,3449.998922
-5.84,574,3452.210138
-0.74,144,3452.713496
-2.64,274,3453.656815
-6.19,539,3455.672672
-12.1,1000,3459.750333
-2.11,271,3460.828253
-7.84,714,3463.226009
-9.99,929,3466.739539
-2.15,245,3467.681439
-12.9,1000,3471.121285
-10.91,901,3474.291418
-1.13,173,3474.928695
-1.55,215,3475.732283
-10.87,947,3479.169016
-2.61,291,3480.1664
0.37,53,3480.350081
-5.04,464,3481.888915
-3.83,363,3483.085923
-3.91,351,3484.395301
-11.53,993,3487.808335
-1.32,202,3488.518016
-1.82,212,3489.262723
-10.43,953,3492.546141
-5.42,562,3494.436197
-7.56,706,3496.730834
0.77,23,3496.808346
0.11,59,3497.039471
-2.33,263,3497.983833
0.39,71,3498.221801
-3.27,307,3499.503784
0.07,53,3499.710263
-5.02,432,3501.247728
-15.0,1000,3504.73979
-6.69,609,3506.879736
-7.1,640,3508.992852
0.83,27,3509.091628
0.01,59,3509.320762
-4.71,451,3510.895587
-0.23,73,3511.145104
-4.32,402,3512.537189
-0.25,65,3512.755736
-8.87,807,3515.587872
-8.86,796,3518.437139
-2.56,256,3519.397805
-1.68,168,3519.991585
-4.69,449,3521.536666
-11.7,1000,3525.030801
-3.57,357,3526.310894
0.25,55,3526.514421
-0.08,58,3526.721323
-2.86,356,3528.054451
-4.5,440,3529.682679
-2.25,275,3530.590193
-0.64,124,3531.011618
0.42,28,3531.111017
0.05,75,3531.35417
-1.92,232,3532.150562
-4.15,425,3533.599115
-10.6,920,3536.77007
-1.93,263,3537.72444
-2.39,239,3538.536149
0.54,36,3538.66138
-3.14,344,3539.905568
-6.34,574,3541.834154
-7.3,650,3544.208869
-11.2,1000,3547.802808
0.74,26,3547.906224
-4.49,419,3549.420091
0.13,47,3549.58373
0.35,55,3549.777603
-0.87,157,3550.323313
-0.5,90,3550.65273
-11.4,990,3554.143761
-2.31,261,3555.034844
0.5,30,3555.130329
-11.9,1000,3558.474698
-12.5,1000,3562.110945
-5.71,541,3563.960592
-6.57,627,3566.114784
-2.03,293,3567.099955
-0.4,100,3567.461939
-6.7,590,3569.597863
-3.96,396,3571.03893
-12.1,1000,3574.545986
0.69,21,3574.612894
-11.9,1000,3578.179897
-7.28,668,3580.571378
-2.64,304,3581.689692
-1.66,166,3582.26826
-3.95,435,3583.770726
-7.81,761,3586.483229
-8.3,820,3589.279016
-11.8,1000,3592.74185
-1.54,214,3593.480222
-8.32,742,3596.175313
-0.87,167,3596.767824
-12.3,1000,3600.321738
0.63,27,3600.418408
0.67,23,3600.503362
-2.37,247,3601.352368
-5.99,569,3603.384388
0.53,37,3603.518499
0.86,24,3603.609563
-3.85,375,3604.945497
-3.0,260,3605.844173
-0.17,107,3606.226682
-0.77,107,3606.60021
0.5,30,3606.711359
-0.56,156,3607.26186
0.21,49,3607.424781
-1.55,185,3608.053339
-2.98,348,3609.281662
-11.9,1000,3612.812361
-9.23,833,3615.609397
-0.23,113,3615.982375
0.63,27,3616.072149
-0.21,91,3616.363472
-0.64,124,3616.769644
0.07,103,3617.119113
-11.56,956,3620.598237
-2.47,247,3621.464118
-0.2,70,3621.728019
-3.74,374,3623.067826
0.11,69,3623.297569
-0.93,143,3623.771544
0.81,19,3623.838791
-1.86,276,3624.78323
-4.32,412,3626.251369
0.5,40,3626.395665
-0.04,74,3626.65846
-1.22,172,3627.279758
-9.68,858,3630.342785
-1.54,204,3631.063548
-5.45,495,3632.7966
-1.59,189,3633.459371
-4.68,408,3634.868438
-2.25,225,3635.658774
0.76,24,3635.74139
-0.31,71,3635.994356
-0.49,89,3636.315359
-1.73,253,3637.229574
-11.4,1000,3640.807747
-1.18,178,3641.429754
-3.82,392,3642.843041
-0.21,61,3643.063318
-9.41,841,3646.16585
-3.33,393,3647.557756
-6.03,613,3649.749288
-9.61,851,3652.760261
0.44,36,3652.889315
0.33,47,3653.050614
0.44,36,3653.173432
-13.1,1000,3656.718213
-3.28,348,3657.955107
-2.61,321,3659.032826
0.49,31,3659.172155
-3.27,317,3660.405745
-3.77,387,3661.801369
-2.83,313,3662.950466
-0.78,158,3663.510559
-1.5,180,3664.151231
-0.13,73,3664.407995
-2.14,264,3665.37037
-5.11,431,3666.899779
-1.47,167,3667.49293
-0.3,80,3667.776136
-5.37,527,3669.642142
-1.99,269,3670.631645
0.52,28,3670.724508
-11.5,1000,3674.242404
-11.49,909,3677.366988
-4.27,387,3678.913956
0.27,73,3679.160002
-7.63,723,3681.695733
-5.09,429,3683.202501
-11.5,1000,3686.700302
-1.67,227,3687.550125
-4.53,373,3688.821451
-0.74,164,3689.390018
-0.2,100,3689.798219
-0.22,92,3690.115875
-0.6,120,3690.515807
-12.0,1000,3694.014311
-1.05,165,3694.626843
-8.25,725,3697.118271
0.76,24,3697.205462
-5.7,560,3699.192898
-7.77,777,3702.03112
-3.56,336,3703.27662
-12.6,1000,3706.991372
-3.73,413,3708.498333
0.77,23,3708.583728
-10.25,905,3711.860561
-12.1,1000,3715.490745
-3.39,379,3716.781734
-7.7,710,3719.319768
-2.86,316,3720.441482
-11.6,1000,3723.988502
-12.3,1000,3727.449477
-12.0,1000,3731.085434
-5.11,461,3732.693954
-12.4,1000,3736.183419
-1.04,174,3736.775723
-11.5,1000,3740.457625
-11.9,1000,3744.080837
-8.25,735,3746.811553
-4.88,508,3748.688161
-3.74,434,3750.175947
-8.93,783,3752.890091
-11.7,1000,3756.519793
-3.47,327,3757.642365
-12.1,1000,3761.092
-11.7,1000,3764.738535
0.54,26,3764.821679
-1.99,249,3765.66975
-11.5,1000,3769.301541
-3.13,363,3770.608531
-11.8,1000,3774.004563
-1.46,186,3774.646844
-11.8,1000,3778.19385
-0.83,123,3778.671665
-2.5,260,3779.628144
-19.0,1000,3783.216274
-1.06,166,3783.795477
-12.9,1000,3787.566504
-12.0,1000,3791.266932
-11.6,1000,3794.888992
-10.01,871,3797.964512
-12.9,1000,3801.602924
-9.79,779,3804.427862
-12.2,1000,3808.016603
0.21,49,3808.19937
-12.0,1000,3811.871571
0.65,25,3811.963026
-7.79,699,3814.433119
-0.1,100,3814.780842
-12.0,1000,3818.255584
0.6,30,3818.355885
0.06,64,3818.574676
-5.58,548,3820.566871
-6.89,649,3822.86117
-11.4,1000,3826.379946
-12.4,1000,3830.080428
-11.4,1000,3833.657871
-1.13,163,3834.257421
-11.8,1000,3837.870038
-9.8,950,3841.15188
0.23,37,3841.285928
-12.0,1000,3844.946932
-5.24,524,3846.761673
-12.1,1000,3850.268967
-0.18,118,3850.66176
0.8,30,3850.767942
-2.66,296,3851.778264
-0.32,92,3852.093588
-1.71,221,3852.935643
-5.42,452,3854.676894
-11.3,1000,3858.201206
-11.6,1000,3862.032889
-11.0,1000,3865.749837
-11.4,1000,3869.2785
-7.87,747,3872.000189
-1.07,147,3872.518739
-1.95,245,3873.375344
-0.74,144,3873.873603
-12.7,1000,3877.401385
0.74,26,3877.48961
-3.71,321,3878.642929
-0.53,123,3879.108475
-3.86,356,3880.474553
-3.02,302,3881.591876
-3.09,339,3882.825576
-0.2,100,3883.196097
-13.0,1000,3886.744015
-8.76,706,3889.365788
-5.44,514,3891.254148
-10.59,929,3894.598516
-2.23,283,3895.634258
-0.11,101,3896.047378
0.67,23,3896.130143
-8.0,760,3898.88947
0.04,96,3899.23394
-5.7,600,3901.323039
0.55,35,3901.436035
-0.62,152,3901.965536
-4.15,435,3903.478097
-4.47,467,3905.202609
-10.54,924,3908.496887
-11.2,1000,3912.202578
-6.4,630,3914.622541
-0.28,78,3914.906888
-1.67,227,3915.702478
0.33,47,3915.883811
-7.03,603,3918.055901
-1.32,202,3918.836034
-1.28,188,3919.595419
-12.1,1000,3923.199462
0.51,39,3923.361416
-12.7,1000,3926.93074
0.32,28,3927.027809
0.86,14,3927.076987
0.13,47,3927.238264
-6.01,511,3929.023907
-4.0,400,3930.443291
-3.93,393,3931.926175
-14.0,1000,3935.420589
-4.67,477,3937.137952
0.62,38,3937.271926
-4.31,451,3938.942856
-4.23,383,3940.339357
-4.09,409,3941.849297
-0.16,106,3942.208348
-8.07,767,3945.009103
-13.2,1000,3948.641002
-12.5,1000,3952.269904
-4.5,460,3953.900347
-3.76,426,3955.419372
-3.86,386,3956.826012
-3.31,351,3958.083587
-7.61,691,3960.472359
-13.3,1000,3963.959645
-0.22,52,3964.152851
-5.92,532,3966.163508
-1.87,177,3966.793172
-10.21,931,3970.145476
-12.6,1000,3973.767735
-5.97,557,3975.788697
-5.2,530,3977.681002
-1.8,220,3978.4624
-6.98,588,3980.731768
-7.14,624,3983.114345
-10.92,982,3986.734967
-12.1,1000,3990.454422
0.02,68,3990.707894
-11.3,1000,3994.373219
0.45,45,3994.539912
0.71,29,3994.652939
-6.07,247,3995.530499
-12.7,1000,3999.142822
-13.1,1000,4002.732898
-7.2,620,4004.922602
-12.3,1000,4008.487403
-13.0,1000,4011.957254
-0.13,83,4012.258259
0.3,50,4012.445871
-1.79,209,4013.239296
-6.05,525,4015.099447
-4.32,422,4016.644492
-12.8,1000,4020.260142
-5.94,484,4022.057416
-2.97,307,4023.208025
-11.9,1000,4026.860283
-12.7,1000,4030.496694
0.13,57,4030.704155
-9.45,785,4033.643167
-12.5,1000,4037.837627
-12.2,1000,4042.336705
-0.37,67,4042.57918
-13.1,1000,4046.679638
-8.67,787,4049.820556
-1.67,207,4050.71833
-8.32,772,4053.753921
-5.35,425,4055.431199
-13.4,1000,4059.312046
-12.5,1000,4063.208512
-1.53,133,4063.707114
-9.38,818,4067.029368
-0.06,86,4067.355978
0.66,24,4067.453274
-12.1,1000,4071.220064
-6.2,560,4073.177164
0.11,69,4073.404518
-9.68,868,4076.388078
-12.0,1000,4079.97222
-8.76,746,4082.652384
-12.2,1000,4086.222478
-0.2,120,4086.672784
-0.59,139,4087.155913
-13.0,1000,4090.718845
0.84,26,4090.811694
0.55,45,4090.97135
-12.7,1000,4094.56377
-13.0,1000,4098.193367
-4.62,442,4100.00509
0.37,63,4100.235548
-11.9,1000,4103.818399
-2.97,337,4105.014676
-5.15,485,4106.754074
-7.18,628,4108.994618
-10.06,786,4111.827367
-1.56,186,4112.520972
-13.1,1000,4116.088207
0.37,43,4116.229682
-5.29,489,4118.007508
-6.8,640,4120.245072
-13.4,1000,4123.811457
-3.57,387,4125.124909
-9.97,867,4128.10834
-5.69,549,4130.106094
-12.6,1000,4133.642074
-1.57,207,4134.353575
-10.45,865,4137.398768
-12.7,1000,4140.953012
0.72,18,4141.016479
-12.1,1000,4144.512981
0.1,90,4144.8194
-7.96,756,4147.510519
-4.73,463,4149.099658
-2.0,260,4149.991029
-4.24,444,4151.571181
-2.72,302,4152.606335
-4.32,422,4154.095056
-2.11,231,4154.899869
-2.82,292,4155.982798
-0.23,73,4156.241463
0.18,92,4156.620481
-13.1,1000,4160.333673
-10.37,907,4163.512525
-13.3,1000,4167.035196
-7.51,691,4169.456777
-12.6,1000,4173.033053
-6.2,580,4175.12924
-2.38,248,4176.025368
-1.25,155,4176.545707
-12.5,1000,4179.942172
0.71,29,4180.048336
-6.56,656,4182.466721
-5.47,497,4184.20674
-2.59,289,4185.234264
-12.4,1000,4188.806582
-1.59,229,4189.633528
-1.63,233,4190.501474
-3.31,381,4191.897061
-6.77,637,4194.070652
0.58,22,4194.149082
0.08,72,4194.39548
0.05,65,4194.623595
-2.28,298,4195.662208
-5.34,514,4197.529312
0.96,14,4197.575924
-0.32,82,4197.887815
-4.72,452,4199.564453
-2.18,278,4200.580599
-4.9,410,4202.042145
-1.11,181,4202.649866
-12.9,1000,4206.253453
-13.2,1000,4209.988643
-2.52,272,4211.02512
-12.2,1000,4214.59029
-4.31,421,4216.121904
-12.7,1000,4219.802363
0.72,28,4219.897872
-5.25,485,4221.574496
-3.35,365,4222.895921
-7.86,726,4225.463634
-12.9,1000,4229.019227
-0.64,114,4229.423704
-10.41,811,4232.34041
-3.7,380,4233.693902
-7.32,662,4236.059184
-6.91,631,4238.246466
-12.1,1000,4242.000147
-5.86,456,4243.680922
0.59,21,4243.766004
-6.77,667,4246.143722
-6.02,562,4248.11388
-6.86,606,4250.331384
-11.4,1000,4253.81894
-1.35,185,4254.470301
-11.8,1000,4257.952696
-1.96,226,4258.802844
-11.6,1000,4262.414255
-12.4,1000,4265.886638
0.72,28,4265.982505
0.55,25,4266.069412
-5.69,539,4268.020843
-12.5,1000,4271.426227
-4.96,486,4273.200895
-8.18,748,4275.927279
-4.23,433,4277.46846
0.6,20,4277.547713
-5.66,476,4279.288354
-6.44,584,4281.345135
-3.85,395,4282.801723
-4.93,453,4284.467523
-12.5,1000,4288.01661
0.37,53,4288.212797
-12.3,1000,4291.79889
-5.27,547,4293.7503
-8.09,739,4296.413604
-12.0,1000,4300.049524
-11.9,1000,4303.762957
0.2,40,4303.914106
-0.19,89,4304.219788
0.08,62,4304.438586
-9.27,827,4307.388405
0.19,41,4307.526533
-12.1,1000,4311.096487
0.34,46,4311.251962
-0.31,141,4311.755734
-5.5,460,4313.354422
-3.78,418,4314.837724
-3.38,368,4316.138609
-4.58,458,4317.818304
0.22,78,4318.081641
0.22,38,4318.217617
-11.2,1000,4321.749295
-12.4,1000,4325.359505
0.45,35,4325.477388
0.74,36,4325.605506
-11.8,1000,4329.234066
-0.23,103,4329.598154
-13.0,1000,4333.287592
0.22,38,4333.433052
-2.49,299,4334.523155
-14.1,1000,4338.142695
-7.69,719,4340.887304
-10.23,973,4344.433812
-11.7,1000,4348.017369
-2.71,311,4349.128857
-7.75,695,4351.703294
-7.53,653,4354.102745
-1.52,182,4354.770626
-1.02,152,4355.363058
0.05,65,4355.590228
-12.98,998,4359.153441
-12.3,1000,4362.781487
-12.1,1000,4366.421391
-7.24,704,4369.003364
0.29,51,4369.206015
-7.11,621,4371.506499
-12.1,1000,4374.988748
-10.79,889,4378.047746
-4.87,457,4379.644814
-0.18,78,4379.904313
-0.9,140,4380.387359
0.77,33,4380.502827
-8.07,727,4383.163062
-0.49,139,4383.655756
0.46,34,4383.78606
0.11,69,4384.022277
-3.88,398,4385.511405
-12.1,1000,4389.080492
-11.7,1000,4392.702516
-8.6,830,4395.743915
-0.22,82,4396.056486
-11.2,1000,4399.822872
0.5,40,4399.978336
0.66,24,4400.074081
-12.5,1000,4403.784792
0.61,19,4403.854914
-4.63,483,4405.58709
-9.95,855,4408.705018
-2.15,285,4409.69124
-11.6,1000,4413.516828
-1.08,178,4414.179386
-7.75,695,4416.722
-1.52,202,4417.436383
-1.97,237,4418.305739
-4.47,467,4419.973458
-7.76,786,4422.772366
-11.3,1000,4426.297612
-11.8,1000,4430.179639
-11.4,1000,4433.768977
-11.9,1000,4437.394686
0.3,60,4437.615295
0.22,58,4437.84008
-0.68,148,4438.402171
-0.01,81,4438.705878
-6.55,645,4441.049754
-6.56,626,4443.302629
-0.37,117,4443.750313
-1.16,176,4444.396629
-6.95,695,4447.057583
-12.5,1000,4450.731555
-11.8,1000,4454.395561
-3.03,363,4455.667847
-2.72,262,4456.630807
-0.93,123,4457.063449
-0.28,128,4457.490284
-1.19,179,4458.096718
-0.28,118,4458.528774
-10.02,902,4462.128503
0.75,25,4462.229894
-12.0,1000,4465.886906
-4.89,489,4467.631558
-0.05,105,4468.022793
-1.99,259,4468.989037
-5.65,555,4471.076754
0.21,49,4471.258819
-5.84,644,4473.565819
-3.32,392,4474.921112
-3.65,355,4476.167958
-9.11,851,4479.237742
0.75,25,4479.3312
-8.7,870,4482.429224
-11.2,1000,4486.097709
-10.33,933,4489.595693
-3.02,322,4490.803616
-0.71,151,4491.333225
-3.45,345,4492.565783
-8.32,812,4495.358583
-1.77,217,4496.126311
0.5,50,4496.301338
0.7,30,4496.403271
-12.7,1000,4499.909558
-11.2,1000,4503.445073
0.2,70,4503.717386
0.5,40,4503.855099
0.48,52,4504.039103
-3.85,405,4505.509304
-13.1,1000,4509.062889
-11.4,1000,4512.603245
-7.45,715,4515.245776
0.71,29,4515.344204
-13.4,1000,4519.032716
0.18,82,4519.37398
-12.3,1000,4523.137264
-12.0,1000,4526.656443
-4.06,446,4528.268808
-6.97,617,4530.482691
-11.7,1000,4534.078737
-8.15,715,4536.504179
-1.94,274,4537.45365
-9.98,788,4540.31424
-12.2,1000,4543.728114
-2.26,266,4544.687541
-11.3,1000,4548.244804
-11.6,1000,4551.808536
-1.54,204,4552.536858
-11.5,1000,4556.101871
-12.1,1000,4559.670672
-5.84,534,4561.512838
-10.9,1000,4565.12498
-7.19,689,4567.604011
-1.09,189,4568.261483
-12.3,1000,4571.78073
-5.38,578,4573.896623
-12.0,1000,4577.474885
-6.42,682,4580.041499
-11.7,1000,4583.692595
-6.97,677,4586.090595
-11.7,1000,4589.740116
-0.08,98,4590.093203
-9.35,865,4593.226933
-0.72,132,4593.756331
-0.99,159,4594.36544
-1.11,141,4594.888911
-12.5,1000,4598.545039
-11.2,1000,4602.138586
-2.55,325,4603.339753
0.4,40,4603.499162
-11.5,1000,4607.116585
-8.04,814,4610.055153
-6.06,626,4612.32232
-11.9,1000,4615.95038
-12.8,1000,4619.525358
-7.15,665,4621.907856
-11.2,1000,4625.587027
-11.9,1000,4629.168588
-11.4,1000,4632.765797
-1.81,221,4633.543173
-11.6,1000,4637.305057
-2.28,278,4638.36299
-4.05,425,4640.255392
-0.17,87,4640.646848
-11.6,1000,4644.660474
-11.8,1000,4648.414634
-10.82,482,4650.321368
-3.33,393,4651.943298
0.71,19,4652.0218
-8.31,821,4655.180513
-1.28,168,4655.805301
-12.5,1000,4659.917032
0.12,58,4660.116743
-7.32,642,4662.691813
-1.16,206,4663.500264
-12.5,1000,4667.447316
-6.89,669,4669.911186
-6.86,586,4672.160379
-5.74,494,4673.980211
-0.02,72,4674.226789
-11.53,883,4677.34737
-11.6,1000,4680.949774
0.17,63,4681.175205
0.05,85,4681.468091
-5.53,523,4683.301295
-11.9,1000,4686.94401
-12.2,1000,4690.643546
-13.3,1000,4694.241292
-0.17,67,4694.479947
0.09,51,4694.664625
-0.5,120,4695.118928
-0.3,100,4695.483591
-12.7,1000,4699.175715
-12.0,1000,4702.719547
-9.14,814,4705.759471
-0.12,82,4706.090586
-8.58,838,4709.079751
-12.4,1000,4712.642478
-4.19,459,4714.32404
-13.0,1000,4717.943764
-9.76,806,4720.891414
-7.66,716,4723.576362
-2.23,243,4724.461673
-0.78,108,4724.849355
-11.4,1000,4728.65046
-1.3,220,4729.475643
-11.7,1000,4733.087629
-11.9,1000,4736.622929
-5.96,576,4738.662777
-2.49,259,4739.600187
-7.74,764,4742.346476
-2.03,273,4743.366264
0.26,44,4743.541342
-11.2,1000,4747.165788
0.15,45,4747.333025
-12.7,1000,4750.934629
-12.8,1000,4754.552901
-4.16,386,4755.942615
-12.3,1000,4759.715107
-1.54,204,4760.47148
-1.47,167,4761.078966
-9.28,848,4764.15459
-6.06,536,4766.072839
-6.39,589,4768.158484
0.14,66,4768.381739
-6.63,613,4770.47285
-13.6,1000,4774.069802
-2.03,273,4775.108499
-3.99,389,4776.558532
-4.81,411,4778.023209
-8.72,812,4780.882673
-11.4,1000,4784.556149
-12.1,1000,4788.233751
-12.1,1000,4791.815755
-2.86,316,4792.995802
0.27,53,4793.209846
-8.58,838,4796.182483
-8.86,846,4799.104952
-12.7,1000,4802.767951
-5.95,595,4804.903086
-0.47,147,4805.416634
-6.77,627,4807.587549
-7.45,285,4808.680992
-0.15,105,4809.077967
-12.5,1000,4812.679989
-3.05,365,4814.012838
-4.22,502,4815.854697
-11.6,1000,4819.53719
-11.7,1000,4823.092859
-0.05,65,4823.314074
-11.4,1000,4826.978576
-5.38,508,4828.864222
-7.09,669,4831.227013
-11.99,949,4834.590521
-12.4,1000,4838.247842
-11.5,1000,4841.790473
-11.7,1000,4845.479771
-13.4,1000,4849.017411
-4.13,403,4850.508103
-6.59,579,4852.611045
-5.57,497,4854.449101
-12.1,1000,4858.053419
-1.04,144,4858.571564
-12.1,1000,4862.228814
-4.43,483,4864.023233
-12.8,1000,4867.672273
-1.51,241,4868.569043
-4.45,435,4870.146554
-5.08,518,4871.983505
-3.23,313,4873.134518
-12.4,1000,4876.698961
0.42,58,4876.901559
-12.8,1000,4880.472661
-10.05,755,4883.11454
0.24,56,4883.321505
-12.4,1000,4887.07049
-4.61,461,4888.717785
-0.91,161,4889.306172
0.36,54,4889.500431
-2.1,260,4890.458161
-2.03,213,4891.238594
-9.14,724,4893.853791
-6.94,704,4896.422698
-8.98,788,4899.353687
-4.91,431,4900.997991
0.28,62,4901.216372
-8.12,792,4904.093864
0.5,30,4904.202023
0.48,42,4904.339959
-11.5,1000,4907.837894
-2.59,309,4908.979209
-12.4,1000,4912.721711
0.41,49,4912.886137
-1.9,270,4913.847312
-2.49,279,4914.860271
-7.01,661,4917.277182
-7.29,669,4919.62197
-12.3,1000,4923.146078
-3.67,377,4924.450408
-12.4,1000,4928.099128
-6.67,657,4930.392818
-13.0,1000,4934.008985
-6.78,588,4936.189583
-0.42,102,4936.608176
-3.59,349,4937.955419
-2.02,242,4939.045203
-2.78,358,4940.279744
-5.72,582,4942.368316
0.01,69,4942.627263
-6.32,482,4944.412712
-12.2,1000,4948.070276
0.27,53,4948.247912
-4.17,427,4949.722578
-2.3,280,4950.722818
-7.91,801,4953.643381
-4.78,458,4955.280163
-6.76,586,4957.342839
-9.3,850,4960.294486
-4.99,509,4962.198112
-12.8,1000,4965.793736
-12.5,1000,4969.368881
-2.58,318,4970.50438
-2.93,283,4971.567515
-3.25,295,4972.605624
-10.43,823,4975.583368
-12.3,1000,4979.23385
-5.45,555,4981.261703
-0.25,105,4981.636919
-12.0,1000,4985.258979
-12.5,1000,4988.876579
-0.12,82,4989.162917
-7.62,662,4991.529762
-12.2,1000,4995.02361
-1.16,186,4995.700915
-9.99,849,4998.811685
-12.4,1000,5002.625948
-4.49,439,5004.307184
-4.67,497,5006.133645
-1.46,216,5006.926265
-3.26,316,5008.097942
-1.64,234,5008.900441
-1.35,195,5009.572019
-0.75,145,5010.073557
-3.65,375,5011.426888
0.11,49,5011.592135
-4.89,479,5013.277242
-10.95,915,5016.460341
-3.95,425,5017.93952
-0.08,68,5018.168289
-7.99,719,5020.805274
-3.47,357,5022.086057
-7.52,652,5024.418132
0.51,29,5024.518927
-2.75,305,5025.598835
-2.91,301,5026.683038
-5.91,601,5028.883516
-0.13,83,5029.178889
-7.67,687,5031.557601
-1.13,143,5032.041613
-1.44,204,5032.759456
0.04,56,5032.949384
-11.7,1000,5036.511111
-12.1,1000,5040.308771
-3.62,382,5041.620324
-1.16,156,5042.143222
-0.41,131,5042.573997
-11.3,1000,5046.166203
-9.19,849,5049.370275
-3.48,368,5050.67954
-10.06,976,5054.217338
-2.23,253,5055.161883
-2.26,266,5056.163949
-1.95,225,5056.958301
-11.34,864,5060.096886
-12.4,1000,5063.766956
-1.54,244,5064.658246
-0.69,139,5065.183151
-12.1,1000,5068.773058
-6.02,632,5070.995653
-12.3,1000,5074.660888
-0.79,119,5075.119988
-2.32,312,5076.260526
-0.08,88,5076.572377
-8.07,807,5079.41898
-12.4,1000,5083.132687
-10.8,1000,5086.711245
-2.86,336,5087.903849
-12.0,1000,5091.601077
-10.47,987,5095.188613
-5.92,562,5097.262501
-5.2,550,5099.349058
-1.87,267,5100.29339
-11.5,1000,5103.723167
-4.16,436,5105.250067
-1.44,234,5106.141185
-12.4,1000,5109.769612
-8.59,789,5112.560174
0.07,83,5112.855738
-10.39,999,5116.534363
0.22,58,5116.737013
-11.9,1000,5120.467995
-5.21,491,5122.297643
-1.07,147,5122.843345
0.24,46,5123.006926
-2.95,325,5124.24138
-12.2,1000,5127.860377
-3.32,342,5129.077581
-1.78,238,5129.905513
-1.08,168,5130.505689
-11.28,978,5134.131625
-1.94,244,5135.00837
-3.54,374,5136.370518
-9.2,820,5139.273133
-12.0,1000,5142.962209
-11.9,1000,5146.449926
-6.54,674,5148.882758
-13.8,1000,5152.464901
-12.4,1000,5156.077294
-0.05,55,5156.258774
-4.39,459,5157.949808
-5.09,499,5159.69831
-6.79,659,5162.028997
-9.97,907,5165.157894
-0.48,98,5165.502137
-9.65,965,5168.985835
-11.6,1000,5172.414463
-13.2,1000,5175.916613
-6.48,588,5177.999445
-10.72,982,5181.584759
-11.4,990,5185.02351
-7.47,657,5187.329474
-0.28,108,5187.707684
-4.69,459,5189.275846
-5.06,496,5191.039435
-11.5,1000,5194.611817
-0.58,98,5194.999045
-0.25,125,5195.459493
-5.52,542,5197.4313
-7.12,732,5200.056899
-11.6,1000,5203.679955
-1.58,248,5204.555866
-7.26,696,5207.027532
-7.28,728,5209.653452
-11.6,1000,5213.178524
-13.2,1000,5216.678768
-7.9,730,5219.200805
-4.97,467,5220.755884
-11.4,1000,5224.143224
-6.0,580,5226.282616
-9.49,869,5229.448664
-2.45,235,5230.305343
-12.1,1000,5233.851788
-1.6,210,5234.626147
-0.02,72,5234.899619
-5.17,467,5236.750254
-11.8,1000,5240.734923
-3.13,333,5242.056103
0.39,31,5242.161498
-2.41,261,5243.215352
-12.0,1000,5247.061945
-2.54,304,5248.204073
-2.56,236,5249.128369
-4.22,392,5250.807157
-12.5,1000,5254.666415
-4.25,465,5256.717363
-5.99,559,5258.823387
-8.83,853,5262.148344
-13.0,1000,5265.828386
-12.0,1000,5269.334941
-11.9,1000,5272.859099
-11.89,989,5276.178208
-4.92,432,5277.765096
-9.86,886,5280.892434
-3.03,313,5281.950052
-12.2,1000,5285.32316
-12.2,1000,5288.912627
-11.68,958,5292.214084
-6.56,616,5294.428419
-0.36,116,5294.84766
-8.65,855,5297.907907
-7.36,636,5300.332937
-3.9,400,5301.709975
-13.0,1000,5305.264272
-11.9,1000,5308.763113
-12.0,1000,5312.339101
-12.1,1000,5315.754766
-0.74,114,5316.165217
-1.7,200,5316.881423
-4.22,422,5318.378343
-11.6,1000,5321.965554
-2.05,235,5322.767205
-0.1,60,5322.964702
-11.5,1000,5326.332821
-8.12,702,5328.776241
-11.1,1000,5332.380983
-8.21,801,5335.086423
-11.8,1000,5338.661995
-4.69,399,5340.132409
-3.77,447,5341.679173
-7.44,704,5344.129302
-11.8,1000,5347.654371
-5.67,537,5349.513175
-4.71,491,5351.17064
-11.6,1000,5354.676027
-1.12,172,5355.289311
-11.9,1000,5358.784993
-0.99,169,5359.365157
-12.5,1000,5362.997355
-11.9,1000,5366.407461
-7.14,674,5368.667248
-1.25,175,5369.26029
-3.52,392,5370.610569
-11.5,1000,5374.033861
-1.48,218,5374.798837
0.55,45,5374.955947
-12.2,1000,5378.411773
-9.27,847,5381.238142
-1.26,206,5381.990337
-0.54,144,5382.478835
-12.1,1000,5385.989952
-8.37,807,5388.79419
-0.81,111,5389.205618
-3.08,308,5390.281224
-12.4,1000,5393.655599
-4.93,473,5395.362306
-11.3,1000,5398.850112
-12.6,1000,5402.206115
-12.4,1000,5405.891376
0.48,42,5406.054698
-11.7,1000,5409.574922
-1.33,193,5410.253057
-12.2,1000,5413.666575
-2.9,310,5414.746348
-10.53,943,5418.035935
-0.28,118,5418.461108
-12.2,1000,5422.09994
-4.44,474,5423.69516
0.06,94,5424.007614
-11.6,1000,5427.437393
0.2,40,5427.572868
-11.5,1000,5431.06739
-6.48,578,5432.98776
0.54,26,5433.076898
-5.35,455,5434.604979
-12.7,1000,5438.039127
-3.86,326,5439.106154
-9.22,862,5441.972751
0.02,78,5442.239145
-5.29,559,5444.102727
-0.91,141,5444.589722
-12.9,1000,5448.115488
-12.4,1000,5451.395373
-9.0,790,5454.052922
-5.22,492,5455.730504
-12.5,1000,5459.190136
-5.57,557,5461.161179
0.51,49,5461.326234
-11.9,1000,5464.864344
-11.9,1000,5468.338231
-11.58,958,5471.76828
-12.1,1000,5475.246097
-5.19,489,5476.91976
-8.9,800,5479.832885
-6.35,585,5481.893658
-7.49,739,5484.483217
0.68,22,5484.555952
-0.38,88,5484.854793
-12.2,1000,5488.209676
-8.83,763,5490.913083
-11.8,1000,5494.465883
-13.2,1000,5497.863423
-3.53,333,5498.972177
-8.47,767,5501.536505
-12.0,1000,5505.037364
-12.6,1000,5508.466606
-12.1,1000,5511.919293
-12.6,1000,5515.436155
-4.98,458,5517.030556
-11.8,1000,5520.563906
-3.09,329,5521.709098
-12.8,1000,5525.21171
-5.89,609,5527.316148
-12.6,1000,5530.88699
-12.5,1000,5534.260893
-3.73,353,5535.406165
-8.76,736,5537.968419
-8.3,840,5541.054927
-12.3,1000,5544.419441
-11.3,1000,5547.897842
-10.28,948,5551.017979
-7.62,732,5553.44865
-11.8,1000,5557.011432
-6.53,653,5559.232563
-12.3,1000,5562.715334
0.12,68,5562.959208
-5.03,533,5564.904044
-11.7,1000,5568.25857
-12.5,1000,5571.658051
-10.62,922,5574.781047
-11.8,1000,5578.196885
-12.7,1000,5581.674041
-12.8,1000,5585.109517
-2.33,243,5585.960392
-2.88,338,5587.130526
-4.53,423,5588.618259
-12.4,1000,5592.13424
-10.2,840,5595.073854
-12.1,1000,5598.637437
-6.01,421,5600.195869
-0.54,124,5600.608134
-12.3,1000,5604.090875
-11.8,1000,5607.499351
-1.35,175,5608.092576
-2.11,211,5608.78653
-12.8,1000,5612.166543
-12.6,1000,5615.456634
-8.52,852,5618.239704
-2.87,347,5619.41889
-6.75,605,5621.443996
-11.9,1000,5624.757858
-10.66,936,5627.935361
-6.76,606,5630.121669
0.06,74,5630.388026
-4.54,454,5631.907974
-12.6,1000,5635.17393
-2.93,283,5636.151546
-8.61,761,5638.822241
-12.1,1000,5642.107328
-7.03,683,5644.440993
-4.04,414,5645.949328
-0.16,96,5646.290078
-1.85,205,5647.051088
-12.9,1000,5650.350547
-12.0,1000,5653.76213
-13.0,1000,5657.159401
-11.2,1000,5660.704557
0.38,52,5660.884469
-2.33,293,5661.886339
-2.46,286,5662.818819
0.69,21,5662.886298
-2.57,307,5663.910825
-3.68,418,5665.267866
-12.0,1000,5668.58851
-12.0,1000,5671.844739
-1.38,188,5672.424438
-3.64,394,5673.666241
-0.3,130,5674.070611
-9.02,782,5676.680043
-12.5,1000,5679.983125
-4.44,424,5681.334332
-7.33,673,5683.516787
-12.6,1000,5686.871472
-2.33,323,5687.910902
-5.29,529,5689.617514
-8.43,743,5692.150574
-12.2,1000,5695.38989
0.5,40,5695.521492
-2.99,289,5696.459924
-0.3,110,5696.811907
-12.4,1000,5700.131214
-12.6,1000,5703.571867
-4.13,463,5705.050721
-12.0,1000,5708.375569
-0.04,74,5708.658874
-9.31,901,5711.623384
-11.7,1000,5714.87134
-2.66,316,5715.993863
-4.29,399,5717.310385
-0.48,98,5717.622622
-0.4,80,5717.879983
-11.8,1000,5721.39109
-1.03,153,5721.879552
-2.32,282,5722.762107
-6.64,654,5724.957645
-11.8,1000,5728.201302
-12.7,1000,5731.462391
-8.9,820,5734.166968
-2.03,193,5734.814447
-9.72,932,5737.915993
-6.31,601,5739.837106
-12.1,1000,5743.159505
-11.7,1000,5746.500114
-1.75,235,5747.274778
-3.71,461,5748.767351
-3.48,378,5750.021824
-11.6,1000,5753.294249
-11.9,1000,5756.475431
-0.45,135,5756.906868
0.33,37,5757.026414
-0.13,93,5757.344326
-8.28,788,5759.91668
-3.16,426,5761.23595
-12.1,1000,5764.426157
-11.1,1000,5767.80234
-12.0,1000,5771.116949
-3.93,423,5772.495133
-12.3,1000,5775.907332
-10.5,1000,5779.271883
-5.27,527,5781.092487
-10.9,1000,5784.426232
-12.0,1000,5787.588802
-3.68,288,5788.580921
-10.8,1000,5791.967908
-2.21,281,5792.860167
-11.5,1000,5796.042144
-9.09,809,5798.7697
-6.06,606,5800.738684
0.04,56,5800.918938
-3.04,324,5801.983597
-11.6,1000,5805.265342
-2.85,335,5806.292065
-11.2,1000,5809.470096
-12.3,1000,5812.671128
-12.1,1000,5815.83906
-0.54,124,5816.252051
-11.7,1000,5819.432789
-12.0,1000,5822.706459
-7.26,626,5824.750399
-12.4,1000,5827.967539
-11.9,1000,5831.212352
-2.54,304,5832.213386
-11.7,1000,5835.586677
-12.3,1000,5839.571477
-11.0,1000,5843.312789
-5.15,525,5845.017198
0.35,65,5845.241036
-4.72,472,5846.979438
-13.0,1000,5850.252338
-11.3,1000,5853.485157
-11.6,1000,5856.942304
-13.2,1000,5860.761778
-3.14,354,5861.999389
-9.09,769,5864.596756
-11.4,1000,5867.708039
-0.65,145,5868.149222
-5.84,564,5869.885643
0.44,26,5869.97229
-8.16,826,5872.669685
-6.65,625,5874.621374
-6.08,558,5876.357726
-7.38,698,5878.57095
-12.2,1000,5881.771626
-4.26,456,5883.211354
-3.33,383,5884.437185
-7.31,671,5886.621397
-4.62,512,5888.26925
-11.9,1000,5891.417368
-1.53,193,5892.035542
-8.06,856,5894.775722
-11.1,1000,5897.916193
-6.64,624,5899.89961
-12.2,1000,5903.146093
0.71,29,5903.23899
-11.7,1000,5906.459922
-0.65,175,5907.000385
-11.4,1000,5910.179916
-0.74,114,5910.534302
-11.5,1000,5913.765033
-12.6,1000,5916.869992
-1.87,247,5917.645333
-11.4,1000,5920.864167
-12.0,1000,5924.085478
-3.73,403,5925.40012
-5.99,639,5927.542651
-11.2,1000,5930.789372
-11.0,1000,5933.905906
-12.4,1000,5937.120843
-8.27,737,5939.367566
-4.82,532,5941.009223
-5.88,518,5942.659914
-4.43,473,5944.196127
-0.18,98,5944.542632
-0.64,114,5944.913268
0.18,82,5945.165525
-5.2,520,5946.745333
-8.59,799,5949.263733
-11.2,1000,5952.553952
-4.58,498,5954.114158
-11.3,1000,5957.309978
0.23,77,5957.56747
-3.43,363,5958.783465
-0.53,83,5959.074632
-7.5,730,5961.502869
-11.8,1000,5964.682733
0.52,48,5964.832346
-8.08,738,5967.177855
-3.67,387,5968.411775
-2.56,296,5969.358739
-0.11,71,5969.59569
-6.51,641,5971.607733
-6.02,592,5973.546715
-11.33,953,5976.861886
-9.52,892,5979.782433
-1.54,174,5980.365836
-0.91,151,5980.886634
-3.93,433,5982.363908
-4.64,504,5984.089184
-11.4,1000,5987.347734
-8.2,790,5989.947295
-12.1,1000,5993.310769
-2.36,296,5994.264321
-0.15,65,5994.473216
-5.67,547,5996.262779
-2.79,279,5997.186916
-2.4,310,5998.239586
-11.8,1000,6001.522017
-11.4,1000,6004.733985
0.31,49,6004.885402
-0.87,167,6005.411207
-6.2,570,6007.283471
-2.9,300,6008.297867
-11.1,1000,6011.645368
0.55,25,6011.739553
-0.5,140,6012.229008
0.08,92,6012.536911
-3.1,380,6013.823833
-9.1,910,6016.828072
-0.39,119,6017.20471
-4.64,444,6018.623878
-10.25,985,6021.853825
-1.35,195,6022.563486
0.42,38,6022.695931
-12.2,1000,6026.010186
-12.3,1000,6029.377693
-3.03,303,6030.398673
-7.59,769,6032.821796
0.74,26,6032.907412
-2.54,284,6033.819876
-2.4,270,6034.698878
0.68,32,6034.796941
-1.77,257,6035.615453
-2.27,297,6036.576911
-7.25,645,6038.678154
-6.27,567,6040.520857
-0.78,108,6040.89621
-0.58,108,6041.273993
-0.02,92,6041.580516
-6.46,646,6043.679513
-1.1,140,6044.11992
-11.5,1000,6047.530882
-0.94,144,6048.000967
-11.2,1000,6051.268614
-3.4,390,6052.53678
-8.66,826,6055.325522
-1.5,180,6055.90506
-4.87,527,6057.616067
-8.06,776,6060.093394
-11.3,1000,6063.411453
-10.9,1000,6066.654866
-3.37,407,6068.004521
-0.39,89,6068.341485
-3.54,394,6069.671348
-11.0,1000,6072.99979
-11.9,1000,6076.242192
-7.48,718,6078.702058
-6.5,690,6081.331269
0.59,31,6081.449646
-6.41,631,6084.011071
-0.28,98,6084.380143
0.19,51,6084.555127
-3.43,383,6085.985624
-4.0,400,6087.317051
-12.4,1000,6091.349811
-5.19,549,6093.395469
-12.0,1000,6096.899553
-5.47,517,6098.593657
-0.14,74,6098.838627
-2.53,283,6099.774572
-1.32,222,6100.495379
-6.63,653,6102.645838
-12.3,1000,6105.899287
0.23,67,6106.104955
-3.89,409,6107.432046
-12.1,1000,6110.625815
-0.85,155,6111.140372
-12.2,1000,6114.459048
0.69,31,6114.560624
-4.3,440,6116.032632
-11.8,1000,6119.384242
-1.89,219,6120.11583
-1.7,210,6120.832391
-8.11,751,6123.283954
-4.37,507,6124.926144
-5.12,522,6126.605354
-7.67,717,6129.099975
-10.8,1000,6132.37093
-3.23,313,6133.361591
-0.1,90,6133.643243
-3.91,421,6135.064068
-4.85,515,6136.731302
-4.91,491,6138.420743
-8.24,724,6140.945019
-0.14,84,6141.204193
0.32,38,6141.326662
-1.4,200,6141.951425
-8.53,843,6144.647118
-1.53,193,6145.286978
-1.27,207,6145.935474
0.66,24,6146.011709
-0.89,129,6146.413973
-12.1,1000,6149.642842
-0.69,149,6150.130599
-3.58,398,6151.458973
-0.5,110,6151.806021
-11.6,1000,6155.094797
-3.26,346,6156.210593
-9.43,833,6158.826014
-5.9,590,6160.678321
-4.05,445,6162.115543
-11.1,1000,6165.349658
-3.51,411,6166.676144
-5.92,592,6168.641492
-11.1,1000,6171.906381
-7.09,649,6174.009742
-1.98,228,6174.764826
-1.05,175,6175.363292
-3.57,407,6176.73679
0.11,49,6176.904048
-4.85,525,6178.625906
-2.9,310,6179.634003
-0.69,139,6180.109738
-0.21,91,6180.403814
0.23,77,6180.66333
-0.65,135,6181.105495
-9.18,868,6183.909769
-3.4,390,6185.223438
-0.82,152,6185.734333
-8.55,865,6188.585024
-3.69,419,6189.956154
-1.86,266,6190.815824
-2.09,239,6191.614919
0.53,37,6191.734647
-8.49,799,6194.379824
0.06,84,6194.650977
-2.57,277,6195.52407
-0.22,92,6195.819349
0.5,30,6195.921671
-5.31,561,6197.707636
-0.52,152,6198.199496
-3.85,415,6199.699216
-3.63,393,6201.084399
-0.39,119,6201.499967
-7.02,662,6203.729396
-1.54,224,6204.437344
-11.7,1000,6207.686166
0.17,33,6207.795937
-6.57,587,6209.756148
-1.48,178,6210.373544
0.01,89,6210.672869
-7.36,776,6213.230098
0.15,65,6213.443143
-6.86,716,6215.772064
-1.59,219,6216.503563
-3.76,386,6217.860501
-0.01,41,6217.986774
-3.79,379,6219.307689
-6.76,686,6221.581534
0.17,73,6221.825116
-12.0,1000,6225.040216
-7.17,697,6227.379252
-9.44,934,6230.384382
-0.71,141,6230.861819
-4.93,423,6232.225199
-1.95,255,6233.029125
-9.86,996,6236.328992
0.53,27,6236.417396
0.36,54,6236.589029
0.74,26,6236.671655
-1.42,232,6237.452363
0.64,26,6237.529695
-2.67,307,6238.520527
-3.16,326,6239.556695
-0.25,95,6239.868879
-1.16,186,6240.46654
0.28,52,6240.631462
-6.05,545,6242.3987
-0.34,114,6242.780877
-2.26,246,6243.608205
-1.94,234,6244.379767
-2.11,271,6245.244477
-4.19,389,6246.505435
-2.75,305,6247.46853
-8.27,767,6250.068255
-0.67,157,6250.594249
-3.99,439,6252.103436
-4.36,476,6253.666102
-11.4,1000,6256.956584
-0.94,124,6257.365006
-2.04,254,6258.185513
0.76,24,6258.264601
-0.85,135,6258.764613
-11.5,1000,6262.094434
-0.46,156,6262.607257
-4.46,416,6263.967476
-6.45,585,6265.885568
0.7,30,6265.983022
-1.31,181,6266.620652
0.45,55,6266.812401
-7.94,744,6269.14892
-7.07,687,6271.320014
-7.1,710,6273.601823
-0.22,112,6273.96564
-0.36,126,6274.369436
-4.65,475,6275.872669
-6.14,604,6277.781633
-0.6,110,6278.129341
-7.46,726,6280.502645
0.56,34,6280.605316
-4.79,459,6282.129864
-10.35,895,6285.033215
-11.4,1000,6288.293461
-0.21,111,6288.648051
-1.15,185,6289.229438
-5.45,565,6291.091763
0.7,30,6291.201338
-1.28,178,6291.766675
0.58,32,6291.875918
-3.92,382,6293.158805
0.33,47,6293.303941
-11.9,1000,6296.397662
-0.24,104,6296.725042
-7.2,710,6299.095799
0.68,32,6299.197954
0.37,33,6299.303223
-12.6,1000,6302.528514
-5.44,574,6304.329719
-9.15,835,6307.057345
-8.06,796,6309.733351
-1.68,248,6310.518978
-2.15,215,6311.19256
-6.16,586,6313.060395
-10.27,907,6316.118579
0.38,32,6316.219659
-1.98,248,6317.029613
0.69,21,6317.105534
-6.32,622,6319.111308
-0.27,127,6319.521925
-11.9,1000,6322.840369
-7.27,757,6325.341832
-8.97,827,6327.985774
-4.82,452,6329.427778
-0.54,124,6329.81234
-12.7,1000,6333.077381
0.56,34,6333.182186
-0.39,89,6333.460565
-12.1,1000,6336.732287
0.06,44,6336.876137
-7.62,732,6339.322176
-0.28,108,6339.680657
0.6,30,6339.772739
-11.3,1000,6343.017139
-3.11,341,6344.113457
-12.5,1000,6347.421912
-11.8,1000,6350.689398
-1.82,242,6351.472763
0.43,27,6351.562054
-11.5,1000,6354.805084
-3.62,392,6356.160369
-0.41,111,6356.520972
-3.54,424,6357.868082
-11.3,1000,6361.041968
-11.5,1000,6364.272542
-8.91,821,6366.894474
-6.87,667,6368.991659
-0.16,126,6369.43168
-3.77,457,6370.90684
0.77,23,6370.992902
0.65,25,6371.081084
-4.79,489,6372.737237
-8.64,804,6375.308087
-10.46,986,6378.508341
-11.4,1000,6381.73912
0.7,20,6381.798863
-7.22,712,6383.996808
-0.57,157,6384.469492
0.72,28,6384.554548
-10.9,1000,6387.770851
0.28,62,6387.969377
-8.47,867,6390.714772
-11.7,1000,6393.865581
-0.82,142,6394.303691
-0.18,88,6394.565791
-9.53,913,6397.501288
-1.91,211,6398.175335
-2.86,346,6399.25508
0.1,80,6399.497404
0.43,37,6399.617684
-3.41,371,6400.769213
-3.07,337,6401.849252
-0.25,85,6402.131242
0.55,25,6402.215252
-1.47,197,6402.860724
-1.38,228,6403.623425
-10.7,1000,6406.919256
0.16,34,6407.045163
-11.6,1000,6410.162012
-0.16,116,6410.524729
0.46,24,6410.601727
-11.5,1000,6413.87537
-2.17,277,6414.760749
-0.67,117,6415.106583
-2.8,220,6415.779162
0.64,36,6415.891553
-11.6,1000,6419.108728
-10.8,1000,6422.412751
-11.5,1000,6425.643889
0.15,55,6425.809277
-7.75,735,6428.157712
-3.96,446,6429.556804
-3.24,344,6430.662134
-1.98,208,6431.303083
0.71,29,6431.394368
-12.3,1000,6434.65567
-3.16,386,6435.979266
-6.9,730,6438.576535
0.13,57,6438.812493
-1.98,238,6439.756771
-1.66,226,6440.491207
0.29,51,6440.658779
-2.47,267,6441.627706
-7.5,710,6444.032647
-5.0,480,6445.888701
-11.8,1000,6449.542249
-3.48,338,6450.73251
-0.36,96,6451.037197
-5.64,574,6453.000111
0.4,60,6453.221784
-11.8,1000,6456.795237
-9.89,919,6459.97765
0.45,65,6460.180281
-0.85,145,6460.647654
-7.67,807,6463.13681
-1.67,217,6463.828686
-5.91,541,6465.582301
-4.95,525,6467.274749
0.48,32,6467.371104
-2.26,236,6468.12656
-0.57,107,6468.454493
-5.31,531,6470.159754
0.58,22,6470.228891
-7.15,665,6472.303351
-7.57,727,6474.613187
-2.8,320,6475.675909
-2.62,282,6476.542511
-5.73,553,6478.3172
-1.79,199,6478.965123
-3.13,313,6479.954251
0.48,52,6480.117091
0.08,72,6480.356319
-0.36,126,6480.771025
-2.01,251,6481.592765
-9.57,887,6484.453822
-8.21,801,6487.010245
-1.21,171,6487.541837
-5.56,596,6489.458751
-0.2,90,6489.765836
-2.66,326,6490.834424
-4.29,469,6492.280751
-3.36,366,6493.405466
-5.74,584,6495.225997
-2.08,238,6495.999574
-1.49,179,6496.580988
-11.3,1000,6499.949009
-0.35,95,6500.248679
-5.75,535,6501.941124
-8.31,731,6504.246165
-0.68,108,6504.58297
-5.86,626,6506.573753
-7.49,759,6508.923285
-7.6,710,6511.06857
-0.98,148,6511.522402
0.4,20,6511.584093
-3.8,400,6512.835225
-6.33,623,6514.746105
-11.5,1000,6517.794116
-4.28,458,6519.17303
-0.61,111,6519.518967
-4.47,447,6520.921503
0.24,36,6521.037936
-3.95,415,6522.354475
-3.87,397,6523.584718
-1.18,188,6524.17299
-11.8,1000,6527.303115
-2.09,239,6528.038149
-5.08,538,6529.692981
-1.44,194,6530.317479
-3.92,442,6531.700086
-1.45,185,6532.305928
-10.29,939,6535.236145
-1.74,224,6535.93911
-4.82,522,6537.574103
-0.66,136,6538.042167
-6.27,637,6539.933676
-2.9,310,6540.87565
-1.21,161,6541.38618
-0.06,106,6541.708072
-1.9,230,6542.422955
-5.39,559,6544.158432
0.62,28,6544.24454
-6.64,694,6546.407498
-2.49,279,6547.250386
-2.83,313,6548.183964
-2.33,243,6548.920344
-3.49,379,6550.134749
-2.58,328,6551.171621
0.35,45,6551.309551
-4.6,460,6552.752549
-2.1,280,6553.590169
-2.48,318,6554.520795
-2.39,269,6555.313195
0.55,25,6555.38592
-1.99,189,6555.947696
-2.57,267,6556.780875
0.32,38,6556.901729
-11.8,1000,6560.128963
-1.55,225,6560.827885
-12.2,1000,6563.879462
-1.64,194,6564.452056
-0.85,145,6564.880938
-0.81,161,6565.394459
-3.0,310,6566.362665
0.34,46,6566.501309
0.53,57,6566.677519
-0.58,138,6567.100962
-3.62,382,6568.326838
-2.58,328,6569.315044
-3.73,233,6570.032713
-5.67,567,6571.772553
-4.17,437,6573.088707
-0.84,124,6573.466732
-3.19,329,6574.488169
-1.61,231,6575.222341
-3.5,400,6576.474092
-2.63,263,6577.251147
-0.77,127,6577.644161
-1.67,227,6578.324353
-1.61,191,6578.887433
-2.96,346,6579.94452
-1.52,212,6580.618436
-3.14,354,6581.673962
-4.89,509,6583.262964
-0.71,131,6583.696668
-2.74,314,6584.730303
0.21,49,6584.879662
-2.47,137,6585.305086
-10.48,968,6588.303246
0.7,20,6588.364802
0.39,21,6588.425767
-11.2,1000,6591.510779
-3.26,396,6592.746956
-1.93,243,6593.491957
-3.07,317,6594.459029
0.13,37,6594.57567
-7.86,726,6596.832184
-10.8,1000,6599.954666
-10.9,1000,6603.05578
-0.16,86,6603.318327
-0.26,86,6603.605151
0.54,26,6603.695049
-11.8,1000,6606.86518
0.25,45,6607.002767
-4.24,434,6608.334762
-1.78,178,6608.904039
-10.4,1000,6611.998433
-2.01,231,6612.675272
-4.28,458,6614.044772
-2.44,294,6614.949276
-5.48,508,6616.488906
0.12,38,6616.613293
-3.71,381,6617.760184
-5.23,543,6619.516527
-9.25,915,6622.39558
-11.7,1000,6625.505911
-2.14,254,6626.299011
0.21,49,6626.445712
-11.2,1000,6629.537173
-4.51,431,6630.897115
-12.1,1000,6633.882311
-11.2,1000,6636.938427
0.14,66,6637.146125
-0.63,133,6637.564931
-4.88,508,6639.214444
-4.08,438,6640.614509
-0.87,167,6641.11825
-11.8,1000,6644.253542
0.48,22,6644.327373
-8.61,851,6646.974408
-11.7,1000,6649.976717
-4.09,389,6651.138934
-11.7,1000,6654.211421
-1.62,242,6654.977531
0.56,24,6655.051004
-2.22,292,6655.971398
-2.04,244,6656.745404
-11.0,1000,6659.796435
0.61,19,6659.869049
-8.29,819,6662.404726
-10.9,1000,6665.411911
-5.57,517,6667.042179
-1.24,194,6667.645656
-2.59,289,6668.573408
-7.66,736,6670.898416
0.71,39,6671.015931
-1.44,234,6671.729377
-4.96,496,6673.211539
-3.95,445,6674.5434
-11.4,1000,6677.637759
-3.64,394,6678.811683
-3.62,412,6680.157285
-4.32,462,6681.550565
-11.4,1000,6684.606237
-11.4,1000,6687.572813
-11.5,1000,6690.55108
-2.99,329,6691.57621
-12.0,1000,6694.661568
-6.49,639,6696.578062
-0.13,93,6696.869981
-1.09,189,6697.445133
-6.46,606,6699.26127
0.64,36,6699.369581
-9.48,908,6702.180712
-10.9,1000,6705.248649
-2.79,309,6706.251165
-1.74,234,6706.991011
-11.5,1000,6710.095752
-4.25,465,6711.484025
-1.81,251,6712.257768
-10.4,900,6715.114946
0.66,24,6715.191364
-5.33,573,6716.969672
-2.97,397,6718.169138
-7.17,637,6720.084555
-1.33,213,6720.706538
-11.6,1000,6723.758611
0.74,36,6723.8759
0.72,18,6723.931964
-8.24,804,6726.38535
-11.06,966,6729.310655
-4.33,463,6730.74021
-6.77,617,6732.517168
-5.38,558,6734.111249
0.05,85,6734.372823
-0.43,123,6734.740501
-1.76,206,6735.369838
-11.6,1000,6738.422767
-5.52,532,6740.238917
-3.26,416,6741.524355
-1.05,165,6742.018995
-2.71,341,6743.010846
-0.73,153,6743.454685
-0.21,131,6743.860717
-0.68,148,6744.324517
-11.5,1000,6747.335268
-4.67,527,6748.951537
-26.3,1000,6751.984105
-0.27,97,6752.337415
-1.53,213,6753.014265
-12.0,1000,6756.155323
-11.2,1000,6759.216571
-1.64,254,6759.991561
-5.24,544,6761.730334
-4.05,415,6762.976948
-12.3,1000,6766.089764
-1.43,203,6766.714414
-11.3,1000,6769.827025
-8.09,729,6772.063372
-0.61,111,6772.398131
-11.8,1000,6775.652258
-10.31,991,6778.68408
-10.33,913,6781.486228
-4.32,462,6782.855559
-11.1,1000,6785.809648
0.22,68,6786.021174
-1.9,260,6786.794612
0.58,32,6786.888504
-6.11,631,6788.791729
-12.0,1000,6791.778132
-3.33,363,6792.827907
-12.2,1000,6795.883409
0.34,56,6796.052673
-11.8,1000,6799.081819
-11.9,1000,6802.138837
-5.63,533,6803.760657
-11.6,1000,6806.8773
-12.0,1000,6809.892408
-11.7,1000,6812.938479
-8.87,797,6815.417467
-4.6,500,6816.889738
-9.68,898,6819.714473
-0.54,104,6820.074148
-1.81,241,6820.919209
-8.46,796,6823.373763
-5.11,471,6824.781526
0.66,24,6824.849078
-6.0,610,6826.666981
-11.3,1000,6829.729994
-3.25,365,6830.832015
-1.03,133,6831.233229
-11.1,1000,6834.200122
0.35,25,6834.274003
-1.83,213,6834.951842
-5.91,571,6836.708332
-11.5,1000,6839.741217
-2.32,282,6840.5936
-6.68,628,6842.499137
0.27,63,6842.679326
-2.84,324,6843.640326
-11.3,1000,6846.730043
-11.9,1000,6849.731547
-10.48,988,6852.802615
-0.45,125,6853.202315
-11.0,1000,6856.136684
0.06,74,6856.354134
-11.2,1000,6859.538597
-0.68,118,6859.922768
-3.17,367,6861.074967
-11.4,1000,6864.080673
-11.4,1000,6867.103698
-10.9,1000,6870.154012
-3.06,346,6871.182095
-11.0,1000,6874.124204
-0.89,129,6874.511211
0.75,25,6874.583226
0.01,69,6874.789314
-2.85,325,6875.748775
-11.7,1000,6878.792383
-11.4,1000,6881.806793
-6.21,561,6883.533525
-11.6,1000,6886.570105
0.52,38,6886.680633
-9.99,949,6889.575734
-4.03,423,6890.89746
-0.84,134,6891.294741
-1.48,178,6891.823838
-0.38,98,6892.119802
-5.14,494,6893.596004
-9.05,865,6896.261537
-11.7,1000,6899.376451
-1.08,158,6899.833208
-8.08,778,6902.116371
0.37,53,6902.275855
-4.39,409,6903.484984
-9.18,808,6905.985252
-2.87,337,6907.037423
-12.9,1000,6910.105997
-4.31,401,6911.363445
-2.44,254,6912.130192
-12.2,1000,6915.227727
-11.9,1000,6918.283731
-11.5,1000,6921.530809
-9.58,898,6924.205885
-0.32,102,6924.502156
-12.2,1000,6927.536532
-0.82,152,6928.015356
0.09,71,6928.277453
-7.72,742,6930.574034
0.26,44,6930.707972
-11.4,1000,6933.718849
-0.93,143,6934.132203
0.05,65,6934.319361
-11.6,1000,6937.391612
-2.62,252,6938.153764
-8.7,860,6940.699988
-3.03,293,6941.571816
-3.15,345,6942.58759
-12.0,1000,6945.649627
-11.9,1000,6948.783987
-5.0,570,6950.517544
-3.19,359,6951.621927
-9.06,796,6954.008861
-8.01,731,6956.172577
-1.96,236,6956.88162
-6.96,696,6959.013219
-3.73,393,6960.244452
-12.8,1000,6963.284194
-2.41,251,6964.034527
-8.42,772,6966.408386
-12.7,1000,6969.542303
-11.8,1000,6972.573606
-1.58,248,6973.348174
-12.4,1000,6976.369782
-5.27,527,6977.896292
-12.3,1000,6981.032272
0.87,23,6981.110734
0.75,25,6981.193623
-7.91,751,6983.369247
-12.1,1000,6986.255371
-12.6,1000,6989.242002
-5.99,569,6990.987738
-11.6,1000,6993.888257
0.06,74,6994.099743
-6.35,645,6996.055698
-11.7,1000,6999.201907
-4.91,561,7000.904104
-8.23,783,7003.195897
-10.1,950,7006.027009
-3.34,354,7007.12968
-3.01,321,7008.155508
-12.5,1000,7011.198183
-1.01,181,7011.781484
-4.51,451,7013.211392
-11.6,1000,7016.278599
-0.62,172,7016.804427
-13.4,1000,7019.861373
-6.24,634,7021.87871
-8.25,775,7024.27958
-12.7,1000,7027.314975
-0.46,136,7027.732948
-13.2,1000,7030.847478
-11.8,1000,7033.891134
-2.67,287,7034.807867
-2.71,331,7035.872936
-11.7,1000,7039.480386
-8.03,713,7041.745186
-6.15,485,7043.441335
-2.44,254,7044.281685
-12.2,1000,7047.542782
-0.55,125,7047.923758
-2.41,261,7048.726377
-2.28,328,7049.704327
-3.39,349,7050.771273
-12.4,1000,7054.184828
0.06,44,7054.316956
-2.41,201,7054.932444
-5.31,551,7056.575293
-3.21,341,7057.677944
-7.3,670,7059.860881
-13.1,1000,7063.01761
-3.51,351,7064.117244
-11.2,1000,7067.244366
-0.16,126,7067.677518
-12.8,1000,7070.936015
-1.01,201,7071.569457
-12.0,1000,7074.785263
-9.74,864,7077.701306
-12.6,1000,7080.767403
-6.78,578,7082.523859
-1.49,229,7083.226898
-13.5,1000,7086.369165
-12.5,1000,7089.403369
-3.58,288,7090.282762
-8.46,866,7093.036331
-6.86,596,7094.893853
-9.58,798,7097.407578
-12.5,1000,7100.704583
-1.16,166,7101.205847
-8.08,708,7103.377323
-5.05,105,7103.721543
-11.8,1000,7106.828074
-11.7,1000,7109.950504
-3.08,368,7111.090173
-9.74,974,7114.095093
-5.99,569,7115.866571
-11.2,1000,7118.956827
-5.24,584,7120.725605
-0.36,116,7121.078225
-11.3,1000,7124.186415
-7.91,781,7126.640147
-6.04,624,7128.626674
-8.96,816,7131.222616
-2.25,305,7132.204979
-11.1,1000,7135.282491
0.84,26,7135.364319
-6.37,657,7137.394364
-10.18,988,7140.437371
-0.92,162,7140.935559
-9.94,904,7143.77465
-4.01,411,7145.110706
-21.6,1000,7148.306662
-12.3,1000,7151.554173
-9.74,884,7154.505575
0.21,69,7154.739745
-2.85,285,7155.657041
-2.46,296,7156.647465
-4.8,520,7158.341459
-5.58,458,7159.933702
-3.13,333,7161.013371
-14.8,1000,7164.196803
0.67,23,7164.269919
-0.41,151,7164.760698
-3.57,297,7165.741433
-3.4,360,7166.957417
-10.6,930,7170.021748
-3.94,474,7171.538954
-4.97,507,7173.115641
-3.78,408,7174.408729
-1.04,164,7174.983009
-10.7,1000,7178.234979
0.63,47,7178.387137
-1.51,171,7178.956733
-11.1,1000,7182.259614
-12.0,1000,7185.677963
-11.8,1000,7189.018274
-8.19,809,7191.768655
0.42,48,7191.925885
-5.73,563,7193.869962
-2.65,295,7194.851937
-0.74,124,7195.278528
-1.85,245,7196.090563
-2.95,355,7197.230437
-9.24,874,7200.080639
-11.3,1000,7203.401267
-5.13,563,7205.223588
-4.11,431,7206.665534
-1.49,209,7207.368887
-3.88,438,7208.870229
0.44,56,7209.04593
-1.02,182,7209.64322
-4.1,430,7211.044215
-0.24,114,7211.430647
-3.47,397,7212.799138
-5.27,557,7214.6774
-1.5,190,7215.306169
-4.99,449,7216.805604
-6.45,615,7218.875505
-6.07,597,7220.894985
-0.26,136,7221.340326
-7.62,702,7223.784766
-5.22,592,7225.794186
-7.94,814,7228.48621
-1.48,158,7229.023863
-1.4,190,7229.660618
-12.1,1000,7233.002402
-6.46,516,7234.678307
-1.54,234,7235.430574
0.37,63,7235.633284
0.02,98,7235.96727
-8.96,776,7238.453659
-3.31,371,7239.643011
-6.37,537,7241.389952
-5.03,533,7243.12155
-11.9,1000,7246.339817
-4.21,481,7247.897167
-1.85,245,7248.74511
-5.12,502,7250.343544
-7.91,771,7252.793842
-1.8,200,7253.45022
-12.2,1000,7256.812914
-4.16,436,7258.222326
-0.43,153,7258.71082
-1.87,207,7259.352649
-2.35,275,7260.205518
-2.69,309,7261.174151
0.64,26,7261.256675
-1.04,164,7261.810281
-11.1,1000,7265.083785
-5.96,536,7266.799439
-0.07,107,7267.149186
-1.81,201,7267.805701
0.68,42,7267.947586
-1.48,228,7268.675879
-11.0,1000,7272.105934
-0.23,113,7272.464499
-1.89,259,7273.2915
-1.2,190,7273.890816
-1.06,206,7274.533043
-4.22,422,7275.846936
-2.06,276,7276.724506
0.36,24,7276.802839
-4.42,462,7278.308093
-0.15,105,7278.655017
-5.43,553,7280.496685
-7.09,719,7282.782023
-0.46,116,7283.146406
-3.89,459,7284.648375
-12.1,1000,7287.929815
-4.22,392,7289.140015
-12.4,1000,7292.288538
-3.4,360,7293.454942
-1.96,246,7294.243371
-6.19,619,7296.34494
-7.12,642,7298.481642
-1.91,281,7299.381566
-6.73,683,7301.691553
-2.94,304,7302.713803
-0.44,114,7303.093695
-0.28,88,7303.374286
-1.08,158,7303.856949
-0.02,92,7304.142948
0.56,24,7304.217308
-5.55,565,7306.027013
-0.6,100,7306.351371
-0.88,178,7306.947174
-2.12,262,7307.862235
-12.1,1000,7311.275529
-2.71,311,7312.25513
-1.31,201,7312.919482
-1.8,240,7313.674201
-6.96,686,7315.843292
-6.18,558,7317.760484
-2.39,249,7318.581201
-9.93,883,7321.464257
-0.28,128,7321.873462
-10.08,918,7324.95883
-6.48,668,7327.208599
-2.02,232,7327.985612
-4.03,403,7329.29132
-3.66,386,7330.553299
-6.73,643,7332.705929
-5.14,494,7334.493465
-1.91,241,7335.307542
-10.88,988,7338.748501
-2.12,242,7339.658806
-6.12,622,7341.774927
-11.7,1000,7345.24712
-1.4,200,7345.912537
0.24,36,7346.040983
-4.38,408,7347.415356
-5.75,575,7349.390887
0.16,44,7349.543072
-3.98,408,7350.906338
-0.12,102,7351.279054
-5.67,587,7353.301124
-12.3,1000,7356.67235
-4.79,509,7358.353583
-11.2,1000,7361.740883
-7.72,702,7364.136605
0.83,27,7364.222165
-7.26,706,7366.700586
-9.04,884,7369.832793
-3.3,360,7371.039575
-11.2,1000,7374.502798
-2.26,276,7375.446967
-1.04,154,7375.946449
-9.99,919,7379.032159
-6.62,642,7381.231641
-2.48,288,7382.252309
-0.72,152,7382.774608
-11.2,1000,7386.338829
-0.29,99,7386.652305
-5.48,548,7388.509444
-6.08,598,7390.627337
-3.08,378,7391.950113
-7.21,731,7394.327352
-1.67,187,7394.979082
0.07,73,7395.229968
-11.7,1000,7398.653525
-0.43,103,7399.012421
-2.35,305,7400.089481
-3.59,409,7401.4976
-11.2,1000,7404.919539
-4.3,430,7406.425072
-8.88,808,7409.317189
-5.77,627,7411.399458
-11.4,1000,7414.608822
-3.53,433,7416.042195
-10.3,980,7419.437366
-7.81,821,7422.155148
0.07,63,7422.370228
-3.65,405,7423.6934
-1.08,188,7424.307304
-1.7,230,7425.070639
-9.0,900,7428.145554
-4.52,512,7429.823338
-0.95,185,7430.433365
-0.88,148,7430.943202
-2.29,289,7431.984316
-5.38,538,7433.703512
-10.9,1000,7436.92924
-5.26,526,7438.616812
0.11,69,7438.834269
-1.27,187,7439.474895
-11.5,1000,7442.887604
-1.08,188,7443.480761
-1.4,200,7444.141431
-5.4,570,7446.004785
-5.57,567,7447.898834
-2.77,357,7449.022974
-7.52,752,7451.375601
0.97,13,7451.415726
0.13,97,7451.716092
-6.17,637,7453.841642
-5.18,598,7455.841621
0.25,55,7456.025199
0.33,67,7456.270434
0.42,38,7456.417949
-0.33,83,7456.697656
-3.46,406,7457.967419
-2.34,294,7458.88288
-7.26,706,7461.345398
-3.4,340,7462.467204
-1.32,172,7463.051715
-3.93,433,7464.504675
-2.46,326,7465.544148
-11.4,1000,7468.726377
-1.05,175,7469.312915
-1.97,307,7470.344833
-1.99,259,7471.258265
-22.43,993,7474.553105
-0.03,73,7474.803109
-0.31,121,7475.199371
-5.5,560,7477.096285
-6.84,664,7479.34783
-7.02,702,7481.679599
0.3,80,7481.93979
0.56,24,7482.021704
-1.5,220,7482.793298
0.5,60,7483.012615
0.92,18,7483.073523
0.19,81,7483.324348
-6.56,686,7485.622618
-0.04,74,7485.886211
-3.65,435,7487.330898
-2.26,236,7488.101685
-5.2,560,7489.912522
-3.83,413,7491.225329
-1.66,246,7491.996456
0.78,32,7492.091569
0.36,44,7492.229568
-0.65,135,7492.649389
-4.38,438,7494.110663
-5.87,587,7496.034923
-0.09,99,7496.380414
-0.58,118,7496.81683
-7.56,756,7499.281259
-0.22,102,7499.626301
-2.09,279,7500.563415
-2.38,278,7501.452693
-8.53,793,7504.098156
-1.89,239,7504.931462
-5.05,535,7506.649545
-2.63,323,7507.770615
0.33,47,7507.930271
-1.8,240,7508.737
0.49,21,7508.802477
-3.36,386,7510.077499
0.27,63,7510.283584
-0.74,164,7510.820387
-0.9,140,7511.258293
-0.7,120,7511.646882
-0.66,96,7511.963739
-4.18,458,7513.552039
-2.17,247,7514.385151
-1.85,245,7515.248418
-4.12,452,7516.740849
0.57,33,7516.84659
-1.71,211,7517.538326
-4.12,432,7518.946134
0.45,55,7519.123405
0.27,73,7519.38101
0.85,25,7519.46734
-4.97,507,7521.26841
-0.63,133,7521.716512
-1.22,152,7522.262126
-5.14,504,7523.980857
-6.88,628,7526.084429
-5.19,529,7527.927788
-2.22,282,7528.851062
0.54,26,7528.941697
-3.84,434,7530.422751
-3.75,405,7531.820368
-5.5,490,7533.471215
-0.96,156,7533.994846
-5.18,488,7535.592884
-1.16,206,7536.2753
-0.58,138,7536.764641
-1.88,248,7537.583945
-4.19,459,7539.078568
-2.36,286,7540.024796
-1.32,192,7540.664455
-0.19,119,7541.079943
-1.5,230,7541.899037
-2.42,282,7542.872522
-3.83,413,7544.234542
-0.96,186,7544.837741
0.17,93,7545.171313
-4.16,426,7546.656972
-3.09,359,7547.857352
-5.72,582,7549.838768
-0.66,156,7550.36837
-0.47,147,7550.851796
-1.1,160,7551.369027
-4.24,454,7552.897883
0.05,75,7553.135721
-6.57,677,7555.326128
-0.96,166,7555.899881
-0.36,126,7556.346562
-1.05,195,7557.015456
0.02,78,7557.286806
-2.37,307,7558.344057
-4.29,99,7558.67958
0.4,40,7558.819134
-0.35,125,7559.285064
-0.42,132,7559.721491
0.55,45,7559.876826
-2.68,328,7561.012253
-1.27,197,7561.713201
-6.33,633,7563.844558
-1.55,205,7564.512867
-0.29,89,7564.797156
-0.29,119,7565.183483
-0.83,143,7565.646744
-6.21,551,7567.54885
0.55,45,7567.716665
-10.7,1000,7571.109221
-5.17,547,7572.881328
0.66,44,7573.022117
-1.73,253,7573.876922
0.81,19,7573.940923
-2.42,292,7574.87372
0.32,28,7574.96375
-1.37,207,7575.62332
-1.36,216,7576.357071
-0.81,181,7576.96676
0.47,23,7577.046193
-0.32,122,7577.494565
0.16,84,7577.802577
-6.92,722,7580.31042
0.79,31,7580.417144
-1.51,171,7580.994226
-0.66,166,7581.564502
0.29,61,7581.764404
-0.77,157,7582.290125
-2.37,277,7583.276938
0.63,27,7583.369748
-1.36,206,7584.11068
-2.74,334,7585.294948
-3.8,420,7586.758643
-5.27,517,7588.552768
-0.18,108,7588.914659
-4.17,457,7590.455641
-7.34,724,7593.028285
-1.03,113,7593.414267
0.36,24,7593.494021
0.07,63,7593.699215
-0.01,91,7594.026408
-0.65,145,7594.506293
-8.88,888,7597.441599
0.01,69,7597.677891
-3.65,435,7599.193193
-0.92,172,7599.773878
-9.98,948,7603.050835
-0.48,118,7603.425524
-11.8,1000,7606.851488
-0.9,170,7607.469424
-2.07,277,7608.386006
0.55,25,7608.465607
-1.56,226,7609.207659
-11.3,1000,7612.615778
-0.29,69,7612.857106
-11.1,1000,7616.248936
-0.96,206,7616.948196
-0.2,110,7617.314561
-2.63,273,7618.227042
-1.01,201,7618.882178
-6.78,678,7621.130265
-3.7,390,7622.400148
-1.81,251,7623.215268
-2.62,342,7624.37721
-0.31,131,7624.795697
-5.97,607,7626.822042
-9.4,930,7629.858323
0.87,23,7629.9399
-4.52,492,7631.592991
-7.49,719,7634.07652
-11.7,1000,7638.073538
0.31,69,7638.383487
-5.93,603,7640.967901
-11.6,1000,7644.458942
-1.68,238,7645.352413
-1.65,235,7646.279242
-8.64,844,7649.179582
-0.49,129,7649.63262
-2.65,365,7650.97544
-9.39,819,7654.080431
-2.09,249,7654.928552
0.38,62,7655.138724
-0.08,68,7655.379225
-3.76,426,7656.951046
-0.36,146,7657.462126
0.01,69,7657.697408
0.85,25,7657.800621
-4.55,535,7659.796736
-3.34,414,7661.272183
-0.55,145,7661.819353
-2.82,342,7662.990983
-3.96,456,7664.93126
-1.97,257,7665.994345
-1.88,238,7666.775829
-5.06,556,7668.596134
0.57,23,7668.668156
0.68,32,7668.771593
-5.36,476,7670.307106
-3.64,404,7671.595058
-1.49,229,7672.34075
-2.75,315,7673.357308
-9.24,854,7676.145942
-6.75,685,7678.381826
0.57,33,7678.490167
-1.5,230,7679.201544
-11.0,1000,7682.40107
-0.56,136,7682.830557
-6.39,679,7685.081293
-0.27,117,7685.462298
-0.47,137,7685.895862
0.73,27,7685.986498
-2.05,295,7686.94989
0.5,50,7687.116796
-5.82,572,7688.902216
-1.75,255,7689.69773
-11.5,1000,7692.927717
-3.49,379,7694.188355
-5.59,579,7696.104444
0.31,29,7696.200622
-3.0,310,7697.223831
-1.96,236,7698.008574
-5.06,586,7699.965936
-10.9,1000,7703.24515
-0.51,121,7703.641717
-1.9,270,7704.482605
-2.68,308,7705.497605
-9.22,922,7708.617074
-4.59,519,7710.3104
-0.42,82,7710.559716
-2.64,274,7711.424585
-10.9,1000,7714.803025
-8.59,839,7717.656662
-7.91,751,7719.987953
-0.56,136,7720.407248
-0.14,114,7720.760809
-9.45,855,7723.601042
-4.57,447,7725.042614
-9.35,895,7727.938713
-8.8,760,7730.499512
-7.19,689,7732.786903
-4.53,433,7734.230257
-7.18,738,7736.677309
-5.29,479,7738.308391
0.73,37,7738.432077
0.57,33,7738.539478
-1.48,238,7739.334464
0.53,47,7739.493605
-0.88,168,7740.052614
-3.0,330,7741.106674
-7.16,736,7743.51032
-2.59,329,7744.601919
-0.1,90,7744.902633
-0.55,155,7745.407995
-0.06,66,7745.618614
-1.35,205,7746.31706
-2.65,315,7747.49559
-3.41,221,7748.211169
-1.93,203,7748.901748
-7.69,809,7751.542086
-0.68,128,7751.95703
-1.4,190,7752.625677
-0.54,154,7753.189609
-3.91,371,7754.489574
0.34,56,7754.694682
0.45,45,7754.834177
-1.69,249,7755.614829
-0.63,113,7755.997368
0.21,89,7756.278055
-11.6,1000,7759.607217
-1.92,252,7760.475923
-0.23,73,7760.731377
-2.38,268,7761.655588
-2.26,296,7762.711456
-11.4,1000,7766.049729
-0.64,164,7766.593593
-2.77,337,7767.743011
0.68,22,7767.810976
-2.37,277,7768.753994
0.41,39,7768.893292
-2.05,275,7769.803125
-1.75,235,7770.635556
0.61,19,7770.698675
-1.67,217,7771.478159
-0.55,115,7771.847967
0.19,71,7772.08294
-0.56,126,7772.493657
-1.71,241,7773.2717
-2.32,272,7774.170958
-0.12,72,7774.396382
-2.82,362,7775.601581
-1.26,176,7776.178261
-4.35,415,7777.65807
0.02,88,7777.978577
0.65,35,7778.097016
-1.26,186,7778.728347
-0.35,115,7779.141377
-1.66,236,7779.968376
-3.07,347,7781.145415
0.52,58,7781.331062
-3.49,369,7782.600465
0.91,19,7782.661847
-2.11,221,7783.402701
0.58,42,7783.540919
0.93,17,7783.601504
0.53,57,7783.793466
0.14,86,7784.089974
0.35,45,7784.253497
0.65,25,7784.359023
-0.68,128,7784.779968
-2.55,325,7785.86947
0.51,59,7786.061768
-0.26,126,7786.480978
0.18,92,7786.788721
-0.44,134,7787.233631
-1.36,136,7787.670246
-6.59,649,7789.809789
-0.19,119,7790.179696
-2.03,233,7790.908576
-0.07,77,7791.156736
0.52,38,7791.292486
0.67,43,7791.425231
0.42,48,7791.588839
-1.21,191,7792.21454
0.58,52,7792.383954
-1.97,287,7793.346364
-1.0,150,7793.839705
0.71,39,7793.967831
-0.4,100,7794.288014
0.05,75,7794.522471
0.35,65,7794.731921
0.47,33,7794.836911
0.25,55,7795.022665
-0.56,146,7795.481777
-0.07,107,7795.837479
-8.05,775,7798.331341
0.05,85,7798.600567
0.29,61,7798.804075
-9.61,941,7801.974417
0.48,52,7802.148183
-1.34,224,7802.900487
-1.48,208,7803.578378
-0.0,100,7803.896338
0.41,29,7803.993214
-1.7,220,7804.717834
-3.38,408,7806.071027
-1.4,220,7806.788915
-0.07,97,7807.093766
0.84,16,7807.1464
-0.0,100,7807.494281
-0.12,92,7807.795516
-6.04,554,7809.700972
-1.1,200,7810.360902
-1.3,180,7810.956581
-7.2,720,7813.354985
-1.27,167,7813.915167
-0.01,61,7814.106455
-1.43,213,7814.790906
-1.86,196,7815.469901
0.09,41,7815.60672
-1.87,227,7816.407099
-5.8,580,7818.403489
0.18,42,7818.539147
-2.37,287,7819.656505
-2.47,287,7820.613698
-1.06,186,7821.205411
0.47,53,7821.37461
0.67,23,7821.448266
-4.07,417,7822.792085
-0.11,111,7823.14484
-0.27,127,7823.546572
0.65,35,7823.657486
-0.9,150,7824.139681
0.54,56,7824.325226
0.81,29,7824.419691
-5.19,389,7825.717978
-0.21,91,7826.033437
-0.18,88,7826.329765
-4.14,414,7827.743367
-2.04,254,7828.553598
-2.03,203,7829.197934
-0.14,74,7829.423141
-0.12,122,7829.834387
-1.95,265,7830.70512
-0.71,151,7831.22034
-0.03,73,7831.476433
-3.66,386,7832.779577
-3.98,438,7834.182548
-5.18,538,7835.98046
-4.32,482,7837.563883
-0.87,157,7838.07087
-1.52,222,7838.774988
0.77,33,7838.880287
-3.56,376,7840.115288
0.16,84,7840.402799
-3.9,400,7841.800953
-1.01,121,7842.238517
-0.61,141,7842.67661
-6.96,666,7844.820007
0.11,79,7845.099191
-0.32,92,7845.387798
0.4,30,7845.484589
-3.25,355,7846.662405
-2.79,349,7847.864199
-0.51,121,7848.251248
-1.51,221,7848.979519
-2.73,333,7850.06238
0.39,41,7850.195223
-0.4,120,7850.585842
-0.91,161,7851.103209
-7.35,695,7853.419226
0.45,65,7853.616863
-0.97,157,7854.131757
-0.04,114,7854.486109
-3.39,389,7855.732365
-1.64,244,7856.495754
-1.64,174,7857.046805
-2.57,247,7857.830582
-12.2,1000,7860.979718
-4.2,400,7862.250802
0.85,25,7862.328058
-0.54,134,7862.748605
-6.66,496,7864.358196
-4.43,433,7865.865885
-0.09,99,7866.173137
-0.79,129,7866.608692
-0.03,103,7866.941316
-1.52,192,7867.619637
0.19,71,7867.84783
-0.38,78,7868.096362
-2.74,184,7868.693655
-17.14,214,7869.387565
0.13,77,7869.637804
-3.05,385,7870.915011
-12.6,1000,7874.502959
-7.19,629,7876.595521
-4.46,456,7878.12194
-3.68,338,7879.329715
-6.05,535,7881.107006
-3.52,372,7882.361812
-10.22,872,7885.214942
-2.7,340,7886.315415
-0.87,157,7886.844754
-6.09,549,7888.697889
-4.98,518,7890.410497
-2.81,331,7891.461057
-11.8,1000,7894.896966
-4.6,450,7896.385645
-2.11,261,7897.263339
-3.57,417,7898.637936
-1.65,195,7899.307529
-3.17,357,7900.478635
-3.11,351,7901.601147
-7.3,670,7903.773485
-2.95,305,7904.780873
-10.85,975,7907.965177
-4.0,400,7909.289326
-2.49,299,7910.303576
0.52,38,7910.438636
-2.75,315,7911.525528
-4.94,474,7913.075646
-5.7,540,7914.841171
-1.85,265,7915.698334
-8.99,859,7918.538831
-8.73,753,7921.125243
-0.06,76,7921.388362
-9.7,970,7924.529144
-5.33,553,7926.394132
-4.24,494,7928.122721
-4.03,393,7929.413646
0.66,44,7929.575394
-1.83,233,7930.350141
-2.72,302,7931.343987
-0.88,118,7931.712132
-9.09,879,7934.554216
-5.81,511,7936.30463
-2.35,225,7937.026716
-7.44,724,7939.589495
-5.34,574,7941.403159
0.03,67,7941.622902
-1.97,237,7942.392904
-0.04,64,7942.604813
-4.91,551,7944.434963
-1.67,237,7945.218675
-11.7,1000,7948.549201
0.31,29,7948.6503
-11.1,1000,7952.011162
-5.14,494,7953.700745
-4.64,444,7955.210568
-7.84,774,7957.820099
-8.91,851,7960.73819
-11.3,1000,7964.249171
-3.42,352,7965.44037
-11.06,926,7968.498235
-1.5,190,7969.133475
-7.62,712,7971.536604
-0.35,105,7971.905429
-2.22,252,7972.756204
-6.94,634,7974.90756
-11.9,1000,7978.240263
-9.23,823,7980.932608
-1.08,178,7981.497101
-6.68,638,7983.578204
-0.79,139,7984.072657
-0.17,117,7984.463566
-3.54,374,7985.799876
-4.88,488,7987.420381
-1.14,194,7988.04367
-5.72,572,7989.936271
-1.68,248,7990.769886
-3.41,381,7991.992566
-11.1,1000,7995.31109
-0.32,102,7995.659762
-12.3,1000,7999.090489
0.36,24,7999.185991
-5.16,496,8000.922054
-11.8,1000,8004.295627
-3.46,356,8005.445209
0.68,22,8005.519592
-11.9,1000,8008.869875
-11.7,1000,8012.268545
-2.0,220,8013.037769
-1.77,237,8013.859127
-12.3,1000,8017.140751
-2.67,307,8018.173651
-6.26,616,8020.143959
0.34,46,8020.280118
-4.08,398,8021.636001
-9.35,795,8024.215605
-10.72,972,8027.499897
-3.57,377,8028.74443
-5.88,588,8030.714791
-0.81,161,8031.267457
-4.21,431,8032.711611
-3.17,337,8033.831018
-1.18,158,8034.345032
0.52,28,8034.435084
-0.83,133,8034.873933
-9.59,929,8037.972207
-9.96,906,8041.045099
-3.02,282,8042.017025
-11.4,1000,8045.229006
0.5,30,8045.323327
-69.4,1000,8048.813663
-7.45,675,8050.995127
-11.0,1000,8054.236961
0.63,17,8054.289122
0.19,61,8054.517197
-1.01,181,8055.147413
-10.07,957,8058.443685
0.72,28,8058.536801
0.07,83,8058.816375
-4.38,488,8060.570969
-2.93,343,8061.718428
-2.08,248,8062.511635
-3.55,305,8063.533828
-6.59,639,8065.718469
-3.26,416,8067.151374
-5.39,549,8068.972686
-8.11,781,8071.587198
0.57,33,8071.698201
-2.68,328,8072.792103
-0.09,119,8073.181121
-17.13,503,8074.862925
-9.51,941,8078.078703
-0.46,96,8078.395337
-1.55,195,8079.035403
-0.33,113,8079.405563
-6.14,584,8081.414113
-3.69,429,8082.827005
-12.0,1000,8086.162045
-0.25,95,8086.494026
-8.28,798,8089.279294
-4.14,434,8090.664609
-4.51,381,8091.876599
-4.67,497,8093.54362
-10.06,936,8096.818398
-1.61,191,8097.467412
0.01,69,8097.716765
-1.82,212,8098.424044
0.17,73,8098.663454
-0.4,130,8099.093068
-2.0,270,8100.035633
-4.09,459,8101.598617
0.62,38,8101.722954
-3.91,401,8103.049961
0.1,100,8103.370023
-10.22,922,8106.457926
-4.88,488,8108.051286
-2.26,286,8109.010013
-4.9,520,8110.794262
-0.9,170,8111.377148
-0.12,82,8111.651898
-1.93,253,8112.539352
-4.5,420,8113.965333
-0.46,126,8114.381798
-3.08,328,8115.476211
-11.2,1000,8119.055252
0.78,32,8119.161175
-1.11,201,8119.827883
-0.25,135,8120.277271
-2.47,327,8121.401135
-4.36,466,8122.981969
-11.3,1000,8126.444943
-3.8,420,8127.959542
0.04,66,8128.183869
-0.48,128,8128.641509
-2.71,291,8129.65719
0.76,24,8129.736651
-4.38,458,8131.317224
-12.0,1000,8134.645688
-4.85,425,8136.043314
-1.24,174,8136.637528
-7.9,700,8139.088176
0.72,18,8139.147375
-5.63,553,8140.979067
-0.45,95,8141.283954
-0.05,95,8141.625088
-3.71,451,8143.228656
-0.83,123,8143.641685
-3.57,367,8144.966231
-2.35,265,8145.907048
-2.61,321,8146.97041
-2.94,344,8148.144005
-1.49,239,8148.963199
-3.79,459,8150.534688
-7.58,738,8153.126735
-4.19,379,8154.472
-12.8,1000,8157.943953
-2.43,303,8158.973358
-6.72,662,8161.259038
0.88,22,8161.330374
-3.5,400,8162.709416
-11.8,1000,8166.091685
-2.23,293,8167.127098
0.36,54,8167.303262
-11.2,1000,8170.696292
0.12,68,8170.933555
1.01,9,8170.962433
-0.52,132,8171.415175
-0.88,158,8171.96579
0.35,25,8172.043318
-3.2,360,8173.332357
-12.8,1000,8176.800211
-2.21,271,8177.710388
-11.4,1000,8181.0813
-6.77,717,8183.46104
0.39,41,8183.595979
0.62,28,8183.689491
-11.1,1000,8187.172201
-1.62,202,8187.857768
-1.8,280,8188.826594
-2.19,259,8189.700299
0.53,37,8189.817965
0.55,35,8189.938863
-5.75,565,8191.803325
-5.51,561,8193.74626
-2.21,271,8194.707926
-2.86,366,8195.922225
-6.43,633,8198.066034
-1.62,232,8198.831421
-2.35,275,8199.726366
-4.28,478,8201.361087
-0.43,133,8201.804502
-6.98,598,8203.838704
-2.83,353,8205.011606
0.61,39,8205.144878
0.38,42,8205.284153
-4.4,460,8206.91153
0.04,76,8207.176999
0.88,22,8207.256111
-3.79,399,8208.682488
-1.1,170,8209.275363
0.15,45,8209.417536
0.35,45,8209.56188
-2.99,339,8210.733975
-8.83,833,8213.535267
-2.34,264,8214.429134
0.29,61,8214.643792
-1.39,229,8215.415916
-2.42,322,8216.554635
0.19,41,8216.697926
-0.95,175,8217.272703
-3.33,403,8218.654277
0.44,26,8218.742163
-4.88,518,8220.50258
-17.8,1000,8223.875177
-2.61,321,8224.973732
-11.4,1000,8228.377684
0.26,34,8228.495906
-1.34,204,8229.187886
0.43,57,8229.391673
-5.58,538,8231.249329
-1.53,223,8232.000968
-11.7,1000,8235.485114
0.02,88,8235.769909
0.8,20,8235.834925
-3.67,367,8237.093132
-7.39,709,8239.983991
-3.03,333,8241.273475
-3.8,370,8242.591868
-6.42,652,8244.903138
-6.94,704,8247.444346
-2.5,270,8248.353758
-8.75,835,8251.251357
-6.83,703,8253.793913
-5.54,574,8256.048729
-0.64,154,8256.578221
-3.24,414,8258.079294
-6.06,536,8259.928592
-6.66,646,8262.309128
-3.6,410,8263.89621
-3.03,363,8265.133586
-1.1,180,8265.859934
-19.4,1000,8269.280822
-7.57,687,8271.589338
-2.28,268,8272.506645
-0.72,122,8272.939857
-5.88,618,8275.015887
-4.6,470,8276.611036
0.16,84,8276.901901
-9.43,883,8280.064195
0.73,37,8280.191523
-1.98,238,8281.004186
-2.43,283,8281.99111
0.24,56,8282.185593
0.71,29,8282.284473
0.61,29,8282.381916
-1.05,175,8282.994585
-3.21,391,8284.286298
0.02,88,8284.575957
-0.19,109,8284.928554
-0.64,124,8285.332113
0.77,33,8285.438994
-0.11,121,8285.857622
-3.69,359,8287.110441
-2.26,316,8288.20634
-7.99,819,8291.049486
-11.2,1000,8294.604146
-12.0,1000,8298.124531
-3.23,343,8299.343629
-11.5,1000,8302.783777
-6.2,650,8305.02193
0.18,72,8305.285749
-11.3,1000,8308.669641
-3.29,339,8309.838324
-7.8,730,8312.42091
-0.21,101,8312.780758
-11.6,1000,8316.213547
-8.5,650,8318.461699
0.67,33,8318.589072
0.4,60,8318.813935
-1.97,297,8319.883217
0.44,46,8320.030954
0.35,75,8320.289013
-1.87,267,8321.226735
-9.94,914,8324.480896
-5.51,621,8326.641917
0.43,57,8326.830069
-2.23,263,8327.751983
-3.06,346,8328.989434
-1.79,229,8329.803769
0.78,22,8329.888023
-4.4,440,8331.382157
-3.44,384,8332.676888
-0.91,161,8333.232944
-11.7,1000,8336.693818
-3.49,389,8338.043985
-3.14,364,8339.321287
-2.71,221,8340.096359
-10.1,970,8343.473217
-2.91,331,8344.640145
0.28,52,8344.825047
-3.66,426,8346.384095
-0.61,121,8346.821783
-6.7,710,8349.220301
-4.32,462,8350.784595
-2.59,319,8351.871945
-0.92,182,8352.509289
-0.31,131,8352.99711
0.58,32,8353.100278
-0.78,128,8353.534882
-0.15,115,8353.91058
0.02,88,8354.206942
-2.52,292,8355.224359
-0.65,165,8355.836452
0.15,75,8356.111211
-2.51,341,8357.323692
0.59,41,8357.462818
-3.76,366,8358.79052
-0.29,109,8359.293634
-0.06,116,8359.741545
-9.71,861,8362.881933
-1.33,173,8363.490619
-5.93,513,8365.374217
-2.41,281,8366.354581
-5.97,577,8368.411899
-0.3,110,8368.781738
-8.49,799,8371.665829
-0.31,121,8372.094611
-5.65,495,8373.789814
-3.96,416,8375.256136
-2.94,314,8376.366309
-7.07,607,8378.482177
-5.11,501,8380.204583
-2.15,275,8381.139846
-6.7,630,8383.348049
-2.13,243,8384.190246
0.15,85,8384.489966
-1.86,226,8385.277093
-1.09,189,8385.941026
-2.11,281,8386.917358
-2.76,316,8388.066239
-4.03,443,8389.77116
0.5,60,8389.991576
-1.73,243,8390.807434
0.57,43,8390.955454
-4.63,463,8392.535291
-1.34,184,8393.179274
0.19,71,8393.432082
-0.5,120,8393.850276
-7.54,644,8396.101422
0.28,52,8396.293059
-4.16,476,8397.881872
0.14,66,8398.098502
1.01,9,8398.126105
-0.91,151,8398.624035
-7.59,739,8401.224074
-5.14,464,8402.874899
-2.62,292,8403.920452
0.54,46,8404.085643
0.52,38,8404.225637
-3.56,346,8405.474214
-0.66,126,8405.940464
-3.36,326,8407.060318
-4.09,379,8408.338141
-0.93,143,8408.824375
0.33,57,8409.033892
-4.64,494,8410.678133
-1.44,184,8411.318692
0.67,33,8411.431084
-4.19,379,8412.788435
-0.38,98,8413.121555
0.7,20,8413.193463
-5.64,534,8415.078716
-6.19,589,8417.144128
-11.9,1000,8420.64842
-12.7,1000,8424.155185
-2.3,280,8425.147959
-12.0,1000,8428.527292
0.43,57,8428.712592
-12.2,1000,8432.214484
-0.11,61,8432.411074
-0.23,103,8432.760334
-11.7,1000,8436.239322
-11.2,1000,8439.776798
-11.7,1000,8443.346368
-7.2,740,8445.978187
0.5,30,8446.079381
-7.56,686,8448.450799
-12.0,1000,8451.868826
0.35,55,8452.062228
-11.1,1000,8455.618612
-6.14,554,8457.520365
-3.64,364,8458.781357
-6.53,653,8461.091197
-5.62,482,8462.7052
-4.04,424,8464.178088
-8.69,819,8466.92341
-11.5,1000,8470.424437
0.4,60,8470.639097
-3.15,395,8471.981679
-6.83,623,8474.154907
-6.01,601,8476.277812
-4.08,448,8477.857438
-4.59,449,8479.455766
-9.1,930,8482.731099
-1.75,235,8483.533138
-8.3,830,8486.430921
-3.08,358,8487.701694
-0.94,174,8488.30644
-6.57,657,8490.509288
-11.8,1000,8493.921911
-2.99,369,8495.159714
-7.71,751,8497.636269
-0.33,103,8497.969802
-4.4,460,8499.632164
-0.26,136,8500.071177
-3.7,450,8501.541551
-4.26,466,8503.265606
-8.44,834,8506.199044
-7.09,739,8508.622732
-11.5,1000,8512.216683
0.68,42,8512.369489
-4.36,446,8513.898144
-1.09,149,8514.398029
-9.73,963,8517.697414
-11.8,1000,8521.261721
-1.06,196,8521.989012
-1.6,240,8522.822291
-5.43,553,8524.668952
0.32,68,8524.894385
-5.13,563,8526.831752
-11.4,1000,8530.30007
-11.9,1000,8533.603646
-2.58,328,8534.726314
-2.3,270,8535.634155
0.78,22,8535.71204
0.78,22,8535.784955
-11.2,1000,8539.299727
-0.38,108,8539.65141
-0.7,110,8540.017472
-2.41,301,8541.062632
-2.96,356,8542.267688
-11.1,1000,8545.774568
-11.5,1000,8549.161095
-12.1,1000,8552.529216
-1.59,219,8553.290583
-10.9,1000,8556.773661
-2.42,302,8557.763537
-3.89,409,8559.180516
-6.47,627,8561.35564
-7.41,671,8563.670551
0.4,50,8563.836778
-9.47,857,8566.694724
-9.76,896,8569.757663
-5.58,538,8571.589723
-2.59,289,8572.568263
-8.08,818,8575.30429
0.89,21,8575.367929
-7.75,775,8578.01043
-4.64,494,8579.652919
-5.07,517,8581.361368
-3.51,411,8582.696493
-3.27,327,8583.752386
-0.81,141,8584.210643
-4.85,505,8585.911855
-3.3,350,8587.104481
0.44,26,8587.19356
-8.15,815,8589.909038
-2.37,327,8590.979733
-2.81,321,8592.052088
-12.1,1000,8595.564872
-7.08,708,8598.0454
-6.15,635,8600.154046
-4.84,534,8601.999222
-1.98,218,8602.745229
-1.56,216,8603.455821
-4.45,485,8605.036564
-8.81,851,8607.811849
-0.0,110,8608.190252
-0.48,118,8608.623487
-3.73,423,8610.080373
-4.34,444,8611.543852
-4.39,429,8612.969612
-0.36,126,8613.404695
-4.85,515,8615.180676
0.68,22,8615.251558
-0.89,139,8615.691644
-4.26,486,8617.297471
-11.4,1000,8620.656605
-6.29,649,8622.775507
-8.15,775,8625.355849
-9.07,867,8628.243519
-7.55,675,8630.414572
-2.42,282,8631.322188
0.38,42,8631.459912
-5.9,570,8633.32794
0.55,25,8633.410619
-0.41,111,8633.77993
-4.11,431,8635.259256
0.66,34,8635.378225
0.24,66,8635.594516
-0.57,137,8636.057337
-7.56,776,8638.652411
-0.25,105,8639.007852
-10.7,1000,8642.381333
-1.64,204,8643.104675
-7.92,662,8645.318835
-4.61,521,8646.998996
-7.77,597,8648.930683
-1.04,164,8649.451457
-7.2,690,8651.778611
-11.0,1000,8655.086077
-0.95,175,8655.675704
-0.06,56,8655.852707
-2.06,226,8656.586856
-6.16,636,8658.850087
-7.08,638,8661.131793
0.49,31,8661.237679
-12.0,1000,8664.589807
-1.68,168,8665.156909
-9.54,904,8668.23752
-1.2,140,8668.718264
0.28,42,8668.863529
-6.47,617,8670.933045
-7.41,721,8673.340685
-5.23,533,8675.195543
-3.89,419,8676.602361
0.25,75,8676.851521
-6.62,622,8678.921354
-11.7,1000,8682.306093
-0.6,120,8682.732812
-5.33,483,8684.437761
0.14,66,8684.6403
0.45,35,8684.758948
-1.99,269,8685.663811
0.77,23,8685.752265
-2.16,266,8686.700124
-4.88,478,8688.2797
-3.28,348,8689.380455
-0.94,154,8689.895177
-3.84,394,8691.272942
-8.36,786,8693.945195
-1.54,224,8694.704436
-5.84,584,8696.684929
-8.99,929,8699.970185
-7.18,688,8702.219211
-7.4,670,8704.450201
-2.62,332,8705.623789
0.14,76,8705.899174
-4.72,542,8707.815666
-11.5,1000,8711.286256
-12.5,1000,8714.603274
-11.1,1000,8717.965641
-3.84,394,8719.2717
-7.03,653,8721.426426
-2.2,280,8722.347052
-11.1,1000,8725.659636
-11.5,1000,8728.999732
-9.12,842,8731.891912
-11.8,1000,8735.28862
-5.53,583,8737.239673
-10.8,1000,8740.679841
-11.7,1000,8744.005833
-4.63,463,8745.513778
-11.4,1000,8748.915108
-12.0,1000,8752.202837
-12.4,1000,8755.773326
0.47,23,8755.856787
-1.53,213,8756.55569
-0.24,104,8756.888783
-7.19,649,8759.002016
-3.74,414,8760.336961
-11.6,1000,8763.694118
-12.5,1000,8767.087188
-5.28,528,8768.878978
-1.97,257,8769.792995
-6.37,627,8771.953657
-11.6,1000,8775.270486
-12.1,1000,8778.713677
0.56,34,8778.843994
-12.1,1000,8782.323218
-11.2,1000,8785.666981
-0.01,81,8785.929497
-11.3,1000,8789.336944
-2.83,273,8790.239711
-12.3,1000,8793.538079
-12.3,1000,8797.017441
-12.3,1000,8800.302754
-18.38,678,8802.689495
-5.62,592,8804.700365
-8.87,817,8807.333717
-11.5,1000,8810.697874
-11.5,1000,8814.092489
-7.29,709,8816.504251
-7.43,773,8819.07614
-6.55,645,8821.305068
-2.43,243,8822.124529
-11.4,1000,8825.448667
-9.02,842,8828.344543
0.69,21,8828.425138
-6.49,629,8830.581479
-9.32,862,8833.573628
-0.08,108,8833.938884
0.48,42,8834.070616
-8.66,866,8837.201111
-5.3,550,8839.574817
-3.49,399,8840.992416
-11.9,1000,8844.550592
-12.3,1000,8848.143157
-5.52,562,8850.094223
-6.58,648,8852.610136
-0.41,111,8852.996576
-4.05,435,8854.66789
-0.66,146,8855.177052
-2.53,273,8856.25174
-9.16,876,8859.317171
-3.01,311,8860.522621
-11.7,1000,8864.071972
-12.2,1000,8867.558008
-12.2,1000,8870.971335
-0.21,61,8871.183871
-0.73,153,8871.710846
-5.54,614,8873.782832
-4.18,458,8875.327532
0.24,76,8875.575521
-0.75,115,8875.942034
0.66,14,8875.98479
-13.4,1000,8879.402642
-3.11,341,8880.530451
-10.89,869,8883.431008
-11.9,1000,8886.615013
-2.95,295,8887.568406
-5.04,534,8889.299312
-12.0,1000,8892.611068
-4.32,432,8894.100754
-13.1,1000,8897.465117
0.19,41,8897.597566
0.57,23,8897.676631
-2.82,272,8898.77199
-6.17,557,8900.649107
-2.18,248,8901.446263
-3.81,401,8902.752467
-13.6,1000,8906.065914
0.27,53,8906.237549
-8.39,749,8908.67547
-9.76,896,8911.772267
-11.7,1000,8915.115421
-1.65,205,8915.802368
-11.5,1000,8919.318609
0.54,26,8919.408937
-7.66,686,8921.654234
-12.3,1000,8924.94571
-10.52,902,8927.92008
-1.47,227,8928.679136
-0.72,142,8929.169261
-5.45,505,8930.874041
-3.47,397,8932.183424
-12.3,1000,8935.546652
-13.4,1000,8938.821301
-13.1,1000,8942.177778
-0.06,66,8942.396737
-6.38,688,8944.665863
-12.3,1000,8948.032053
-12.8,1000,8951.435941
-12.4,1000,8954.693738
-2.4,310,8955.747155
-2.6,330,8956.836785
-12.4,1000,8960.343547
-4.88,468,8961.831198
-11.29,899,8964.745614
0.55,25,8964.82533
-4.08,448,8966.359488
-11.4,1000,8969.774611
-12.3,1000,8973.103326
0.48,22,8973.184328
-10.9,1000,8976.546369
-1.36,126,8976.942083
-12.2,1000,8980.317163
-8.05,735,8982.853873
-6.97,687,8985.078056
-11.0,1000,8988.438636
0.71,29,8988.532186
-11.8,1000,8991.805673
-13.1,1000,8995.048161
-4.83,483,8996.64232
-12.1,1000,8999.989141
-12.1,1000,9003.186253
-12.3,1000,9006.535603
-9.58,918,9009.52571
-12.1,1000,9012.838968
-3.1,370,9014.113732
-11.8,1000,9017.373794
-11.9,1000,9020.901271
-11.8,1000,9024.404526
-12.1,1000,9027.796446
0.77,33,9027.904926
-11.8,1000,9031.298326
-12.2,1000,9034.570739
-5.97,597,9036.524566
-12.6,1000,9039.87026
0.81,29,9039.96156
-1.86,246,9040.765531
-1.96,256,9041.645546
-11.3,1000,9044.999712
-12.4,1000,9048.327234
0.63,37,9048.440904
-2.43,243,9049.220815
-12.2,1000,9052.496006
-11.5,1000,9055.906263
-11.6,1000,9059.22018
-3.67,367,9060.411902
-11.6,1000,9063.684786
0.16,44,9063.826465
-10.7,1000,9067.098811
-3.69,389,9068.46822
-12.0,1000,9071.772118
-12.3,1000,9074.986525
-12.6,1000,9078.286261
-9.59,819,9081.009626
-6.81,711,9083.226154
-5.33,573,9085.126485
-3.01,321,9086.193708
-12.1,1000,9089.435333
-11.6,1000,9092.770621
-12.1,1000,9096.139645
-11.4,1000,9099.356758
-11.2,1000,9102.620838
-8.49,819,9105.28421
-10.06,886,9108.166867
-11.7,1000,9111.381713
-11.5,1000,9114.594108
-3.32,362,9115.741667
-11.9,1000,9119.082916
-11.8,1000,9122.319936
-4.9,440,9123.740555
-7.89,739,9126.06066
-11.6,1000,9129.214167
-11.5,1000,9132.590204
-11.5,1000,9135.845899
-0.8,170,9136.395196
-1.76,236,9137.16206
-12.1,1000,9140.496473
-12.0,1000,9143.783117
-12.3,1000,9147.002241
-8.25,745,9149.399918
-11.5,1000,9152.542879
-12.5,1000,9155.702526
-12.1,1000,9158.867017
-11.4,1000,9162.098335
-12.3,1000,9165.260072
-4.72,482,9166.787639
-5.97,587,9168.693541
-6.74,624,9170.738117
-12.3,1000,9174.012196
-3.41,381,9175.249383
-11.5,1000,9178.51784
-12.2,1000,9181.760059
-12.1,1000,9184.96939
-6.7,670,9187.191435
-11.7,1000,9190.472414
-0.8,160,9190.996039
-11.9,1000,9194.228053
-8.12,782,9196.769816
-0.51,121,9197.166145
-11.4,1000,9200.421665
-12.4,1000,9203.628322
-2.5,260,9204.440636
-11.1,1000,9207.58529
-11.4,1000,9210.817144
-11.4,1000,9213.990471
-11.3,1000,9217.160033
-0.7,130,9217.570123
-12.1,1000,9220.747774
-12.1,1000,9224.105392
-11.2,1000,9227.243657
-11.9,1000,9230.459582
-5.62,542,9232.223782
-4.95,415,9233.575
-11.3,1000,9236.719231
-11.3,1000,9239.83857
-11.9,1000,9243.049932
-11.4,1000,9246.284117
0.36,34,9246.391647
-12.2,1000,9249.664516
-13.1,1000,9252.755346
-12.3,1000,9256.107701
-2.35,285,9257.033017
-11.9,1000,9260.262233
-1.94,214,9260.96745
-13.2,1000,9264.159146
0.04,56,9264.338683
-49.9,1000,9267.472523
-11.2,1000,9270.533396
-5.79,539,9272.310374
-4.07,457,9273.818452
-3.57,367,9274.961199
-2.6,350,9276.066607
-13.5,1000,9279.230692
-11.9,1000,9282.447773
-11.7,1000,9285.584898
-12.2,1000,9288.756565
-3.49,379,9289.978621
-1.62,182,9290.583122
0.42,38,9290.714031
-11.9,1000,9293.914934
-12.1,1000,9297.07729
-10.63,963,9300.119216
-1.47,227,9300.818784
-2.99,299,9301.722717
-2.14,224,9302.421726
-12.3,1000,9305.570712
-13.0,1000,9308.733643
-8.23,763,9311.220464
-10.33,973,9314.32421
-13.1,1000,9317.415261
0.44,26,9317.493955
-12.2,1000,9320.79343
-6.54,614,9322.717539
-0.07,57,9322.892368
-11.6,1000,9325.972257
-7.23,633,9328.121935
-12.19,999,9331.283967
-10.05,965,9334.416041
-11.5,1000,9337.550918
-4.01,401,9338.791384
-12.1,1000,9342.006619
-7.55,685,9344.26176
-13.3,1000,9347.437119
-5.24,494,9349.024799
-12.1,1000,9352.184702
-11.6,1000,9355.548444
-8.34,764,9358.020971
-1.02,142,9358.476718
0.65,25,9358.552408
-12.0,1000,9361.809888
-6.0,580,9363.659686
-11.6,1000,9366.884176
0.55,35,9366.991785
-3.68,348,9368.14291
-12.5,1000,9371.401458
-11.3,1000,9374.590566
-12.9,1000,9377.732675
-10.9,1000,9381.090873
-12.5,1000,9384.229546
-1.65,205,9384.855158
0.88,22,9384.924948
0.26,54,9385.098349
-3.12,342,9386.317026
-12.5,1000,9389.478024
-3.38,378,9390.631529
-9.91,991,9393.722482
-6.95,735,9396.099636
-13.2,1000,9399.358556
0.67,23,9399.434461
-6.45,675,9401.57955
-13.5,1000,9404.921729
-12.1,1000,9408.084092
-11.4,1000,9411.265739
-11.7,1000,9414.413417
-11.2,1000,9417.653843
-11.2,1000,9420.856053
-2.98,358,9422.024289
-9.89,919,9424.926769
-0.32,92,9425.208593
-11.2,1000,9428.435427
-11.4,1000,9431.763965
-12.6,1000,9435.023332
-11.3,1000,9438.906791
-7.88,698,9441.495977
-11.6,1000,9444.999478
-7.83,753,9447.649884
0.01,69,9447.880466
-11.9,1000,9451.322631
0.81,19,9451.381807
-9.9,950,9454.639223
-11.0,1000,9458.178873
-10.8,1000,9461.745796
0.58,42,9461.86993
-10.7,1000,9465.149039
-1.6,210,9465.81524
0.39,41,9465.94416
-5.48,528,9467.658466
-0.79,169,9468.210665
-11.9,1000,9471.459446
-1.94,244,9472.23604
-11.8,1000,9475.352342
-12.2,1000,9478.541925
-11.4,1000,9481.707929
0.84,26,9481.791392
-1.44,234,9482.499175
-12.2,1000,9485.748662
-3.34,364,9486.924409
-0.07,87,9487.219988
-8.03,803,9489.734764
-12.0,1000,9493.034665
-2.04,274,9493.887255
-15.7,1000,9497.030079
-6.38,648,9499.261871
-11.6,1000,9502.484419
-11.2,1000,9505.817135
-7.97,747,9508.205499
-5.42,512,9509.778069
0.7,30,9509.870771
-10.79,969,9512.896994
0.81,19,9512.956542
-11.3,1000,9516.130301
-11.8,1000,9519.388976
-4.22,412,9520.73019
-11.7,1000,9523.922272
-1.75,235,9524.664674
-7.4,720,9526.949922
-11.0,1000,9530.171695
-6.85,625,9532.233094
-6.85,595,9534.114196
0.83,27,9534.201853
0.1,60,9534.39487
0.74,16,9534.449473
-11.6,1000,9537.719858
-11.7,1000,9540.897665
-7.43,693,9543.153031
-11.8,1000,9546.303918
-4.47,497,9547.877101
-11.6,1000,9551.083137
-12.5,1000,9554.232955
-11.0,1000,9557.41693
-12.1,1000,9560.791444
-2.51,291,9561.716274
-10.81,981,9564.793441
0.74,16,9564.841697
-11.3,1000,9568.055188
-13.0,1000,9571.303344
-12.6,1000,9574.544416
0.04,56,9574.727834
-11.7,1000,9577.860318
-3.96,456,9579.310562
-12.5,1000,9582.589291
-12.6,1000,9585.856986
-3.27,377,9587.074304
-0.73,123,9587.467127
-11.5,1000,9590.796074
-11.5,1000,9594.03722
-0.89,149,9594.507728
-13.5,1000,9597.742344
-2.69,359,9598.92477
-5.96,586,9600.760906
-12.2,1000,9603.990556
-6.34,624,9606.154515
-11.0,1000,9609.383914
-1.35,185,9609.978976
-11.4,1000,9613.154154
-7.84,744,9615.442465
-8.81,911,9618.291589
-8.77,867,9621.309209
0.85,15,9621.359009
-3.07,317,9622.358993
0.19,81,9622.620575
-11.7,1000,9625.840644
0.52,48,9625.983832
-5.93,613,9627.920483
-5.96,606,9629.898442
0.54,26,9629.99433
-12.2,1000,9633.302822
-6.26,596,9635.147283
-2.97,317,9636.120373
-11.1,1000,9639.290757
-8.29,809,9641.926377
-11.7,1000,9645.148379
-10.3,1000,9648.288369
-11.6,1000,9651.380316
-3.61,401,9652.613046
-1.88,228,9653.341215
-12.5,1000,9656.550988
-11.8,1000,9659.899401
0.77,23,9659.973114
-11.4,1000,9663.094627
-0.37,127,9663.520324
0.51,39,9663.633238
-2.37,297,9664.526103
-7.14,774,9666.909085
-1.94,204,9667.562141
-7.58,748,9669.917553
-11.3,1000,9673.1471
-4.3,440,9674.600651
-11.7,1000,9677.828609
-12.2,1000,9680.998116
-1.73,173,9681.538579
-11.7,1000,9684.615844
0.73,27,9684.698853
-11.4,1000,9687.871321
-0.79,119,9688.26621
-11.8,1000,9691.503593
-4.74,474,9692.991427
-7.44,794,9695.543587
-11.3,1000,9698.602413
-11.5,1000,9701.706754
0.39,21,9701.768419
-11.1,1000,9704.965838
-11.6,1000,9708.268146
-2.23,273,9709.196801
-10.24,954,9712.21813
-5.32,442,9713.619179
-4.65,395,9714.86795
-5.72,512,9716.498373
-10.8,1000,9719.654903
-8.01,771,9722.069968
-3.69,399,9723.391613
-2.98,358,9724.548888
-7.01,641,9726.520387
0.51,29,9726.620811
-9.05,885,9729.43879
-6.01,611,9731.350139
-12.4,1000,9734.524246
-7.36,646,9736.451277
-3.31,351,9737.522504
-5.9,570,9739.512632
-1.87,287,9740.418246
-12.0,1000,9743.660065
0.78,32,9743.777033
-12.0,1000,9747.04397
0.3,50,9747.199644
-13.3,1000,9750.350567
-10.8,1000,9753.482158
-11.4,1000,9756.493879
-0.86,196,9757.162671
-12.4,1000,9760.433681
-11.5,1000,9763.646091
0.36,44,9763.789113
0.88,22,9763.853729
-7.44,694,9766.04231
-3.51,391,9767.243279
-4.0,440,9768.614405
-7.7,730,9770.811722
0.23,87,9771.07669
-0.46,116,9771.420686
-13.1,1000,9774.524999
-4.42,412,9775.846539
-7.32,692,9778.071985
-0.16,96,9778.380437
-3.82,382,9779.594129
0.62,28,9779.687703
0.6,40,9779.813934
-9.82,932,9782.741823
0.61,19,9782.803477
-10.9,890,9785.659401
-12.3,1000,9788.758343
0.88,12,9788.796103
-1.86,236,9789.518747
-12.4,1000,9792.623705
-12.6,1000,9795.831327
-3.55,325,9796.854855
-12.2,1000,9800.117064
0.27,53,9800.2982
-2.42,292,9801.236343
-5.31,511,9802.865992
-9.17,817,9805.458199
-2.81,291,9806.442037
-12.4,1000,9809.551072
-7.09,689,9811.6822
-9.39,869,9814.501774
-12.9,1000,9817.741037
-5.25,495,9819.290211
-12.6,1000,9822.395266
-12.3,1000,9825.543158
0.34,56,9825.723603
-13.4,1000,9828.924368
-12.3,1000,9832.150606
0.62,18,9832.2058
-12.92,792,9834.748465
0.01,69,9834.976588
-2.75,345,9836.162696
-1.24,174,9836.731769
-11.8,1000,9839.979206
-12.0,1000,9843.148984
-13.0,1000,9846.320577
-7.66,716,9848.671939
-5.66,576,9850.547811
-10.6,1000,9853.718639
-8.89,839,9856.343458
-9.0,810,9858.956635
-2.05,275,9859.801267
-13.2,1000,9862.893943
-10.17,827,9865.503729
-3.63,423,9866.860679
-6.93,623,9868.897441
-11.9,1000,9872.115807
-12.6,1000,9875.186604
-13.0,1000,9878.375445
-7.15,675,9880.543313
-11.7,1000,9883.698172
-12.1,1000,9886.885738
-11.8,1000,9890.063976
-8.2,730,9892.371345
-11.59,969,9895.383169
0.57,43,9895.522856
-12.2,1000,9898.71562
-4.98,498,9900.28719
-3.0,260,9901.140997
-12.8,1000,9904.327487
-11.5,1000,9907.484343
-12.0,1000,9910.650169
-10.73,923,9913.574004
0.5,50,9913.742585
-12.0,1000,9916.915756
-1.18,178,9917.46392
-5.17,477,9919.059213
-11.5,1000,9922.311181
-14.4,1000,9925.554713
-4.6,420,9926.85409
-8.91,781,9929.354223
-0.32,102,9929.674242
-11.8,1000,9932.876867
0.75,15,9932.921769
0.72,18,9932.975341
-12.7,1000,9936.041074
-12.5,1000,9939.121445
-12.5,1000,9942.250576
-6.88,608,9944.115537
-12.7,1000,9947.308583
-1.16,186,9947.891256
-0.73,153,9948.389895
-12.1,1000,9951.599652
-1.33,193,9952.202245
-6.19,569,9953.93919
-3.08,338,9954.943906
-1.04,204,9955.546122
-11.5,1000,9958.687562
-6.78,578,9960.498966
-7.27,677,9962.642128
-12.2,1000,9965.8313
-12.2,1000,9969.061694
-12.4,1000,9972.165751
-12.8,1000,9975.275499
-2.97,327,9976.303236
-12.6,1000,9979.447845
-9.55,955,9982.509351
-0.65,125,9982.912955
-12.1,1000,9986.398607
-0.69,139,9986.8547
-5.15,475,9988.365819
-12.7,1000,9991.597791
-12.7,1000,9994.786821
-4.25,435,9996.158966
-1.13,183,9996.780771
-3.16,356,9997.920375
-3.01,341,9998.968558
-6.23,623,10000.910586
-7.91,731,10003.248469
-1.5,210,10003.910397
-6.84,624,10005.85344
-0.86,176,10006.411047
-12.4,1000,10009.630528
-0.45,125,10010.033684
0.87,23,10010.104576
-13.1,1000,10013.302042
0.52,48,10013.483571
-10.04,954,10016.5761
-7.31,581,10018.401905
-13.2,1000,10021.567848
-12.0,1000,10024.87023
-12.1,1000,10028.018335
-13.1,1000,10031.151828
-12.6,1000,10034.312778
-2.94,334,10035.403268
0.6,20,10035.47366
-12.1,1000,10039.02459
-2.35,245,10040.048399
-3.48,378,10041.399382
-0.16,116,10041.768741
-11.5,1000,10045.157331
-9.31,741,10047.6924
-0.22,102,10048.071517
-4.72,522,10049.913366
-11.9,1000,10053.306186
-4.35,435,10054.75548
-0.61,121,10055.165361
0.88,22,10055.243016
0.81,19,10055.310255
-12.5,1000,10058.765257
-5.22,482,10060.393716
-2.73,303,10061.32929
-12.4,1000,10064.414676
-3.55,335,10065.423185
-6.75,585,10067.346144
0.27,43,10067.477214
-3.6,380,10068.75017
-12.7,1000,10071.947344
0.46,24,10072.033545
-12.5,1000,10075.296116
-1.22,172,10075.859183
-0.41,111,10076.242344
-2.16,286,10077.230859
-2.01,251,10078.041688
-0.02,102,10078.392548
-7.38,618,10080.315442
-11.11,991,10083.436329
-7.22,692,10085.718711
-1.66,206,10086.319374
-11.8,1000,10089.486742
-8.65,755,10091.853992
-7.75,745,10094.192112
-0.15,125,10094.583576
-11.8,1000,10097.683014
-11.78,968,10101.090438
-11.9,1000,10104.239102
-7.44,714,10106.493647
-12.9,1000,10109.562554
-6.33,573,10111.43851
-13.0,1000,10114.5552
-12.2,1000,10117.649701
-12.5,1000,10120.843894
-0.72,122,10121.242324
-6.2,600,10123.1117
-5.72,522,10124.752182
-4.26,426,10126.078044
-0.78,168,10126.594222
-5.7,570,10128.331408
-11.5,1000,10131.495538
-11.9,1000,10134.677503
-12.2,1000,10137.790399
-12.3,1000,10140.841841
-2.05,255,10141.610932
-10.07,917,10144.531241
-1.91,241,10145.297468
-1.31,191,10145.901302
0.16,54,10146.066222
-2.88,318,10147.036726
-12.8,1000,10150.238135
-4.05,465,10151.686391
-11.8,1000,10154.827772
-6.69,659,10156.917203
0.35,25,10156.994311
-12.1,1000,10160.251691
-4.37,437,10161.627815
-12.5,1000,10164.747161
-12.9,1000,10167.838646
-5.68,518,10169.495356
-12.0,1000,10172.578321
-13.1,1000,10175.665618
-3.1,320,10176.718627
-11.58,988,10179.887183
-11.7,1000,10182.982407
-10.25,875,10185.839365
-11.2,1000,10188.925248
-1.93,193,10189.552309
-0.79,139,10189.993487
-5.33,503,10191.595445
-0.25,95,10191.918591
-4.6,500,10193.594241
-12.0,1000,10196.666171
-0.37,107,10196.998136
0.37,53,10197.167565
-3.13,293,10198.092064
-0.06,96,10198.384821
-12.7,1000,10201.491371
-0.02,92,10201.78542
-8.57,737,10204.166307
-12.8,1000,10207.237282
-1.11,161,10207.756606
-11.4,1000,10210.946074
-12.4,1000,10214.091248
-12.8,1000,10217.257645
0.57,23,10217.340127
-12.2,1000,10220.59945
-4.31,81,10220.850526
-10.34,874,10223.594121
-0.52,132,10223.99402
-12.3,1000,10227.127686
0.66,34,10227.241372
-7.7,670,10229.308567
-1.03,163,10229.819938
-3.61,341,10230.863605
0.34,66,10231.065588
-9.46,976,10234.081112
-12.3,1000,10237.099057
-5.2,530,10238.69385
-11.9,1000,10241.780243
0.19,61,10241.968565
-8.39,819,10244.493927
-12.1,1000,10247.708585
-0.64,164,10248.223309
-1.8,270,10249.118868
-2.78,298,10250.032133
0.89,21,10250.092672
-12.5,1000,10253.272701
-4.24,344,10254.333231
-6.69,729,10256.666605
-4.42,462,10258.169243
-3.56,436,10259.589246
-3.84,334,10260.703448
-13.0,1000,10263.816878
-12.7,1000,10266.962705
-11.4,1000,10270.149329
-11.1,1000,10273.332409
-1.16,196,10273.941064
0.73,37,10274.057376
-0.43,123,10274.438486
-12.0,1000,10277.516212
-10.07,927,10280.53198
0.8,30,10280.628427
-1.72,232,10281.399014
-8.31,731,10283.730331
-11.2,1000,10286.839733
-8.29,849,10289.448023
0.71,29,10289.538785
-4.22,412,10290.866713
-10.7,1000,10293.967381
-7.85,625,10295.835499
-6.72,642,10297.810516
-4.44,434,10299.247803
-5.84,564,10301.052285
-3.22,322,10302.036123
-9.15,775,10304.390838
0.24,56,10304.569904
-4.58,458,10306.02591
-6.73,543,10307.782186
-8.9,750,10310.306459
-14.8,1000,10313.502813
-11.5,1000,10316.773399
-9.73,853,10319.398587
-12.7,1000,10322.546391
-8.21,681,10324.704935
0.34,36,10324.842517
-12.9,1000,10328.084165
-12.2,1000,10331.252078
-13.0,1000,10334.334647
-9.53,813,10336.938558
-7.71,731,10339.454527
-9.07,907,10342.3737
-9.69,809,10344.914801
0.69,21,10344.976912
-11.9,1000,10348.063534
-1.71,201,10348.679388
0.88,22,10348.748052
-12.6,1000,10351.93909
-11.0,1000,10355.110264
-11.4,1000,10358.229741
-12.0,1000,10361.347288
-12.0,1000,10364.468425
-4.55,455,10365.822709
-2.74,354,10366.90586
-12.3,1000,10370.152701
-4.62,482,10371.698002
-4.82,492,10373.25618
-3.95,395,10374.542812
0.52,28,10374.641878
-3.85,375,10375.853528
0.51,49,10375.999946
-2.89,339,10377.057422
-3.58,358,10378.257623
-11.9,1000,10381.284892
0.61,19,10381.337802
-11.6,1000,10384.500578
-9.31,901,10387.528364
-1.01,151,10388.007932
-11.9,1000,10391.266917
-0.55,115,10391.627304
-0.1,80,10391.883978
-0.39,109,10392.220102
-12.7,1000,10395.410418
1.01,9,10395.442224
-12.6,1000,10398.643722
-12.2,1000,10401.848302
-11.5,1000,10405.08573
-3.29,339,10406.252887
-6.77,667,10408.362042
0.52,28,10408.451473
-12.3,1000,10411.489517
-10.3,990,10414.487139
-11.6,1000,10417.621448
-0.79,179,10418.2017
-12.5,1000,10421.318567
-9.13,803,10423.861613
0.32,38,10423.989495
-5.46,556,10425.733855
0.04,96,10426.037848
-12.5,1000,10429.170291
-12.5,1000,10432.3285
-7.93,773,10434.744574
-6.62,602,10436.6511
-2.72,342,10437.731581
0.55,35,10437.846697
-3.22,332,10438.933403
-6.82,712,10441.307191
0.74,26,10441.385724
-2.75,305,10442.322047
-13.0,1000,10445.455924
-0.62,112,10445.804105
-5.08,488,10447.419327
-4.44,434,10448.835585
-0.55,135,10449.273462
-2.23,243,10450.080526
-1.16,166,10450.614704
-0.97,157,10451.128348
-4.45,445,10452.555311
-0.21,111,10452.887862
-11.4,1000,10455.934272
-11.3,1000,10459.205313
0.7,30,10459.330709
-8.42,752,10461.731511
-0.14,104,10462.060973
-3.52,332,10463.129519
-7.89,809,10465.759724
-11.6,1000,10468.950799
-11.5,1000,10472.078769
-11.5,1000,10475.242767
-1.95,245,10476.038096
-3.23,343,10477.145855
-2.76,326,10478.211714
-1.58,208,10478.8824
-11.7,1000,10482.119976
0.15,55,10482.291573
-8.3,770,10484.744768
-4.43,463,10486.200804
-11.8,1000,10489.35559
-2.25,285,10490.260687
-0.04,94,10490.550819
-2.31,271,10491.403905
-10.71,961,10494.354148
-11.7,1000,10497.476803
-2.35,305,10498.41434
0.84,16,10498.466234
-12.1,1000,10501.539763
-1.99,249,10502.308999
-4.78,458,10503.74165
-8.36,856,10506.468173
-1.56,196,10507.106616
-2.75,335,10508.188471
0.8,20,10508.257625
-1.67,227,10508.970483
-2.13,233,10509.685687
-1.46,196,10510.316368
-2.01,301,10511.231095
0.83,17,10511.2837
-12.5,1000,10514.504978
-12.2,1000,10517.677547
-0.81,141,10518.142274
-0.22,112,10518.507942
-0.19,99,10518.92346
-11.3,1000,10522.220285
-10.02,992,10525.341689
-10.8,1000,10528.555423
-12.1,1000,10531.743663
0.52,18,10531.805038
-9.5,910,10534.937165
-4.9,480,10536.520328
0.22,58,10536.702226
-11.6,1000,10539.885601
-8.11,831,10542.493847
-8.63,823,10544.989547
-5.82,552,10546.702729
-10.65,945,10549.695757
-4.74,524,10551.430092
-11.9,1000,10554.660107
-4.12,442,10556.018433
-0.35,125,10556.399038
-0.79,159,10556.879347
-12.3,1000,10559.970032
-6.51,611,10561.869347
-12.4,1000,10565.006065
-12.2,1000,10568.23527
0.84,26,10568.322448
-12.0,1000,10571.472295
-11.18,998,10574.546196
0.7,40,10574.670616
-13.8,1000,10577.916949
-11.8,1000,10581.473699
-3.18,338,10582.606941
-6.04,594,10584.60216
-12.9,1000,10587.741723
-11.1,1000,10590.991908
0.84,26,10591.07614
0.44,26,10591.164113
-11.8,1000,10594.35895
-12.5,1000,10597.517912
0.46,24,10597.590499
-0.84,184,10598.171366
-11.7,1000,10601.265429
-11.9,1000,10604.297311
-12.5,1000,10607.440146
-10.8,1000,10610.801971
-5.83,603,10612.755061
-2.17,257,10613.573933
-2.41,301,10614.512594
-10.48,988,10617.648605
-3.32,382,10618.876403
-12.4,1000,10622.012681
-1.56,196,10622.632883
-11.4,1000,10625.998171
-3.78,378,10627.319954
-10.7,1000,10630.524631
-1.7,220,10631.159771
-6.61,651,10633.196058
-11.9,1000,10636.398477
-1.62,202,10637.136313
-0.03,63,10637.365913
-4.22,452,10638.952545
-0.01,41,10639.103968
-11.7,1000,10642.587413
-12.7,1000,10645.998385
-4.54,434,10647.557451
0.03,107,10647.909155
-11.9,1000,10651.466294
-0.13,103,10651.892358
0.17,53,10652.122418
-6.05,535,10653.893619
0.83,17,10653.961549
-2.54,284,10655.062266
-9.22,862,10658.126051
-5.74,504,10659.904976
-8.95,865,10662.586893
-4.18,418,10663.911351
0.43,67,10664.120992
-11.6,1000,10667.288184
-5.37,537,10668.992067
-6.1,620,10670.940789
0.83,17,10670.994649
-5.32,482,10672.576449
-11.9,1000,10675.818052
-11.1,1000,10678.977023
0.29,61,10679.156998
-3.85,395,10680.395112
-6.14,644,10682.458012
0.58,42,10682.587889
-10.9,1000,10685.735518
-6.39,649,10687.948275
-2.61,351,10689.093136
-1.08,138,10689.525534
-6.05,665,10691.612082
-11.1,1000,10694.783008
-5.75,575,10696.661689
0.09,71,10696.897272
-1.21,161,10697.477947
-11.3,1000,10700.839498
-12.1,1000,10704.089392
-0.0,100,10704.433734
0.67,23,10704.502755
-11.8,1000,10707.694207
0.44,26,10707.783328
-0.71,141,10708.247483
0.61,19,10708.310289
-4.77,447,10709.762505
0.46,34,10709.865877
-4.29,449,10711.386479
-10.82,962,10714.512274
-10.74,904,10717.433803
-8.75,725,10719.815256
0.61,49,10719.961377
-1.58,178,10720.551881
-3.28,368,10721.705807
-2.42,272,10722.566638
-1.18,178,10723.119677
-2.21,261,10723.961318
-12.6,1000,10727.230024
-11.0,1000,10730.482701
-11.5,1000,10733.827887
-1.28,208,10734.463573
-2.05,275,10735.288846
-10.83,993,10738.436431
-6.46,636,10740.456178
0.89,21,10740.522676
-4.37,447,10742.020102
-2.29,249,10742.887286
-11.8,1000,10746.043518
-4.91,471,10747.607348
-11.1,1000,10750.745084
-11.5,1000,10753.932158
-11.7,1000,10757.142736
-7.3,720,10759.542424
-4.09,419,10760.898176
-7.1,570,10762.781608
-6.11,631,10764.753054
-0.79,159,10765.23221
-12.6,1000,10768.522826
-3.95,415,10769.936358
-10.8,1000,10773.039118
-0.48,98,10773.344417
-1.78,258,10774.157152
-5.44,564,10775.934641
-1.95,275,10776.816866
-1.27,167,10777.359759
-6.73,623,10779.343115
-12.2,1000,10782.659258
-12.0,1000,10785.786452
-3.46,286,10786.695987
-0.3,110,10787.026563
-11.5,1000,10790.34197
-3.54,404,10791.656572
-7.72,772,10794.114901
-11.5,1000,10797.445007
-8.1,740,10799.770262
-4.37,407,10801.084815
0.61,19,10801.150145
-1.46,206,10801.844977
-3.18,358,10803.027484
-11.4,1000,10806.401691
-4.42,352,10807.509784
0.65,25,10807.58421
-2.68,308,10808.524817
0.24,46,10808.663851
-4.11,381,10809.84689
-4.55,505,10811.477643
-0.53,103,10811.796989
-5.75,635,10813.832482
-3.26,416,10815.178882
-2.12,212,10815.840592
-6.53,593,10817.828284
-0.44,124,10818.275611
-1.1,150,10818.810826
-6.25,685,10821.048803
0.26,64,10821.254327
0.19,61,10821.45274
-11.5,1000,10824.625229
-0.38,128,10825.040339
-1.98,258,10825.856985
-3.27,367,10827.052667
0.28,32,10827.15326
-11.9,1000,10830.442963
-6.56,636,10832.480794
-11.6,1000,10835.761249
-9.11,861,10838.430601
0.85,15,10838.481336
-7.12,642,10840.50677
-0.24,74,10840.728279
0.82,18,10840.783153
0.79,21,10840.844297
-2.06,256,10841.655573
0.67,33,10841.759579
-8.77,857,10844.644135
-9.8,910,10847.629166
-11.9,1000,10850.83522
-3.05,365,10851.991395
-4.99,489,10853.454076
-3.06,336,10854.484297
-11.2,1000,10857.732194
0.11,69,10857.998879
-2.77,357,10859.145324
-11.2,1000,10862.320668
-4.95,465,10863.76431
0.47,23,10863.840986
-13.1,1000,10866.938207
-8.46,786,10869.471743
-12.0,1000,10872.676384
-12.5,1000,10875.971661
-1.06,166,10876.539562
0.64,46,10876.684381
-9.21,781,10879.236694
-11.5,1000,10882.399847
-9.3,930,10885.505773
-2.07,287,10886.498341
-0.19,109,10886.881947
-12.3,1000,10890.157669
-11.6,1000,10893.402692
-7.15,615,10895.430876
-10.58,928,10898.410495
-12.2,1000,10901.619696
-7.05,745,10904.041892
-4.12,432,10905.452347
-3.11,371,10906.669546
-9.34,824,10909.352865
-6.44,634,10911.346832
-7.94,774,10913.843473
-0.11,101,10914.142248
-6.03,533,10915.813426
-12.0,1000,10918.991703
-12.3,1000,10922.061806
-0.98,158,10922.584643
-12.0,1000,10925.793167
-6.95,705,10927.991947
-5.4,600,10929.866269
-13.2,1000,10933.036606
-12.0,1000,10936.242185
-2.05,225,10936.950584
-12.3,1000,10940.345873
0.71,29,10940.441362
-2.98,318,10941.44091
-2.18,278,10942.355657
-4.92,512,10943.982909
-3.79,439,10945.368318
-12.1,1000,10948.598496
-1.9,260,10949.445114
-2.16,296,10950.391987
-11.6,1000,10953.627891
0.75,15,10953.676216
-0.41,111,10954.039519
-4.84,444,10955.431555
0.76,24,10955.505102
0.28,62,10955.695895
-1.73,263,10956.529645
-4.66,506,10958.189218
-8.62,882,10961.110201
-0.75,125,10961.521415
-2.83,293,10962.446502
-2.75,355,10963.597919
0.7,20,10963.6705
0.57,23,10963.738766
-12.7,1000,10966.907645
-1.04,174,10967.453669
-1.43,193,10968.059795
-0.41,111,10968.393005
-0.65,145,10968.871638
-0.53,143,10969.314426
-0.39,109,10969.654637
-2.53,343,10970.716145
-10.23,983,10973.909752
-12.8,1000,10977.104276
-0.16,106,10977.439591
-0.48,158,10977.936595
-3.21,351,10979.020979
-4.06,446,10980.454219
-3.29,319,10981.444161
-2.71,301,10982.374166
-9.32,862,10985.067166
-3.56,406,10986.318997
-2.74,344,10987.417928
-2.49,299,10988.39282
-11.2,1000,10991.545189
-1.48,178,10992.096108
-10.43,903,10994.901845
-1.66,206,10995.552992
-0.93,183,10996.122204
-3.76,386,10997.356121
-0.87,147,10997.823524
-11.5,1000,11000.974491
0.6,20,11001.038256
-2.0,270,11001.921888
-2.74,334,11002.994981
-7.93,773,11005.506969
0.91,19,11005.576395
-0.03,73,11005.816335
-11.4,1000,11009.118359
-6.3,610,11011.076547
0.8,20,11011.141931
-8.85,785,11013.692579
-11.2,1000,11016.87747
-4.25,455,11018.40756
-8.97,767,11020.854237
-4.68,528,11022.615738
-11.6,1000,11025.773217
-7.71,781,11028.197914
0.68,22,11028.263127
0.12,78,11028.501719
-0.57,117,11028.872393
0.55,35,11028.980083
-1.97,267,11029.812556
-5.56,496,11031.39029
1.01,9,11031.420148
-12.3,1000,11034.621885
0.96,14,11034.665768
-0.27,127,11035.068557
-10.5,1000,11038.23705
0.24,56,11038.406721
-6.78,628,11040.371413
-2.15,295,11041.27333
-10.01,951,11044.365771
-0.41,121,11044.756284
-3.15,345,11045.936338
0.13,77,11046.175955
-11.8,1000,11049.464475
-12.1,1000,11052.557179
-7.83,743,11054.874344
-0.42,102,11055.195451
-3.07,357,11056.294422
-7.01,691,11058.55478
-0.7,140,11059.068064
-7.48,758,11061.574588
-6.91,701,11063.882096
-0.92,142,11064.348468
-11.4,1000,11067.496738
-3.35,365,11068.655465
0.73,27,11068.741586
-4.25,415,11070.076076
-5.32,572,11071.854941
-13.0,1000,11075.101274
-7.76,626,11077.212166
-12.3,1000,11080.456875
-2.58,298,11081.432472
-2.96,386,11082.708859
-6.75,695,11084.872681
-7.88,838,11087.638099
-2.61,311,11088.695043
-0.35,115,11089.068011
-5.24,574,11090.932159
-1.15,195,11091.538647
-11.3,1000,11094.756884
-0.87,117,11095.102579
-10.73,953,11098.09024
0.62,18,11098.142962
0.1,80,11098.390044
-0.54,124,11098.773866
-11.3,1000,11102.011466
-2.13,253,11102.839194
0.97,13,11102.88289
-11.2,1000,11106.083512
-3.28,378,11107.291836
-2.04,234,11108.019843
-3.42,382,11109.202176
-0.77,127,11109.603053
0.66,24,11109.678916
-0.69,39,11109.798759
-2.7,340,11110.845703
-11.5,1000,11114.038892
-12.9,1000,11117.423295
-21.98,408,11118.731992
-5.98,528,11120.429762
-9.43,603,11122.335872
-6.93,643,11124.359843
-0.0,100,11124.662867
0.18,62,11124.864837
-9.28,838,11127.427206
-1.5,220,11128.133105
-2.37,297,11129.078515
-8.62,832,11131.774149
-3.59,359,11132.899148
-11.8,1000,11136.114839
-4.85,515,11137.757216
0.81,29,11137.843849
0.19,61,11138.029213
-2.3,300,11138.942304
-6.91,631,11141.009642
-0.1,100,11141.326183
-3.63,353,11142.469735
-0.13,123,11142.844139
-5.44,504,11144.412221
0.46,24,11144.482939
0.01,99,11144.784762
0.84,16,11144.834183
-2.48,308,11145.817571
-3.33,403,11147.071496
-2.33,283,11147.955192
-3.03,303,11148.939212
-4.24,504,11150.602154
-11.8,1000,11153.841105
0.35,55,11154.016659
0.45,35,11154.12179
-0.23,93,11154.404961
0.66,24,11154.485801
-0.47,97,11154.784127
-6.52,622,11156.757175
-3.42,422,11158.118402
-0.49,99,11158.42292
-6.99,699,11160.607091
-11.4,1000,11163.740652
-2.57,327,11164.788829
-0.95,155,11165.282945
-11.3,1000,11168.4424
-1.63,183,11169.020214
0.5,30,11169.111233
-6.91,631,11171.06789
-0.51,131,11171.483728
0.85,15,11171.537326
0.52,18,11171.590872
-6.01,591,11173.516145
-10.9,1000,11176.660359
-12.4,1000,11179.861979
-11.2,1000,11182.980151
-11.7,1000,11186.183849
-0.69,119,11186.583546
0.59,21,11186.652126
-3.0,350,11187.807906
-1.71,251,11188.640497
-11.3,1000,11191.807057
-2.45,265,11192.646487
0.66,24,11192.71688
-11.8,1000,11195.831689
-3.96,446,11197.234847
-3.58,368,11198.365008
-1.73,243,11199.102001
-3.25,335,11200.120665
-2.68,358,11201.274631
-11.4,1000,11204.516515
-8.77,777,11206.975183
-3.65,365,11208.110013
-11.3,1000,11211.295549
-12.2,1000,11214.451519
-0.65,155,11214.931333
-0.14,104,11215.266515
0.91,19,11215.326435
-3.38,328,11216.421832
0.69,21,11216.485523
-3.31,341,11217.540855
-2.97,337,11218.593677
-8.03,693,11220.752823
-6.08,598,11222.566972
-4.76,506,11224.128668
-8.04,734,11226.465197
-9.56,886,11229.298575
-3.18,308,11230.251185
-9.1,840,11232.793413
-10.33,973,11236.035919
-0.08,118,11236.516314
-2.43,313,11237.740818
0.24,56,11237.967671
-11.8,1000,11241.732954
-0.38,108,11242.160867
0.1,80,11242.409595
-0.55,135,11242.855251
-5.03,563,11244.738909
-6.55,675,11247.021052
0.85,15,11247.085157
0.41,39,11247.235409
0.47,33,11247.369847
-12.2,1000,11251.133467
-6.86,706,11253.722349
-11.0,1000,11257.104658
-2.32,272,11258.008609
-11.2,1000,11261.101237
-12.0,1000,11264.392767
-2.97,337,11265.431247
-2.65,295,11266.334232
-12.1,1000,11269.479244
-11.1,1000,11272.637232
-11.3,1000,11275.704311
-11.7,1000,11278.750451
0.55,55,11278.907455
-5.87,587,11280.64412
-10.73,993,11283.581392
-5.96,616,11285.485267
-6.01,551,11287.1824
-11.6,1000,11290.257908
-11.3,1000,11293.333514
-6.7,570,11295.085038
-1.15,175,11295.620624
-13.2,1000,11298.664025
-10.62,992,11301.70243
-12.7,1000,11304.769686
-2.01,241,11305.475389
-12.0,1000,11308.485485
-3.36,356,11309.622566
-1.26,196,11310.237523
-11.6,1000,11313.42612
-11.6,1000,11316.466005
-6.39,599,11318.342948
-11.14,984,11321.274621
-12.4,1000,11324.408057
-12.0,1000,11327.699813
-11.5,1000,11330.740966
-0.83,183,11331.28803
-11.6,1000,11334.264774
0.54,36,11334.368917
-11.3,1000,11337.417628
-9.85,895,11340.181158
0.71,19,11340.231782
-11.2,1000,11343.331825
-3.7,400,11344.538219
-6.73,693,11346.655826
-3.37,387,11347.821061
-4.34,444,11349.15807
-11.26,986,11352.289164
-7.34,724,11354.554847
-12.9,1000,11357.619355
-3.98,488,11359.064825
0.83,17,11359.122366
-11.4,1000,11362.179143
-0.91,151,11362.64403
-11.7,1000,11365.706088
-6.53,683,11367.809553
-1.82,242,11368.593768
-7.44,684,11370.646861
-2.48,288,11371.518861
-2.26,296,11372.440729
0.67,33,11372.542083
-0.26,106,11372.867865
-1.56,216,11373.522818
-11.8,1000,11376.60974
-7.47,637,11378.565195
-0.67,147,11378.995369
-11.8,1000,11382.066945
0.42,38,11382.185357
-4.2,460,11383.586927
-12.0,1000,11386.647313
-6.2,600,11388.526223
-12.1,1000,11391.557536
-12.0,1000,11394.570171
-9.42,822,11397.101757
-10.8,1000,11400.200393
-4.6,440,11401.516841
-12.2,1000,11404.670023
-6.48,618,11406.600626
-9.69,859,11409.262029
-2.48,298,11410.140911
-4.41,431,11411.442711
-1.38,138,11411.870117
-1.2,170,11412.382728
-3.43,373,11413.57026
0.6,20,11413.632719
-6.85,685,11415.684067
-4.02,472,11417.170468
-10.69,979,11420.331488
-3.98,428,11421.624151
0.19,41,11421.747024
-12.0,1000,11424.7282
-1.39,199,11425.349401
-7.97,777,11427.66569
0.05,75,11427.89364
-4.77,527,11429.491884
-0.12,102,11429.815002
-0.44,104,11430.119539
-12.3,1000,11433.107207
-11.3,1000,11436.023341
-4.96,486,11437.428925
-4.95,555,11439.155638
-9.92,872,11441.859554
-1.91,271,11442.690735
-11.6,1000,11445.697282
-11.2,1000,11448.7743
-8.94,864,11451.572782
-11.5,1000,11454.802991
-4.14,454,11456.285744
-12.5,1000,11459.325253
-3.25,375,11460.466972
-0.25,95,11460.759134
0.81,29,11460.845358
0.5,30,11460.9466
-0.28,98,11461.242552
-11.8,1000,11464.314188
-4.95,525,11466.030627
-6.11,591,11467.819304
-7.86,776,11470.152572
-8.73,803,11472.50434
-5.59,559,11474.237991
-4.03,413,11475.464393
-24.9,1000,11478.546931
-11.3,1000,11481.727767
-4.26,426,11483.098464
0.65,25,11483.180325
-6.83,703,11485.183372
-2.17,277,11485.998181
-8.3,790,11488.369217
-3.46,426,11489.626093
-11.4,1000,11492.71701
-12.6,1000,11495.75034
-11.3,1000,11498.765394
-10.9,1000,11501.903969
-12.3,1000,11505.131633
-1.73,173,11505.685123
-4.25,495,11507.189405
-0.81,161,11507.690133
-4.67,527,11509.275837
-0.24,104,11509.594372
-7.67,707,11511.670077
0.79,31,11511.764325
-4.52,482,11513.150934
-13.1,1000,11516.152646
-3.97,397,11517.531052
-12.1,1000,11520.695578
0.74,26,11520.771006
-1.83,253,11521.550174
-11.5,1000,11524.528876
-12.4,1000,11527.557303
-1.43,203,11528.146518
-0.45,125,11528.535971
-11.4,1000,11531.527145
-11.9,1000,11534.542711
-11.7,1000,11537.46927
-1.46,176,11537.985246
0.01,89,11538.244105
-12.0,1000,11541.417747
-4.72,402,11542.661308
-11.9,1000,11545.649248
-5.88,598,11547.43126
-1.89,229,11548.088489
-12.7,1000,11551.078159
-12.2,1000,11554.163532
0.83,17,11554.212572
-11.4,1000,11557.271667
-13.0,1000,11560.238805
-9.42,852,11562.787325
-12.3,1000,11565.818136
-11.2,1000,11568.838211
-10.8,1000,11572.082552
-5.74,574,11573.773225
-12.1,1000,11576.71649
-2.73,333,11577.69407
-0.01,101,11578.031037
-11.2,1000,11581.162897
-11.6,1000,11584.185901
-12.9,1000,11587.274536
-1.06,156,11587.731117
-11.6,1000,11590.691255
-11.1,1000,11593.684402
-8.18,598,11595.493842
-12.7,1000,11598.629653
-1.53,223,11599.415301
-11.5,1000,11602.329399
-12.0,1000,11605.37187
0.13,87,11605.66294
-11.3,1000,11608.651433
0.82,28,11608.733188
-6.68,668,11610.772428
-12.2,1000,11613.673882
-11.4,1000,11616.682825
-3.84,404,11617.910606
-0.17,117,11618.266409
-11.5,1000,11621.247587
-8.72,812,11623.674789
-2.18,248,11624.450837
0.59,21,11624.51527
-12.2,1000,11627.506881
-11.6,1000,11630.449259
-11.3,1000,11633.484246
-11.4,1000,11636.569417
0.79,21,11636.638656
0.85,15,11636.68471
-11.7,1000,11639.682124
-11.4,1000,11642.632554
-11.6,1000,11645.653815
-11.8,1000,11648.759277
-1.51,201,11649.330173
-1.7,210,11649.954352
-11.4,1000,11652.935797
-11.1,1000,11655.936848
-11.6,1000,11659.070301
-12.2,1000,11662.095408
-11.3,1000,11665.184438
-11.3,1000,11668.128382
0.45,35,11668.225494
-11.3,1000,11671.253913
0.05,45,11671.390899
-11.5,1000,11674.41969
-11.4,1000,11677.406269
-1.87,237,11678.126835
-6.97,597,11679.882577
-11.8,1000,11682.905704
-11.4,1000,11685.791392
-10.65,995,11688.793329
-0.64,154,11689.24936
-12.1,1000,11692.221225
-3.08,338,11693.249379
-11.5,1000,11696.261702
-0.34,124,11696.650049
-11.7,1000,11699.692745
-11.9,1000,11702.667481
-12.1,1000,11705.611145
-6.82,622,11707.428316
-3.79,409,11708.598312
-10.8,1000,11711.679268
-8.1,750,11714.008006
-12.8,1000,11717.154256
-10.6,1000,11720.099959
-2.84,314,11720.996837
-12.2,1000,11724.10696
-5.97,507,11725.629786
-4.0,390,11726.821459
-12.4,1000,11729.851945
-2.84,334,11730.83684
0.63,27,11730.914965
0.64,26,11730.983296
-5.52,572,11732.681907
0.84,26,11732.7557
-11.4,1000,11735.762511
-11.4,1000,11738.797715
-8.97,857,11741.548535
-3.42,382,11742.767017
-0.98,178,11743.287045
-0.0,50,11743.434789
-9.3,750,11745.650268
-10.9,1000,11748.684494
-1.96,196,11749.247874
-6.69,659,11751.203143
-0.26,116,11751.557827
-10.12,962,11754.391116
-11.4,1000,11757.331623
-11.2,1000,11760.200935
-0.82,172,11760.707703
-10.39,949,11763.63422
-8.57,837,11766.121914
-9.52,902,11768.820293
-12.0,1000,11771.774796
-11.0,1000,11774.912255
-9.45,935,11777.761013
-11.5,1000,11780.959188
-2.95,355,11782.022234
-12.1,1000,11784.917017
-12.2,1000,11787.984631
-3.8,420,11789.217947
-2.37,277,11790.075209
-3.14,324,11791.10194
-11.8,1000,11794.125381
-11.7,1000,11797.152224
-11.5,1000,11800.04921
-3.52,362,11801.164591
-1.16,146,11801.621344
-11.4,1000,11804.596953
-5.92,592,11806.363432
-2.34,274,11807.164555
-8.49,799,11809.553237
-7.5,770,11811.905865
0.22,68,11812.11165
-10.9,1000,11815.094008
-0.63,143,11815.507585
-0.17,97,11815.789127
-2.13,253,11816.630054
-4.8,510,11818.213932
0.56,24,11818.29094
-11.59,479,11819.750747
-4.54,504,11821.275155
-0.78,118,11821.62693
-6.14,624,11823.52043
-11.5,1000,11826.5185
-1.82,222,11827.222367
-12.4,1000,11830.329194
-3.13,333,11831.331844
-11.5,1000,11834.226249
-12.4,1000,11837.401759
-1.1,160,11837.892466
-12.0,1000,11841.320699
-11.8,1000,11844.667868
-12.2,1000,11847.701456
-10.9,1000,11851.116075
-4.08,508,11852.874484
-12.5,1000,11856.233668
0.35,75,11856.45975
-7.1,650,11858.452772
-2.26,256,11859.235385
-12.1,1000,11862.194186
-7.38,698,11864.220516
-10.8,1000,11867.211856
-12.31,881,11869.925552
-11.7,1000,11872.992356
-12.0,1000,11875.849079
-12.2,1000,11878.911028
-2.34,254,11879.691092
-2.06,236,11880.362619
-4.22,432,11881.675385
-10.9,1000,11884.808043
-3.66,346,11885.888734
-12.2,1000,11888.849256
-8.38,788,11891.239087
-1.3,180,11891.803941
-0.79,119,11892.172483
-11.2,1000,11895.316324
0.08,62,11895.49668
-12.0,1000,11898.603241
-2.87,297,11899.718254
-8.17,767,11901.970857
-11.9,1000,11905.017217
-12.5,1000,11908.192257
-8.64,804,11910.604963
-7.29,699,11912.677923
0.51,29,11912.757923
-12.2,1000,11915.796137
-9.26,806,11918.335637
-4.25,415,11919.748811
-12.6,1000,11922.919035
-4.14,454,11924.353647
-13.4,1000,11927.324159
-1.12,152,11927.778828
-8.73,783,11930.120106
-12.5,1000,11933.188858
-12.2,1000,11936.317894
-5.1,510,11937.835237
-1.42,202,11938.434327
0.19,31,11938.546911
-0.39,109,11938.9042
-1.69,189,11939.514172
-6.69,549,11941.207999
-11.1,1000,11944.382552
-3.54,294,11945.226937
-3.74,64,11945.411986
-12.6,1000,11948.308394
-11.7,1000,11951.239731
-11.26,966,11954.104156
-13.3,1000,11957.151133
-13.7,1000,11960.378418
0.45,25,11960.452523
-13.6,1000,11963.42574
-11.2,920,11966.172553
-2.08,268,11967.014492
-12.4,1000,11969.986405
-11.3,1000,11973.020603
-3.68,338,11974.007935
-12.9,1000,11977.001472
-11.9,1000,11979.989304
-12.4,1000,11983.031053
-13.7,1000,11986.04312
0.46,34,11986.13763
-12.9,1000,11989.140172
0.41,29,11989.22804
-9.4,850,11991.896992
-11.9,1000,11995.075202
-12.4,1000,11998.099209
0.41,49,11998.244154
-4.8,470,11999.673516
0.08,42,11999.793413
-0.45,105,12000.099766
-0.62,112,12000.421134
-11.6,1000,12003.40113
-2.33,253,12004.14349
-12.7,1000,12007.144955
0.68,22,12007.21758
-12.0,1000,12010.212371
-12.6,1000,12013.222181
-4.36,426,12014.468836
-6.82,712,12016.637907
-11.5,1000,12019.777501
-6.35,595,12021.663277
-3.9,380,12022.840873
-12.4,1000,12025.885265
-10.9,1000,12028.874897
-0.05,85,12029.128554
-12.2,1000,12032.385051
-12.3,1000,12035.622343
-8.87,817,12038.1611
-5.48,568,12039.820513
-11.7,1000,12042.794262
-2.78,308,12043.720719
0.39,71,12043.953279
-11.9,1000,12046.998739
-11.7,1000,12050.008852
-13.2,1000,12053.101577
-4.34,414,12054.367018
-11.8,1000,12057.539284
-11.6,1000,12060.575045
-12.1,1000,12063.659334
-12.1,1000,12066.77635
-4.26,446,12068.138622
-6.5,560,12069.89322
-8.12,772,12072.259113
-12.5,1000,12075.34092
-11.8,1000,12078.432629
-12.3,1000,12081.439159
-12.0,1000,12084.353495
-13.3,1000,12087.385533
-11.2,1000,12090.478816
-11.8,1000,12093.484848
-11.5,1000,12096.51275
-5.35,525,12098.056017
-11.4,1000,12101.033611
-13.2,1000,12104.183559
-12.1,1000,12107.135704
-11.9,1000,12110.055325
-11.3,1000,12113.015422
-11.1,950,12115.950609
-11.7,1000,12119.061828
0.83,17,12119.11487
-11.5,1000,12122.117195
-1.13,193,12122.69422
-4.46,476,12124.129433
-1.12,152,12124.585879
-11.8,1000,12127.5726
-11.6,1000,12130.531171
-9.43,873,12133.047446
-4.68,468,12134.473005
0.84,26,12134.557116
-11.4,1000,12137.614352
-8.38,808,12140.055357
-0.91,161,12140.530501
-12.4,1000,12143.441391
-0.07,107,12143.744917
-6.45,615,12145.522723
-11.9,1000,12148.601356
-12.1,1000,12151.691369
-8.41,831,12154.175376
-11.2,1000,12157.175224
-4.47,427,12158.446081
-11.7,1000,12161.537634
-11.6,1000,12164.714553
-8.54,874,12167.376053
-11.2,1000,12170.291187
-1.8,270,12171.072837
-6.84,724,12173.162145
0.26,54,12173.318772
-6.53,693,12175.382004
-5.87,647,12177.406744
-3.12,332,12178.460466
-29.54,764,12180.755127
-4.02,442,12182.058373
-2.06,236,12182.744425
-3.98,418,12183.981591
-9.22,822,12186.485382
-0.82,132,12186.89817
-16.12,992,12189.871825
-2.38,188,12190.418636
-1.74,194,12191.004115
-7.7,740,12193.249774
-2.28,268,12194.039117
-7.83,723,12196.176024
-6.8,630,12198.074504
-6.03,653,12200.255756
-12.0,1000,12203.497705
-13.2,1000,12206.619583
-2.26,256,12207.398686
-2.94,334,12208.393557
-4.07,497,12209.923286
-5.67,507,12211.553307
-12.6,1000,12214.688876
-0.02,72,12214.908459
-8.26,836,12217.435686
-2.07,287,12218.255827
-3.56,376,12219.352019
-0.15,95,12219.633578
-6.93,543,12221.266814
-7.95,785,12223.539822
-11.0,1000,12226.507306
-11.7,1000,12229.51788
-11.3,1000,12232.514952
-12.1,1000,12235.539755
-10.9,1000,12238.609742
-5.77,507,12240.133753
-13.8,1000,12243.188997
-8.66,756,12245.442029
-8.09,719,12247.600144
-5.73,483,12249.110412
-12.3,1000,12252.196799
-10.41,921,12255.052564
-5.45,545,12256.711883
-11.2,1000,12259.645495
-12.7,1000,12262.615268
-11.1,1000,12265.666683
0.83,17,12265.718784
-12.8,1000,12268.774047
-6.7,700,12270.848438
-11.4,1000,12273.882154
-5.77,547,12275.593113
-0.88,178,12276.088271
-4.01,431,12277.396231
-11.8,1000,12280.426982
-12.0,1000,12283.372144
-11.9,1000,12286.390897
-8.13,593,12288.163764
-12.1,1000,12291.132373
0.59,21,12291.199159
-12.1,1000,12294.087558
-12.0,1000,12297.067408
-11.6,1000,12300.146911
-4.07,407,12301.394289
-6.49,619,12303.341474
-4.51,481,12304.823078
-3.43,373,12305.91299
0.16,64,12306.09454
-11.9,1000,12309.048914
-11.5,1000,12312.13582
-5.73,593,12313.921593
-11.1,1000,12316.961005
-4.75,485,12318.44925
-3.05,315,12319.463839
-12.5,1000,12322.526293
-12.1,1000,12325.787193
-11.4,1000,12328.857717
-6.85,665,12330.974397
-11.9,1000,12333.900014
-11.9,1000,12336.812594
-12.0,1000,12339.8091
-11.7,1000,12342.794028
-11.8,1000,12345.731344
-11.9,1000,12348.802862
-11.4,1000,12351.767295
-11.5,1000,12354.947423
-8.55,865,12357.640738
-12.3,1000,12360.580133
-11.4,1000,12363.700541
-5.47,557,12365.426551
-12.0,1000,12368.436125
-11.6,1000,12371.474479
-5.65,595,12373.196636
-12.4,1000,12376.21526
-5.61,591,12378.002637
-12.0,1000,12381.104275
-11.4,1000,12384.06076
-11.4,1000,12386.996042
-11.9,1000,12390.10816
-11.2,1000,12393.060722
-10.62,962,12395.904626
-5.94,564,12397.566287
-12.6,1000,12400.511778
-12.1,1000,12403.485509
-11.8,1000,12406.493202
-12.3,1000,12409.433448
-11.4,1000,12412.253044
-7.68,778,12414.525411
-11.7,1000,12417.564968
-10.9,1000,12420.584762
-10.91,991,12423.466099
-11.7,1000,12426.504203
-3.93,443,12427.823298
-0.59,139,12428.235565
-0.32,112,12428.55631
-2.08,278,12429.373362
-0.95,165,12429.892725
-12.3,1000,12432.929801
-10.8,1000,12435.821255
-11.7,1000,12439.11236
-12.0,1000,12442.218891
-11.6,1000,12445.57882
0.71,29,12445.666779
-10.24,964,12448.849745
0.73,27,12448.924476
-4.12,482,12450.492354
-8.35,825,12453.020769
-11.0,1000,12456.270398
-11.4,1000,12459.393028
-12.3,1000,12462.350469
-5.87,607,12464.140305
-10.5,1000,12467.085726
-11.5,1000,12470.120458
-11.6,1000,12473.275447
-11.7,1000,12476.119163
-11.9,1000,12478.942104
-12.0,1000,12481.929977
-11.8,1000,12485.043289
-10.9,1000,12488.027473
-12.4,1000,12490.887852
-12.0,1000,12493.795951
0.75,25,12493.865145
-11.7,1000,12496.872995
-11.7,1000,12499.874577
-7.04,674,12501.844411
-12.5,1000,12504.762709
-4.78,488,12506.23123
-11.8,1000,12509.336654
-4.67,447,12510.732906
-6.38,608,12512.555787
-11.43,993,12515.579697
-12.4,1000,12518.623738
-11.5,1000,12521.659292
-11.9,1000,12524.699351
-1.12,192,12525.264405
-4.4,470,12526.756997
-3.35,375,12527.897221
-11.0,1000,12530.94554
-11.7,1000,12534.133985
-10.19,879,12536.843097
-11.3,1000,12539.818223
-1.91,261,12540.616007
-0.64,154,12541.100318
-12.1,1000,12544.069121
-12.0,1000,12547.089317
-12.7,1000,12550.15427
-8.17,787,12552.55989
-12.0,1000,12555.582335
-11.2,1000,12558.814648
-10.18,968,12561.809193
-11.5,1000,12564.828168
-13.2,1000,12567.860038
-12.1,1000,12571.077024
-11.7,1000,12574.055436
-9.03,833,12576.526306
-2.55,285,12577.376213
-12.3,1000,12580.360233
-11.8,1000,12583.483449
-12.1,1000,12586.50687
-1.72,232,12587.193679
-6.0,600,12588.998234
-12.2,1000,12591.95389
0.58,42,12592.074845
-5.2,520,12593.569069
-4.76,496,12595.054492
-61.5,1000,12598.094091
-3.48,318,12599.068752
-7.04,674,12601.078152
-11.2,1000,12604.049193
-12.1,1000,12607.045201
-11.4,1000,12609.998591
-11.5,1000,12613.023109
-5.34,584,12614.773913
0.24,66,12614.952956
-11.2,1000,12617.925958
-12.1,1000,12620.971928
-12.1,1000,12624.032134
-7.31,701,12626.116585
-11.7,1000,12629.160279
-11.8,1000,12632.115536
-1.82,202,12632.716991
-11.8,1000,12635.773493
-0.2,100,12636.071328
-12.4,1000,12639.112406
-12.6,1000,12642.071129
-11.8,1000,12645.027376
-12.3,1000,12648.084053
-3.55,415,12649.361391
-11.7,1000,12652.356086
-11.9,1000,12655.24719
-11.0,1000,12658.248323
-11.8,1000,12661.376986
-12.2,1000,12664.490705
-12.8,1000,12667.482589
-12.0,1000,12670.432131
-11.5,1000,12673.497993
0.6,20,12673.558992
-12.1,1000,12676.572304
-12.3,1000,12679.647591
-12.6,1000,12682.64452
-5.97,497,12684.131847
-2.56,276,12684.972167
-12.4,1000,12688.009105
0.3,40,12688.139948
-12.5,1000,12691.095471
-12.5,1000,12694.186709
-12.5,1000,12697.225164
0.89,21,12697.281995
-2.34,314,12698.192469
-12.3,1000,12701.240291
-7.25,685,12703.333209
-12.5,1000,12706.433227
-12.3,1000,12709.389896
-12.6,1000,12712.335598
-13.6,1000,12715.288625
-12.5,1000,12718.252839
-0.88,148,12718.745004
-12.4,1000,12721.679961
-11.4,1000,12724.679049
0.73,27,12724.769787
-11.8,1000,12727.737236
-12.3,1000,12730.708415
-7.6,730,12732.865934
-11.9,1000,12735.951581
-11.5,1000,12738.997274
-11.9,1000,12741.930375
-11.4,1000,12744.944079
-12.4,1000,12747.986331
-12.3,1000,12750.972338
-11.8,1000,12753.840993
-12.5,1000,12756.862229
-12.4,1000,12759.902333
-4.04,404,12761.071422
-11.8,1000,12764.118525
-12.9,1000,12767.200128
-12.6,1000,12770.166504
-15.3,1000,12773.271387
-12.3,1000,12776.232655
-8.29,779,12778.564597
-12.5,1000,12781.63538
-11.2,1000,12784.684735
-13.4,1000,12787.715732
-12.7,1000,12790.657486
-12.2,1000,12793.685953
-13.2,1000,12796.688447
-13.0,1000,12799.81985
-12.2,1000,12802.710437
-11.1,1000,12805.616759
-12.2,1000,12808.61632
-3.93,423,12809.855397
-11.6,1000,12812.882092
-11.9,1000,12815.855148
-11.7,1000,12818.801096
-10.9,1000,12821.79586
-13.1,1000,12824.818288
-12.2,1000,12827.768552
-13.1,1000,12830.706561
-12.1,1000,12833.802063
-11.9,1000,12836.78866
-12.2,1000,12839.904069
-11.9,1000,12842.980718
-5.8,520,12844.577532
-7.15,665,12846.542287
-11.9,1000,12849.615201
-11.3,1000,12852.600252
-12.8,1000,12855.4509
-12.0,1000,12858.494291
-11.2,1000,12861.43555
-0.74,164,12861.917598
-11.9,1000,12864.905742
-12.5,1000,12867.876375
-7.89,779,12870.281385
-6.87,587,12872.065927
-11.8,1000,12875.092166
-5.5,520,12876.748221
-11.7,1000,12879.782525
-11.8,1000,12882.727592
-7.15,665,12884.748031
-11.2,1000,12887.697802
-12.1,1000,12890.694734
-5.51,561,12892.377356
-1.33,173,12892.88869
-11.7,1000,12896.079297
-11.6,1000,12899.226865
-1.19,199,12899.839193
-0.62,132,12900.26391
-12.5,1000,12903.22543
-12.3,1000,12906.097975
-11.3,1000,12909.217239
-12.5,1000,12912.382275
-3.94,464,12913.771652
-2.08,268,12914.633807
-12.9,1000,12917.748752
-11.8,1000,12920.921063
-12.2,1000,12923.906373
-12.5,1000,12926.88285
-12.3,1000,12929.957836
-11.8,1000,12932.938157
-11.6,1000,12935.986595
-12.3,1000,12939.140599
-3.05,365,12940.32791
-11.8,1000,12943.399746
-2.92,332,12944.398255
0.45,45,12944.537163
-10.81,941,12947.548417
-11.7,1000,12950.669424
-12.2,1000,12953.727698
-11.9,1000,12956.555495
-8.93,773,12958.817595
-7.42,622,12960.750581
-7.08,618,12962.646533
-5.52,562,12964.364496
-12.0,1000,12967.331382
-8.22,742,12969.458939
-3.33,373,12970.585573
-5.52,552,12972.262322
-12.0,1000,12975.375259
-12.6,1000,12978.685617
-11.4,1000,12981.91146
-0.98,148,12982.356566
-9.06,846,12984.877071
-11.4,1000,12987.909874
-11.9,1000,12991.051361
-11.4,1000,12994.017717
-6.03,573,12995.682019
-11.8,1000,12998.554607
0.17,83,12998.818339
-11.9,1000,13001.986953
-3.69,409,13003.250693
-7.82,682,13005.269688
-11.6,1000,13008.325262
-12.2,1000,13011.297636
-12.2,1000,13014.279209
-12.2,1000,13017.257931
-12.2,1000,13020.325003
-6.68,708,13022.433066
-12.1,1000,13025.437325
-11.3,1000,13028.556021
-11.9,1000,13031.549827
-11.8,1000,13034.50655
-11.1,1000,13038.118859
-11.5,1000,13041.862581
-11.6,1000,13045.111482
-11.9,1000,13048.167121
-4.5,490,13049.855452
-10.9,1000,13053.559151
-11.4,1000,13056.678046
-7.46,686,13058.779788
-11.0,1000,13061.875481
-5.76,566,13063.614467
-4.05,445,13064.91459
-11.7,1000,13067.971517
-11.7,1000,13071.028724
-11.8,1000,13074.050756
-11.6,1000,13077.060777
-11.9,1000,13080.048058
-12.1,1000,13083.218792
-11.7,1000,13086.264643
-11.6,1000,13089.212613
-11.8,1000,13092.203141
-12.6,1000,13095.223385
-11.9,1000,13098.354215
-11.0,1000,13101.442026
-11.4,1000,13104.459852
-1.89,219,13105.120714
-1.16,176,13105.647847
-11.9,1000,13108.671365
-9.66,976,13111.538724
-12.1,1000,13114.397719
-9.28,858,13116.936279
-11.1,1000,13119.92102
-11.6,1000,13122.860009
-11.2,1000,13125.790062
-3.0,320,13126.739671
-2.71,331,13127.709676
-11.5,1000,13130.842196
0.76,34,13130.948328
-11.2,1000,13134.030027
-11.5,1000,13137.035203
-12.0,1000,13140.112188
-11.2,1000,13142.986659
-7.49,689,13145.265872
-4.64,454,13146.636023
-9.96,926,13149.574687
-2.41,281,13150.428887
-5.77,607,13152.210581
-10.57,987,13155.171423
-2.19,289,13156.062489
-9.1,870,13158.801546
-6.31,621,13160.593266
-11.5,1000,13163.483661
-10.8,1000,13166.432446
-11.3,1000,13169.391284
0.84,26,13169.463593
-11.6,1000,13172.516914
-11.0,1000,13175.62508
0.54,36,13175.731425
-11.6,1000,13178.665735
-11.5,1000,13181.755341
-10.9,1000,13184.942488
-7.98,748,13187.392511
-10.29,999,13190.351072
-11.0,1000,13193.278845
-11.7,1000,13196.289543
-6.46,606,13198.140079
-12.4,1000,13201.276435
-12.3,1000,13204.207647
0.76,34,13204.303398
-7.05,695,13206.32784
-3.86,426,13207.619958
-12.2,1000,13210.56601
-3.64,404,13211.735407
-12.1,1000,13214.721944
-0.28,98,13215.003843
-11.7,1000,13218.043156
-2.45,335,13219.150245
0.63,37,13219.257118
-2.29,309,13220.13888
-1.95,285,13221.000597
-1.07,157,13221.460047
-11.2,1000,13224.537006
0.54,36,13224.643337
-0.5,130,13225.039957
-0.71,141,13225.463887
-12.5,1000,13228.521442
-11.2,1000,13231.570157
-8.23,763,13233.913579
-11.4,1000,13236.961113
-11.6,1000,13240.053282
-11.2,1000,13243.099612
-11.1,1000,13246.086976
-3.11,331,13247.11981
-3.22,412,13248.365206
-11.4,1000,13251.4548
-5.63,503,13252.983884
-0.32,92,13253.286923
-11.5,1000,13256.399247
-11.4,1000,13259.378847
-11.1,1000,13262.415711
-1.21,191,13262.961381
-11.5,1000,13266.113333
-12.0,1000,13269.172529
0.82,28,13269.257271
-1.9,240,13269.94323
-6.11,601,13271.718583
-1.77,217,13272.355671
0.53,37,13272.463556
-11.9,1000,13275.551197
0.61,39,13275.663042
0.78,22,13275.724324
-10.08,968,13278.567709
-1.02,182,13279.167766
-2.09,279,13280.091973
-9.86,826,13282.570053
-11.6,1000,13285.562446
0.28,42,13285.687149
0.53,27,13285.761062
-9.93,993,13288.760475
-3.74,394,13289.938314
-3.87,437,13291.318277
-2.08,268,13292.146724
-11.6,1000,13295.209715
-11.6,1000,13298.187838
-11.7,1000,13301.260603
-0.13,123,13301.664351
-2.98,328,13302.677514
-4.97,477,13304.139946
-2.49,269,13304.92185
-16.6,1000,13307.951555
-4.66,436,13309.285481
-12.3,1000,13312.371142
-3.29,379,13313.531194
-2.92,342,13314.579373
-11.7,1000,13317.567768
-3.29,359,13318.680619
-0.45,115,13319.017359
-11.3,1000,13321.930946
-1.02,132,13322.304641
-3.39,349,13323.368864
-5.79,559,13325.073131
-2.17,307,13326.041999
-1.93,273,13326.841817
-11.8,1000,13329.827676
-4.35,405,13331.087054
-7.72,692,13333.147015
-3.92,442,13334.432862
-11.9,1000,13337.363522
0.28,42,13337.488248
-6.0,650,13339.392034
0.5,30,13339.487259
-11.9,1000,13342.537866
-11.6,1000,13345.463765
-11.6,1000,13348.452524
-6.25,565,13350.17845
-11.5,1000,13353.198111
-11.3,1000,13356.262189
0.22,68,13356.483802
-0.1,70,13356.692964
-11.3,1000,13359.662101
-11.2,1000,13362.656858
-11.1,1000,13365.816435
-11.3,1000,13368.943246
-11.9,1000,13371.886201
-11.9,1000,13374.964531
-2.35,335,13375.9907
-4.03,433,13377.42662
-10.6,1000,13380.483187
0.36,54,13380.642008
-0.39,89,13380.899145
-5.69,539,13382.468736
-1.2,210,13383.090807
-11.1,1000,13385.997538
-0.89,139,13386.409455
-11.8,1000,13389.513906
-6.49,659,13391.600861
-11.4,1000,13394.539714
-11.0,1000,13397.474958
-11.0,1000,13400.606911
-0.24,84,13400.868092
-5.42,572,13402.593241
0.53,27,13402.676098
-12.1,1000,13405.784466
-0.74,174,13406.300995
-4.1,370,13407.431652
-5.09,519,13409.034096
-4.29,389,13410.253761
-8.85,865,13412.880987
-12.9,1000,13415.952113
-0.49,119,13416.328642
-7.41,661,13418.341641
-11.7,1000,13421.255727
-7.26,726,13423.314156
-11.1,1000,13426.2591
-12.5,1000,13429.20885
-11.0,1000,13432.215282
0.18,82,13432.458869
-20.3,1000,13435.426582
-3.73,413,13436.663346
-11.5,1000,13439.745682
-2.24,294,13440.60936
-4.35,455,13441.987436
-7.87,747,13444.202661
-4.36,476,13445.611795
-5.4,560,13447.240076
-1.61,231,13447.933153
-11.0,1000,13450.929959
-5.16,506,13452.472041
-0.14,74,13452.709532
-1.03,153,13453.181158
-0.71,151,13453.630925
-11.5,1000,13456.651235
-11.2,1000,13459.753952
-11.2,1000,13462.752336
-11.6,1000,13465.77714
-11.6,1000,13468.750126
-11.4,1000,13471.735439
0.59,41,13471.865467
-11.4,1000,13474.867879
-12.7,1000,13477.978519
-2.89,349,13479.066567
-8.97,897,13481.871103
-7.85,815,13484.3529
-3.05,385,13485.539992
-11.5,1000,13488.50185
-3.36,376,13489.648518
-3.2,370,13490.774139
-5.05,515,13492.424504
-3.14,364,13493.585349
-0.14,104,13493.917818
-4.31,531,13495.55527
-11.5,1000,13498.520742
-0.85,165,13499.01425
-3.11,361,13500.077538
-8.42,842,13502.701619
-4.81,521,13504.266262
-11.6,1000,13507.306485
-7.67,737,13509.546714
-2.23,293,13510.433965
-11.8,1000,13513.505732
-3.57,357,13514.602616
-14.6,1000,13517.650049
-11.5,1000,13520.817874
-7.51,671,13522.849387
-11.7,1000,13525.922246
0.79,31,13526.028423
-10.7,1000,13529.102488
0.5,40,13529.22821
-4.27,467,13530.641972
0.2,50,13530.787444
-6.51,611,13532.695131
-11.2,1000,13535.648823
-11.3,1000,13538.668617
-3.16,256,13539.414154
-0.58,118,13539.76045
-7.56,756,13542.099356
-11.7,1000,13545.203281
-4.62,472,13546.627892
-1.26,156,13547.094434
-1.36,176,13547.628336
-1.29,199,13548.227196
-6.94,614,13550.112468
-7.36,736,13552.342712
-9.19,889,13555.084328
-6.1,670,13557.104296
-11.4,1000,13560.128653
-10.27,987,13563.112411
-11.6,1000,13566.125602
-9.93,963,13569.175709
0.5,40,13569.295852
-11.3,1000,13572.366453
-12.2,1000,13575.316622
-11.2,1000,13578.311423
0.23,67,13578.518863
0.53,37,13578.634427
-10.7,1000,13581.851294
-12.1,1000,13584.786854
-11.4,1000,13587.768497
-10.3,1000,13590.816275
-5.26,526,13592.460399
-4.1,440,13593.832607
-11.6,1000,13596.853821
-11.4,1000,13599.81676
-1.07,137,13600.227085
-8.81,841,13602.822128
-11.1,1000,13605.913697
-0.01,91,13606.190916
-11.0,1000,13609.17314
-11.2,1000,13612.150348
-9.34,864,13614.719075
-11.3,1000,13617.738524
-2.68,298,13618.618965
-5.21,561,13620.391007
-7.97,817,13622.821268
-11.4,1000,13625.846306
-12.2,1000,13628.830791
-0.91,141,13629.284957
-11.6,1000,13632.368904
-11.4,1000,13635.450386
-0.62,162,13635.934654
-11.9,1000,13639.699743
-11.5,1000,13642.960274
-12.1,1000,13646.194674
-11.1,1000,13649.616133
-17.47,637,13651.520393
-10.32,992,13654.905876
-12.4,1000,13658.053641
-11.7,1000,13661.086181
-7.65,795,13663.538842
-12.3,1000,13666.537637
-11.5,1000,13669.57911
-11.6,1000,13672.732473
-11.2,1000,13675.830932
-11.4,1000,13678.903551
0.23,77,13679.148361
-12.1,1000,13682.180558
-11.4,1000,13685.262985
0.19,61,13685.433907
-5.04,514,13686.974335
-11.9,1000,13690.059674
-10.72,962,13692.862551
-11.7,1000,13695.811288
-12.6,1000,13699.013537
-11.9,1000,13702.31242
-1.27,217,13702.977633
-9.27,917,13705.840962
-11.1,1000,13708.942514
-11.6,1000,13712.020544
-11.4,1000,13715.083045
-8.26,806,13717.488074
-6.43,653,13719.50063
-12.3,1000,13722.636594
-12.0,1000,13725.688712
-11.3,1000,13728.773299
-11.4,1000,13731.722437
-11.6,1000,13734.67066
-11.7,1000,13737.660906
-11.4,1000,13740.695305
0.5,30,13740.785165
-11.8,1000,13743.797954
-12.0,1000,13746.812376
-11.8,1000,13749.845517
-6.56,606,13751.705308
-11.4,1000,13754.750223
-11.8,1000,13757.78703
-11.4,1000,13761.002059
-5.89,569,13762.719299
-8.52,882,13765.498944
-10.06,946,13768.349675
-2.51,311,13769.292056
-10.8,1000,13772.46842
-4.7,480,13773.972946
-10.5,1000,13776.892565
-11.4,1000,13779.9401
-11.5,1000,13782.947005
-11.5,1000,13786.013191
-5.79,609,13787.862615
-11.1,1000,13790.888536
-1.56,186,13791.43222
-11.4,1000,13794.454782
-10.8,1000,13797.599785
-2.7,310,13798.589339
-12.4,1000,13801.717175
0.38,42,13801.844685
-11.5,1000,13804.944461
-12.2,1000,13807.785187
-11.8,1000,13810.758235
-10.9,1000,13813.779209
-11.2,1000,13816.797149
-11.5,1000,13820.073567
-12.0,1000,13823.096579
-10.5,1000,13826.192911
-11.7,1000,13829.137913
-11.6,1000,13832.119674
-11.9,1000,13834.999867
-11.9,1000,13838.188614
-11.8,1000,13841.245804
-11.5,1000,13844.231753
-11.4,1000,13847.122209
-11.9,1000,13850.029822
-11.0,1000,13853.07248
-12.1,1000,13856.119393
-11.0,1000,13859.18538
-11.4,1000,13862.12401
-11.3,1000,13865.148628
-10.9,1000,13868.194387
-11.2,1000,13871.18288
-10.8,1000,13874.2256
-11.1,1000,13877.281987
-11.2,1000,13880.46334
-11.6,1000,13883.548489
-10.8,1000,13886.580358
-11.3,1000,13889.673381
-10.5,1000,13892.755599
-11.3,1000,13895.597846
-10.9,1000,13898.520033
-11.1,1000,13901.636687
-12.0,1000,13904.611362
0.69,31,13904.698924
-11.2,1000,13907.642105
-12.0,1000,13910.534847
-11.2,1000,13913.406104
0.46,54,13913.572858
-4.41,461,13914.971313
-11.7,1000,13918.2681
-11.7,1000,13921.198694
-11.6,1000,13924.107213
-11.4,1000,13927.188873
-11.8,1000,13930.151902
-11.3,1000,13933.111337
-11.1,1000,13936.02435
-11.9,1000,13938.993758
-11.9,1000,13941.999236
-1.0,110,13942.307871
-12.5,1000,13945.359757
-11.3,1000,13948.269758
-3.09,379,13949.367246
-11.4,1000,13952.285316
-1.99,239,13953.023875
-11.8,1000,13956.02045
-11.5,1000,13958.923575
-11.0,1000,13961.789541
-11.7,1000,13964.851726
-11.3,1000,13967.84728
-11.6,1000,13970.907915
-12.5,1000,13973.83706
-10.8,1000,13976.877707
0.03,77,13977.096202
-0.0,90,13977.342676
-0.05,65,13977.537956
-11.7,1000,13980.607845
-12.3,1000,13983.547177
-9.88,918,13986.234714
-9.58,908,13988.831627
-12.3,1000,13991.807352
-12.2,1000,13994.666624
-12.1,1000,13997.551821
-0.06,96,13997.81848
-3.39,409,13999.09813
-10.9,1000,14002.118322
-11.3,1000,14005.067727
-11.6,1000,14008.042298
-10.26,996,14010.888402
-12.3,1000,14013.971967
-11.5,1000,14017.001283
-11.3,1000,14019.888306
-11.0,1000,14022.811951
-11.2,1000,14025.707034
-11.6,1000,14028.706217
-11.3,1000,14031.626083
-12.1,1000,14034.507697
-10.8,1000,14037.415994
-11.6,1000,14040.400617
-11.9,1000,14043.300207
-11.3,1000,14046.206059
-10.9,1000,14049.175658
-10.9,1000,14052.243192
-11.5,1000,14055.146672
-11.2,1000,14058.072816
-8.93,873,14060.842598
-11.7,1000,14063.784785
-11.3,1000,14066.831357
-18.5,1000,14069.770896
-11.0,1000,14072.642277
-11.2,1000,14075.725776
-6.87,667,14077.712814
-12.0,1000,14080.674928
-11.0,1000,14083.531106
-6.23,643,14085.430849
-11.5,1000,14088.322654
-11.5,1000,14091.281203
-10.9,1000,14094.242088
-0.79,169,14094.735925
-11.0,1000,14097.654726
-11.2,1000,14100.576029
-11.4,1000,14103.679326
-11.1,1000,14106.686661
-11.1,1000,14109.651141
-11.2,1000,14112.584886
-11.4,1000,14115.812537
-11.1,1000,14119.004637
-12.7,1000,14122.148243
-11.8,1000,14125.322119
-11.5,1000,14128.391142
-12.91,271,14129.195333
-12.1,1000,14132.228921
-12.0,1000,14135.293946
-11.5,1000,14138.391069
-11.3,1000,14141.569122
-13.4,1000,14144.637005
-13.1,1000,14147.657548
-12.4,1000,14150.735302
-13.8,1000,14154.002694
-12.5,1000,14157.120999
-11.9,1000,14160.374691
-13.2,1000,14163.678371
-12.4,1000,14166.901481
-12.1,1000,14170.145737
-12.5,1000,14173.251451
-12.5,1000,14176.468583
-11.5,1000,14179.821373
-12.0,1000,14182.986925
-12.5,1000,14186.123191
-11.7,1000,14189.305089
-10.8,1000,14192.378754
-11.3,1000,14195.396141
-4.32,412,14196.673462
-12.1,1000,14199.801461
-11.7,1000,14203.121612
-11.7,1000,14206.144738
-11.7,1000,14209.164231
-12.0,1000,14212.392409
-11.8,1000,14215.548161
-1.26,196,14216.153731
-12.7,1000,14219.276034
-11.5,1000,14222.333435
-10.42,972,14225.362136
-1.87,247,14226.109737
-11.7,1000,14229.168922
-10.9,1000,14232.281716
-11.8,1000,14235.401316
-5.9,540,14237.165557
-12.4,1000,14240.720153
-6.7,570,14242.740949
-12.5,1000,14246.147569
-12.9,1000,14249.458823
-11.2,1000,14252.824581
-11.1,1000,14256.275549
-12.3,1000,14259.42405
-11.1,1000,14262.505982
-12.2,1000,14265.734473
-4.89,319,14266.701702
-12.2,1000,14269.766553
-11.9,1000,14272.88341
-5.18,548,14274.625442
-11.3,1000,14278.079445
-11.4,1000,14281.320044
-12.0,1000,14284.382336
-11.7,1000,14287.416663
-11.1,1000,14290.448661
-13.1,1000,14293.5995
-11.9,1000,14296.715328
-11.2,1000,14299.921542
-12.2,1000,14303.054404
-7.78,758,14305.38966
-11.3,1000,14308.562105
-10.22,942,14311.535228
-11.2,1000,14314.65513
-12.1,1000,14317.761737
-3.52,352,14318.807384
-11.7,1000,14321.918758
-11.5,1000,14324.987945
-12.2,1000,14328.124935
-10.5,1000,14331.262267
-12.7,1000,14334.408872
-11.3,1000,14337.544583
-11.8,1000,14340.652422
-12.5,1000,14343.781802
-12.0,1000,14346.924193
-11.3,1000,14350.100506
-13.3,1000,14353.291815
-2.94,284,14354.198181
-5.51,511,14355.86547
-9.5,880,14358.641449
-11.0,1000,14361.92921
-11.7,1000,14365.075158
-12.4,1000,14368.475605
-10.7,1000,14371.696367
-11.1,1000,14374.748325
-13.8,1000,14377.777869
-6.5,560,14379.636478
-14.1,1000,14382.866929
-11.4,1000,14385.929492
-11.7,1000,14389.074115
-11.1,1000,14392.239214
-11.5,1000,14395.448423
-9.47,937,14398.425506
-11.2,1000,14401.549474
-11.1,1000,14404.708997
-12.6,1000,14407.887841
-9.2,910,14410.836781
-5.34,534,14412.530138
0.44,36,14412.65134
-12.7,1000,14415.753592
-6.13,633,14417.79244
-1.17,187,14418.466235
-1.94,224,14419.288208
-11.7,1000,14422.547895
-2.29,269,14423.379205
-6.8,640,14425.395789
-4.59,489,14426.952994
-11.9,1000,14430.167737
-5.76,546,14431.884526
-2.23,253,14432.663413
-11.7,1000,14435.834572
-8.4,740,14438.314408
-11.9,1000,14441.535354
-12.3,1000,14444.658035
-12.3,1000,14447.774402
-10.8,1000,14451.025323
-11.4,1000,14454.085588
-2.42,302,14454.998305
-12.1,1000,14458.114265
-12.0,1000,14461.271997
-11.9,1000,14464.395768
-10.6,1000,14467.484503
-1.99,269,14468.307333
-1.42,192,14468.889281
-5.86,506,14470.44709
-12.0,1000,14473.746024
-4.7,460,14475.213216
-11.7,1000,14478.499025
-4.35,495,14480.088546
-7.11,661,14482.251534
-1.4,150,14482.714543
-6.12,632,14484.711138
-10.94,984,14487.806339
-13.0,1000,14490.939182
-11.9,1000,14494.012382
-12.0,1000,14497.14323
-3.8,430,14498.620144
-1.42,172,14499.180254
-11.9,1000,14502.486439
-14.1,1000,14505.566539
-12.9,1000,14508.690955
-2.07,287,14509.641671
-4.63,393,14510.92091
-8.38,848,14513.72926
-11.8,1000,14516.945744
-12.4,1000,14520.134908
-0.85,165,14520.641576
-11.8,1000,14523.801894
-10.61,931,14526.812382
-8.74,744,14529.226667
-11.5,1000,14532.420393
-12.1,1000,14535.546448
0.76,24,14535.633553
-11.2,1000,14538.775058
-12.3,1000,14542.0381
-12.3,1000,14545.06665
-5.09,549,14546.73794
-12.0,1000,14549.845271
-8.61,811,14552.382813
-11.4,1000,14555.526017
-3.85,355,14556.62977
-11.5,1000,14559.702624
-11.2,1000,14562.777435
-10.41,971,14565.803917
-11.0,1000,14568.908907
-1.46,186,14569.517929
-1.38,228,14570.246477
-1.16,166,14570.777304
-12.4,1000,14574.027966
-11.2,1000,14577.222234
-1.56,256,14578.056151
-11.4,1000,14581.30378
-12.5,1000,14584.480937
-11.9,1000,14587.725761
-11.3,1000,14590.961161
-12.0,1000,14593.949639
-11.9,1000,14596.905972
-11.3,1000,14600.11797
-6.64,654,14602.201982
-11.2,1000,14605.358952
-7.76,716,14607.505631
-0.42,132,14607.906172
-10.04,914,14610.775841
-11.8,1000,14613.959197
-3.63,433,14615.448627
-12.2,1000,14618.509003
-11.3,1000,14621.6189
-11.5,1000,14624.882731
-3.35,375,14626.100274
-11.3,1000,14629.321524
-4.48,458,14630.795814
-3.56,416,14632.058999
-5.41,571,14633.807963
-7.01,741,14636.140217
-10.58,948,14639.199015
-10.02,922,14642.065861
-11.1,1000,14645.118536
-11.4,1000,14648.253317
-10.8,1000,14651.442594
-4.25,405,14652.719444
-2.63,323,14653.703085
-11.8,1000,14656.762092
-6.98,638,14658.828079
-12.0,1000,14661.986749
-9.48,938,14664.932316
-5.14,564,14666.634196
0.59,41,14666.76856
-11.5,1000,14669.783349
-10.34,984,14672.886371
-9.16,836,14675.505453
-8.06,706,14677.703923
-8.1,840,14680.277671
-1.7,220,14680.963722
-11.2,1000,14684.023336
-10.9,1000,14687.368474
-6.01,631,14689.368179
0.39,61,14689.549564
-6.5,600,14691.306622
-10.9,1000,14694.365084
-10.45,955,14697.330535
-0.4,110,14697.681281
-11.0,1000,14700.76476
-0.83,153,14701.223985
-11.3,1000,14704.292479
-9.83,933,14707.215114
0.44,56,14707.387013
-11.4,1000,14710.489185
-11.1,1000,14713.567739
-8.65,855,14716.176359
0.42,58,14716.352266
-9.91,961,14719.353318
-10.9,1000,14722.514724
-11.8,1000,14725.664201
-11.5,1000,14728.780967
-10.8,1000,14731.942059
-0.46,106,14732.317532
-4.76,536,14733.970326
-11.2,1000,14737.088908
-5.84,634,14739.052347
-11.6,1000,14742.210638
-11.2,1000,14745.267293
-10.5,1000,14748.303597
-2.65,305,14749.258765
-27.23,333,14750.302407
-1.92,242,14751.053418
-5.47,617,14752.990911
-0.26,96,14753.289085
-0.78,168,14753.795511
-10.54,924,14756.618992
-11.1,1000,14759.669178
-3.96,416,14761.076524
-2.42,252,14761.883441
-6.84,674,14763.973787
-8.85,835,14766.553877
-5.46,566,14768.299766
-12.2,1000,14771.435212
-1.94,254,14772.216579
-11.2,1000,14775.363545
-9.94,944,14778.266988
-11.6,1000,14781.320072
-11.5,1000,14784.47788
-9.22,782,14786.853085
-0.54,164,14787.410679
-11.4,1000,14790.534613
-11.0,1000,14793.679289
-11.1,1000,14796.891316
-5.82,662,14799.075226
0.7,40,14799.199003
-8.56,876,14801.874903
-9.5,960,14804.776632
-11.1,1000,14807.831295
-8.54,954,14810.880529
-4.8,480,14812.373959
-9.98,948,14815.30648
-11.3,1000,14818.362512
-0.2,110,14818.698646
-11.3,1000,14821.826855
-12.3,1000,14824.884745
-2.96,356,14826.023165
-3.85,405,14827.275644
-0.39,99,14827.570602
-11.2,1000,14830.731581
-6.32,622,14832.724734
-10.9,1000,14836.076961
0.69,31,14836.193682
-1.07,167,14836.79749
-6.62,682,14839.459979
-11.0,1000,14843.178935
-3.61,401,14844.492465
-11.6,1000,14847.979221
-11.2,1000,14851.627739
-11.5,1000,14855.585308
-12.1,1000,14859.819988
-11.8,1000,14863.014483
0.2,40,14863.140707
-6.4,670,14865.464391
-12.3,1000,14868.765187
-5.75,585,14870.604738
-11.2,1000,14873.699234
-11.3,1000,14876.711236
-10.8,1000,14879.839707
-10.84,994,14882.891544
-1.29,179,14883.423308
-11.5,1000,14886.555949
-8.66,836,14889.29245
-4.77,467,14890.802617
-3.45,375,14892.09313
-0.62,102,14892.421947
-11.5,1000,14895.62387
-9.51,911,14898.458544
-9.08,918,14901.476018
-12.5,1000,14904.767639
-0.6,110,14905.11574
-0.05,75,14905.360626
-12.2,1000,14908.610871
-11.3,1000,14911.758616
-1.99,239,14912.517433
-1.39,179,14913.15389
-11.4,1000,14916.556557
-1.21,191,14917.160711
-5.57,547,14918.879262
-3.56,176,14919.427733
-11.8,1000,14922.466207
-1.52,212,14923.087657
-3.98,408,14924.335235
-1.52,232,14925.108428
-11.5,1000,14928.227775
-2.46,276,14929.064352
-1.59,239,14929.794371
-0.46,146,14930.229253
-4.92,492,14931.764751
-7.78,748,14933.971485
0.26,44,14934.097298
-6.9,700,14936.232401
-6.73,713,14938.413705
-0.68,168,14938.949422
-2.44,284,14939.842979
-6.55,705,14942.121615
-1.39,209,14942.780896
-1.41,211,14943.438885
-3.73,323,14944.416363
-8.32,832,14947.04384
-0.59,139,14947.47399
-11.5,1000,14950.636519
-11.8,1000,14953.711865
-2.42,312,14954.668196
-11.7,1000,14957.692472
-12.5,1000,14960.896891
-2.78,308,14961.844329
-10.8,1000,14965.048011
-10.7,1000,14968.208819
-11.6,1000,14971.217247
-11.7,1000,14974.280739
-0.14,104,14974.59981
-11.4,1000,14977.730292
0.46,44,14977.86138
-2.44,304,14978.763422
-3.54,394,14979.952936
-11.5,1000,14982.995919
-1.04,184,14983.562866
-11.1,1000,14986.692993
-3.45,415,14987.921152
-11.1,1000,14991.016133
-11.7,1000,14994.083859
0.35,65,14994.288122
-0.99,129,14994.696579
-4.78,518,14996.283523
-2.6,330,14997.282498
-5.45,565,14999.10635
-0.96,166,14999.606615
-11.9,1000,15002.811031
-10.33,893,15005.61708
-12.0,1000,15008.71798
-11.3,1000,15011.824214
-5.21,551,15013.505129
-6.81,731,15015.734236
-12.1,1000,15018.903579
-4.17,457,15020.387785
-3.95,405,15021.731182
0.37,53,15021.895551
-0.9,170,15022.457176
-6.13,623,15024.341297
-11.6,1000,15027.384819
-5.52,532,15029.001068
-0.37,137,15029.414905
-4.02,432,15030.713802
-11.5,1000,15033.783386
-10.17,997,15036.877691
-9.47,887,15039.854864
-1.16,206,15040.567617
-11.8,1000,15043.698447
0.3,40,15043.816121
-10.8,1000,15046.889782
-11.4,1000,15050.062683
-3.88,458,15051.542364
-6.01,611,15053.539813
-5.71,541,15055.230917
-10.6,1000,15058.257665
-2.67,327,15059.305037
-3.17,357,15060.404072
-11.7,1000,15063.501424
-11.4,1000,15066.635066
-0.59,119,15067.024053
-11.9,1000,15070.082353
-11.1,1000,15073.15013
0.44,36,15073.276462
-11.4,1000,15076.415109
-0.33,103,15076.744972
-1.11,191,15077.332254
-11.5,1000,15080.582493
-11.91,171,15081.091323
-2.09,269,15081.9215
-7.31,661,15083.934557
-1.54,244,15084.758644
-8.84,804,15087.268429
-11.7,1000,15090.237257
-12.1,1000,15093.36182
-11.3,1000,15096.48394
-11.2,1000,15099.616943
-11.0,1000,15102.7948
-4.1,410,15104.064941
-5.2,500,15105.76414
-0.95,155,15106.250262
-4.98,538,15107.936629
-5.08,508,15109.501275
-11.1,1000,15112.680379
0.34,36,15112.795144
-0.39,89,15113.070713
-5.08,548,15114.819419
-11.0,1000,15117.850058
-11.3,1000,15120.90097
-10.01,951,15123.776786
-11.2,1000,15126.902147
-12.2,1000,15130.247498
-5.02,522,15131.829904
-5.24,594,15133.605959
-11.3,1000,15136.714532
-12.0,1000,15140.001579
-0.33,93,15140.276005
-0.51,101,15140.579714
-11.5,1000,15143.697788
-11.6,1000,15146.745989
-11.1,1000,15149.781098
-11.7,1000,15152.868271
0.49,41,15152.996374
-12.0,1000,15156.068082
-3.18,398,15157.309101
-3.27,377,15158.433663
-7.57,707,15160.585345
-11.6,1000,15163.730861
-11.2,1000,15166.876992
-11.3,1000,15170.025954
-6.19,599,15171.848482
-6.52,652,15173.870036
-11.5,1000,15176.991324
-11.1,1000,15180.177162
-10.7,1000,15183.310882
0.44,46,15183.456801
-10.23,953,15186.506729
-11.3,1000,15189.645724
-11.1,1000,15192.817799
-11.5,1000,15195.961825
-4.32,452,15197.293808
-11.7,1000,15200.476641
-11.2,1000,15203.61806
0.05,55,15203.78643
-10.7,1000,15206.779871
-7.09,709,15208.886402
-2.86,336,15209.917862
-0.9,150,15210.373742
-11.6,1000,15213.573569
-6.45,595,15215.412092
-11.9,1000,15218.510335
-10.6,1000,15221.571407
-7.88,778,15224.042899
-11.6,1000,15227.237731
-11.1,1000,15230.294381
-11.0,1000,15233.2997
-10.5,1000,15236.443175
-4.17,427,15237.721402
-11.5,1000,15240.745185
-0.18,118,15241.119681
-11.5,1000,15244.108572
-0.46,116,15244.455646
-11.2,1000,15247.444318
-10.8,1000,15250.432196
-9.38,908,15253.34892
-0.29,129,15253.808817
-11.4,1000,15256.828291
-7.54,714,15259.184321
-5.04,534,15260.967776
-5.06,486,15262.487785
-11.5,1000,15265.621734
-11.0,1000,15268.623786
-1.74,214,15269.289229
-12.1,1000,15272.351627
-5.34,514,15273.9902
-5.76,636,15275.966626
-10.7,1000,15279.057806
-9.33,953,15281.987788
-10.65,975,15284.903561
-11.4,1000,15287.94944
-10.8,1000,15291.023534
-10.9,1000,15294.052562
-11.2,1000,15297.118937
-10.5,1000,15300.209323
-11.0,1000,15303.318804
-10.5,1000,15306.417976
-8.99,919,15309.305488
-10.7,1000,15312.624053
-11.9,1000,15315.782557
0.59,31,15315.878955
-3.47,417,15317.152061
-10.9,1000,15320.474012
-11.4,1000,15323.4417
-7.48,738,15325.815249
-10.8,1000,15328.941673
-11.2,1000,15331.951535
-10.9,1000,15335.087928
-1.63,193,15335.698737
-10.3,1000,15338.864928
-6.69,689,15341.089799
-11.3,1000,15344.167034
-10.8,1000,15347.257856
-11.0,1000,15350.541639
-5.34,514,15352.203306
-11.3,1000,15355.316325
-3.44,404,15356.563085
-11.0,1000,15359.64291
-10.22,942,15362.708824
-5.44,564,15364.389055
-7.03,693,15366.575842
-11.5,1000,15369.69653
-5.41,581,15371.510418
-11.3,1000,15374.770991
0.48,32,15374.867878
-11.1,1000,15378.037245
0.04,56,15378.220639
-7.9,750,15380.820172
-11.9,1000,15383.88393
-11.2,1000,15387.015208
-11.1,1000,15390.174638
-2.58,278,15391.011317
-10.6,1000,15394.021345
-9.19,879,15396.664621
-0.0,90,15396.93198
-11.7,1000,15399.920513
-1.08,188,15400.4617
-10.9,1000,15403.488942
-7.94,754,15405.824202
-11.8,1000,15408.953563
-7.71,751,15411.375103
-11.4,1000,15414.502493
-1.17,147,15414.962033
-9.46,936,15417.818277
-6.62,692,15420.030077
-11.5,1000,15423.148505
-8.63,863,15425.738243
-11.3,1000,15428.839873
-2.33,263,15429.671169
-11.6,1000,15432.859066
-11.6,1000,15436.176144
-11.8,1000,15439.810096
-5.67,637,15441.77847
-8.35,885,15444.668665
-3.23,353,15445.775053
-11.1,1000,15448.919138
-2.74,334,15450.027795
-11.2,1000,15453.576044
-6.52,682,15455.732145
-11.4,1000,15458.985613
-10.7,1000,15462.112426
-1.24,184,15462.695404
0.52,28,15462.783932
0.25,35,15462.890459
-10.9,1000,15466.102482
-10.3,1000,15469.122773
-1.64,224,15469.813502
-11.0,1000,15473.02748
-1.98,288,15474.035903
-10.7,1000,15477.387867
-11.1,1000,15480.435652
-8.95,925,15483.254242
-3.27,397,15484.504903
-0.3,80,15484.745317
-5.66,616,15486.609167
-11.2,1000,15489.715007
-1.8,210,15490.430137
-10.9,1000,15493.54148
-10.7,1000,15496.508433
0.55,35,15496.615341
-11.1,1000,15499.820996
0.49,31,15499.911932
-2.18,268,15500.749843
-10.3,1000,15503.757506
-12.7,1000,15506.774105
-10.9,1000,15509.717027
-11.0,1000,15512.74814
-10.6,1000,15515.791714
-7.53,743,15518.060388
0.61,29,15518.150913
-11.1,1000,15521.125956
-7.95,845,15523.721729
-10.7,1000,15526.749388
-5.23,573,15528.491905
0.41,49,15528.644743
-5.66,576,15530.366369
-1.31,201,15530.963145
-3.62,392,15532.148701
-1.63,243,15532.869867
-6.12,622,15534.927345
-10.7,1000,15538.039291
-10.6,1000,15541.06294
-2.27,297,15541.988202
-1.31,181,15542.541068
-11.0,1000,15545.551406
-10.7,1000,15548.611553
-10.5,1000,15551.75143
-6.78,698,15553.879576
-3.57,427,15555.159881
-11.0,1000,15558.309938
-7.15,735,15560.853706
-0.11,111,15561.212502
-5.84,624,15563.251452
-11.2,1000,15566.358246
-0.39,99,15566.655328
-9.04,924,15569.396142
-11.0,1000,15572.473367
-7.13,743,15574.786377
0.57,33,15574.893015
-10.9,1000,15578.033958
-0.28,98,15578.371062
-10.6,1000,15581.439142
-11.1,1000,15584.552553
-1.4,230,15585.250319
-0.16,76,15585.482871
-11.3,1000,15588.595955
-1.45,205,15589.254836
-8.29,819,15591.885773
-4.97,567,15593.598855
0.39,61,15593.792977
-10.9,1000,15596.939517
-1.15,175,15597.499149
-6.98,728,15599.771052
-1.77,247,15600.541268
-10.8,1000,15603.700041
-3.77,397,15604.940354
-3.46,386,15606.121133
-2.15,265,15606.942009
-3.1,390,15608.169394
-11.2,1000,15611.367089
-5.06,466,15612.821817
-0.75,155,15613.313999
-7.66,786,15615.805894
-3.06,356,15616.893744
-3.39,359,15617.961843
-10.8,1000,15621.080116
-11.1,1000,15624.306929
-7.21,771,15626.819842
-7.05,705,15629.113994
-4.2,440,15630.500946
-10.9,1000,15633.58949
-2.68,348,15634.704697
-0.82,162,15635.252194
-8.48,838,15637.984459
-5.2,570,15639.871122
-11.1,1000,15643.014273
-9.89,989,15646.021088
-3.3,380,15647.218285
-8.54,844,15649.838032
-10.5,1000,15653.083501
-2.0,270,15653.922323
0.79,31,15654.024521
-10.4,1000,15657.163267
0.36,34,15657.275685
-1.59,189,15657.847847
-9.29,909,15660.710988
0.32,28,15660.794661
-2.96,326,15661.835276
-2.0,220,15662.526342
-1.55,205,15663.204198
-0.8,150,15663.678116
0.49,31,15663.777546
-2.9,350,15664.901693
-7.66,756,15667.297146
-0.69,99,15667.600489
-11.0,1000,15670.708692
-0.06,116,15671.074443
-5.75,565,15672.866411
-10.6,1000,15676.020091
-2.97,347,15677.131382
-10.7,1000,15680.344563
-10.56,996,15683.610564
-11.6,1000,15686.799088
-11.7,1000,15689.988726
-3.63,433,15691.383119
-8.97,877,15694.118536
-7.31,711,15696.342439
-10.2,1000,15699.370392
-1.34,174,15699.886438
-10.09,989,15703.025887
0.22,58,15703.217831
-5.99,619,15705.218321
-2.19,259,15706.073129
-10.7,1000,15709.269255
-0.28,98,15709.577622
-10.7,950,15712.502096
-10.6,1000,15715.733006
-0.75,135,15716.146229
-0.33,113,15716.481322
-10.4,1000,15719.582604
-8.06,776,15722.0382
-10.6,1000,15725.085339
-0.5,130,15725.484315
-11.9,1000,15728.755922
-11.1,1000,15731.797053
-2.0,250,15732.587559
-10.13,953,15735.615413
-1.67,237,15736.371738
-4.84,524,15737.948582
-10.8,1000,15741.229287
-2.47,297,15742.172842
-10.4,1000,15745.331638
-11.5,1000,15748.443658
-11.8,1000,15751.542702
-11.5,1000,15754.667701
-6.39,629,15756.644472
-9.73,913,15759.574368
-11.4,1000,15762.759781
-1.0,140,15763.215152
-10.68,988,15766.302992
-2.36,276,15767.195693
-12.4,1000,15770.427676
-12.0,1000,15773.555724
-12.0,1000,15776.791916
-4.64,484,15778.316446
0.25,45,15778.455563
-11.2,1000,15781.65319
-10.8,1000,15784.972037
-10.6,1000,15788.201752
-10.39,979,15791.211354
-0.15,55,15791.372152
-11.4,1000,15794.530506
-10.9,1000,15797.668531
0.31,29,15797.763764
-0.69,149,15798.23605
-10.52,982,15801.45053
-9.76,946,15804.44471
-8.57,877,15807.164365
-8.84,914,15810.066097
-10.9,1000,15813.208935
-11.1,1000,15816.344191
-4.92,532,15817.97994
-8.93,873,15820.848685
-9.71,901,15823.7439
-11.1,1000,15826.785241
-11.5,1000,15829.846086
-10.8,1000,15833.021016
-1.8,220,15833.715771
-11.0,1000,15836.907225
-11.4,1000,15840.149256
-2.71,251,15840.900186
-11.0,1000,15844.054758
-11.1,1000,15847.222319
-10.9,1000,15850.451313
-10.9,1000,15853.643008
-10.7,1000,15856.81417
-11.6,1000,15860.207968
-4.72,502,15861.812525
-10.7,1000,15865.043586
-10.6,1000,15868.334369
-11.0,1000,15871.473034
-4.97,577,15873.349395
-11.1,1000,15876.602579
-11.6,1000,15879.851833
-4.92,542,15881.664721
-10.18,988,15884.813344
-2.81,361,15885.946727
-6.1,600,15887.848534
-7.03,713,15890.098206
-1.64,224,15890.827009
0.41,39,15890.94519
-11.3,1000,15894.096185
-8.18,728,15896.424651
-10.8,1000,15899.655193
-9.17,927,15902.655884
-11.5,1000,15905.773922
-7.23,783,15908.240091
-4.63,503,15909.886027
-0.22,82,15910.146236
-10.9,1000,15913.44509
-3.19,399,15914.762119
-6.55,675,15916.924125
-10.6,1000,15920.192472
-10.2,1000,15923.33036
-1.76,236,15924.046917
-11.0,1000,15927.15497
-2.15,275,15928.005043
-4.79,549,15929.768585
-10.6,1000,15932.879407
-1.89,289,15933.776974
-3.82,422,15935.153481
-10.6,1000,15938.387044
-10.9,1000,15941.560383
-10.8,1000,15944.841675
-7.97,787,15947.362254
-11.1,1000,15950.586623
-10.7,1000,15953.844404
-11.0,1000,15957.201205
-11.2,1000,15960.317801
-10.8,1000,15963.429547
-9.82,942,15966.388968
-6.44,624,15968.377667
-4.55,495,15970.02281
0.41,49,15970.197302
0.25,35,15970.310863
-10.32,932,15973.254933
-10.9,1000,15976.403737
-5.82,642,15978.473771
-9.46,976,15981.815958
-4.13,453,15983.30595
-8.42,802,15985.842817
-11.8,1000,15988.952468
-11.0,1000,15992.160903
-10.6,1000,15995.322611
-6.44,644,15997.403846
-10.9,1000,16000.553974
-11.1,1000,16003.709523
-4.28,438,16005.079446
-1.32,212,16005.730949
-1.61,241,16006.507261
-7.66,766,16008.965204
-2.33,283,16009.841291
-10.3,1000,16012.978388
-11.4,1000,16016.192147
-11.2,1000,16019.408353
-0.43,113,16019.765582
-4.56,506,16021.413079
-5.93,623,16023.328666
-10.8,1000,16026.570561
-11.0,1000,16029.760867
-10.7,1000,16033.054801
0.17,43,16033.18768
-10.7,1000,16036.681702
-7.03,703,16039.072918
0.34,36,16039.236752
-11.0,1000,16042.475876
0.44,36,16042.624227
-4.61,471,16044.304057
-5.62,632,16046.50455
-1.9,260,16047.468148
0.21,59,16047.679265
-9.95,955,16050.814435
0.42,38,16050.947252
-11.4,1000,16054.201357
-0.66,116,16054.660839
-10.4,1000,16058.289523
-10.7,1000,16061.547404
-10.9,1000,16064.735546
-8.31,831,16067.357635
-11.2,1000,16070.525439
-11.0,1000,16073.733548
-11.1,1000,16076.890285
-10.7,1000,16079.986781
-10.9,1000,16083.103276
-10.6,1000,16086.327946
-10.7,1000,16089.576587
-9.95,995,16092.753919
-8.18,848,16095.376675
-10.5,1000,16098.718897
-8.51,801,16101.359057
-9.55,935,16104.359927
-9.17,907,16107.186166
-3.59,419,16108.433502
-10.6,1000,16111.653848
-2.09,259,16112.547826
-10.6,1000,16115.675575
-10.7,1000,16118.86316
-9.58,988,16121.966525
-11.1,1000,16125.182384
-10.6,1000,16128.291718
-11.0,1000,16131.405084
-10.9,1000,16134.552231
-10.3,1000,16137.610063
-8.63,853,16140.331537
-7.76,766,16142.784648
0.31,49,16142.935326
-2.3,280,16143.805502
-11.6,1000,16146.960819
-4.74,464,16148.416718
-8.94,864,16151.135385
-10.9,1000,16154.279977
-1.4,190,16154.916445
-7.41,801,16157.551948
-7.89,809,16160.217783
-11.0,1000,16163.413482
-10.8,1000,16166.654693
0.65,35,16166.768849
0.47,43,16166.913199
-1.82,282,16167.921952
-7.51,821,16170.654712
-11.0,1000,16173.781927
-10.9,1000,16177.06202
-10.9,1000,16180.255309
-3.24,374,16181.482669
-10.4,1000,16184.746856
-11.1,1000,16187.853347
-11.3,1000,16191.19634
-10.02,992,16194.391874
-10.2,1000,16197.558151
-10.67,427,16198.919764
-8.63,903,16201.814938
-9.02,822,16204.484165
-11.0,1000,16207.759127
-2.05,295,16208.729263
-11.3,1000,16211.973455
-10.8,1000,16215.113947
-11.9,1000,16218.427717
-10.7,1000,16221.713347
-5.68,628,16223.741258
-9.43,923,16226.649305
-10.7,1000,16229.859303
-6.89,429,16231.23286
-11.1,1000,16234.407209
-11.1,1000,16237.622278
-10.9,1000,16240.879573
-2.31,311,16241.95984
-11.4,1000,16245.378648
-3.79,449,16246.876532
-11.0,1000,16250.103279
-10.6,1000,16253.279992
-1.18,168,16253.814867
0.71,39,16253.935822
-10.4,1000,16257.233327
-11.0,1000,16260.527488
-11.3,1000,16263.877709
0.55,25,16263.96387
-5.68,618,16265.970869
-3.32,422,16267.295497
-11.2,1000,16270.602347
-10.6,1000,16273.784307
-11.0,1000,16277.090662
-10.8,1000,16280.484116
-11.1,1000,16283.678517
-3.05,385,16284.946122
-5.58,598,16286.904353
-10.6,1000,16290.087461
-11.0,1000,16293.272624
-11.0,1000,16296.521882
-2.69,349,16297.656085
-0.44,124,16298.055595
0.35,55,16298.226381
-11.2,1000,16301.530939
-10.7,1000,16304.803345
-10.8,1000,16307.966681
-10.9,1000,16311.331285
-10.2,1000,16314.673338
-11.4,1000,16317.908553
-11.5,1000,16321.034877
-6.51,711,16323.288383
-11.4,1000,16326.47997
-0.06,96,16326.795639
-11.9,1000,16329.992744
-3.66,406,16331.348555
-0.9,100,16331.664968
-10.5,1000,16334.932923
-10.8,1000,16338.274045
-9.37,877,16341.239733
-9.61,971,16344.4126
-10.6,1000,16347.579252
-1.15,225,16348.29706
-10.5,1000,16351.555065
-10.8,1000,16354.894205
-3.87,407,16356.310206
-12.0,1000,16359.493957
-5.26,566,16361.332779
-0.32,92,16361.658654
-10.8,1000,16364.810143
-10.7,1000,16368.009532
-0.23,113,16368.37892
0.5,40,16368.511903
-5.35,565,16370.345881
-5.41,471,16371.849544
-11.2,1000,16375.046866
-0.14,64,16375.260799
-4.2,450,16376.739995
-11.1,1000,16380.004845
-3.21,341,16381.090462
-2.41,261,16381.883256
-11.2,1000,16385.082601
-11.0,1000,16388.215473
-1.87,267,16389.079908
-6.06,656,16391.273586
-11.3,1000,16394.622301
-6.06,696,16396.85619
-11.9,1000,16400.153938
-11.3,1000,16403.430269
-0.97,127,16403.849654
-10.4,1000,16407.21156
-4.03,443,16408.645697
-2.25,245,16409.453109
-10.7,1000,16412.682853
-3.92,472,16414.163565
-3.01,361,16415.270289
0.58,32,16415.370809
-10.82,972,16418.433575
-0.35,105,16418.772415
-10.8,1000,16422.080197
-3.33,343,16423.195887
-9.22,942,16426.310183
-11.3,1000,16429.558032
-11.5,1000,16432.809469
-11.9,1000,16435.862699
-0.93,153,16436.343009
-11.2,1000,16439.497969
-4.17,467,16440.976335
-6.61,651,16443.024249
-11.3,1000,16446.354002
-11.2,1000,16449.580324
-0.57,117,16449.954508
0.47,33,16450.055364
0.49,31,16450.160725
-11.1,1000,16453.374981
-11.5,1000,16456.526782
-9.31,891,16459.450479
-10.9,1000,16462.635331
-11.4,1000,16465.831161
-1.54,234,16466.576442
-1.51,211,16467.245657
-11.7,1000,16470.456741
-4.31,451,16471.87523
-4.24,454,16473.296745
0.12,78,16473.549262
-3.07,357,16474.67024
-2.68,298,16475.640556
-10.9,1000,16478.901928
-11.4,1000,16482.088975
-8.07,767,16484.490777
-7.25,695,16486.718574
-11.3,1000,16489.983113
-10.8,1000,16493.136983
-11.0,1000,16496.339539
-3.47,357,16497.512531
-7.85,795,16500.047758
-0.58,128,16500.454381
-3.0,330,16501.489079
-10.05,955,16504.634679
-1.29,169,16505.166542
-10.6,1000,16508.229784
-11.5,1000,16511.455256
-10.9,1000,16514.673663
-10.7,1000,16517.951583
-5.05,545,16519.811466
-0.79,149,16520.261275
-6.43,663,16522.376519
-10.6,1000,16525.661604
-10.6,1000,16528.869143
-11.0,1000,16532.074093
-11.0,1000,16535.262144
-1.52,212,16535.940309
-11.1,1000,16539.175726
-9.26,876,16542.059176
-5.83,563,16543.838813
-7.67,797,16546.382658
-0.42,142,16546.826049
-7.54,684,16548.941593
-11.3,1000,16552.24967
-11.6,1000,16555.452458
-11.6,1000,16558.639104
-12.2,1000,16561.798044
-11.5,1000,16565.11673
-11.3,1000,16568.329208
-10.4,1000,16571.529404
-10.55,935,16574.469662
-12.0,1000,16577.706656
-6.37,587,16579.741911
-4.98,518,16581.512065
-10.9,1000,16584.865804
0.7,30,16584.952194
-11.9,1000,16588.11471
-11.5,1000,16591.336762
-11.5,1000,16594.553932
-10.5,1000,16597.73694
-11.2,1000,16600.837955
-11.5,1000,16604.067216
-11.0,1000,16607.278505
0.19,41,16607.409903
0.23,47,16607.546165
-11.1,1000,16610.685981
-11.0,1000,16613.81468
-3.14,374,16615.018452
0.29,61,16615.214076
-7.35,725,16617.55046
-11.3,1000,16620.749256
-6.92,682,16622.929885
-3.82,432,16624.308274
-11.7,1000,16627.486482
-5.29,539,16629.258091
-10.9,1000,16632.56797
0.18,42,16632.703472
-11.3,1000,16636.14357
-9.7,960,16639.999025
-11.8,1000,16643.552005
-11.3,1000,16647.121269
0.55,55,16647.303887
-2.15,295,16648.36435
-5.19,559,16650.29329
-10.7,1000,16653.657437
-11.5,1000,16656.940837
-11.3,1000,16660.407065
-11.4,1000,16663.646632
-10.9,1000,16666.753505
-11.1,1000,16669.829738
-11.3,1000,16673.020705
-4.31,501,16674.590121
-1.27,197,16675.188429
-11.0,1000,16678.428538
-0.26,136,16678.870905
-2.56,326,16679.918169
-11.0,1000,16683.040397
-10.9,1000,16686.302869
-3.48,368,16687.578722
0.31,79,16687.853742
-3.18,318,16688.963876
-11.0,1000,16692.295288
-1.93,253,16693.101421
-11.2,1000,16696.344375
-1.48,208,16697.081189
-11.5,1000,16700.496415
-10.5,1000,16703.853136
-1.27,197,16704.507612
-10.7,1000,16707.611168
-11.1,1000,16710.808999
-0.58,148,16711.297472
-11.3,1000,16714.527479
-11.2,1000,16717.723956
-11.1,1000,16720.85999
0.53,57,16721.042397
-11.3,1000,16724.341538
-2.64,274,16725.211171
-11.0,1000,16728.490982
-10.8,1000,16731.740745
-11.4,1000,16734.919198
-10.6,1000,16738.117696
-1.43,233,16738.83925
-7.97,817,16741.445503
-11.0,1000,16744.573936
-11.5,1000,16747.787413
-10.8,1000,16751.044156
0.64,46,16751.196465
-7.32,732,16753.600533
-11.8,1000,16756.764371
-0.07,97,16757.05452
-10.5,1000,16760.273947
-11.1,1000,16763.379505
-6.17,687,16765.501664
-2.19,289,16766.428463
-11.7,1000,16769.610121
-11.2,1000,16772.781238
-10.9,1000,16775.933595
-10.7,1000,16779.167274
-8.7,840,16781.905687
0.72,28,16781.998214
-6.76,666,16784.176447
-10.9,1000,16787.344318
-9.42,922,16790.32352
-10.9,1000,16793.519916
-11.4,1000,16796.720603
-10.8,1000,16799.866751
-10.4,1000,16803.052903
-11.1,1000,16806.29751
-11.4,1000,16809.701125
-10.8,1000,16812.9121
-4.97,547,16814.708922
-11.2,1000,16817.983034
-11.3,1000,16821.261045
-11.0,1000,16824.490538
-1.95,285,16825.369976
-11.4,1000,16828.478801
-1.64,264,16829.292148
-11.2,1000,16832.451507
0.8,30,16832.545535
-10.8,1000,16835.690378
0.81,29,16835.783508
0.7,30,16835.881036
-11.0,1000,16839.123575
-10.9,1000,16842.400903
-6.59,659,16844.584048
-10.4,1000,16847.871927
0.71,29,16847.959926
-0.94,194,16848.592449
-6.53,683,16850.799353
-11.3,1000,16853.979176
-5.2,570,16855.806958
-0.43,143,16856.266115
-11.2,1000,16859.480814
-10.6,1000,16862.611207
-11.1,1000,16865.80897
-11.0,1000,16869.1598
-10.8,1000,16872.461911
-0.17,107,16872.802627
-2.87,367,16873.965633
-3.47,407,16875.273509
-11.1,1000,16878.516608
-10.8,1000,16881.871547
-10.6,1000,16885.133299
-9.0,910,16888.106468
-0.34,94,16888.390601
-11.2,1000,16891.534484
-11.3,1000,16894.680565
-10.7,1000,16897.887841
-10.6,1000,16901.067523
-7.26,736,16903.435757
-6.16,656,16905.517391
-10.7,1000,16908.661398
-0.23,113,16909.025124
-10.8,1000,16912.251959
-4.21,471,16913.741975
-0.48,118,16914.121175
-10.9,1000,16917.519487
-11.1,1000,16920.694435
-10.6,1000,16923.967856
-11.4,1000,16927.117235
-6.09,639,16929.094823
-4.35,475,16930.62036
0.11,79,16930.889441
-11.0,1000,16934.136061
-11.0,1000,16937.309556
-11.0,1000,16940.55962
-7.31,751,16942.916077
-10.5,1000,16946.090846
-2.04,244,16946.95038
-10.6,1000,16950.090815
-10.9,1000,16953.354408
-9.23,883,16956.039017
-10.7,1000,16959.394079
-4.14,444,16960.862734
-0.21,111,16961.231199
-9.38,948,16964.394263
-4.12,462,16965.834277
-11.0,1000,16969.052754
-6.04,644,16971.077388
0.47,43,16971.204592
-10.07,957,16974.37637
-11.3,1000,16977.850259
-11.4,1000,16981.052949
-10.7,1000,16984.257408
-10.7,1000,16987.50253
-11.1,1000,16990.338644
-11.21,991,16993.177377
-10.7,1000,16995.98175
-6.82,742,16998.011821
-11.1,1000,17000.84485
-11.3,1000,17003.606939
-11.6,1000,17006.401344
-2.31,211,17006.968683
-10.8,1000,17009.684026
-11.1,1000,17012.528088
-6.08,668,17014.436893
-11.0,1000,17017.229878
-6.14,634,17019.008275
-11.5,1000,17021.829329
-2.96,376,17022.858049
-2.23,263,17023.640465
-11.3,1000,17026.460678
-10.6,1000,17029.274663
-6.96,736,17031.37393
-11.1,1000,17034.160704
-4.6,450,17035.41114
-2.81,351,17036.393827
-11.3,1000,17039.298641
-5.67,557,17040.886332
-7.88,808,17043.23268
-2.32,312,17044.224661
-11.2,1000,17047.043835
-11.2,1000,17049.982988
-11.3,1000,17052.773511
-7.68,748,17054.960766
-11.6,1000,17057.929259
-11.3,1000,17060.834335
-9.3,930,17063.421132
-10.8,1000,17066.186594
-11.9,1000,17069.057513
-12.9,1000,17071.948415
-8.96,926,17074.532358
-1.86,236,17075.194161
-8.14,844,17077.572254
-0.08,98,17077.853884
-10.6,1000,17080.665616
-0.16,86,17080.905398
-10.7,1000,17083.762471
-3.55,415,17084.922261
-0.42,132,17085.282561
-4.05,455,17086.550316
-1.83,253,17087.243279
-10.9,1000,17090.017609
-10.8,1000,17092.763658
-5.43,563,17094.382878
-10.3,1000,17097.205647
0.68,32,17097.294008
-11.3,1000,17100.052594
-7.3,740,17102.06165
-3.35,385,17103.119753
-10.9,1000,17105.868608
-11.0,1000,17108.64298
-5.88,608,17110.312166
-10.9,1000,17113.104858
-5.47,607,17114.843872
-10.7,1000,17117.637866
0.4,50,17117.776365
-11.0,1000,17120.599226
-0.33,73,17120.807028
-2.72,352,17121.802951
-4.51,501,17123.182249
-2.39,279,17123.938381
0.17,93,17124.185568
0.13,57,17124.339928
-11.1,1000,17127.113613
0.32,38,17127.21992
-11.0,1000,17129.969819
0.7,30,17130.051403
0.37,53,17130.193708
-10.8,1000,17133.025177
-11.1,1000,17135.777277
-11.4,1000,17138.609823
-10.33,973,17141.317813
-9.12,882,17143.813123
-11.2,1000,17146.565958
-8.11,791,17148.916648
-5.21,551,17150.478926
-10.6,1000,17153.26257
-10.9,1000,17156.082343
-10.8,1000,17158.829307
-1.91,281,17159.60123
-10.7,1000,17162.421558
-10.6,1000,17165.293618
-11.4,1000,17168.151542
0.51,29,17168.232923
-11.2,1000,17171.032199
-10.7,1000,17173.868349
-2.16,276,17174.658852
0.14,66,17174.850867
-2.88,368,17175.931146
-10.6,1000,17178.707798
-11.2,1000,17181.500918
-8.32,862,17183.918261
-1.22,192,17184.433331
-10.5,1000,17187.310949
-1.75,225,17187.936022
-10.5,1000,17190.694806
-3.37,327,17191.610306
-11.4,1000,17194.385404
-11.8,1000,17197.141039
-10.7,1000,17199.983635
0.27,63,17200.169401
-11.2,1000,17202.926443
-10.7,1000,17205.734423
-8.12,802,17207.975572
-3.08,408,17209.092936
-0.11,81,17209.320688
-5.24,554,17210.882928
-11.5,1000,17213.627579
-1.38,168,17214.082071
-11.5,1000,17216.886898
-1.99,269,17217.656155
-2.85,315,17218.551771
-5.34,494,17219.934481
-9.06,836,17222.242471
-10.8,1000,17225.001446
-0.63,153,17225.423978
-11.2,1000,17228.230223
-0.25,85,17228.469725
-7.22,712,17230.457762
-5.17,547,17231.949879
-10.8,1000,17234.835631
-10.8,1000,17237.733513
-11.1,1000,17240.655446
-0.87,177,17241.132905
-7.87,657,17243.019281
-11.3,1000,17246.018182
0.04,56,17246.180013
-0.74,134,17246.568583
-11.0,1000,17249.435
-10.7,1000,17252.275214
0.59,31,17252.362462
-10.2,1000,17255.209704
-9.52,942,17257.805165
-10.8,1000,17260.550108
-11.1,1000,17263.325498
-11.0,1000,17266.065628
-0.7,140,17266.460788
-10.9,1000,17269.240434
-11.5,1000,17271.97641
-11.3,1000,17274.718669
-11.0,1000,17277.456858
-11.1,1000,17280.202598
-0.27,97,17280.465733
-11.2,1000,17283.164613
-2.27,307,17284.008615
-11.1,1000,17286.736532
-11.5,1000,17289.455812
-11.2,1000,17292.156421
-11.3,1000,17294.890182
-3.65,435,17296.125976
-11.1,1000,17298.891418
-3.26,356,17299.927451
-11.5,1000,17302.627665
-9.07,887,17305.016801
-1.39,179,17305.503153
-2.74,354,17306.535932
-11.2,1000,17309.365093
0.13,67,17309.556139
-10.9,1000,17312.335048
-10.6,1000,17315.093872
-0.79,179,17315.57965
-12.5,1000,17318.322145
-11.4,1000,17321.256893
-0.08,78,17321.480315
-11.4,1000,17324.298364
-11.0,1000,17327.179333
-9.25,885,17329.582812
-7.9,780,17331.687073
-10.5,1000,17334.394072
-7.21,691,17336.374753
-10.8,1000,17339.10865
0.34,56,17339.260904
-11.1,1000,17342.061396
-10.8,1000,17344.828415
-11.4,1000,17347.685639
-10.8,1000,17350.451584
-11.0,1000,17353.234516
-3.79,389,17354.307762
-11.0,1000,17357.125548
-11.6,1000,17359.960186
-11.3,1000,17362.694532
-11.4,1000,17365.49242
-10.9,1000,17368.312702
-11.3,1000,17371.03349
-10.5,1000,17373.792472
-8.13,833,17376.129478
-11.5,1000,17378.930151
-11.3,1000,17381.738506
-10.9,1000,17384.556013
-11.1,1000,17387.325515
-8.51,821,17389.617854
-5.06,586,17391.28394
-10.7,1000,17394.059737
-10.8,1000,17396.843623
-11.5,1000,17399.579294
-4.57,447,17400.818029
-10.6,1000,17403.578681
-2.57,307,17404.4117
-11.1,1000,17407.132386
-11.1,1000,17409.859767
-1.62,202,17410.40531
-3.36,406,17411.561041
-11.0,1000,17414.293767
-10.6,1000,17417.015114
0.25,75,17417.21299
0.23,47,17417.356227
-11.1,1000,17420.241395
-11.2,1000,17422.961874
-2.41,281,17423.722849
-10.9,1000,17426.475967
-6.49,669,17428.326442
-11.9,1000,17431.061544
0.45,45,17431.191233
-1.56,216,17431.780988
-1.19,169,17432.233213
-9.53,873,17434.624663
-11.0,1000,17437.423036
-11.0,1000,17440.232601
-11.2,1000,17442.979435
-11.5,1000,17445.784151
-10.4,1000,17448.518861
-11.7,1000,17451.400799
-10.8,1000,17454.164755
-11.0,1000,17457.11775
-11.6,1000,17460.059904
-11.5,1000,17463.07083
-9.41,971,17466.176591
-10.9,1000,17469.280283
-1.76,186,17469.856681
-11.2,1000,17472.745758
-10.7,1000,17475.540124
-11.0,1000,17478.317727
-12.0,1000,17481.135286
-9.28,918,17483.631708
-12.1,1000,17486.373029
-1.95,255,17487.061831
-11.1,1000,17489.811531
-11.4,1000,17492.524652
-11.9,1000,17495.199496
-11.2,1000,17497.923427
-11.7,1000,17500.68735
-10.6,1000,17503.55796
-11.9,1000,17506.313274
-11.8,1000,17509.0703
-11.6,1000,17511.840311
-11.9,1000,17514.61564
-11.9,1000,17517.337561
-11.5,1000,17520.074274
-10.8,1000,17522.842982
-12.1,1000,17525.552313
-11.4,1000,17528.273239
-10.9,1000,17530.98253
-8.3,810,17533.208432
-11.1,1000,17535.984185
-0.79,139,17536.35888
-11.6,1000,17539.09003
-1.74,244,17539.799677
-10.8,1000,17542.512969
-11.7,1000,17545.29026
-10.12,962,17547.886707
-9.65,955,17550.476409
-11.3,1000,17553.192468
-2.59,299,17554.023082
-10.9,1000,17556.7563
-1.49,219,17557.363912
-6.09,559,17558.958965
-2.52,282,17559.734153
-11.5,1000,17562.462305
-11.7,1000,17565.207914
-11.6,1000,17567.943468
-11.1,1000,17570.695576
-9.56,896,17573.165277
-4.99,549,17574.686399
-8.1,810,17576.960792
-0.58,128,17577.316859
-11.1,1000,17580.213686
-2.43,273,17580.96665
-11.6,1000,17583.687834
0.47,33,17583.778364
-10.8,1000,17586.640461
-11.3,1000,17589.51382
0.47,63,17589.689387
-11.4,1000,17592.518914
-12.3,1000,17595.302923
-12.1,1000,17598.103295
-11.2,1000,17600.959627
-6.2,650,17602.716757
-11.2,1000,17605.398729
-11.5,1000,17608.191713
-11.5,1000,17611.027215
-6.11,611,17612.695531
-10.9,1000,17615.390961
-11.4,1000,17618.094699
-7.38,808,17620.289177
-2.03,253,17620.969226
-11.4,1000,17623.691154
-5.34,554,17625.210387
-7.41,751,17627.26092
-10.12,962,17629.902967
-11.3,1000,17632.629564
-12.3,1000,17635.338155
-3.05,345,17636.265115
0.08,82,17636.482713
-8.5,830,17638.710143
-8.6,830,17640.976711
-10.93,973,17643.659504
-11.4,1000,17646.386411
-0.35,105,17646.708596
-11.2,1000,17649.431616
-11.2,1000,17652.224455
0.45,35,17652.316738
-11.1,1000,17655.018178
-5.74,584,17656.731365
-10.8,1000,17659.433588
-11.4,1000,17662.12533
-5.45,535,17663.561454
-11.0,1000,17666.258741
-1.36,186,17666.764755
0.14,66,17666.943849
-11.0,1000,17669.67645
-10.9,1000,17672.489084
-9.76,906,17674.948314
-10.9,1000,17677.636658
-10.9,1000,17680.333769
-10.7,1000,17682.987594
-11.2,1000,17685.649137
-10.5,1000,17688.470634
-10.9,1000,17691.251032
-5.53,553,17692.710392
0.5,30,17692.787805
-10.6,1000,17695.475821
-10.8,1000,17698.222944
-11.1,1000,17701.015828
-11.2,1000,17703.817005
-11.3,1000,17706.648411
-11.0,1000,17709.552103
-10.7,1000,17712.424605
-11.1,1000,17715.227035
0.42,38,17715.329286
-10.6,1000,17718.010553
-11.4,1000,17720.781238
-6.81,761,17722.833075
-10.7,1000,17725.463451
-3.47,417,17726.558213
-10.4,1000,17729.246084
-11.0,1000,17731.982842
0.19,61,17732.14745
-11.1,1000,17734.79582
0.77,33,17734.882457
-1.91,241,17735.531786
-4.58,438,17736.715443
-3.26,386,17737.748423
-11.1,1000,17740.444799
-10.7,1000,17743.17143
0.47,43,17743.291471
-3.68,398,17744.36195
-6.62,682,17746.209335
-11.0,1000,17748.962192
-0.42,102,17749.245957
0.18,42,17749.365482
-7.56,776,17751.451273
0.32,38,17751.551997
-7.29,739,17753.558478
-11.9,1000,17756.189543
-9.46,866,17758.499426
-3.32,342,17759.416525
-7.6,710,17761.366899
-7.53,713,17763.331218
-10.9,1000,17766.051132
-1.98,298,17766.863545
-0.54,114,17767.168602
-6.79,689,17769.032269
-6.68,688,17770.870348
-4.77,467,17772.129223
-10.12,962,17774.711778
-12.7,1000,17777.477325
-0.49,109,17777.790867
-0.62,102,17778.063796
-13.4,1000,17780.86511
-2.84,324,17781.791159
-25.61,571,17783.398696
-19.4,1000,17786.119223
-1.39,189,17786.626055
-2.06,276,17787.382393
-11.9,1000,17790.010538
-12.1,1000,17792.693576
-0.13,63,17792.865568
-3.55,355,17793.81514
-4.31,461,17795.018969
-0.99,129,17795.350877
-8.65,875,17797.694888
-0.02,72,17797.886564
-1.8,210,17798.451993
-4.14,444,17799.637525
-4.14,404,17800.712701
-5.17,597,17802.383405
-10.9,1000,17805.121475
-5.2,530,17806.545138
-12.4,1000,17809.258038
-1.73,193,17809.781902
-1.34,194,17810.340214
-6.92,612,17812.052661
-10.8,1000,17814.942554
-10.9,1000,17817.646079
-10.3,1000,17820.431851
-10.7,1000,17823.063184
-0.22,82,17823.272205
-11.5,1000,17825.954489
-8.33,783,17828.077126
-8.6,830,17830.352815
-11.0,1000,17832.990153
-3.22,362,17833.967957
-10.6,1000,17836.84347
-11.2,1000,17840.08196
-6.64,454,17841.381772
-6.05,545,17842.947346
-1.03,123,17843.288338
-11.3,1000,17846.004596
-11.3,1000,17848.793018
-10.9,1000,17851.742308
-11.2,1000,17854.43116
0.37,33,17854.518718
-11.3,1000,17857.145513
0.3,50,17857.277729
-0.13,63,17857.443333
0.49,31,17857.52687
-11.5,1000,17860.191201
-11.0,1000,17862.918923
-0.78,138,17863.286325
-3.41,391,17864.319432
-7.02,712,17866.245217
-3.07,307,17867.068574
0.73,27,17867.141965
-3.16,336,17868.038705
-11.3,1000,17870.797566
-10.7,1000,17873.47383
-8.83,813,17875.680437
-11.2,1000,17878.317291
0.7,30,17878.391324
-0.45,135,17878.747175
-3.99,429,17879.872644
-0.53,113,17880.169393
-11.6,1000,17882.829456
-3.6,410,17883.936207
-6.1,590,17885.497427
-10.1,980,17888.08225
-9.62,982,17890.775062
-11.3,1000,17893.480702
-11.2,1000,17896.158463
-10.6,1000,17898.858917
-2.28,258,17899.555167
-4.56,536,17900.997538
-11.4,1000,17903.689701
-1.49,229,17904.293329
-0.39,129,17904.643946
-11.1,1000,17907.358649
-10.33,953,17909.926108
-11.5,1000,17912.60195
-5.12,582,17914.192086
-1.15,195,17914.722373
-8.68,838,17916.947154
-6.29,619,17918.538586
-11.3,1000,17921.189333
0.65,35,17921.282928
-7.07,697,17923.235624
-10.8,1000,17925.992854
-11.1,1000,17928.706315
-1.36,166,17929.136225
-11.2,1000,17931.918744
-11.5,1000,17934.661914
-8.13,793,17936.822169
-11.2,1000,17939.500667
-1.09,129,17939.839636
-11.6,1000,17942.527165
-2.34,284,17943.291844
-9.61,871,17945.649041
-2.32,222,17946.266802
-8.44,834,17948.506772
-11.4,1000,17951.168648
-12.0,1000,17953.807324
-12.4,1000,17956.457998
-10.5,1000,17959.123183
-10.7,1000,17961.922928
-0.96,186,17962.417233
-10.6,1000,17965.075457
-3.49,419,17966.1899
-5.38,538,17967.602916
-10.8,1000,17970.297234
-9.8,920,17972.79684
-5.43,583,17974.34478
-11.8,1000,17977.066488
-10.6,1000,17979.71037
-5.34,564,17981.246729
0.8,30,17981.325643
0.29,41,17981.431501
-0.3,100,17981.69829
-5.85,565,17983.244368
-11.7,1000,17985.914286
-6.88,758,17987.942816
0.68,32,17988.029477
-11.0,1000,17990.762689
-10.27,987,17993.479951
0.64,26,17993.553767
-1.15,155,17994.005759
-10.4,1000,17996.789931
-11.8,1000,17999.608339
0.13,47,17999.730181
-4.05,445,18000.924859
-10.8,1000,18003.65836
-2.03,273,18004.422544
-1.46,226,18005.029646
-1.57,217,18005.603208
-10.3,1000,18008.335067
-7.41,721,18010.409948
0.69,31,18010.503136
-2.64,324,18011.442262
-11.5,1000,18014.258178
0.58,32,18014.344307
-10.4,1000,18017.090059
-10.7,1000,18019.912109
-11.2,1000,18022.696958
-0.36,76,18022.909081
-7.5,790,18025.157772
-11.1,1000,18027.952304
0.58,52,18028.101138
-0.95,155,18028.526189
-12.0,1000,18031.400719
-10.9,1000,18034.097679
-10.4,1000,18036.78748
-1.94,264,18037.485993
-11.5,1000,18040.214873
-10.9,1000,18042.945846
-12.2,1000,18045.620466
-10.8,1000,18048.283711
-11.5,1000,18051.025444
-11.2,1000,18053.702513
-10.8,1000,18056.392174
-3.36,386,18057.432703
-11.4,1000,18060.136728
-10.8,1000,18062.847251
-10.6,1000,18065.630644
0.54,36,18065.732347
-10.8,1000,18068.427401
0.31,39,18068.532627
-11.3,1000,18071.215551
-11.0,1000,18073.953623
-5.49,509,18075.364045
-0.4,110,18075.668773
-10.6,1000,18078.494207
0.42,38,18078.59834
-10.7,1000,18081.350618
-0.58,158,18081.785602
0.39,41,18081.902249
-11.3,1000,18084.688678
0.4,40,18084.79714
-5.83,613,18086.488216
-11.0,1000,18089.160865
-3.77,417,18090.267924
-11.0,1000,18092.944332
-10.7,1000,18095.667548
-11.0,1000,18098.411201
-11.2,1000,18101.242177
-11.4,1000,18103.921888
-1.25,195,18104.474704
-6.04,634,18106.180098
-11.1,1000,18108.918319
-3.4,390,18110.019882
-11.3,1000,18112.73206
0.63,37,18112.842476
-3.88,448,18114.088114
-12.1,1000,18116.826965
0.63,27,18116.896942
-10.3,1000,18119.654907
-0.1,60,18119.817018
-2.97,327,18120.766949
-5.77,587,18122.397362
0.58,32,18122.512367
-6.14,624,18124.230424
-10.7,1000,18127.005749
-7.41,711,18128.975133
-11.9,1000,18131.708872
-3.23,323,18132.577628
-3.12,392,18133.650564
-11.2,1000,18136.418862
-11.9,1000,18139.210858
-3.05,295,18140.027257
0.72,28,18140.103001
-11.2,1000,18142.811957
-10.4,1000,18145.55232
-10.8,1000,18148.2577
0.06,54,18148.409936
-10.13,993,18151.123964
0.21,49,18151.254523
0.44,36,18151.350839
-0.11,101,18151.615428
-4.76,526,18153.078239
-5.15,525,18154.5322
-6.46,666,18156.334277
-7.25,755,18158.374846
-2.77,347,18159.35841
-6.62,652,18161.161285
-6.04,614,18162.881842
-0.13,113,18163.204664
-10.8,1000,18166.067548
-11.0,1000,18168.770926
-11.5,1000,18171.478466
-12.2,1000,18174.353604
-11.2,1000,18177.124095
-0.06,106,18177.410539
-3.63,433,18178.56611
-6.45,665,18180.417877
-10.65,995,18183.121936
-6.54,624,18184.863195
-10.8,1000,18187.686906
-0.33,113,18188.010585
-2.5,290,18188.836915
-2.99,369,18189.926487
-3.56,416,18191.158462
0.73,27,18191.235313
0.52,28,18191.317043
-0.85,155,18191.748788
-11.0,1000,18194.549384
-4.33,493,18195.918685
0.5,30,18196.00401
-9.59,939,18198.729333
-11.4,1000,18201.502832
-10.4,1000,18204.289171
-1.03,193,18204.85989
-10.7,1000,18207.663713
0.49,41,18207.780192
0.3,30,18207.867536
-11.3,1000,18210.770326
0.44,46,18210.899207
-3.02,382,18211.978209
-2.1,290,18212.8821
-8.66,866,18215.270949
-0.92,152,18215.686943
0.41,49,18215.819782
-11.8,1000,18218.594362
-11.2,1000,18221.323712
-1.73,243,18222.023969
-1.96,246,18222.729125
-11.0,1000,18225.480228
-11.5,1000,18228.263764
-11.8,1000,18231.080153
-6.41,621,18232.781452
-11.1,1000,18235.528809
-8.18,828,18237.791709
-3.63,403,18238.874699
-10.6,1000,18241.563184
-5.49,559,18243.101086
-11.1,1000,18245.984124
0.57,33,18246.077617
-11.0,1000,18248.973723
-10.8,1000,18251.803615
-1.88,198,18252.333071
-6.3,650,18254.060304
-15.78,248,18254.74336
-1.03,153,18255.16404
-11.1,1000,18257.96913
-2.22,242,18258.674636
-1.49,209,18259.292837
-11.1,1000,18262.043954
-4.1,370,18263.054409
0.8,20,18263.108112
-10.6,1000,18265.798125
-7.68,808,18268.027999
-0.79,119,18268.352843
-10.6,1000,18271.10789
0.74,26,18271.180658
-10.9,1000,18273.877627
-10.9,1000,18276.610698
-11.1,1000,18279.431672
-9.07,917,18281.989686
-1.04,134,18282.375272
-9.92,972,18285.084305
-10.4,1000,18287.831526
0.23,57,18287.997871
-10.6,1000,18290.762482
0.34,36,18290.858967
-10.9,1000,18293.575975
-8.78,878,18295.957621
-0.87,167,18296.405048
-8.08,818,18298.670153
0.32,58,18298.822656
-1.87,287,18299.613762
-2.05,305,18300.443246
-10.8,1000,18303.189232
-0.37,117,18303.503007
-1.78,218,18304.0931
-7.89,809,18306.330335
0.07,43,18306.452
-10.8,1000,18309.213818
-10.6,1000,18312.081266
-2.32,312,18312.946234
-8.14,834,18315.25526
-10.4,1000,18318.020518
-2.96,356,18318.984079
-2.6,270,18319.791453
0.42,38,18319.893536
-7.0,680,18321.817681
-10.9,1000,18324.553085
-10.9,1000,18327.294558
-11.3,1000,18330.009574
0.73,27,18330.083748
-7.15,745,18332.132038
-8.22,782,18334.264374
-4.6,500,18335.621189
-11.0,1000,18338.411479
-10.04,934,18340.970007
-5.09,529,18342.454643
-6.23,623,18344.18453
-4.11,451,18345.432028
0.43,37,18345.537816
-0.37,117,18345.888249
-11.0,1000,18348.710356
-11.2,1000,18351.392964
0.65,25,18351.457395
-12.1,1000,18354.208615
-11.0,1000,18356.947451
0.13,47,18357.072744
-4.28,448,18358.301264
0.24,66,18358.477913
-10.5,1000,18361.225523
0.5,20,18361.278871
-8.55,855,18363.590459
-10.9,1000,18366.356118
-11.7,1000,18369.102255
-2.99,369,18370.114994
-8.61,821,18372.357989
-6.4,650,18374.105438
0.02,58,18374.255392
-9.28,918,18376.795212
-11.0,1000,18379.588523
-5.72,632,18381.362097
-2.79,319,18382.243991
-10.9,1000,18384.967012
-10.8,1000,18387.735087
-11.8,1000,18390.496096
-2.62,312,18391.383867
-10.9,1000,18394.104329
-11.0,1000,18396.812641
-4.8,490,18398.149472
0.55,25,18398.217023
-11.3,1000,18401.090629
-1.87,257,18401.830044
0.22,38,18401.936137
-11.6,1000,18404.709276
-11.2,1000,18407.386895
-0.1,100,18407.650908
-8.75,825,18409.972476
-0.53,143,18410.359445
-11.0,1000,18413.10332
-11.1,1000,18415.854157
0.64,36,18415.963342
-10.7,1000,18418.849806
-4.13,473,18420.159499
-1.68,248,18420.824379
-11.4,1000,18423.617407
-11.1,1000,18426.359344
-11.2,1000,18429.054242
-11.0,1000,18431.844245
-10.9,1000,18434.623066
-10.6,1000,18438.072689
-10.4,1000,18441.664183
-11.5,1000,18444.542085
-5.05,505,18445.996122
-0.93,183,18446.512184
-10.7,1000,18449.294113
-4.89,509,18450.756667
-11.5,1000,18453.607526
-7.38,708,18455.710141
0.59,21,18455.770518
-10.6,1000,18458.447624
-7.39,719,18460.383427
-11.3,1000,18463.116048
0.59,21,18463.171666
-3.28,338,18464.114494
-0.65,155,18464.523908
-8.08,798,18466.879632
-1.85,255,18467.573272
-8.9,920,18470.106863
-8.99,819,18472.306979
-10.6,1000,18475.074817
-3.99,459,18476.349141
-11.3,1000,18479.053198
-8.49,839,18481.292204
-9.31,881,18483.669863
-5.35,605,18485.358504
-2.98,308,18486.228218
-2.97,327,18487.116188
-10.7,1000,18490.003936
-6.33,623,18491.781334
-5.29,549,18493.311418
-2.93,313,18494.203803
-3.92,432,18495.414731
0.59,41,18495.525532
-2.67,317,18496.438354
-10.8,1000,18499.229622
-1.06,166,18499.669533
0.56,34,18499.7693
-7.58,848,18502.097313
-5.84,614,18503.75449
-10.9,1000,18506.527176
-0.11,101,18506.802168
-4.02,382,18507.842185
-11.2,1000,18510.538059
-7.32,712,18512.471938
-4.01,451,18513.728052
-5.33,613,18515.424661
-2.79,299,18516.274885
0.28,52,18516.416292
-0.63,123,18516.750096
-9.36,896,18519.261463
0.88,22,18519.328184
-2.57,307,18520.216493
-0.48,138,18520.624363
0.78,22,18520.693369
-0.88,168,18521.158926
-6.51,681,18523.068651
-10.9,1000,18525.890009
-11.8,1000,18528.728358
0.41,39,18528.840538
-9.69,939,18531.502334
-10.7,1000,18534.320079
-9.92,982,18537.014328
-10.8,1000,18539.701971
-3.92,442,18540.899912
-11.3,1000,18543.595019
-3.44,354,18544.580724
-8.68,838,18546.818977
-6.82,682,18548.653935
-4.07,497,18550.008174
-11.5,1000,18552.73112
-7.16,746,18554.760339
-11.2,1000,18557.554845
-6.85,675,18559.455871
-3.31,381,18560.508356
-3.34,354,18561.507856
-4.99,519,18562.945117
-7.31,671,18564.776795
-1.61,241,18565.432706
-3.48,398,18566.567122
0.29,71,18566.768115
-11.1,1000,18569.49626
-2.52,312,18570.371211
-2.53,303,18571.21446
-11.2,1000,18574.007331
-7.21,771,18576.129779
-1.57,217,18576.726547
-0.31,81,18576.947832
-11.2,1000,18579.698299
-12.1,1000,18582.402987
-11.6,1000,18585.231417
-5.25,555,18586.801987
-0.59,119,18587.144821
0.43,57,18587.307516
0.33,57,18587.454498
-4.23,423,18588.62316
-2.04,254,18589.313704
0.79,31,18589.398901
-7.24,704,18591.326044
-11.4,1000,18594.061073
0.71,19,18594.116941
0.26,44,18594.238184
-0.19,99,18594.50811
-5.8,590,18596.147499
-2.41,341,18597.056903
-11.3,1000,18599.785165
-10.9,1000,18602.483887
-4.59,509,18603.871639
0.63,37,18603.966738
-11.7,1000,18606.684041
-11.7,1000,18609.532331
-6.79,679,18611.387948
-10.7,1000,18614.059419
-4.52,502,18615.471229
-9.54,944,18618.118101
0.33,77,18618.33648
0.89,21,18618.396568
-10.9,1000,18621.241989
-1.95,265,18621.946745
-11.5,1000,18624.709259
-11.3,1000,18627.418996
-0.63,113,18627.727071
-8.64,904,18630.201401
-11.6,1000,18632.954703
-0.63,113,18633.254832
-8.78,878,18635.616719
-11.3,1000,18638.341061
-1.23,203,18638.900309
-11.8,1000,18641.688887
-11.8,1000,18644.383266
-10.9,1000,18647.196311
-1.48,238,18647.833171
-6.21,661,18649.659902
-2.56,286,18650.42494
-12.2,1000,18653.106996
-1.7,220,18653.692185
-11.3,1000,18656.351496
-8.03,793,18658.505563
-7.49,749,18660.606651
-1.04,174,18661.078238
-11.0,1000,18663.799682
-8.25,815,18665.999319
-7.94,774,18668.123312
-2.58,288,18668.906356
-8.48,878,18671.355794
-7.99,789,18673.494661
-10.9,1000,18676.291421
-1.62,212,18676.856956
-0.32,122,18677.181228
0.42,38,18677.290812
-5.88,628,18679.05038
0.46,34,18679.155157
-10.8,1000,18681.945412
-11.3,1000,18684.6881
-11.1,1000,18687.428605
-10.8,1000,18690.222334
-11.51,241,18690.922996
-0.87,147,18691.32254
-6.92,702,18693.262148
-7.18,688,18695.146125
-0.48,108,18695.430587
-11.3,1000,18698.134755
-8.25,815,18700.33459
-3.75,465,18701.634298
-7.15,755,18703.726769
-7.07,697,18705.664405
-1.67,207,18706.232665
-2.35,245,18706.89711
-11.5,1000,18709.596714
-11.6,1000,18712.341818
-5.63,563,18713.933535
-0.09,109,18714.229784
-0.4,120,18714.579048
-12.2,1000,18717.366221
-6.16,576,18718.943223
-0.84,114,18719.270252
-11.1,1000,18722.04486
-1.48,228,18722.672071
-1.7,220,18723.276682
-2.5,310,18724.136717
-11.8,1000,18726.808075
-10.6,1000,18729.554045
-0.66,116,18729.860177
-10.5,1000,18732.62316
-2.52,302,18733.443667
-11.0,1000,18736.187966
-2.11,301,18737.007218
-7.38,738,18739.08091
-9.16,826,18741.470036
-11.3,1000,18744.174288
-0.1,110,18744.4715
-5.3,530,18745.933705
0.74,26,18746.005301
-0.84,164,18746.467551
-1.99,289,18747.263158
0.1,70,18747.450018
-1.47,247,18748.108977
-7.69,779,18750.264216
-3.01,321,18751.15769
0.22,58,18751.310588
-10.35,985,18753.976161
-0.23,93,18754.232724
-2.98,338,18755.138909
-9.32,982,18757.799367
0.43,27,18757.867933
0.53,27,18757.942851
-12.0,1000,18760.684157
-3.06,356,18761.667711
-4.69,489,18763.030395
-0.83,153,18763.457777
0.21,69,18763.642056
-11.3,1000,18766.448206
-3.12,342,18767.415883
-5.19,549,18768.968058
-4.82,502,18770.424819
-10.8,1000,18773.161046
-10.9,1000,18775.938184
-11.8,1000,18778.641565
-5.03,513,18780.070733
-4.9,500,18781.426248
0.66,24,18781.492014
-4.96,526,18782.923244
-3.32,352,18783.861916
-11.0,1000,18786.592795
0.68,32,18786.681364
-12.0,1000,18789.438087
-10.3,1000,18792.107089
-11.4,1000,18794.830886
-10.9,1000,18797.550423
-2.26,266,18798.297914
-4.4,500,18799.716769
-1.99,249,18800.392692
0.46,34,18800.480853
-1.8,220,18801.071642
-0.55,135,18801.45803
-9.44,874,18803.86086
-0.0,70,18804.050229
-7.98,788,18806.245762
-11.5,1000,18808.956174
-11.6,1000,18811.796062
-7.44,744,18813.902014
-1.48,208,18814.48836
-11.7,1000,18817.272308
-7.41,721,18819.288291
-10.9,1000,18822.070576
-2.7,320,18822.925578
-11.3,1000,18825.705867
-11.7,1000,18828.471617
-1.28,208,18829.030022
-4.79,459,18830.308998
-11.7,1000,18833.050432
-0.89,159,18833.474306
-11.2,1000,18836.153537
-11.2,1000,18838.901477
-11.4,1000,18841.703073
-3.68,388,18842.782604
-10.5,1000,18845.531608
-11.2,1000,18848.317786
-11.6,1000,18851.101176
-10.8,1000,18853.89188
-10.7,1000,18856.659972
-11.4,1000,18859.484224
-10.6,1000,18862.178331
-11.2,1000,18864.919369
0.71,29,18864.995368
0.27,53,18865.142504
-10.3,1000,18867.836936
-10.8,1000,18870.612078
-10.3,1000,18873.459144
-10.6,1000,18876.199349
-11.4,1000,18878.986188
0.33,57,18879.141081
-11.3,1000,18881.923973
-11.7,1000,18884.655777
-10.3,1000,18887.409144
-11.2,1000,18890.224288
-3.4,380,18891.311599
0.41,39,18891.432073
-10.6,1000,18894.187142
-12.2,1000,18896.932585
-11.7,1000,18899.632836
-5.76,646,18901.406723
-11.2,1000,18904.170112
-1.13,173,18904.637824
-11.9,1000,18907.485721
-11.0,1000,18910.224048
-11.7,1000,18912.952432
-10.5,1000,18915.678953
-8.36,766,18917.784338
-10.9,1000,18920.567923
-11.1,1000,18923.286853
-10.8,1000,18926.044746
-3.98,388,18927.140791
-11.5,1000,18929.855304
0.34,26,18929.927003
-11.3,1000,18932.66495
-10.7,1000,18935.37115
-6.49,689,18937.257307
-11.2,1000,18939.953163
-11.2,1000,18942.641151
-10.9,1000,18945.497366
-11.2,1000,18948.237716
-11.0,1000,18951.020902
-11.7,1000,18953.70582
-11.5,1000,18956.489502
-2.5,270,18957.23251
-1.65,255,18957.91491
-10.8,1000,18960.675224
-0.92,162,18961.134798
-11.4,1000,18963.879809
-11.4,1000,18966.613165
0.47,43,18966.729444
-3.66,376,18967.778947
-4.06,346,18968.746626
-8.86,896,18971.239671
-11.5,1000,18974.021599
0.42,38,18974.121713
-1.55,255,18974.799912
-0.34,124,18975.13069
-10.8,1000,18977.847206
-8.02,832,18980.193604
0.83,27,18980.267053
-5.2,520,18981.686904
-11.4,1000,18984.41518
-11.4,1000,18987.114015
-6.85,725,18989.125259
-10.8,1000,18991.881121
-2.74,324,18992.763424
-7.42,752,18994.865445
-11.7,1000,18997.66136
-11.0,1000,19000.458327
-2.67,327,19001.356733
-0.77,167,19001.823396
-11.0,1000,19004.56557
-10.9,1000,19007.474654
-11.2,1000,19010.274216
0.55,35,19010.371263
-11.2,1000,19013.131741
-0.86,166,19013.616138
-1.68,268,19014.379635
0.53,37,19014.483316
-10.7,1000,19017.313786
-11.6,1000,19019.991355
-7.5,670,19021.823821
-9.44,884,19024.270951
-5.1,580,19025.86034
-11.8,1000,19028.631933
-0.27,97,19028.897552
-11.7,1000,19031.633322
-11.7,1000,19034.377228
0.86,24,19034.442015
-12.0,1000,19037.450706
-0.48,128,19037.850242
-2.86,326,19038.960732
-3.43,383,19040.114413
-12.0,1000,19042.897706
-2.41,311,19043.834927
-1.3,210,19044.518648
-9.47,957,19047.215063
-11.4,1000,19050.0494
-0.28,98,19050.321492
-8.55,825,19052.703016
-11.9,1000,19055.610842
0.64,36,19055.719346
-11.5,1000,19058.420513
-3.84,394,19059.449871
-8.4,820,19061.731669
-11.2,1000,19064.553925
-4.41,471,19065.837881
-11.9,1000,19068.527527
-11.6,1000,19071.290836
-12.7,1000,19074.119162
-12.1,1000,19076.851977
-12.8,1000,19079.571894
-12.1,1000,19082.337297
-6.61,611,19084.024184
-12.2,1000,19086.805959
0.81,29,19086.883384
-7.14,664,19088.717916
-12.3,1000,19091.477591
-10.2,960,19094.150556
-5.71,471,19095.48041
-11.9,1000,19098.314565
-0.73,143,19098.721312
-9.46,926,19101.324649
-11.9,1000,19104.020319
-9.97,877,19106.390576
-3.33,323,19107.268688
-10.7,1000,19110.07924
-12.3,1000,19112.859613
-11.0,1000,19115.608813
-5.22,502,19117.006293
-11.0,1000,19119.7846
-3.84,444,19121.07095
-11.7,1000,19123.930247
-11.6,1000,19126.685374
-0.83,173,19127.170228
-11.6,1000,19129.96318
-11.3,1000,19132.750957
-12.0,1000,19135.491238
-11.4,1000,19138.323217
-12.0,1000,19141.110363
0.29,41,19141.223402
-11.1,1000,19143.952382
-11.1,1000,19146.713563
0.89,21,19146.772011
-4.65,515,19148.214623
-11.4,1000,19150.995971
-7.41,731,19153.030662
0.34,26,19153.097605
-10.4,1000,19155.871026
-3.33,403,19156.966466
-10.7,1000,19159.859016
-5.82,602,19161.534734
-1.87,237,19162.206718
-3.45,395,19163.28718
-7.18,718,19165.274752
-11.2,1000,19168.011634
-1.92,242,19168.67177
-5.69,549,19170.232422
-11.0,1000,19172.991112
-11.9,1000,19175.80985
0.55,25,19175.877668
-3.33,393,19176.931551
-0.38,118,19177.256776
0.87,23,19177.316401
-7.37,687,19179.163971
-1.85,255,19179.900773
-11.5,1000,19182.718636
-12.4,1000,19185.506148
-10.6,1000,19188.296367
-11.8,1000,19191.104302
0.53,47,19191.232441
-12.0,1000,19193.998711
-10.7,1000,19196.800219
0.78,22,19196.859003
-0.79,109,19197.150855
-12.2,1000,19199.892492
0.77,23,19199.955158
-4.66,456,19201.193498
-11.6,1000,19203.926551
-11.1,1000,19206.690061
-12.1,1000,19209.446823
-0.34,74,19209.646271
-6.26,636,19211.351977
-1.16,176,19211.822945
-2.48,288,19212.600531
-11.0,1000,19215.344485
-11.6,1000,19218.092553
-11.5,1000,19220.880768
-11.8,1000,19223.599562
-4.2,440,19224.812779
-9.17,867,19227.163573
-5.95,605,19228.855925
-12.2,1000,19231.569348
-11.1,1000,19234.252519
-12.2,1000,19237.069284
-3.19,349,19238.085494
0.51,19,19238.137362
-11.2,1000,19240.927265
-4.43,503,19242.311922
0.06,64,19242.481348
-7.03,713,19244.415602
-3.26,386,19245.445228
-10.9,1000,19248.224929
-11.4,1000,19251.028217
-11.8,1000,19253.805596
-11.3,1000,19256.554902
-0.84,174,19257.033408
-10.9,1000,19259.816066
-3.09,359,19260.806216
-11.9,1000,19263.612882
-11.0,1000,19266.395618
-10.9,1000,19269.179439
-10.9,1000,19271.99613
-10.8,1000,19274.751838
-8.27,867,19277.150664
-10.9,1000,19280.027605
-4.69,489,19281.405846
-9.73,983,19284.128133
-3.21,331,19285.068384
-6.55,615,19286.768399
0.41,29,19286.844293
-1.0,170,19287.289939
-11.6,1000,19289.970724
-11.6,1000,19292.838472
-1.42,202,19293.440542
-7.67,657,19295.280301
-6.64,624,19297.022143
-6.12,572,19298.59583
-1.91,221,19299.202434
-11.2,1000,19302.009944
-10.8,1000,19304.821868
-0.22,112,19305.120181
-1.81,271,19305.914105
-11.4,1000,19308.864529
-11.5,1000,19311.601614
0.85,25,19311.668405
0.21,69,19311.857522
-0.96,146,19312.251713
-0.17,107,19312.548091
-5.61,621,19314.253907
-6.35,655,19316.078123
-11.3,1000,19318.791614
-6.47,607,19320.467406
-11.5,1000,19323.188306
-3.83,453,19324.422214
0.74,26,19324.491423
-11.5,1000,19327.265839
-12.1,1000,19330.042047
-11.4,1000,19332.780856
-11.2,1000,19335.575119
0.33,37,19335.681192
-3.7,350,19336.65959
-11.4,1000,19339.538318
-10.85,965,19342.168864
-11.5,1000,19344.84015
-10.3,1000,19347.595398
-4.8,510,19348.959527
-10.8,1000,19351.679077
-7.17,657,19353.436754
-3.94,444,19354.662382
-10.9,1000,19357.472001
-10.6,1000,19360.227293
0.2,60,19360.39117
-10.9,1000,19363.132064
-8.14,824,19365.315048
-10.8,1000,19368.052078
-10.6,1000,19370.833972
-5.2,570,19372.381823
-2.46,286,19373.157948
-11.1,1000,19375.888201
-11.5,1000,19378.638619
-2.51,311,19379.484594
-1.68,278,19380.25369
-0.21,81,19380.48101
-10.5,1000,19383.27267
0.4,40,19383.383307
-11.3,1000,19386.118414
-10.7,1000,19388.904604
-2.61,281,19389.692001
0.46,44,19389.811985
-7.93,763,19391.958224
-0.72,182,19392.49239
-11.3,1000,19395.297068
0.35,35,19395.39262
-11.9,1000,19398.259964
-0.69,169,19398.732751
-1.21,181,19399.239038
-10.6,1000,19402.026987
-0.13,83,19402.25171
-11.2,1000,19404.984489
-11.3,1000,19407.710906
-10.5,1000,19410.403262
-8.48,898,19412.884308
-0.75,145,19413.271614
-11.9,1000,19415.99014
-11.3,1000,19418.751911
-6.79,679,19420.603816
-1.7,170,19421.064744
-5.72,592,19422.686871
-1.39,209,19423.265506
-2.47,307,19424.113827
-11.4,1000,19426.885486
-0.6,140,19427.265373
-11.4,1000,19430.035525
-2.16,276,19430.857425
-7.52,702,19432.751896
-10.9,1000,19435.447971
-1.75,245,19436.107893
-6.16,596,19437.774216
-11.7,1000,19440.494154
-11.0,1000,19443.211095
-7.95,805,19445.44966
-1.4,180,19445.940966
-7.82,782,19448.10769
-2.17,307,19448.942927
-2.86,326,19449.824583
-12.0,1000,19452.510387
-6.48,668,19454.295494
-4.76,496,19455.635259
-11.1,1000,19458.379418
-1.55,255,19459.168594
-4.89,459,19460.492007
-10.7,1000,19463.247605
-6.75,655,19465.050259
0.68,22,19465.110977
-3.82,402,19466.235249
-9.77,967,19468.947415
-3.73,453,19470.24305
0.53,37,19470.342116
-8.02,752,19472.411181
-11.0,1000,19475.13952
-1.46,186,19475.675401
-11.8,1000,19478.48707
-11.9,1000,19481.199428
-11.6,1000,19483.97867
-12.4,1000,19486.731925
-0.67,117,19487.043979
-11.4,1000,19489.83699
-10.9,1000,19492.641875
-11.1,1000,19495.379235
-11.6,1000,19498.117487
-11.2,1000,19500.881016
-11.2,1000,19503.621707
0.79,21,19503.681372
-4.4,430,19504.867384
-12.2,1000,19507.633365
-7.24,694,19509.54403
-11.2,1000,19512.326598
0.79,31,19512.414501
-6.56,646,19514.202482
-4.38,448,19515.435187
-4.06,416,19516.559555
-11.1,1000,19519.306527
-11.4,1000,19522.07082
-11.5,1000,19524.895196
-5.08,558,19526.414169
-10.5,1000,19529.160056
-11.4,1000,19531.915076
-9.48,948,19534.609617
0.36,44,19534.735907
-4.76,526,19536.221314
-10.8,1000,19538.99357
-6.27,587,19540.630347
-4.52,502,19542.070477
-11.5,1000,19544.835013
0.5,20,19544.891943
-11.3,1000,19547.675415
-11.4,1000,19550.495656
-18.81,301,19551.378401
-1.83,223,19552.000065
-3.09,379,19553.045644
-11.2,1000,19555.741421
-2.04,254,19556.427824
-20.38,878,19558.835426
-6.17,537,19560.294585
-4.37,487,19561.621783
-4.46,456,19562.875887
-11.1,1000,19565.5799
-11.4,1000,19568.30734
-11.6,1000,19571.01913
-10.7,1000,19573.73538
-12.3,1000,19576.431426
-4.7,520,19577.855428
-12.4,1000,19580.663351
0.48,32,19580.747882
-11.3,1000,19583.511742
-11.8,1000,19586.233368
-11.0,1000,19589.062273
-0.05,75,19589.277091
-9.18,848,19591.736182
-10.9,1000,19594.506125
-1.58,228,19595.142956
-2.41,271,19595.891019
0.81,19,19595.944436
-1.3,200,19596.501188
-10.7,1000,19599.282847
-11.8,1000,19602.057032
-11.7,1000,19604.851463
-4.97,507,19606.250183
-12.1,1000,19609.036214
-11.5,1000,19611.811095
-11.0,1000,19614.566208
-11.3,1000,19617.262461
0.74,36,19617.363452
-11.9,1000,19620.17313
-10.8,1000,19622.969317
-0.38,108,19623.256465
-11.6,1000,19625.959499
-8.35,785,19628.073389
-2.28,278,19628.815131
-3.14,354,19629.797067
-0.36,106,19630.090828
-5.33,533,19631.540569
-10.9,1000,19634.295887
-4.27,437,19635.529371
-5.28,568,19637.156934
-4.97,497,19638.688905
-5.66,586,19640.577544
0.28,42,19640.704271
-6.48,688,19642.74247
-11.5,1000,19645.631772
-11.1,1000,19648.582402
-7.54,794,19650.801306
-2.29,289,19651.645357
-11.0,1000,19654.480399
-6.08,628,19656.204386
-8.58,828,19658.466886
-5.58,528,19659.90241
-8.94,924,19662.432219
-8.49,829,19664.670825
-1.87,217,19665.247747
0.25,55,19665.394408
-12.4,1000,19668.114325
-12.2,1000,19670.864469
-4.77,477,19672.115158
0.71,39,19672.222607
-11.0,1000,19674.903794
-7.79,789,19677.082644
-0.7,110,19677.391342
-11.5,1000,19680.129943
0.13,57,19680.282125
-10.9,1000,19682.960099
-9.71,851,19685.260632
-11.3,1000,19688.005697
0.64,26,19688.075744
-10.9,1000,19690.820771
-5.55,565,19692.363872
0.36,24,19692.428147
-8.71,881,19694.806951
-6.88,738,19696.886692
-1.42,212,19697.47663
-0.16,106,19697.767761
-11.1,1000,19700.657752
-2.64,324,19701.533427
-11.6,1000,19704.233719
0.12,78,19704.439075
-12.1,1000,19707.15215
-6.68,698,19709.035285
-3.76,386,19710.148149
-1.17,197,19710.724614
-11.0,1000,19713.569095
-11.5,1000,19716.304893
-0.45,105,19716.592742
-8.56,896,19719.014659
-7.45,735,19721.017957
0.68,32,19721.106163
-10.9,1000,19723.879384
-1.84,214,19724.437336
0.23,67,19724.625277
-11.0,1000,19727.327307
-11.4,1000,19730.061505
-0.86,156,19730.500414
0.38,22,19730.558227
-10.9,1000,19733.280891
-11.7,1000,19735.985974
-11.0,1000,19738.793268
0.07,53,19738.950271
-11.5,1000,19741.755351
0.7,20,19741.81024
-4.34,534,19743.286189
-10.8,1000,19745.981178
-11.5,1000,19748.702826
0.11,49,19748.832617
-2.96,336,19749.745024
-1.2,180,19750.230566
0.41,29,19750.314837
-11.1,1000,19753.054746
-2.83,333,19753.977521
-1.13,183,19754.489105
-1.12,152,19754.91482
-0.58,138,19755.27548
-11.7,1000,19757.926477
0.43,27,19758.001143
-11.0,1000,19760.811673
-4.9,460,19762.080159
-0.52,102,19762.357228
-11.3,1000,19765.119281
0.54,26,19765.19515
-0.74,134,19765.555281
-7.53,753,19767.568493
-3.63,433,19768.698754
-5.8,560,19770.182203
0.55,25,19770.250337
-9.3,880,19772.618563
-11.9,1000,19775.322481
-11.2,1000,19778.02769
0.49,21,19778.080113
0.17,93,19778.323118
-10.8,1000,19781.065362
-0.1,90,19781.307198
-8.02,822,19783.54017
-5.09,579,19785.072493
-11.2,1000,19787.772467
-10.6,1000,19790.456884
-3.08,368,19791.444585
-4.67,437,19792.632567
0.01,59,19792.806699
-3.84,394,19793.923081
0.34,56,19794.092191
-8.26,826,19796.343642
0.44,26,19796.417427
-10.8,1000,19799.111378
0.21,69,19799.296197
-12.0,1000,19802.013745
-5.74,564,19803.55208
-3.8,470,19804.841643
-12.2,1000,19807.57741
-0.21,81,19807.807101
-7.79,759,19809.92118
-3.4,370,19810.917368
-5.89,649,19812.674348
-12.6,1000,19815.358146
-10.6,1000,19818.068274
-11.6,1000,19820.845836
-11.6,1000,19823.569984
-10.9,1000,19826.332331
0.33,47,19826.462347
-11.2,1000,19829.120917
-5.52,552,19830.584651
-11.5,1000,19833.228771
0.03,47,19833.352741
-6.36,666,19835.182155
-8.52,792,19837.324027
-4.89,519,19838.720549
0.35,35,19838.811078
0.42,28,19838.880016
-8.89,939,19841.40297
-0.91,151,19841.846442
-7.7,760,19843.887523
-0.16,106,19844.166243
-0.68,158,19844.600044
0.02,68,19844.801399
0.84,26,19844.876575
0.44,26,19844.953578
-0.26,96,19845.225604
-4.13,433,19846.457668
0.54,46,19846.589635
-2.6,330,19847.494081
-0.48,108,19847.787117
-9.35,855,19850.220733
-2.09,289,19850.997732
-5.86,596,19852.621226
0.74,26,19852.690856
-10.84,984,19855.321738
-0.39,129,19855.653452
-4.62,482,19856.983019
-10.7,1000,19859.7893
-11.2,1000,19862.463516
-11.6,1000,19865.249987
-0.14,64,19865.421187
-0.81,141,19865.804458
-8.86,846,19868.135245
-0.71,131,19868.486082
-0.47,117,19868.803472
-11.1,1000,19871.490855
-5.12,502,19872.830004
0.28,32,19872.914194
-11.2,1000,19875.572772
-8.35,775,19877.610542
-9.66,876,19880.057024
-10.9,1000,19882.770043
-2.32,272,19883.50493
-6.79,669,19885.306313
-3.25,385,19886.310263
-7.51,781,19888.377772
-9.88,928,19890.890536
-10.5,1000,19893.578735
-2.35,285,19894.344646
-7.51,771,19896.41602
0.01,69,19896.596038
-7.66,806,19898.761439
-11.1,1000,19901.413566
-0.33,93,19901.662853
-1.2,150,19902.079465
-11.3,1000,19904.923823
-2.1,280,19905.71315
-8.13,793,19907.883178
-3.7,420,19909.054077
-11.2,1000,19911.824371
-0.14,114,19912.133484
-11.2,1000,19914.805365
-0.5,100,19915.086272
-10.3,1000,19917.741937
0.53,27,19917.813321
0.55,25,19917.877773
-9.18,958,19920.464444
-10.9,1000,19923.18094
-7.46,736,19925.142403
-0.98,188,19925.630464
-1.29,169,19926.089431
-7.29,729,19928.035596
-10.8,1000,19930.723932
-0.62,132,19931.073543
-9.32,892,19933.503513
-11.0,1000,19936.209315
-10.4,1000,19938.951684
-11.1,1000,19941.711832
-7.19,689,19943.647567
0.55,25,19943.713868
-10.4,1000,19946.443962
-0.23,93,19946.704506
-11.2,1000,19949.384711
-1.65,235,19950.033694
-0.63,143,19950.417568
-1.63,233,19951.045228
-5.81,601,19952.677396
-5.24,564,19954.18007
-3.82,462,19955.397778
-1.57,227,19956.019684
-11.4,1000,19958.706174
-10.9,1000,19961.391324
-6.38,698,19963.292252
-11.1,1000,19966.061552
-11.4,1000,19968.826043
-0.28,118,19969.173995
-2.49,259,19969.877035
-12.0,1000,19972.578518
-7.75,735,19974.593559
0.7,20,19974.653714
-11.3,1000,19977.460109
-11.0,1000,19980.168662
-1.89,279,19980.922738
-11.6,1000,19983.651184
0.95,15,19983.696836
-12.4,1000,19986.473933
-9.8,980,19989.276772
0.22,38,19989.38463
-3.66,326,19990.352044
-5.67,557,19992.00174
-2.05,285,19992.85588
-2.86,296,19993.679294
0.51,29,19993.762007
-1.18,128,19994.120323
-11.1,1000,19996.922945
-12.0,1000,19999.781549
-0.36,86,20000.019323
-11.3,1000,20002.836971
-3.37,377,20003.877108
-11.5,1000,20006.654459
-10.75,985,20009.426949
-6.86,636,20011.204717
-4.87,567,20012.77395
0.34,66,20012.959007
-11.3,1000,20015.740793
-6.13,653,20017.545227
-0.03,83,20017.779517
-0.23,83,20018.003852
-11.4,1000,20020.789997
-11.3,1000,20023.476369
-6.56,676,20025.378279
-10.9,1000,20028.267153
-11.0,1000,20031.171239
-5.25,545,20032.615706
-10.9,1000,20035.36792
-11.4,1000,20038.144162
-11.1,1000,20040.895138
-6.37,587,20042.52273
-11.7,1000,20045.155825
-11.13,933,20047.688332
-2.55,305,20048.516665
-11.1,1000,20051.284986
-10.9,1000,20054.054555
