#{"t_start": 1764214209.9038064, "env_id": "None"}
r,l,t
-50.23,613,0.592787
-58.63,733,1.307851
-83.1,1000,2.268255
-18.88,268,2.548438
-81.0,1000,3.584463
-80.7,1000,4.58549
-81.6,1000,5.608622
-85.4,1000,6.616603
-81.8,1000,7.578657
-22.05,285,7.868558
-38.72,472,8.329189
-64.63,773,9.065608
-82.4,1000,10.032791
-23.87,307,10.345758
-49.18,608,10.947436
-83.6,1000,11.950731
-53.37,677,12.646047
-60.36,726,13.385031
-74.72,862,14.264736
-86.6,1000,15.290563
-4.95,165,17.556581
-6.17,317,21.957707
-10.59,659,30.912054
-8.99,769,41.569024
-1.88,218,44.614432
-1.83,183,47.105513
-8.12,652,55.855631
-2.59,149,57.856345
-10.12,792,68.428036
-5.41,421,74.258158
-3.18,278,78.267886
-6.21,591,86.159122
-5.52,532,93.256112
-12.8,1000,106.81219
-11.9,1000,120.31093
-3.3,320,124.544666
-2.71,311,128.871298
-5.92,562,136.212665
-7.47,637,144.593494
-12.2,1000,158.049381
-11.0,1000,171.129134
-12.1,1000,184.676903
-11.7,1000,198.415526
-11.6,1000,211.850954
-9.81,911,224.042104
-2.03,253,227.669858
-6.27,577,235.663407
-3.5,250,239.154119
-3.83,423,244.964207
-1.15,225,248.007732
-7.7,720,257.43898
-11.34,904,269.639804
-11.0,1000,283.547041
-8.84,734,293.937521
-8.33,823,305.730828
-3.61,381,311.006702
-12.3,1000,325.117155
-1.7,230,328.362173
-1.59,219,331.447958
-4.52,502,338.551207
0.56,44,339.142517
-12.5,1000,352.841161
-12.0,1000,367.274495
-7.39,729,377.812132
-3.87,407,383.375906
-9.0,940,396.03807
-2.7,310,400.288848
-4.47,447,406.627579
-2.99,339,411.285727
-2.99,339,415.974425
-0.57,127,417.758966
-2.94,324,422.086125
-0.55,75,423.036366
-4.01,421,428.503532
-5.94,654,437.06527
-3.08,338,441.443355
-0.63,143,443.442602
-1.01,161,445.47542
-0.56,146,447.33632
-9.63,913,459.016513
-1.6,220,461.975806
-3.38,348,466.575585
-2.89,329,471.059344
-2.51,321,475.606185
-12.6,1000,488.822835
0.68,22,489.129303
-7.59,449,495.26723
-2.66,256,498.332755
-1.89,189,500.767171
-0.71,111,502.28874
-1.01,131,504.034395
-1.87,207,506.711286
-6.11,551,513.804575
-1.21,151,515.911572
0.06,74,516.948903
-1.49,239,520.113236
-3.29,359,524.882305
-2.77,287,528.640108
-1.32,172,530.808809
0.14,56,531.54808
-1.24,154,533.840811
-3.2,280,537.343204
-4.07,287,540.868808
-4.04,374,545.606767
0.15,65,546.427693
-6.31,571,553.42913
-5.7,460,559.14614
-1.79,149,560.978318
-1.66,196,563.361726
-1.6,260,566.757601
0.51,39,567.252811
-0.7,130,568.903689
-0.6,70,569.748971
-1.69,179,571.953631
-0.47,137,573.661926
-5.5,510,579.825303
-4.12,392,584.965201
0.09,81,585.924169
-3.06,316,589.731468
-4.76,426,594.842949
-11.2,1000,607.055099
-12.6,1000,619.352274
-0.59,109,620.702197
-3.23,353,625.057948
-3.87,407,629.792498
-7.95,775,639.429535
-1.45,175,641.538283
0.86,24,641.853064
0.88,22,642.132478
-0.39,109,643.490497
-1.95,225,646.289298
-1.49,199,648.6746
-3.63,263,651.648961
-3.29,249,654.842188
-0.29,99,656.063581
-2.26,236,658.956329
-4.22,362,663.399749
-4.32,412,668.537562
-0.11,121,670.083658
-2.19,289,673.611822
0.52,28,673.972998
-0.13,103,675.281406
-1.16,206,677.810303
-4.11,301,681.191544
-3.79,449,686.47654
-1.4,220,689.036762
-10.29,919,699.605778
-12.8,1000,711.198043
-3.2,320,715.132175
-1.12,182,717.220309
-0.02,102,718.456347
-1.79,169,720.516486
-2.64,294,724.032287
-0.05,95,725.06124
-1.05,185,727.062749
-12.3,1000,738.744787
0.34,56,739.471711
-2.21,251,742.154459
-2.11,251,745.023946
-0.35,125,746.474349
-2.36,276,749.625316
0.1,80,750.575178
-2.54,274,753.615157
-1.8,260,756.678767
-2.45,235,759.393298
-5.67,467,764.631591
0.06,54,765.277763
-7.68,768,773.84142
-1.52,192,775.989691
-0.43,113,777.177906
0.36,44,777.691412
0.06,34,778.082567
0.8,20,778.314051
-1.18,218,780.715106
-0.64,164,782.565247
-0.23,73,783.374451
0.55,35,783.728706
-1.14,174,785.597338
-3.05,345,789.53662
0.22,78,790.415804
-1.14,164,792.17382
0.09,101,793.262925
-1.25,195,795.45979
-3.37,377,799.715131
-7.52,532,805.66988
-0.17,107,806.900823
-3.96,286,809.794469
-1.99,239,812.32608
-0.79,79,813.20718
-4.86,366,817.250838
-2.01,161,818.907138
-6.89,659,825.87685
-1.68,258,828.701866
-0.92,142,830.192286
0.84,26,830.464094
-0.87,127,831.927912
-1.52,182,833.980305
0.16,74,834.795568
0.65,35,835.14126
-0.41,111,836.405814
-0.22,92,837.445586
0.34,46,837.947173
-6.11,421,842.503412
-1.05,145,844.019568
-3.29,289,847.275395
-3.11,251,849.99683
-0.99,119,851.258229
-1.06,86,852.196767
0.7,40,852.642493
-0.35,95,853.682337
-0.07,87,854.632524
-0.87,87,855.642043
-3.78,318,859.064206
-11.81,791,867.652467
0.31,49,868.204185
-3.7,250,871.062294
-6.25,465,876.032059
-2.58,268,879.07189
-0.42,82,879.925412
0.14,66,880.584097
-4.65,375,884.606934
0.09,41,885.088633
0.12,58,885.736508
-2.63,273,888.774103
-0.59,129,890.112272
-1.44,174,892.066089
0.11,69,892.855352
-0.82,72,893.670803
-0.66,126,895.110273
-2.08,218,897.559477
-8.17,427,902.117098
-3.14,174,903.991161
-9.93,333,907.529735
0.73,27,907.829569
-1.13,133,909.306946
-12.13,853,918.357867
-0.05,105,919.485984
0.28,52,920.025259
-0.91,171,921.842192
0.4,40,922.267094
-7.07,617,928.875869
0.37,43,929.392583
-0.07,67,930.091336
-3.34,284,933.108869
-3.83,103,934.109351
-0.73,113,935.275552
-1.49,199,937.429758
-1.05,175,939.288039
-3.15,105,940.393182
0.37,33,940.733224
-4.66,456,945.729455
-1.56,106,946.877409
-1.37,197,949.19214
0.01,79,950.201738
-0.59,129,951.67964
-0.1,60,952.448333
-1.99,129,953.932828
0.11,69,954.643869
0.37,53,955.232536
0.18,82,956.124934
0.37,63,956.719715
-0.47,107,957.941731
-0.47,117,959.21621
-1.76,206,961.303188
-9.37,227,963.782729
-1.58,98,964.836778
-0.14,104,966.102047
-15.0,470,971.551677
-1.06,126,972.991191
0.49,41,973.421691
0.53,47,973.967023
-3.79,209,976.324996
-2.74,314,979.800188
-0.42,112,980.945141
-0.33,103,982.023967
0.04,76,982.833653
0.86,24,983.068187
0.38,42,983.46726
0.42,48,983.944723
-1.79,149,985.433989
0.41,59,986.024216
0.04,56,986.613642
-0.63,143,988.12145
-5.02,112,989.328539
-1.21,181,991.219228
-1.17,177,993.088806
-41.15,595,999.214337
-5.57,177,1001.096695
-9.04,144,1002.571986
0.43,37,1002.951639
-0.43,103,1004.007775
-0.72,152,1005.504159
0.6,40,1005.898544
0.77,33,1006.228218
-1.9,210,1008.32785
-0.5,120,1009.470668
-1.25,165,1011.163847
-1.08,158,1013.028957
-0.25,65,1013.729329
-1.62,152,1015.377325
-0.61,91,1016.335127
-0.39,89,1017.285626
-0.73,153,1018.833087
-5.4,520,1024.22594
0.06,94,1025.243267
0.25,65,1025.913527
-3.3,350,1029.27809
0.83,27,1029.576756
0.43,47,1030.0461
0.07,53,1030.565259
0.4,40,1030.978771
-2.64,84,1031.833032
-1.88,178,1033.654583
-1.24,144,1035.187155
0.04,106,1036.270906
-0.14,74,1037.085747
0.71,39,1037.467148
-2.41,251,1039.970091
-1.42,152,1041.512605
-3.07,277,1044.276547
0.31,59,1044.884575
-3.35,245,1047.301073
0.28,52,1047.804452
0.13,57,1048.362617
0.27,73,1049.158259
-3.05,265,1051.876618
-0.59,129,1053.20334
-1.75,95,1054.196974
-1.24,84,1055.110493
0.31,39,1055.517966
0.05,75,1056.298364
-0.24,54,1056.840635
-1.48,188,1058.798912
-2.56,126,1060.142133
-0.95,165,1061.806326
0.04,66,1062.446135
-2.85,205,1064.492765
0.39,51,1064.993022
-0.82,72,1065.711784
-2.02,202,1067.833216
0.53,47,1068.313895
0.53,57,1068.895524
-2.52,92,1069.821966
0.44,56,1070.368142
-3.64,314,1073.65251
-3.54,334,1077.039535
-0.93,103,1078.041435
-1.5,140,1079.384687
-0.35,85,1080.222494
-3.24,284,1083.165092
-2.66,206,1085.244792
-0.8,150,1086.665265
0.22,38,1087.044379
0.26,44,1087.46891
0.46,34,1087.787075
-2.07,207,1089.82521
-0.33,103,1090.85954
-0.46,96,1091.82164
-1.49,169,1093.446512
0.07,63,1094.102173
0.48,42,1094.535911
-3.39,219,1096.822962
0.56,44,1097.262228
-0.23,93,1098.223255
0.16,64,1098.918001
-2.03,173,1100.750937
-0.06,86,1101.682868
-1.35,165,1103.363902
0.51,29,1103.655429
-1.14,154,1105.10278
-1.97,137,1106.409155
-0.6,70,1107.11609
-0.79,89,1107.986416
-1.36,156,1109.491738
-0.11,81,1110.291098
-1.51,111,1111.380603
-17.2,870,1119.850213
-0.45,95,1120.736646
-0.11,61,1121.374837
0.13,47,1121.873235
0.69,31,1122.191599
-2.99,169,1123.90313
-0.22,82,1124.790818
-5.99,479,1129.532495
0.21,59,1130.140999
0.2,60,1130.743733
0.05,65,1131.410755
0.26,44,1131.877617
-2.89,249,1134.399672
-3.88,318,1137.620941
0.4,50,1138.13915
-1.76,106,1139.214152
-1.7,170,1141.002562
0.85,25,1141.270524
-5.75,425,1145.634654
0.67,33,1145.97035
-0.56,96,1146.947393
-0.08,98,1147.948004
0.44,46,1148.384357
-1.13,173,1150.198648
-2.14,254,1152.825883
0.15,55,1153.405313
0.73,37,1153.781285
0.14,56,1154.307774
-0.84,134,1155.643809
-0.3,100,1156.563824
-3.12,302,1159.439938
0.84,26,1159.69574
0.1,80,1160.587306
0.69,31,1160.879456
-0.27,117,1162.084116
-0.48,148,1163.549183
0.33,67,1164.216425
0.37,63,1164.85805
-0.57,147,1166.348138
0.38,72,1167.037236
0.27,73,1167.824047
-0.74,144,1169.227484
-0.96,136,1170.537378
-0.75,75,1171.241427
-3.6,310,1174.211804
-0.37,117,1175.40554
-0.11,61,1176.039754
0.34,46,1176.497077
-0.13,63,1177.165937
-0.41,71,1177.906239
-0.94,144,1179.380612
-6.15,605,1185.35854
-0.06,66,1186.059393
0.09,61,1186.637315
-2.36,266,1189.16359
-0.64,74,1189.884438
-0.37,107,1191.00166
0.75,35,1191.388542
-0.18,108,1192.582462
0.34,36,1192.935578
0.03,87,1193.817546
-2.34,254,1196.290894
-0.52,132,1197.561846
-0.26,116,1198.756747
-0.79,159,1200.436083
0.12,78,1201.262949
-2.88,348,1204.869111
0.86,24,1205.12987
-0.04,54,1205.674484
0.05,85,1206.538702
0.03,67,1207.231352
0.34,56,1207.832344
-0.8,150,1209.368487
0.31,39,1209.761073
0.75,25,1210.020125
0.68,32,1210.336594
-1.03,83,1211.16479
0.62,38,1211.576395
0.1,90,1212.476845
-0.68,108,1213.570194
-0.41,121,1214.761187
-0.47,67,1215.466268
-0.03,43,1215.918177
-1.92,232,1218.302644
-1.01,161,1219.959543
-1.83,143,1221.281094
0.7,20,1221.481832
0.18,32,1221.778796
0.2,40,1222.177246
-1.38,138,1223.492307
-0.52,82,1224.311679
-1.5,110,1225.451214
-0.14,94,1226.388044
-0.71,121,1227.580798
-5.63,243,1229.970573
0.02,68,1230.625378
0.78,22,1230.82834
-6.46,246,1233.339086
0.5,40,1233.763753
-0.48,88,1234.695657
0.02,68,1235.402589
-0.08,98,1236.308783
-0.66,56,1236.889398
0.1,40,1237.257539
-0.6,50,1237.716922
0.38,62,1238.285575
-2.0,70,1238.928189
-0.37,67,1239.62997
-0.01,61,1240.17291
-2.58,88,1241.096653
0.26,44,1241.526642
-0.32,72,1242.222212
-13.16,416,1246.311021
-2.54,134,1247.64
-3.76,136,1248.999162
0.12,68,1249.69664
-0.68,128,1250.931571
-2.55,155,1252.53568
-17.03,513,1257.464624
-0.51,101,1258.567432
-1.58,148,1260.146462
-10.42,862,1268.669469
0.19,71,1269.369834
-4.08,238,1271.729837
-2.74,224,1273.948255
-0.42,102,1275.100299
-0.01,41,1275.526515
-0.6,80,1276.319274
-1.83,213,1278.396492
-0.27,107,1279.380618
0.15,75,1280.090054
-1.55,195,1281.935874
-1.37,137,1283.347911
-1.28,178,1285.086438
0.48,52,1285.59158
-1.45,195,1287.460263
0.67,33,1287.781214
0.53,47,1288.253765
-0.64,94,1289.250647
-1.02,122,1290.482643
0.07,73,1291.222034
-9.74,614,1297.304836
-0.57,77,1298.062212
0.4,30,1298.353307
-0.87,127,1299.643825
0.19,71,1300.397189
-3.14,234,1302.87472
-0.64,104,1303.911046
0.61,39,1304.283425
0.65,35,1304.602365
-1.81,81,1305.361042
0.47,43,1305.831893
-2.68,328,1309.127897
-0.49,109,1310.256868
-0.08,48,1310.710897
-1.94,214,1313.006068
-1.29,199,1314.866744
-0.95,175,1316.518353
-1.7,200,1318.473178
-2.3,250,1320.987609
0.42,58,1321.570058
-0.11,101,1322.585927
-1.38,168,1324.279287
0.19,51,1324.799823
0.34,56,1325.370502
-0.64,134,1326.71013
-8.66,566,1332.321201
-1.92,272,1335.011127
0.39,41,1335.402539
-1.26,176,1337.186703
-0.36,96,1338.092697
-0.83,83,1338.917939
-0.21,71,1339.626159
0.26,64,1340.262137
0.04,46,1340.707403
-1.72,222,1342.936473
-5.53,443,1347.61916
-0.19,69,1348.325412
-0.56,96,1349.23954
-0.39,99,1350.172917
-0.41,121,1351.357386
-1.82,222,1353.609287
0.57,33,1353.965168
0.36,54,1354.528803
-2.05,215,1356.715593
0.21,49,1357.235108
-1.59,179,1359.075163
0.46,54,1359.664598
-1.35,205,1361.848448
0.51,49,1362.396339
-0.56,126,1363.681879
0.16,44,1364.126649
0.76,24,1364.375829
0.16,74,1365.151824
-0.71,151,1366.725271
0.33,47,1367.196332
0.37,73,1367.920945
-0.25,45,1368.356755
-4.99,459,1373.193229
-10.62,242,1375.556404
0.68,32,1375.860138
-0.63,103,1376.873497
-2.02,202,1378.926298
-0.67,157,1380.516307
0.55,35,1380.877083
-0.37,77,1381.65179
-5.36,406,1385.797193
-2.39,259,1388.546647
-47.2,650,1394.891844
-16.87,197,1396.979568
0.26,64,1397.625563
-1.62,182,1399.33081
0.33,77,1400.058937
-3.17,247,1402.601203
0.62,28,1402.870777
-3.5,310,1406.147346
-0.09,69,1406.86148
0.59,41,1407.276489
0.4,40,1407.708339
-1.41,141,1409.188527
-2.85,245,1411.614161
0.61,29,1411.975855
0.08,82,1412.824175
-0.06,96,1413.83013
-33.3,390,1417.626078
-1.22,172,1419.305642
-1.37,167,1420.993549
-1.98,218,1423.203953
-1.02,102,1424.240101
-3.42,222,1426.514694
-1.52,212,1428.632158
0.74,26,1428.920941
-0.13,83,1429.774815
-0.77,157,1431.324293
0.78,22,1431.542152
-1.02,122,1432.825735
-1.01,171,1434.564325
0.62,48,1435.066686
0.43,47,1435.521251
-2.18,108,1436.594287
0.42,38,1436.965008
-0.35,105,1437.991164
0.29,51,1438.50443
0.09,61,1439.092884
-1.96,206,1441.06146
0.23,67,1441.683923
0.23,57,1442.215339
0.43,47,1442.652657
0.3,30,1442.928152
0.22,48,1443.375979
0.73,27,1443.627198
-0.02,52,1444.139347
-0.13,63,1444.793735
-0.14,74,1445.558937
-0.79,109,1446.658894
0.4,50,1447.174494
0.04,76,1447.975206
0.8,30,1448.270618
0.24,56,1448.838345
0.84,26,1449.107728
0.43,37,1449.478676
-0.04,64,1450.116533
0.69,41,1450.556459
-6.63,133,1451.860364
0.14,56,1452.450946
-1.0,120,1453.720997
0.88,22,1453.965817
0.33,57,1454.57984
0.7,40,1455.003789
-0.03,63,1455.63631
0.63,47,1456.061189
0.5,40,1456.450981
-0.5,100,1457.417607
-0.84,124,1458.699525
-0.63,113,1459.838701
-0.12,82,1460.677445
-0.27,77,1461.449532
0.2,60,1462.031746
0.08,42,1462.435688
0.3,60,1462.996574
0.09,51,1463.463614
0.36,54,1463.993284
0.07,53,1464.476625
-0.33,93,1465.379423
0.57,33,1465.69268
0.32,48,1466.149331
-1.08,68,1466.789479
-0.34,114,1467.84809
0.8,30,1468.157034
-1.85,155,1469.746922
0.75,35,1470.129312
-0.55,75,1470.855396
-6.1,190,1472.747623
-2.09,169,1474.425135
-0.78,108,1475.498369
0.32,48,1475.980839
0.1,60,1476.576097
-0.28,68,1477.240624
0.57,43,1477.632103
-0.16,66,1478.287786
-2.88,98,1479.289022
0.76,34,1479.631387
0.65,35,1479.983255
0.26,54,1480.49382
0.09,51,1480.976438
-0.09,89,1481.77468
0.39,41,1482.186464
0.31,49,1482.671767
-0.01,51,1483.17987
-0.51,91,1484.007023
0.83,27,1484.24512
-0.28,68,1484.837006
0.65,35,1485.18148
-2.76,86,1485.938768
0.18,52,1486.441993
-0.15,65,1487.139091
0.63,37,1487.546348
0.51,39,1487.962518
-0.65,115,1489.204865
-0.06,56,1489.80226
-0.4,110,1490.805831
-0.0,50,1491.244625
0.5,50,1491.755994
-0.7,100,1492.826086
-1.2,130,1494.010244
-0.37,57,1494.539904
-1.45,75,1495.285093
-0.88,128,1496.609288
0.47,53,1497.114602
-0.49,79,1497.923355
-1.2,100,1498.939219
0.58,32,1499.248579
-0.32,62,1499.868675
0.31,59,1500.391551
-1.29,139,1501.619493
-0.18,98,1502.533529
-0.55,65,1503.162108
-2.1,110,1504.249622
-1.6,130,1505.45219
-0.86,106,1506.411592
0.34,46,1506.837125
-1.89,119,1507.935795
-0.1,70,1508.607258
-1.66,96,1509.581021
0.3,40,1509.994674
-1.48,78,1510.791285
0.37,53,1511.270417
-2.0,80,1511.980535
-1.58,88,1512.789099
-4.61,161,1514.298448
-0.52,132,1515.592615
-0.09,89,1516.447263
0.01,59,1516.968582
-0.41,121,1518.029417
-0.64,104,1518.959881
0.54,26,1519.189702
-0.89,59,1519.73214
-0.58,118,1520.751999
-0.23,113,1521.76744
0.21,69,1522.415907
-1.18,88,1523.238156
-0.34,104,1524.268673
-1.17,77,1525.029602
-1.18,158,1526.537606
-0.08,78,1527.303658
0.65,25,1527.547808
-0.31,101,1528.539946
-0.56,116,1529.661904
-1.56,196,1531.539074
-1.23,173,1533.093093
-0.67,117,1534.183191
-2.29,129,1535.344637
0.77,23,1535.54962
0.49,51,1536.041375
-0.47,107,1537.020724
-0.32,102,1537.940961
0.7,30,1538.211478
-0.75,145,1539.563736
0.41,49,1540.058363
-0.18,88,1540.940965
-1.34,74,1541.692764
-1.89,99,1542.669642
-0.58,88,1543.56861
0.03,77,1544.350548
0.54,36,1544.707605
-2.35,135,1546.028999
-0.42,82,1546.814039
-0.08,78,1547.535891
-4.12,352,1551.281861
-0.76,126,1552.717734
-0.85,125,1554.094246
0.75,35,1554.494649
0.81,29,1554.811733
0.65,25,1555.089912
0.54,56,1555.699071
-1.47,97,1556.737406
-0.2,90,1557.655249
-2.06,96,1558.583166
-3.12,182,1560.404806
0.72,38,1560.775016
0.16,64,1561.385691
-0.17,97,1562.361593
-2.51,121,1563.764324
-1.47,167,1565.668522
0.61,29,1565.970041
-0.93,143,1567.416085
-2.11,171,1569.223337
-1.39,179,1571.174699
-0.52,102,1572.403908
-1.87,97,1573.547812
0.37,43,1574.013983
0.71,29,1574.347383
0.59,31,1574.708926
0.39,61,1575.338181
-1.77,177,1577.186374
-3.43,373,1581.123899
-0.24,104,1582.205988
-0.99,89,1583.150044
0.11,59,1583.753882
-0.73,143,1585.208804
0.14,66,1585.872646
0.46,54,1586.432115
-1.39,109,1587.480564
-0.19,79,1588.267018
-1.11,121,1589.507169
-89.1,1000,1599.256849
-2.46,256,1601.937423
0.65,45,1602.431507
-1.66,166,1604.087589
0.61,29,1604.388537
0.66,24,1604.627875
-4.72,382,1608.334628
0.81,29,1608.633171
0.51,29,1608.89709
-3.68,348,1612.44252
-0.51,51,1613.068108
-5.03,433,1617.331688
-1.55,145,1618.738614
-0.16,106,1619.802764
-0.1,70,1620.491183
-1.76,176,1622.28551
0.68,22,1622.501491
-0.87,107,1623.519939
0.38,62,1624.171134
0.14,56,1624.686163
-0.97,127,1625.92511
-0.47,117,1627.100853
-4.35,405,1631.02115
-0.23,83,1631.867466
0.54,26,1632.114019
-0.2,100,1633.145205
0.05,75,1633.897737
0.82,18,1634.081637
-4.37,367,1637.756293
0.68,32,1638.08811
-8.08,668,1644.524186
-1.94,214,1646.659355
-0.0,50,1647.164647
0.21,29,1647.457718
-0.92,152,1648.986041
0.65,25,1649.233578
0.63,37,1649.602487
0.28,52,1650.119627
-82.9,1000,1660.290007
-14.41,201,1662.325914
-7.78,198,1664.364816
0.91,19,1664.570395
0.9,20,1664.779662
-1.02,72,1665.514308
-1.24,144,1666.878927
0.47,53,1667.38652
0.54,36,1667.718763
0.82,18,1667.90257
-1.29,169,1669.515196
0.07,83,1670.304791
-0.41,51,1670.769926
0.05,85,1671.678647
0.68,32,1672.054642
0.5,50,1672.611655
-4.8,350,1676.229244
0.75,25,1676.502403
-5.0,270,1679.196537
0.1,50,1679.720911
-0.52,102,1680.74433
0.19,41,1681.162171
-1.54,194,1683.077481
0.86,24,1683.298271
-0.15,115,1684.513504
-1.22,132,1685.912411
0.05,65,1686.582184
-0.37,107,1687.693469
-0.53,93,1688.614381
-1.16,116,1689.775565
-5.35,95,1690.71082
0.73,27,1691.00493
-2.48,268,1693.735402
-3.34,314,1696.793209
-0.14,94,1697.740043
0.72,28,1697.998657
-3.66,156,1699.49855
0.55,25,1699.75498
-0.85,125,1700.999655
0.51,39,1701.389944
-0.09,109,1702.461424
-2.06,206,1704.560527
-2.23,83,1705.423279
-0.33,113,1706.585616
0.65,35,1706.94873
-0.63,93,1707.885968
0.04,46,1708.314222
0.88,22,1708.539985
-5.23,363,1712.049452
-1.58,168,1713.714985
-0.1,80,1714.547435
0.76,24,1714.804626
-0.87,87,1715.742459
-5.06,456,1720.336661
-2.42,232,1722.787188
-0.77,137,1724.113563
-0.35,115,1725.260754
-0.57,97,1726.227567
0.15,55,1726.828223
-0.48,108,1727.953408
-0.26,76,1728.727584
-0.31,121,1729.938075
0.67,23,1730.151374
0.55,45,1730.635079
0.5,30,1730.960328
0.05,85,1731.893616
-0.37,87,1732.871893
0.09,51,1733.40603
-2.07,217,1735.683965
0.11,49,1736.160064
0.86,24,1736.40602
-0.39,99,1737.473825
-1.53,173,1739.236535
-0.79,119,1740.392033
0.59,51,1740.868688
-0.16,66,1741.509742
0.25,75,1742.240638
0.64,46,1742.665754
0.65,25,1742.913338
0.18,82,1743.785584
-0.4,120,1744.955052
-0.2,100,1745.895159
0.22,78,1746.63214
0.23,67,1747.279629
-0.07,47,1747.731016
0.32,68,1748.338499
0.36,64,1748.910584
0.22,58,1749.43913
-0.61,131,1750.711579
-0.43,93,1751.61929
0.4,50,1752.073726
-2.44,204,1754.124051
0.37,53,1754.675341
0.35,55,1755.253151
0.51,39,1755.638944
-0.78,108,1756.68628
0.41,49,1757.200309
0.58,32,1757.564216
0.29,71,1758.234837
-0.33,83,1759.059369
-2.52,252,1761.627161
0.05,55,1762.153669
0.28,42,1762.574252
-0.05,95,1763.554446
-0.11,101,1764.527959
-0.52,122,1765.66588
-0.36,76,1766.43839
0.59,31,1766.754357
-0.61,131,1768.101387
0.03,77,1768.868369
-2.13,233,1771.229397
0.32,68,1771.930325
0.05,65,1772.571428
-2.87,157,1774.122874
-0.68,148,1775.47886
-0.99,179,1777.199276
-1.34,184,1779.015127
-0.09,99,1779.956342
0.78,32,1780.260708
-0.01,81,1781.061356
0.29,41,1781.481235
0.57,33,1781.807388
-3.59,329,1784.89711
0.77,33,1785.232226
0.26,64,1785.846825
-0.34,104,1786.855919
-0.83,173,1788.614797
0.4,60,1789.220577
0.68,32,1789.530462
0.67,33,1789.85417
-0.73,153,1791.375027
-0.81,131,1792.905546
0.44,66,1793.59552
-2.79,169,1795.246433
0.03,47,1795.686954
-0.06,66,1796.299241
-2.22,272,1798.977418
0.3,30,1799.278604
-1.12,162,1800.728207
0.57,43,1801.126001
-0.46,86,1801.888108
0.81,29,1802.151437
-0.88,128,1803.401644
-0.47,77,1804.215139
0.52,38,1804.619315
0.45,55,1805.167171
-0.24,94,1806.108126
-0.63,113,1807.153267
0.84,16,1807.305385
-0.15,95,1808.2363
-0.06,116,1809.432954
0.01,49,1809.935082
0.86,24,1810.169978
-0.4,80,1810.974677
-0.33,83,1811.794654
-0.6,90,1812.680208
0.73,27,1812.948347
0.46,34,1813.293258
0.22,68,1813.97689
0.39,51,1814.486006
-0.28,108,1815.577333
0.45,45,1816.01752
0.59,41,1816.42275
0.55,35,1816.765382
0.41,39,1817.149193
-0.05,45,1817.610824
-0.5,70,1818.313594
0.43,47,1818.779821
0.7,40,1819.184558
0.27,53,1819.702261
0.58,42,1820.101349
0.7,30,1820.399977
0.61,29,1820.66753
0.45,35,1820.986461
-0.18,98,1821.90799
-0.26,86,1822.712034
-0.4,90,1823.573209
0.56,44,1823.9974
0.07,53,1824.469798
-1.37,147,1825.933484
-0.54,84,1826.76496
0.19,41,1827.191372
-0.26,86,1827.951712
0.81,29,1828.230415
-0.8,150,1829.776404
-0.92,112,1830.912338
-3.08,298,1833.803823
0.61,39,1834.185683
0.25,45,1834.583197
0.46,34,1834.881847
-0.21,71,1835.576513
-0.23,73,1836.290509
-0.24,84,1837.130479
0.68,32,1837.441376
0.44,36,1837.781243
-0.26,86,1838.585018
-1.02,112,1839.728066
-3.33,273,1842.387245
-89.0,1000,1851.844021
0.27,33,1852.216127
0.58,32,1852.543203
-1.91,141,1853.944604
-2.31,241,1856.256261
-1.42,192,1858.051871
-0.47,47,1858.478782
-0.08,48,1858.922696
-0.42,62,1859.509268
-0.98,118,1860.627134
0.49,41,1861.000523
-2.45,165,1862.643215
-0.12,72,1863.383137
0.03,87,1864.185468
0.59,31,1864.47418
0.73,27,1864.720391
-0.58,48,1865.154819
0.11,49,1865.601674
-0.3,40,1865.980735
0.61,39,1866.35574
0.82,28,1866.598461
0.64,26,1866.830592
0.7,30,1867.093034
-2.36,166,1868.581008
0.49,51,1869.066958
0.39,51,1869.571485
-0.7,60,1870.178663
0.09,51,1870.664552
-0.39,59,1871.187981
0.62,38,1871.535907
0.81,29,1871.80991
-0.05,45,1872.25868
-0.01,51,1872.754056
0.63,37,1873.125539
-0.15,45,1873.572016
-0.11,71,1874.266611
-0.28,58,1874.83197
0.2,40,1875.210932
-0.91,101,1876.171406
-1.55,145,1877.489854
-1.19,109,1878.439374
0.12,48,1878.847847
-0.72,92,1879.658274
0.19,81,1880.449209
0.3,40,1880.85225
-0.24,84,1881.646428
-0.65,125,1882.801034
0.14,56,1883.329956
0.25,65,1883.913112
-0.44,84,1884.689067
0.29,41,1885.041688
-0.26,66,1885.66662
0.15,55,1886.146263
-0.45,85,1886.96533
0.23,57,1887.497709
-0.33,93,1888.337669
-0.12,102,1889.362362
-0.56,86,1890.211992
-0.62,72,1890.941493
0.2,70,1891.569955
0.4,30,1891.83314
0.23,67,1892.474779
-1.61,151,1893.974652
-0.48,88,1894.839315
-0.86,106,1895.893007
-0.57,107,1896.942839
-3.98,268,1899.428306
-0.32,92,1900.282106
0.03,77,1901.022907
0.17,73,1901.725585
0.19,71,1902.421854
0.7,30,1902.723582
0.31,59,1903.32865
-0.05,65,1903.947457
0.09,41,1904.330799
0.57,43,1904.729707
-0.45,95,1905.639703
-1.45,155,1907.150926
-2.38,218,1909.390548
0.49,41,1909.820427
0.09,71,1910.509974
0.42,38,1910.881396
0.01,49,1911.343043
-1.13,173,1913.05793
0.22,68,1913.687061
0.09,61,1914.27375
0.53,37,1914.629798
-2.08,68,1915.260591
0.78,22,1915.469709
0.3,50,1915.971046
-0.12,102,1916.926732
-0.56,106,1917.898454
-1.24,134,1919.197062
-0.06,76,1919.941438
-0.57,127,1921.142472
0.05,85,1921.914714
0.4,50,1922.394864
-0.3,100,1923.344117
0.29,51,1923.86132
0.47,53,1924.371367
0.36,64,1924.990078
0.46,54,1925.478192
0.2,60,1926.029979
0.7,40,1926.375853
0.54,26,1926.629706
0.61,29,1926.918709
-0.24,114,1928.028719
0.15,65,1928.661972
-0.77,97,1929.603719
-0.14,104,1930.57931
0.02,48,1931.053259
-0.45,115,1932.172711
-0.3,100,1933.176506
-3.77,347,1936.412555
-0.29,69,1937.078157
0.37,33,1937.394608
0.7,30,1937.665347
0.66,24,1937.881956
-0.93,133,1939.178334
0.34,46,1939.634496
0.25,75,1940.328981
-5.83,153,1941.811826
-0.2,100,1942.782456
0.73,27,1943.041135
0.87,23,1943.240165
0.07,53,1943.750423
-0.36,116,1944.898983
0.9,20,1945.104464
0.64,36,1945.470228
-0.58,108,1946.525363
0.25,35,1946.88264
0.63,37,1947.234386
0.57,43,1947.667484
0.14,66,1948.272038
-0.38,128,1949.492701
-0.26,106,1950.440194
0.17,43,1950.816763
-0.11,71,1951.470044
-1.32,172,1953.036698
-0.39,139,1954.336657
-1.21,161,1955.904394
0.39,51,1956.398186
0.78,32,1956.734121
0.14,66,1957.364028
-0.24,64,1957.940332
0.59,31,1958.22147
-0.08,58,1958.728759
0.39,51,1959.237606
0.62,18,1959.411391
-0.96,146,1960.822063
-0.42,112,1961.830484
0.3,40,1962.21826
0.28,62,1962.836992
0.23,67,1963.473761
0.31,49,1964.001574
0.78,32,1964.317127
0.84,26,1964.570149
0.74,26,1964.811268
0.79,21,1965.004566
0.39,31,1965.31205
0.62,38,1965.68974
0.38,42,1966.086753
-1.02,112,1967.138926
0.6,30,1967.44167
-0.06,46,1967.890326
-0.56,96,1968.815982
0.01,69,1969.509012
-0.27,67,1970.151697
0.06,54,1970.662147
0.18,32,1970.942832
-0.19,59,1971.450121
0.31,39,1971.815732
0.33,27,1972.096708
-0.43,73,1972.819438
0.66,24,1973.04923
0.55,35,1973.391588
0.27,43,1973.811758
-0.64,94,1974.737473
0.7,40,1975.12641
0.25,35,1975.442789
0.35,65,1976.049896
0.67,33,1976.362638
-4.44,74,1977.065001
1.0,10,1977.164414
-0.22,62,1977.748905
-0.46,76,1978.491422
-0.71,121,1979.661603
0.29,41,1980.05144
-0.72,92,1980.911504
0.89,11,1981.016464
-13.92,212,1982.99265
-2.62,92,1983.866229
0.23,37,1984.235774
-12.48,238,1986.529051
0.36,44,1986.945223
-0.33,63,1987.564023
-3.45,105,1988.578161
-0.18,68,1989.237321
0.86,14,1989.374145
-0.2,90,1990.245497
0.36,24,1990.485528
0.88,22,1990.700852
-6.15,125,1991.929734
0.32,28,1992.177724
-0.13,83,1992.962541
-6.71,141,1994.227193
-6.35,125,1995.450634
0.4,30,1995.752517
-3.66,76,1996.464574
-0.87,107,1997.44399
-0.77,87,1998.278061
0.63,37,1998.643498
-0.21,71,1999.35426
0.37,33,1999.680459
0.05,45,2000.113882
0.51,39,2000.467049
0.19,71,2001.155021
0.58,32,2001.456861
-0.91,111,2002.536358
-0.39,69,2003.210046
0.12,58,2003.714716
-4.38,158,2005.155493
0.16,44,2005.541316
-3.31,71,2006.154307
-0.75,85,2006.90196
0.18,52,2007.377512
0.06,64,2008.001374
0.11,59,2008.58915
0.71,29,2008.876912
-0.09,49,2009.353337
0.49,41,2009.769445
0.5,30,2010.065579
0.26,44,2010.499743
-1.46,156,2011.862393
-0.15,75,2012.509293
0.11,79,2013.254978
0.22,38,2013.61376
-0.09,49,2014.071322
-1.48,138,2015.356605
-0.92,132,2016.606273
-0.45,75,2017.329656
-1.13,103,2018.32035
0.36,44,2018.79694
-0.19,49,2019.282014
0.28,42,2019.686149
-0.44,64,2020.31112
-1.03,173,2021.986822
0.01,49,2022.484882
-0.66,66,2023.147564
-0.04,54,2023.657228
0.53,37,2024.04408
0.51,29,2024.322294
0.11,59,2024.855682
-0.59,69,2025.48158
0.06,44,2025.904089
0.42,38,2026.309186
0.23,57,2026.874608
0.56,24,2027.089993
0.56,34,2027.395659
0.56,24,2027.621933
0.01,59,2028.205743
0.22,28,2028.481826
0.43,37,2028.847299
0.35,55,2029.380395
-0.62,72,2030.065945
0.72,28,2030.347196
0.56,14,2030.494048
-1.05,115,2031.642009
-0.5,80,2032.532963
-1.04,154,2034.061403
-0.34,74,2034.806082
0.66,34,2035.117446
-0.18,48,2035.614941
0.14,76,2036.367417
-0.99,139,2037.601308
-0.15,75,2038.297498
0.64,36,2038.643144
0.6,40,2039.032057
0.18,32,2039.33199
0.26,44,2039.740702
-0.63,93,2040.59123
-0.33,73,2041.223768
0.86,14,2041.350133
-0.19,59,2041.893752
0.06,44,2042.322263
-1.08,148,2043.699849
-0.0,60,2044.242715
-0.72,112,2045.222561
0.41,39,2045.587905
-0.2,90,2046.395654
-2.15,225,2048.390925
-1.71,201,2050.197693
-0.26,96,2051.081785
0.56,44,2051.476104
-0.01,71,2052.180355
0.65,35,2052.538842
-1.38,218,2054.618452
-0.04,64,2055.26098
0.04,86,2056.01982
-0.05,85,2056.765244
0.11,69,2057.487122
0.26,54,2057.956862
0.15,65,2058.63963
-0.97,157,2060.234375
-2.45,205,2062.218753
-1.03,143,2063.638725
0.33,67,2064.281477
0.23,47,2064.750476
-0.41,111,2065.844196
0.71,19,2066.034369
-0.73,123,2067.228714
-0.67,137,2068.576814
-0.41,141,2069.995342
0.72,38,2070.365268
-1.49,199,2072.288445
0.25,45,2072.706575
0.42,28,2072.97096
-0.2,90,2073.76967
-0.26,96,2074.619412
-4.33,453,2078.730224
-0.59,149,2080.197168
0.06,74,2080.888222
0.76,34,2081.208801
-0.63,93,2082.105703
-1.31,171,2083.721144
-2.43,223,2085.984097
-0.74,154,2087.414698
0.7,20,2087.595845
-0.14,94,2088.515349
-0.28,98,2089.502601
-1.2,60,2090.084793
-0.34,94,2090.97492
-0.81,181,2092.656953
0.51,49,2093.189075
0.51,29,2093.452691
-2.44,244,2095.810755
0.55,35,2096.149737
0.75,25,2096.394674
0.49,61,2096.986539
0.52,38,2097.330879
-90.1,1000,2106.88169
-0.17,77,2107.631876
-0.91,131,2108.838329
0.12,58,2109.47732
-0.24,104,2110.549679
-94.4,1000,2120.486161
-0.58,88,2121.377765
-85.3,1000,2131.449696
-0.56,86,2132.323022
0.4,60,2132.880144
0.34,76,2133.572718
-0.98,138,2134.908153
-91.6,1000,2144.846252
-94.9,1000,2155.495084
-1.17,117,2156.782651
-0.04,84,2157.747641
0.46,34,2158.101142
0.35,65,2158.697991
0.61,29,2159.006437
0.36,34,2159.340266
-0.06,106,2160.499532
-97.6,1000,2171.588829
-0.51,141,2173.203149
0.65,25,2173.537577
0.67,23,2173.845549
-4.67,137,2175.371554
0.66,44,2175.810126
-4.05,105,2176.989786
0.54,36,2177.416877
-2.87,117,2178.671407
-4.8,170,2180.626747
0.54,36,2181.005719
-1.84,164,2182.686124
-2.4,120,2183.856467
0.79,31,2184.155762
0.42,38,2184.517107
0.14,36,2184.843657
0.74,26,2185.095972
-0.07,97,2186.049069
-5.46,146,2187.523377
-4.73,143,2188.999233
0.59,41,2189.446587
-4.4,210,2191.606338
-2.53,133,2192.895134
0.43,57,2193.448766
0.74,36,2193.809416
0.45,35,2194.169535
0.37,53,2194.6889
-0.08,68,2195.39664
0.67,33,2195.708795
-0.06,36,2196.078777
-9.77,227,2198.38862
-2.21,91,2199.246772
0.11,59,2199.798464
-0.91,121,2200.956574
-2.13,73,2201.692899
-2.83,103,2202.704409
-2.9,90,2203.604212
-2.55,115,2204.815488
-1.52,62,2205.484066
0.27,43,2205.932117
-0.79,89,2206.850884
-1.23,153,2208.440909
-2.56,196,2210.30019
0.18,52,2210.844599
0.69,41,2211.258188
-3.0,190,2213.200939
-1.99,89,2214.096383
0.69,21,2214.307139
-1.39,69,2214.961225
-0.89,129,2216.229805
-0.49,89,2217.115443
0.7,30,2217.388186
-2.13,113,2218.456444
0.25,45,2218.86892
-12.36,266,2221.519139
0.68,42,2221.964396
0.44,46,2222.439141
0.28,62,2223.126798
0.57,33,2223.521288
0.37,43,2223.928774
-2.97,147,2225.354872
0.09,61,2225.915514
-25.03,403,2229.819555
0.42,48,2230.313065
-2.54,164,2231.988492
-8.64,314,2235.234387
0.71,39,2235.623653
0.65,35,2235.944671
0.33,47,2236.418761
0.29,71,2237.12543
0.67,23,2237.359042
0.61,29,2237.642013
-1.27,177,2239.405072
-1.72,142,2240.942216
-95.5,1000,2250.92178
0.08,72,2251.707665
-0.85,85,2252.587918
0.26,54,2253.135106
-0.7,80,2253.996187
-0.48,128,2255.298677
-0.2,90,2256.260873
-0.26,106,2257.328116
-0.01,51,2257.803652
-3.13,213,2259.790732
-0.54,64,2260.463877
0.25,65,2261.082242
0.33,37,2261.449638
-0.05,85,2262.328531
0.4,60,2262.955782
-0.38,68,2263.663021
0.68,32,2263.994537
0.7,40,2264.406048
-1.28,98,2265.369059
-1.05,85,2266.116281
0.37,43,2266.494823
0.83,27,2266.729581
0.34,56,2267.22469
-0.06,96,2268.141964
0.73,37,2268.512763
0.57,33,2268.83135
0.58,52,2269.33178
-2.23,83,2270.140205
-0.27,97,2271.099764
-0.0,70,2271.837008
-2.38,68,2272.624485
0.62,38,2273.006503
0.34,36,2273.33241
-3.48,88,2274.21502
-2.11,81,2274.976146
0.67,43,2275.390083
0.08,62,2275.979164
0.22,48,2276.443284
-0.38,128,2277.654178
0.23,47,2278.096675
0.26,74,2278.830662
0.29,51,2279.327333
-1.52,142,2280.616419
-3.34,234,2282.844811
0.23,47,2283.307209
-0.48,98,2284.246678
0.84,26,2284.475524
0.65,45,2284.901849
-0.03,83,2285.620589
0.33,47,2286.03463
0.77,33,2286.341014
0.83,27,2286.619915
-1.87,207,2288.579231
0.2,50,2289.042726
0.41,39,2289.40959
0.35,35,2289.750465
0.38,62,2290.351419
0.22,58,2290.913232
-0.07,77,2291.662782
0.67,43,2292.08902
0.79,31,2292.39464
0.5,50,2292.888423
-3.93,313,2296.024001
-0.36,66,2296.67875
-0.54,84,2297.528129
0.53,37,2297.901162
0.76,24,2298.123934
0.49,31,2298.408815
0.53,37,2298.773393
-1.83,213,2300.666791
0.66,34,2300.977455
0.35,35,2301.280034
-0.94,104,2302.188735
0.48,42,2302.564057
-1.23,163,2304.131633
0.18,72,2304.7774
-3.99,359,2308.261762
-0.02,62,2308.852466
0.47,43,2309.271139
0.6,30,2309.562687
-0.07,57,2310.125751
0.74,26,2310.377833
0.46,54,2310.891181
-0.42,132,2312.234905
-0.55,95,2313.227624
-0.63,113,2314.415583
0.61,39,2314.824688
0.48,42,2315.223124
0.61,39,2315.610264
0.51,29,2315.897872
0.72,28,2316.160325
-1.86,206,2318.028809
-0.5,90,2318.816076
-0.28,68,2319.410594
-0.07,97,2320.321027
-1.57,177,2322.015697
0.04,66,2322.672671
-0.3,100,2323.666057
-0.33,93,2324.506399
-1.65,195,2326.237959
-0.07,47,2326.647792
0.62,38,2326.983899
0.44,56,2327.504119
0.5,50,2327.992486
-0.27,67,2328.670554
0.85,25,2328.92352
0.54,36,2329.272673
0.61,39,2329.66265
0.23,37,2330.024225
-0.72,62,2330.631652
0.05,45,2331.051797
0.73,27,2331.322074
0.12,48,2331.807504
0.31,69,2332.4752
-1.35,135,2333.845039
0.73,37,2334.217225
0.67,33,2334.548519
0.58,32,2334.851903
0.14,56,2335.407787
0.28,42,2335.84097
-0.81,81,2336.540686
0.7,30,2336.809629
-0.17,97,2337.720895
0.17,53,2338.27794
0.3,50,2338.720482
0.54,46,2339.132751
0.25,35,2339.485936
-0.08,88,2340.278611
-1.72,182,2342.019843
-0.76,126,2343.12141
0.69,41,2343.52365
0.67,33,2343.849241
0.29,51,2344.336612
0.24,56,2344.890292
0.25,65,2345.511682
0.14,46,2345.984077
0.75,25,2346.230059
0.37,43,2346.651278
0.66,24,2346.89145
-3.72,282,2349.485189
0.65,45,2349.920601
-0.55,115,2351.05927
0.38,32,2351.330245
0.06,54,2351.789428
0.62,48,2352.205151
0.67,33,2352.483578
-1.57,227,2354.581614
0.25,65,2355.210651
0.78,32,2355.535318
-0.63,113,2356.641416
-0.81,91,2357.500435
-1.26,106,2358.429245
-0.51,61,2358.991193
-1.66,186,2360.597769
0.72,18,2360.759842
-3.87,307,2363.558649
0.46,64,2364.142901
0.62,28,2364.420105
-0.0,60,2364.99296
0.07,73,2365.694609
0.04,66,2366.313858
-0.96,146,2367.673651
0.61,39,2368.072965
0.54,46,2368.480847
0.52,38,2368.805858
0.09,91,2369.613425
0.23,37,2369.948717
-0.51,121,2371.078715
-2.83,243,2373.429059
0.32,58,2373.985808
-0.32,102,2374.953938
-1.15,175,2376.576199
-2.59,159,2378.049177
0.6,30,2378.324561
0.58,42,2378.705876
-4.42,322,2381.760413
-1.32,172,2383.285809
0.65,35,2383.6229
0.42,58,2384.136121
-0.38,98,2384.990658
-0.58,108,2385.946909
-0.03,83,2386.693272
-1.27,137,2388.033124
-43.93,633,2394.211665
-0.84,134,2395.425619
0.61,39,2395.785353
-2.94,304,2398.67993
-1.65,205,2400.5744
-0.92,112,2401.66328
-0.19,99,2402.675265
-1.21,181,2404.391666
-0.48,118,2405.60177
-1.03,153,2407.20632
-2.57,237,2409.4741
0.87,23,2409.695917
-4.17,407,2413.735409
-1.02,42,2414.157572
0.43,47,2414.584765
-2.23,203,2416.551097
-2.59,299,2419.416196
-1.22,122,2420.563138
-1.6,160,2422.15383
-5.92,452,2426.762486
-1.94,224,2428.927107
0.46,64,2429.522263
-1.15,145,2430.971658
-1.63,213,2433.100937
-0.22,122,2434.261061
0.78,32,2434.582264
0.53,27,2434.841819
0.69,41,2435.240773
0.61,39,2435.637288
-0.73,153,2437.139428
-1.64,144,2438.579936
-0.2,80,2439.375128
-0.62,132,2440.654591
-0.06,76,2441.417181
-0.46,96,2442.32207
-4.25,285,2445.087022
-0.53,63,2445.688576
-3.34,234,2448.13915
-0.23,83,2448.988921
0.59,31,2449.296006
-4.55,465,2453.964743
0.22,88,2454.889116
-0.64,94,2455.835981
0.29,71,2456.517511
0.25,75,2457.254239
-0.52,122,2458.378902
0.6,40,2458.741334
-0.09,89,2459.582464
-4.94,304,2462.558016
-0.44,94,2463.556273
0.67,33,2463.886695
0.09,51,2464.375434
0.36,44,2464.813217
-0.67,137,2466.181238
-3.67,327,2469.231612
0.46,34,2469.563128
-0.75,135,2470.767039
0.51,49,2471.232334
-0.02,92,2472.100701
-23.32,382,2475.767075
-0.52,132,2476.967927
-0.46,126,2478.103918
-44.9,840,2486.098435
-1.99,209,2488.167099
-1.52,202,2490.301669
-67.02,712,2497.456844
-1.61,171,2499.296932
0.24,76,2500.059265
-2.87,237,2502.315039
0.25,45,2502.760814
-2.04,234,2505.15888
0.02,78,2505.983775
-2.14,174,2507.719347
-0.81,91,2508.603702
-6.78,408,2512.629327
0.78,22,2512.870893
-71.0,1000,2522.871134
0.74,36,2523.252716
0.34,46,2523.692831
0.62,38,2524.058654
0.18,82,2524.858919
-3.1,330,2527.987611
-0.24,84,2528.868423
-1.06,146,2530.43388
0.45,45,2530.915113
0.21,59,2531.509253
-2.3,160,2533.104478
0.61,29,2533.445707
-75.57,927,2542.900405
0.41,39,2543.311218
0.2,70,2544.02744
-2.11,241,2546.449953
-0.17,87,2547.328059
-1.2,160,2549.017588
0.49,41,2549.455825
-1.17,147,2550.969737
0.66,44,2551.417328
-16.58,428,2555.895739
-1.75,195,2557.946142
-4.14,334,2561.353927
-2.72,272,2564.191606
-0.35,75,2565.000374
0.35,35,2565.353898
0.34,36,2565.714896
0.29,51,2566.21011
-0.19,89,2567.113712
0.83,27,2567.371288
0.8,30,2567.691706
-15.9,1000,2577.988387
-13.01,741,2585.408061
-5.98,478,2590.448519
-1.82,202,2592.445171
-7.15,565,2598.290776
-0.24,104,2599.310502
-7.66,376,2602.961583
-6.21,361,2606.572649
-7.08,178,2608.309018
-0.54,44,2608.740295
-4.13,243,2611.332802
-1.69,149,2612.99932
0.31,39,2613.414809
-2.94,74,2614.148407
-4.64,284,2616.92994
0.53,37,2617.331449
-0.52,82,2618.212896
-1.07,127,2619.488536
-5.7,290,2622.419504
0.42,58,2622.999505
-10.82,502,2627.877653
-0.46,106,2629.040708
-2.52,132,2630.347074
-0.75,85,2631.195202
-3.37,217,2633.611185
-2.24,244,2636.218008
0.76,24,2636.473669
0.19,31,2636.80622
0.77,23,2637.041045
-1.63,193,2639.214107
-0.61,91,2640.134227
-0.21,51,2640.684081
0.43,37,2641.079322
0.75,35,2641.457556
0.25,45,2641.944168
-4.77,307,2645.161181
-0.29,49,2645.673801
-0.37,67,2646.311604
0.6,30,2646.621302
-0.67,127,2647.933933
0.21,59,2648.53483
-6.03,283,2651.488612
0.12,38,2651.875364
-0.15,45,2652.308742
-0.23,43,2652.726064
-1.84,104,2653.756529
-0.2,90,2654.639443
-2.37,127,2655.887844
0.67,33,2656.19447
-1.35,165,2657.857961
-1.97,237,2660.297948
-2.08,128,2661.610766
-3.2,240,2664.103623
-3.88,318,2667.401826
-1.98,198,2669.493793
-4.99,369,2673.413923
-7.56,396,2677.447622
-7.96,426,2681.681846
-5.87,267,2684.360854
-2.31,181,2686.309551
-2.62,192,2688.34589
0.11,79,2689.243664
-4.51,411,2693.591729
0.52,38,2693.960598
-1.68,218,2696.215764
-0.27,77,2696.996069
-1.0,100,2698.014359
-0.67,67,2698.697417
-9.08,558,2704.572693
-0.86,96,2705.588636
-8.06,406,2709.504069
-1.96,126,2710.869453
-1.93,253,2713.452423
-1.74,214,2715.711175
-5.77,457,2720.242695
0.19,31,2720.594399
-2.37,147,2722.005743
-1.3,50,2722.483327
-1.7,80,2723.315729
0.55,35,2723.698743
-3.7,130,2725.07855
0.12,58,2725.638115
-3.61,81,2726.467365
-0.21,81,2727.285511
-0.18,78,2727.99151
-6.22,302,2730.875445
-3.36,266,2733.455545
-11.9,190,2735.478389
-4.09,329,2738.771502
-81.4,1000,2749.105802
-2.97,77,2750.111181
0.64,26,2750.447298
-4.11,81,2751.377308
-2.7,260,2754.321915
-4.36,406,2758.551828
-0.9,90,2759.548074
-4.74,314,2763.172567
-6.47,317,2766.401512
0.54,46,2766.902244
-0.28,78,2767.741423
-7.85,585,2774.04544
-2.0,60,2774.630696
-2.74,134,2776.021222
-88.6,1000,2786.614661
-5.02,432,2791.258868
-4.13,203,2793.400562
-84.1,1000,2803.787258
-4.29,209,2806.000363
-6.08,108,2807.172333
-0.4,110,2808.262082
-35.03,423,2812.760518
-6.01,281,2815.660558
-2.02,252,2818.302897
-48.73,943,2828.092465
-6.61,421,2832.512518
-3.44,74,2833.279761
-5.13,393,2837.232325
-11.03,773,2845.23915
0.36,64,2845.878377
-1.32,182,2847.844454
-13.52,832,2856.651766
-5.57,217,2858.737702
-0.49,89,2859.631036
-3.12,202,2861.748257
-4.36,336,2865.289905
-3.9,380,2869.195503
-0.34,74,2870.051201
-1.66,166,2871.929611
-3.99,419,2876.293575
-2.98,178,2878.22894
0.56,24,2878.485004
-5.41,181,2880.256158
-0.79,129,2881.520431
-0.09,99,2882.472474
-36.94,654,2889.307538
0.08,42,2889.781588
0.47,33,2890.136109
-0.73,113,2891.345441
-0.21,71,2892.086007
-0.17,77,2892.931732
-2.72,172,2894.754352
-0.87,137,2896.347136
0.52,38,2896.767758
0.35,55,2897.380609
0.63,37,2897.736084
-0.66,116,2898.882857
0.37,43,2899.296081
-2.2,200,2901.324271
-3.22,322,2904.748363
0.24,36,2905.14418
-2.78,278,2908.185242
-1.08,128,2909.573199
0.16,54,2910.170205
0.68,32,2910.526963
0.35,45,2911.023832
-0.58,78,2911.883404
0.55,35,2912.280374
0.26,64,2912.980615
0.05,65,2913.677345
0.17,73,2914.455537
-3.66,296,2917.443815
0.16,64,2918.097652
0.58,32,2918.432678
0.13,77,2919.290106
-0.91,121,2920.547531
-0.46,106,2921.628898
-0.27,87,2922.512696
-0.11,71,2923.288033
-0.9,180,2925.068144
0.23,37,2925.439186
0.35,55,2925.988628
0.7,30,2926.307901
0.42,38,2926.740184
0.38,42,2927.197324
-0.23,73,2928.005765
-0.81,121,2929.359975
-0.12,72,2930.130986
-0.63,113,2931.289457
-1.71,151,2932.857613
0.3,40,2933.243287
0.22,48,2933.741856
-1.7,200,2935.841098
-0.42,92,2936.815428
-98.8,1000,2946.857596
-2.72,102,2947.87477
-1.67,167,2949.461242
-0.27,77,2950.247777
0.53,37,2950.657229
-1.63,213,2952.912024
0.29,41,2953.352708
0.33,47,2953.860401
-0.22,82,2954.67713
-0.03,83,2955.569535
-1.46,176,2957.396073
0.34,36,2957.77531
-6.34,314,2960.94445
-9.33,373,2964.621189
-0.45,95,2965.612171
-0.64,104,2966.702192
-2.26,156,2968.348988
0.36,74,2969.087116
-0.86,126,2970.287195
-1.16,126,2971.522367
0.33,37,2971.880379
-9.74,534,2977.341674
-5.02,452,2981.845658
-0.2,120,2983.109316
-0.23,103,2984.271909
-1.06,176,2986.101147
0.74,26,2986.369463
-1.24,154,2987.955088
-3.01,291,2990.823817
-4.09,249,2993.521079
-0.1,60,2994.081012
-2.04,184,2995.85338
-1.75,165,2997.488601
-1.34,174,2999.166898
-0.05,55,2999.687711
-2.8,290,3002.543248
-0.36,66,3003.187717
-0.18,58,3003.747578
-5.12,452,3008.040916
-1.01,131,3009.39712
-0.23,93,3010.35898
-2.11,191,3012.233464
-3.05,225,3014.563468
-0.86,96,3015.545489
-2.93,113,3016.633457
-0.9,120,3017.755757
0.7,30,3018.061988
-1.57,207,3019.945714
-0.06,56,3020.471841
-2.46,206,3022.528866
0.14,66,3023.228573
-1.22,72,3023.975268
-1.43,183,3025.841345
-1.69,209,3027.851787
-0.11,81,3028.653549
-1.42,162,3030.313503
0.4,60,3030.869455
-5.12,482,3035.844785
-2.24,204,3037.894351
-2.79,219,3040.057673
-1.21,111,3041.151554
-0.42,62,3041.736795
-0.34,104,3042.777622
-3.04,244,3045.073407
0.5,60,3045.685785
0.39,61,3046.296604
-1.87,177,3047.938014
0.55,55,3048.557478
-1.17,107,3049.68751
0.53,47,3050.20284
0.58,32,3050.527517
0.6,30,3050.832549
-0.6,120,3051.973653
0.33,57,3052.480321
-0.49,89,3053.369743
0.12,78,3054.114953
-0.02,62,3054.679615
0.38,52,3055.164923
0.67,33,3055.480766
-5.01,461,3059.872631
-1.2,170,3061.476239
0.37,43,3061.888765
-0.1,100,3062.900286
-0.91,121,3064.127642
-1.92,222,3066.375443
-2.41,301,3069.449186
-0.39,109,3070.491607
0.05,65,3071.132038
-3.35,265,3073.794827
-1.86,226,3076.07697
-2.42,252,3078.711935
0.06,84,3079.546178
-1.14,164,3081.120797
-2.02,212,3083.200856
-1.52,182,3085.093093
-0.09,79,3085.897648
-0.3,70,3086.625426
-1.46,136,3087.871134
-1.93,203,3089.757193
0.01,79,3090.538612
-6.52,482,3095.281273
-3.21,281,3098.016728
-2.44,214,3100.163317
-1.31,201,3102.069225
-3.15,225,3104.128435
-5.03,463,3108.769107
0.4,60,3109.405347
-1.64,234,3111.733759
0.73,27,3112.057607
-3.34,384,3115.987183
-4.49,439,3120.345643
-6.41,571,3125.953773
0.73,37,3126.343628
-6.92,532,3131.883603
-7.74,614,3138.111693
-1.7,210,3140.318958
-2.45,165,3142.134927
-13.3,1000,3152.068914
-7.51,461,3156.671704
-2.63,213,3158.843382
-90.6,1000,3169.024202
-12.12,922,3178.732945
-2.33,233,3181.154576
-0.16,96,3182.114888
-0.16,96,3183.143174
-0.73,123,3184.418499
-1.29,189,3186.380793
-4.72,452,3190.971431
0.18,62,3191.676785
-25.02,652,3198.11569
-1.47,167,3199.818465
0.79,31,3200.145216
-4.03,283,3203.003386
-4.37,247,3205.688451
-0.84,94,3206.704537
-2.38,178,3208.616006
-3.34,254,3211.198673
-2.33,203,3213.337326
-4.65,385,3217.349828
0.79,31,3217.685963
-2.69,199,3219.73611
0.66,44,3220.210722
-5.99,249,3222.732492
0.69,41,3223.228606
-0.25,75,3223.96618
-0.53,63,3224.663163
-0.08,88,3225.645164
-0.83,113,3226.853032
0.46,44,3227.32851
-1.24,104,3228.311851
0.41,39,3228.683458
-1.05,105,3229.720166
0.07,63,3230.338964
-1.34,164,3232.117072
-1.12,122,3233.50204
-1.41,131,3234.972759
-0.92,112,3236.17115
-3.41,161,3237.899716
-2.08,188,3239.98986
-1.28,58,3240.623158
-7.32,322,3244.053858
-6.73,313,3247.362637
0.44,36,3247.73229
-0.28,58,3248.362544
-0.67,117,3249.645425
0.61,29,3249.964783
0.16,44,3250.425608
-1.46,86,3251.320018
-2.74,304,3254.416351
0.77,23,3254.660023
0.55,45,3255.120969
-0.45,105,3256.2224
-1.82,112,3257.410162
-8.04,604,3263.440245
-1.86,106,3264.596381
-1.22,92,3265.643197
0.24,46,3266.126771
0.11,49,3266.653286
0.46,24,3266.877389
-1.71,91,3267.75801
-3.25,155,3269.217095
-0.07,57,3269.757941
-0.45,105,3270.751231
-2.1,90,3271.684031
-5.3,250,3274.31218
-4.6,170,3276.015428
-12.56,476,3280.961883
-36.25,515,3286.363759
-2.02,142,3287.814045
-7.12,242,3290.366281
-1.79,119,3291.664992
-0.44,64,3292.367886
0.35,45,3292.855673
-2.84,154,3294.476536
-0.66,76,3295.279044
-1.1,80,3296.164329
-6.0,200,3298.297362
-1.2,120,3299.516409
-2.49,109,3300.567459
-1.12,152,3302.013309
0.52,38,3302.379096
-6.23,183,3304.168373
-3.92,202,3306.270185
-0.72,62,3306.941268
-14.75,205,3309.122811
-8.23,283,3311.98864
-0.42,92,3312.976363
-13.93,463,3317.820245
0.47,43,3318.277091
-0.21,61,3318.919109
-3.67,197,3320.899449
-1.45,105,3321.923217
-4.93,143,3323.435786
-0.28,78,3324.254045
0.17,73,3325.013051
-1.76,146,3326.523934
-1.95,115,3327.6376
-1.14,124,3328.93345
-0.35,85,3329.785162
-2.27,137,3331.220973
-0.21,71,3331.85236
0.07,63,3332.441836
-0.16,56,3332.945002
-3.62,122,3334.122199
-1.89,149,3335.60072
-1.71,61,3336.24065
-3.83,223,3338.541536
-4.96,136,3339.957286
-1.35,115,3341.066107
-1.29,139,3342.472402
-1.47,117,3343.579389
0.69,31,3343.865336
0.38,42,3344.293417
-1.43,133,3345.609412
-0.45,115,3346.759426
-0.96,96,3347.708619
0.57,43,3348.131067
0.86,14,3348.298773
0.16,84,3349.20268
-0.13,73,3350.044678
-0.51,121,3351.378339
-0.21,61,3352.077244
-1.06,76,3352.936979
-0.67,97,3353.948624
-0.11,71,3354.692132
-2.66,106,3355.85797
-1.74,204,3358.10852
-2.42,212,3360.448158
-0.78,68,3361.108211
-2.04,114,3362.129402
-0.47,77,3362.862678
0.5,30,3363.183156
0.4,60,3363.765281
-2.01,171,3365.541786
0.08,92,3366.474176
0.51,39,3366.912414
-2.2,270,3369.518816
-0.19,69,3370.210704
-0.32,122,3371.559134
0.55,45,3372.098663
-1.05,125,3373.48197
-1.06,126,3374.70967
-1.12,152,3376.263936
0.25,45,3376.733884
0.34,46,3377.258863
-1.07,167,3379.175045
0.77,33,3379.559242
0.85,25,3379.842259
-1.21,111,3381.108959
-2.19,209,3383.19822
-1.62,162,3384.798431
-1.75,235,3387.087776
0.67,33,3387.409389
-3.28,328,3390.589067
-0.41,91,3391.577369
-0.24,74,3392.299234
-0.42,92,3393.191165
0.36,54,3393.735857
0.69,31,3394.038591
-0.39,79,3394.76868
0.05,85,3395.531461
-83.6,1000,3405.30044
-1.64,174,3407.086759
0.4,60,3407.692235
-1.07,97,3408.67635
-1.38,128,3409.989484
0.43,57,3410.55099
-0.05,75,3411.304039
-1.38,138,3412.697802
0.39,41,3413.067853
-0.4,60,3413.652811
-0.73,123,3414.807641
0.33,57,3415.363501
-1.2,100,3416.327811
-0.05,65,3416.93208
0.35,45,3417.414953
-0.22,102,3418.393288
-0.38,138,3419.718152
-1.96,226,3421.805782
-2.44,234,3424.112701
0.07,83,3424.939613
-0.77,97,3425.825933
-0.43,83,3426.575535
-1.1,120,3427.639376
-0.78,128,3428.862414
-0.79,119,3430.015793
0.34,46,3430.451196
-3.3,330,3433.630306
0.75,35,3433.976444
-0.84,164,3435.533411
0.09,71,3436.244727
-0.26,56,3436.821344
-0.83,123,3437.959556
-0.26,86,3438.762918
-0.15,95,3439.63127
0.39,61,3440.228738
0.26,44,3440.659342
-0.27,97,3441.6415
-0.6,120,3442.810286
-0.16,76,3443.6109
0.08,72,3444.315943
-0.78,108,3445.381649
0.32,58,3445.959135
-0.66,106,3447.026301
-0.06,106,3448.063299
-0.09,79,3448.866244
0.34,46,3449.350191
-0.3,90,3450.264864
0.26,34,3450.602039
0.47,43,3451.037344
0.16,54,3451.562281
-47.59,549,3456.977243
-26.87,407,3461.010476
-0.63,93,3461.856854
0.08,62,3462.396076
0.19,31,3462.69073
-0.33,63,3463.246631
-0.77,107,3464.233006
-0.48,88,3465.109379
0.63,37,3465.487085
0.45,35,3465.827748
-1.01,181,3467.596621
0.77,33,3467.931197
-0.79,109,3469.012532
0.73,27,3469.282131
-0.15,85,3470.106662
-1.67,157,3471.63694
-0.37,107,3472.761336
0.33,27,3473.024777
0.33,47,3473.512906
0.73,27,3473.776973
0.51,49,3474.258301
-3.77,187,3476.122024
-3.65,255,3478.512895
0.23,57,3479.064041
0.37,43,3479.479027
-0.2,60,3480.057827
0.66,34,3480.393842
-0.56,66,3481.028156
0.26,74,3481.73545
-4.37,207,3483.667845
-0.11,61,3484.26899
-0.33,93,3485.125606
-0.05,55,3485.627614
-2.27,257,3488.09749
0.18,32,3488.385358
-1.1,130,3489.637396
-0.32,122,3490.784914
-0.51,81,3491.559389
0.45,55,3492.082893
-5.02,312,3495.057405
-1.55,145,3496.487393
-0.93,103,3497.51675
-2.4,190,3499.373411
-5.22,382,3503.095174
-1.39,139,3504.507106
-1.83,173,3506.232648
-3.24,284,3508.737165
-4.72,342,3512.172487
-2.36,226,3514.376254
-2.99,289,3517.140441
-1.04,74,3517.902573
0.26,54,3518.441768
-3.36,356,3521.813452
-3.2,90,3522.702323
-2.12,222,3524.891719
-0.61,71,3525.582241
0.94,16,3525.735645
-3.41,231,3527.88517
-13.51,881,3536.37399
-0.32,112,3537.458539
-14.4,1000,3546.996972
-13.89,899,3555.491752
-1.76,186,3557.353709
0.15,75,3558.092144
-12.98,968,3567.298623
-0.24,84,3568.147038
-13.1,1000,3578.051588
-16.2,1000,3587.946631
-13.3,1000,3597.793404
-8.36,686,3604.64255
-0.96,86,3605.546113
-6.35,555,3611.196919
-5.51,371,3614.795099
-5.29,329,3617.973585
-5.68,348,3621.67993
-1.05,125,3623.026053
-8.44,594,3629.074881
-0.03,63,3629.734565
-0.13,73,3630.413451
-5.9,400,3634.281273
-6.62,462,3638.862369
0.33,47,3639.35091
0.14,56,3639.934241
-5.72,482,3645.013899
-3.55,295,3648.061662
-2.29,109,3649.223593
-2.96,226,3651.543763
0.61,39,3651.91908
-2.09,219,3654.413973
-2.48,208,3656.379253
-2.88,308,3659.665299
-5.4,420,3663.785526
-3.11,161,3665.359328
-10.88,698,3672.42864
-2.75,155,3674.086056
-8.8,750,3681.940619
-2.53,293,3684.90082
-5.85,365,3688.61932
-3.8,280,3691.570862
-6.57,387,3695.513254
-7.77,507,3700.805026
-1.7,200,3702.857061
-3.84,354,3706.424986
-7.87,517,3711.86972
-0.57,97,3713.079686
-11.57,747,3720.814418
-4.58,308,3724.261943
-6.99,419,3728.914865
-2.83,183,3730.962473
-6.14,364,3734.892285
-2.44,254,3737.585125
-2.05,225,3740.194861
-1.29,149,3741.806171
-2.18,148,3743.276799
-5.7,320,3746.730158
-1.1,100,3747.772628
-6.37,357,3751.58216
-2.24,124,3752.914164
-1.27,157,3754.624361
-2.1,130,3756.022165
-1.63,143,3757.548392
-3.57,337,3761.012943
-1.03,113,3762.166521
-0.99,119,3763.551962
-4.17,337,3767.082446
-1.97,197,3769.184364
-0.62,112,3770.424931
-4.81,261,3773.546275
-4.47,397,3777.748353
-5.48,288,3781.061081
-1.47,77,3781.890583
0.15,55,3782.472962
-0.77,117,3783.749848
-1.34,94,3784.773167
-0.63,63,3785.480361
-1.38,118,3786.798854
-0.92,92,3787.842853
-3.11,271,3790.87924
-1.02,92,3791.879515
-1.09,89,3792.828037
-4.79,239,3795.366314
-1.5,100,3796.582369
-8.1,440,3801.120164
-1.55,135,3802.608396
-2.15,175,3804.587182
-0.99,119,3805.855829
-3.61,191,3807.951578
-3.77,257,3810.554199
-3.29,209,3812.861503
-2.39,159,3814.545254
-1.44,94,3815.555023
-4.07,237,3818.19337
-6.73,373,3822.206628
-4.87,267,3824.922561
-2.22,202,3827.195445
-2.03,213,3829.537269
-8.41,311,3832.882011
-1.24,144,3834.448737
-1.27,127,3835.825428
-0.61,81,3836.690969
-1.45,95,3837.710309
-1.25,155,3839.347141
-2.49,229,3841.655067
-6.32,532,3847.309949
-0.15,65,3847.985735
0.06,64,3848.638263
-7.4,560,3854.597162
-1.29,109,3855.728342
-1.46,106,3856.865021
-0.1,80,3857.706596
-3.79,189,3859.717578
-4.16,216,3861.845528
-1.1,110,3863.039454
0.28,52,3863.587379
-0.26,106,3864.722065
0.21,69,3865.432627
-1.45,125,3866.755308
-0.34,94,3867.79179
0.13,67,3868.465526
-1.93,183,3870.334306
-1.08,98,3871.393008
0.27,63,3872.049305
-1.01,121,3873.326592
-0.11,71,3874.097545
-0.69,109,3875.27494
-2.83,293,3878.243072
-6.08,438,3882.735731
-3.72,332,3886.125549
-1.56,166,3887.757
-4.45,445,3892.311756
-1.55,195,3894.307779
-5.81,281,3897.126504
-1.03,153,3898.761491
-0.32,92,3899.757436
-5.46,416,3903.973972
-0.53,143,3905.428141
-2.75,175,3907.160001
-4.94,544,3912.865478
-5.21,461,3917.782018
-7.53,533,3923.36131
-1.18,168,3925.153838
-0.51,141,3926.66411
-4.43,433,3931.028997
-5.05,555,3936.808658
0.18,72,3937.523356
-3.72,302,3940.650425
0.38,52,3941.257639
-0.36,106,3942.322583
-2.05,235,3944.68146
-4.62,402,3949.064592
-1.92,222,3951.660264
-6.95,615,3958.500322
-6.01,541,3964.304078
-2.13,113,3965.480137
-2.2,310,3968.709068
-11.5,1000,3979.563241
-3.21,181,3981.458122
-10.6,1000,3991.764738
-4.25,355,3995.534962
-10.8,1000,4006.316972
-0.3,80,4007.144199
0.11,49,4007.664216
-17.7,1000,4018.329399
-8.86,866,4027.363326
-10.9,1000,4038.121832
-10.7,1000,4048.831041
-1.75,205,4051.148338
-8.05,845,4060.558049
-3.54,404,4064.761046
-0.16,66,4065.525607
-0.15,85,4066.433565
-6.62,632,4073.909864
-0.0,50,4074.444444
0.75,25,4074.696647
-4.91,541,4080.589855
0.25,55,4081.20767
-1.65,165,4083.105806
-10.5,1000,4094.016425
-5.68,638,4101.091131
0.64,26,4101.386073
-4.82,562,4107.797398
-10.5,1000,4118.971572
-10.8,1000,4130.02525
-1.76,216,4132.628938
-9.54,964,4143.890019
-2.85,365,4147.883201
0.62,48,4148.455246
-3.33,313,4152.114779
-0.44,124,4153.527695
-3.36,336,4157.157178
-1.33,123,4158.540509
-3.36,386,4162.996293
-3.0,350,4166.950181
0.38,52,4167.550092
-3.83,393,4171.833794
-0.43,123,4173.18509
-0.3,80,4174.100179
0.15,55,4174.693988
-1.48,218,4177.019348
0.12,78,4177.86425
-0.21,131,4179.322209
-1.14,164,4181.177193
0.28,32,4181.55439
-4.15,485,4187.189509
-3.97,357,4191.1829
-5.23,573,4197.722211
0.53,47,4198.237213
0.55,45,4198.706301
-7.94,744,4206.943633
-6.12,662,4214.792023
-3.06,356,4218.882606
-4.73,463,4224.127239
-2.99,349,4228.113339
-2.01,251,4230.994608
-1.18,198,4233.344213
0.67,33,4233.737722
-3.47,367,4238.014701
-1.31,161,4239.933828
-0.85,155,4241.800224
0.01,79,4242.779471
-6.24,614,4249.818643
0.48,52,4250.460024
0.55,25,4250.762704
-2.94,364,4255.089558
0.89,21,4255.353142
0.28,52,4255.972769
0.87,23,4256.238513
0.57,33,4256.583273
-2.81,331,4260.317671
0.23,77,4261.154603
-4.15,365,4265.139668
-10.8,1000,4276.263907
-3.9,390,4280.608804
-0.51,151,4282.444609
-8.37,837,4292.492659
-7.38,758,4300.851249
-3.9,400,4305.534387
-0.2,90,4306.659307
-8.77,787,4316.135124
-6.33,593,4323.045876
-12.75,705,4331.426079
-11.6,1000,4343.319352
-5.58,548,4349.715686
-1.37,187,4351.793838
0.65,25,4352.087708
-3.0,350,4356.320762
0.74,26,4356.641168
0.52,28,4356.937069
-1.67,217,4359.38076
-1.39,149,4360.983209
-8.06,706,4369.355956
-2.22,252,4372.337206
0.76,24,4372.6827
-1.01,151,4374.563993
-3.02,262,4377.583885
-11.3,1000,4388.930639
-3.57,407,4393.646469
-6.14,574,4400.529876
-2.33,233,4403.284069
-0.72,162,4405.234633
-6.39,579,4411.686158
-3.56,386,4416.394597
-2.87,257,4419.341197
-5.5,470,4424.828656
-0.44,124,4426.175138
-0.63,113,4427.524254
-6.79,719,4435.792281
0.08,72,4436.703372
-3.06,266,4439.855462
-0.92,162,4441.557457
-8.88,768,4450.458457
-11.6,1000,4461.634761
-2.23,233,4464.346582
-1.07,127,4465.815096
-1.6,170,4467.664023
-1.76,266,4470.569699
-1.69,229,4473.301373
-2.87,307,4476.832478
-0.44,114,4478.14157
-4.27,477,4483.629433
0.63,27,4483.953166
-0.05,75,4484.80406
0.84,26,4485.136367
-4.76,466,4490.30215
-8.92,822,4499.797921
0.4,60,4500.484417
-1.08,168,4502.479167
0.62,28,4502.810931
-11.8,1000,4513.951217
-0.27,97,4515.071155
-3.18,378,4519.261019
-1.71,251,4522.120949
-1.36,146,4523.809262
-7.17,657,4531.147373
-4.13,403,4535.766437
0.24,76,4536.715923
-2.45,265,4539.793049
-1.49,159,4541.493531
-6.7,700,4549.409408
-2.81,301,4552.989816
-1.43,153,4554.879201
-4.77,507,4560.88986
-3.0,360,4565.436107
-2.1,270,4568.876548
-1.84,204,4571.496242
-6.76,686,4579.967497
-2.69,279,4583.30263
-4.23,433,4588.178075
-0.97,127,4589.716188
-5.87,617,4596.723725
-8.38,688,4604.544454
-3.02,332,4608.441887
0.79,21,4608.692513
-3.88,348,4612.892111
0.3,50,4613.487357
-11.9,1000,4624.879938
0.71,29,4625.222805
-5.9,520,4631.168672
-0.68,118,4632.40754
-9.6,940,4643.223634
-1.18,148,4644.998055
-9.35,975,4656.130417
-2.94,324,4659.866038
-0.1,70,4660.655452
-3.78,428,4665.365458
-2.44,314,4668.891023
0.39,51,4669.513386
-3.81,351,4673.591152
-4.26,356,4677.571496
-0.77,157,4679.404355
0.17,53,4680.034723
0.58,32,4680.411107
0.62,28,4680.741695
-1.63,203,4683.000669
-2.65,275,4686.185919
-0.07,57,4686.78237
-2.06,226,4689.2496
-3.97,417,4693.938382
0.01,59,4694.64172
-6.49,569,4701.057514
-3.74,344,4704.697642
-0.06,76,4705.478958
-6.75,575,4711.786088
-8.23,793,4720.61835
-2.52,282,4723.666818
-4.28,428,4728.440872
-3.17,317,4731.971511
-3.2,340,4735.785148
-5.62,582,4742.444457
-0.07,117,4743.74923
-2.25,275,4746.650374
-8.36,786,4755.134439
-1.58,198,4757.234843
-1.74,194,4759.410585
-1.76,216,4761.804504
-8.45,705,4769.918411
-3.67,327,4773.46315
-4.85,495,4778.824281
-0.03,83,4779.736413
0.83,27,4780.073912
-2.11,231,4782.603624
-1.55,175,4784.576059
-7.65,735,4792.685722
0.09,71,4793.433639
-1.94,204,4795.712296
-3.93,393,4800.009238
-7.31,701,4807.48606
-0.23,53,4808.069506
-2.06,296,4811.432274
0.58,22,4811.689906
-1.01,181,4813.696019
-11.1,1000,4824.441534
-4.39,339,4828.192307
-0.95,175,4830.053653
-1.31,161,4831.718877
-12.5,1000,4842.736342
-10.43,923,4852.492908
-8.35,715,4860.334041
-6.89,529,4866.375211
-11.2,1000,4877.271908
-8.99,729,4885.182636
-1.88,228,4887.569118
-1.95,225,4889.947454
-9.48,738,4898.086762
-0.77,127,4899.525403
-2.89,319,4903.056081
-1.01,131,4904.42291
-2.97,317,4907.81725
-1.79,239,4910.291671
0.05,55,4910.834969
0.55,25,4911.12987
-2.86,236,4913.619374
-4.34,414,4918.162279
0.15,75,4918.958265
-1.26,186,4920.906926
-1.25,175,4922.742195
-0.17,87,4923.684776
-2.05,265,4926.544526
-1.46,176,4928.465031
-9.33,763,4936.654531
-0.54,114,4937.863747
-3.44,294,4940.787502
-0.16,76,4941.646416
-2.63,223,4944.017148
-3.0,180,4945.895992
-11.6,1000,4956.279694
-2.03,213,4958.613039
0.2,60,4959.314409
-0.85,115,4960.468043
0.61,29,4960.798599
-2.97,297,4963.713773
-1.72,162,4965.374415
-0.97,137,4966.873618
-3.68,358,4970.682933
-3.32,312,4974.07702
-1.99,189,4976.173104
-0.48,88,4977.136851
-1.11,181,4979.022972
-1.96,166,4980.771096
-4.14,394,4984.780216
-3.4,250,4987.202652
-6.95,615,4993.691789
-0.69,119,4994.88789
-2.02,262,4997.754776
-3.52,352,5001.549318
-4.06,386,5005.659747
-3.9,390,5009.674562
-0.88,128,5011.046784
-5.08,488,5016.269362
-0.38,118,5017.42633
0.16,74,5018.207877
-3.0,370,5022.189629
-3.68,338,5025.734927
0.87,13,5025.870693
0.77,23,5026.109188
-1.94,124,5027.516244
-0.75,65,5028.157143
0.52,58,5028.788539
-1.08,168,5030.621031
-2.22,202,5033.000628
-2.23,183,5034.89992
-0.32,62,5035.506389
-0.69,149,5037.026581
-1.1,130,5038.304204
-4.5,360,5041.728976
-4.86,416,5046.066716
-1.62,232,5048.495829
-1.63,173,5050.365422
-3.05,205,5052.442439
0.3,50,5052.919654
-0.48,78,5053.725292
-2.6,190,5055.718002
-3.21,281,5058.505783
-1.38,178,5060.404893
-2.96,346,5063.957893
0.65,35,5064.336451
-1.61,191,5066.317526
-2.13,243,5068.84005
-0.85,125,5070.105694
-0.55,105,5071.188668
-2.46,236,5073.673685
-1.68,188,5075.569518
-5.22,532,5080.951074
0.73,27,5081.214358
-2.58,268,5083.881513
-1.16,96,5084.888546
-4.36,306,5087.901101
-0.07,107,5089.113355
-0.55,125,5090.451141
-1.35,155,5092.055149
-4.91,311,5095.284835
-3.33,353,5098.995801
-0.85,115,5100.170192
-2.39,289,5103.149447
-4.87,257,5105.866596
-0.73,153,5107.446492
-2.83,213,5109.459715
0.98,12,5109.585167
-2.1,200,5111.475695
-4.07,217,5113.731939
0.36,24,5113.979993
-3.24,274,5116.640853
-5.24,324,5119.651415
-0.98,138,5120.983824
-0.43,83,5121.792275
-6.13,363,5125.345243
-4.41,301,5128.330243
-3.3,280,5131.090913
-3.03,203,5132.956779
-2.43,223,5135.009866
-3.68,268,5137.683165
-0.74,104,5138.725951
-4.32,342,5141.915966
-4.0,180,5143.696961
-2.01,241,5146.136138
-0.58,118,5147.235473
-1.07,97,5148.220566
0.76,34,5148.61893
-2.16,156,5150.32125
-3.88,318,5153.93994
-2.48,138,5155.437573
-3.94,204,5157.512715
-0.26,76,5158.237605
-0.03,93,5159.122599
0.42,58,5159.668735
-4.26,376,5163.861723
-4.62,212,5165.922932
0.29,51,5166.420333
-4.14,274,5169.239951
-3.57,327,5172.625139
-9.4,620,5178.679282
-0.8,120,5179.891626
-0.26,76,5180.608909
-0.29,129,5181.807796
-1.61,161,5183.435231
0.78,22,5183.673201
-0.04,54,5184.187499
-0.28,98,5185.159213
-0.65,65,5185.842237
0.76,34,5186.196193
-0.49,79,5186.98314
-1.85,165,5188.603383
-2.68,238,5190.876134
-1.5,130,5192.109457
-0.04,64,5192.753524
-8.51,361,5196.284843
0.51,29,5196.565397
-2.94,224,5198.627362
-0.82,132,5199.782834
-1.02,72,5200.418611
-1.53,133,5201.61053
0.64,46,5202.053565
-1.32,192,5203.851374
-3.6,260,5206.182015
-2.1,250,5208.499246
-3.17,327,5211.652574
-2.28,188,5213.535079
-6.45,495,5218.285192
-7.4,530,5223.431908
-2.09,99,5224.440028
-4.07,247,5226.805135
-4.72,262,5229.298181
-4.88,318,5232.436246
-3.46,296,5235.355344
-3.76,336,5238.601456
-0.73,103,5239.59007
-2.89,329,5242.955244
-0.29,119,5244.077354
-0.29,119,5245.142089
-1.03,173,5246.802113
-2.39,229,5249.023491
-0.71,151,5250.604849
-0.59,99,5251.583058
0.22,58,5252.178594
-0.99,119,5253.2502
-3.8,210,5255.115377
-1.52,72,5255.858589
-2.42,272,5258.634384
-2.91,171,5260.214527
-1.23,193,5262.000787
-0.24,134,5263.233664
0.19,71,5263.946196
-2.5,110,5265.062227
0.29,61,5265.683395
-2.59,269,5268.366493
-3.28,208,5270.43999
-2.31,261,5273.118771
0.01,79,5273.832928
-2.74,184,5275.545323
-2.18,168,5277.000438
-0.9,90,5277.796118
-0.78,148,5279.157592
0.54,36,5279.497543
-0.49,89,5280.382872
-1.74,124,5281.561943
-3.8,260,5284.03857
-1.09,109,5285.093266
-6.27,587,5290.548988
-2.07,157,5292.045576
-9.61,331,5295.228731
-0.36,106,5296.263687
-0.04,104,5297.252284
-1.41,181,5298.954244
-2.19,249,5301.37076
-0.41,101,5302.249655
0.67,33,5302.53721
-1.19,129,5303.809556
-1.23,153,5305.382467
-0.97,87,5306.300565
-1.5,120,5307.482728
0.43,57,5308.063284
-0.09,99,5309.005489
-1.75,185,5310.710269
-0.74,134,5311.950185
-0.97,137,5313.265557
-1.09,109,5314.246136
0.03,97,5315.095289
0.24,76,5315.865853
0.11,59,5316.439188
-6.15,395,5320.219334
-7.69,499,5324.857134
-1.17,147,5326.182662
0.22,78,5326.904166
-0.52,82,5327.685587
-1.76,116,5328.778611
0.65,35,5329.103738
-1.38,138,5330.433787
-0.3,80,5331.217381
-1.49,199,5333.05298
-0.7,140,5334.364914
-3.37,227,5336.580236
-4.01,371,5340.173429
-1.69,199,5342.047575
-3.49,299,5344.929686
-0.1,80,5345.71343
-0.0,60,5346.31966
-0.37,77,5347.053562
-4.21,201,5349.040843
-4.32,382,5352.665165
0.06,54,5353.147335
0.17,53,5353.66471
-0.91,151,5355.089088
0.25,45,5355.535229
-0.99,149,5356.870476
-0.44,124,5358.026671
-2.81,171,5359.655866
-1.76,246,5361.886647
0.15,75,5362.53076
-3.62,162,5364.032802
-6.22,182,5365.664605
-4.08,208,5367.581955
-0.02,72,5368.246922
-4.6,340,5371.475335
-3.61,301,5374.177748
-5.05,405,5377.912115
-5.67,397,5381.525762
-3.91,111,5382.510647
-3.83,313,5385.357921
-2.25,185,5387.064682
-5.74,454,5391.399266
-2.68,278,5394.132928
-0.6,120,5395.234538
-1.29,119,5396.305232
-1.69,199,5398.110302
-7.28,438,5402.417365
-3.98,258,5404.770644
-2.13,163,5406.297131
-3.77,257,5408.537394
-1.37,177,5410.254328
-0.66,106,5411.336017
0.67,33,5411.644401
-0.61,81,5412.34075
0.76,24,5412.551479
0.11,79,5413.246836
0.06,74,5413.935089
-5.84,544,5419.068241
-3.16,256,5421.470795
-2.13,253,5423.866923
-2.01,211,5425.846364
-4.54,424,5429.62818
-3.26,296,5432.345621
-0.43,103,5433.387251
-4.2,510,5438.079935
-0.48,118,5439.165457
-0.59,129,5440.327121
-3.33,323,5443.207351
-0.75,155,5444.556515
0.41,59,5445.071181
-0.49,99,5445.951917
-2.5,230,5448.147632
-5.52,462,5452.420772
-8.21,621,5458.331411
-5.25,455,5462.711891
-4.43,433,5466.882136
-3.97,407,5470.632451
-1.96,276,5473.33654
-1.16,176,5475.02214
-2.61,291,5477.71852
-0.23,103,5478.737524
-1.83,193,5480.638169
0.04,56,5481.207686
-0.17,77,5481.937092
-1.44,174,5483.509964
-2.86,166,5485.09528
-2.01,241,5487.619049
-0.56,126,5488.92974
0.47,33,5489.254493
0.6,40,5489.657514
0.39,31,5489.949433
-0.05,85,5490.801764
-0.34,84,5491.563761
-0.33,113,5492.577538
-0.25,115,5493.624408
-5.01,431,5497.831434
-11.26,826,5505.883806
-8.4,460,5510.178374
0.55,35,5510.514821
0.6,30,5510.801491
0.75,25,5511.051163
-1.76,206,5513.147073
-0.79,129,5514.403444
0.67,33,5514.719499
-1.8,200,5516.701384
-0.26,106,5517.749681
0.23,57,5518.306438
0.77,33,5518.618928
-0.76,126,5519.913406
-7.94,664,5526.24254
-4.15,365,5529.782538
0.59,31,5530.09464
-1.5,130,5531.383674
-0.32,82,5532.201668
0.45,55,5532.737497
0.43,57,5533.267439
-0.48,128,5534.586295
0.43,47,5535.089424
-5.79,459,5539.471111
-2.12,172,5541.120624
-1.6,170,5542.764256
-1.35,175,5544.523319
-3.84,324,5547.662044
0.69,31,5547.980088
-1.44,174,5549.68872
-1.39,149,5551.172911
-1.48,148,5552.615014
-0.79,149,5554.101515
-5.89,519,5559.291803
-3.09,299,5562.101412
-0.48,88,5562.911035
-1.24,134,5564.141685
-0.8,100,5565.072955
-1.59,199,5566.996481
-9.49,729,5574.361238
-8.09,619,5580.158665
-1.57,157,5581.592023
-3.93,303,5584.509078
-6.79,519,5589.391642
-1.44,174,5591.247623
-2.19,139,5592.608797
0.34,56,5593.160103
-1.32,132,5594.432281
-0.09,79,5595.236027
-1.15,115,5596.39097
-0.39,99,5597.416036
-0.48,78,5598.164517
-1.14,114,5599.37863
-0.92,92,5600.34604
-1.1,140,5601.761214
0.01,59,5602.376606
-0.18,58,5602.962077
-1.13,93,5603.909641
-3.04,194,5605.837537
0.29,41,5606.230407
-0.8,80,5607.037524
-0.08,58,5607.686951
-2.58,208,5609.784662
-0.3,60,5610.370142
-1.74,114,5611.450597
-0.58,88,5612.273183
-1.23,113,5613.347077
-0.52,92,5614.366067
-0.47,87,5615.313498
0.25,55,5615.906388
-0.54,84,5616.774935
-1.55,135,5618.218966
-1.54,134,5619.685312
-2.43,253,5622.277316
-1.78,98,5623.271069
0.2,50,5623.800145
-3.94,304,5626.862226
-0.32,82,5627.702793
-0.85,85,5628.572636
-2.16,186,5630.539212
-0.98,108,5631.596885
-3.56,236,5634.142946
-4.95,275,5636.913448
0.17,63,5637.565265
-1.18,138,5638.934939
-2.03,193,5641.021301
-0.97,137,5642.40368
0.13,57,5642.9884
0.41,59,5643.593035
-0.41,81,5644.341547
-0.69,109,5645.353259
-0.49,89,5646.167479
-3.56,236,5648.594942
-0.34,134,5649.980187
0.69,31,5650.292596
0.15,35,5650.673676
-0.27,57,5651.253965
-1.68,118,5652.345092
0.51,39,5652.706442
-0.47,97,5653.610303
-3.97,337,5656.914693
-1.81,211,5658.998777
0.04,76,5659.779444
-4.32,342,5663.276529
-0.42,82,5664.144379
-0.14,84,5665.031887
0.48,52,5665.599828
-2.32,212,5667.579825
-6.82,472,5672.449079
0.63,37,5672.859258
-0.67,87,5673.76318
-0.88,148,5675.240123
-2.06,116,5676.412422
-0.5,60,5677.040791
-2.2,210,5679.225298
-0.5,100,5680.172806
-0.95,135,5681.517886
0.09,61,5682.108601
-6.25,435,5686.328558
0.25,55,5686.865537
-0.47,67,5687.5399
-0.5,80,5688.351996
-1.64,154,5689.942722
0.45,35,5690.288323
-0.38,38,5690.662199
0.67,33,5690.957008
0.73,27,5691.213579
-0.89,89,5692.054087
-0.6,130,5693.426129
-0.53,83,5694.319577
0.63,27,5694.611441
-0.74,154,5696.218198
-1.74,164,5697.875412
-1.01,131,5699.192709
-4.54,364,5702.524843
0.5,30,5702.805968
-0.58,108,5703.853843
-2.68,278,5706.552346
-4.37,417,5710.425461
-5.44,474,5715.066978
0.13,57,5715.601574
0.13,57,5716.155267
0.28,52,5716.654481
-0.02,62,5717.256921
0.15,55,5717.789153
-0.33,103,5718.825762
-2.36,226,5721.091476
0.53,27,5721.345109
0.14,56,5721.860746
-1.67,227,5724.100376
-2.0,220,5726.226406
0.23,57,5726.811182
-0.39,89,5727.702966
-4.46,416,5731.691648
0.42,58,5732.278233
0.5,30,5732.562301
-1.24,194,5734.464784
0.8,30,5734.750577
-0.51,131,5736.003533
0.52,48,5736.438717
-4.09,379,5740.117347
-4.37,437,5744.048422
-0.82,152,5745.642691
0.32,58,5746.209028
-0.04,54,5746.70251
-3.66,316,5749.691086
-0.27,107,5750.893324
-3.65,305,5754.180211
-0.41,101,5755.254375
0.47,33,5755.548612
0.8,30,5755.825376
-10.41,751,5763.473069
-4.41,391,5767.276038
-1.0,190,5769.089913
-3.47,387,5773.30837
-3.73,313,5776.561737
-1.19,149,5778.148106
0.33,57,5778.780059
-1.72,152,5780.266551
-3.76,316,5783.323047
-4.84,394,5787.223228
0.49,51,5787.695508
-6.99,509,5792.623183
0.2,80,5793.369273
-0.59,119,5794.449629
-7.89,549,5799.792866
-6.3,470,5804.751354
-0.73,153,5806.235058
0.28,52,5806.753685
0.05,75,5807.507609
-0.46,96,5808.491317
-0.98,148,5809.955167
-1.18,148,5811.453408
-2.58,238,5813.965149
-0.97,147,5815.402763
-2.2,230,5817.554956
-2.19,199,5819.644637
0.25,55,5820.203982
-3.0,320,5823.314446
-1.33,153,5824.738812
-7.15,475,5829.370522
-1.57,197,5831.458982
-6.07,487,5836.084966
-3.24,294,5839.177164
-2.29,259,5841.800092
0.63,47,5842.274233
-0.42,102,5843.291899
-3.0,290,5846.323262
-0.45,125,5847.554766
0.82,28,5847.815352
-0.55,105,5848.837597
-0.98,138,5850.27892
-3.13,263,5853.007647
-3.43,313,5856.097809
-1.57,157,5857.634871
-1.48,178,5859.415878
-0.03,53,5859.936754
-6.68,488,5864.860766
-1.28,148,5866.368065
-5.45,465,5871.16084
-0.79,109,5872.281027
0.06,74,5873.049
-1.02,172,5874.810438
-0.0,80,5875.658257
-2.08,198,5877.752181
0.28,52,5878.302572
-1.85,195,5880.318397
0.53,27,5880.575262
-0.94,154,5882.144381
0.7,30,5882.463753
0.57,33,5882.794035
0.14,76,5883.567102
-0.42,102,5884.621342
-4.77,357,5888.478418
-0.7,90,5889.46118
0.35,55,5890.034609
-1.97,197,5892.093998
-1.42,192,5894.146317
-0.48,78,5894.966181
-1.66,196,5896.995858
0.49,51,5897.46812
0.2,50,5897.938222
-2.52,212,5899.990573
-1.47,177,5901.79061
-0.29,79,5902.623397
0.39,51,5903.155818
0.25,55,5903.687996
0.38,32,5903.995294
-1.26,156,5905.639784
-2.32,282,5908.435709
-0.55,125,5909.69156
-0.67,97,5910.62215
-0.7,150,5912.237884
-0.1,100,5913.232545
0.04,56,5913.786965
-0.31,81,5914.562339
-1.05,145,5915.986387
-0.27,77,5916.757456
0.07,53,5917.315294
-1.25,145,5918.817701
-0.47,127,5920.108652
-2.09,199,5922.058075
-0.33,103,5923.023887
0.07,73,5923.715974
-0.63,103,5924.774503
-0.99,129,5926.045189
-1.06,126,5927.424982
0.05,55,5928.015409
-2.96,266,5930.796065
-1.0,150,5932.359665
-1.72,152,5933.930982
-0.41,101,5934.992716
-0.09,79,5935.791545
-0.21,81,5936.644025
-2.05,245,5939.220229
-0.85,105,5940.212664
-0.03,53,5940.716405
-0.84,104,5941.740536
-1.14,124,5942.996377
-0.71,101,5944.094958
-1.3,150,5945.709686
-3.67,297,5948.766317
0.36,34,5949.123245
0.27,53,5949.691632
-0.21,81,5950.527186
0.18,52,5951.06671
-0.05,75,5951.820545
-0.06,96,5952.799437
-3.58,348,5956.353469
-0.6,130,5957.639973
0.64,26,5957.897256
-0.49,129,5959.184791
-0.63,103,5960.271222
-1.25,105,5961.369911
-0.43,103,5962.440486
-0.03,93,5963.296643
-0.59,99,5964.208603
-0.37,97,5965.0842
-4.71,351,5968.555993
-1.75,195,5970.54319
0.5,50,5971.065289
-0.42,102,5972.075868
0.48,32,5972.407902
-0.03,83,5973.223886
-0.66,106,5974.194243
-2.67,247,5976.556312
0.55,45,5977.008527
-0.44,84,5977.809017
-0.7,120,5978.906187
0.07,53,5979.395561
-1.98,208,5981.367091
-0.41,101,5982.277225
-1.81,201,5984.157689
-0.49,99,5985.069706
-2.53,293,5987.981319
-1.91,181,5989.655576
-0.07,77,5990.362319
0.3,30,5990.65872
-1.19,149,5992.197576
-4.89,429,5996.401643
-0.4,100,5997.3872
-0.03,53,5997.860157
-0.19,109,5998.918728
-1.18,98,5999.792218
-3.39,289,6002.630697
-1.78,148,6004.10039
-1.82,212,6006.209958
-0.21,51,6006.738049
-5.2,470,6011.42029
-0.12,52,6011.954793
-0.95,105,6012.947347
0.31,69,6013.629851
-2.03,243,6016.029757
-1.19,149,6017.466922
0.14,56,6018.027231
0.77,33,6018.377289
-2.85,265,6020.981385
-0.48,78,6021.676471
-1.16,126,6022.80807
-3.12,242,6024.991317
-1.0,120,6026.149008
-0.81,101,6027.16918
0.06,54,6027.708091
-1.35,125,6028.953488
-1.05,105,6030.01277
-0.79,129,6031.246198
-3.02,222,6033.316997
-1.18,148,6034.695064
-0.16,76,6035.408859
-0.96,126,6036.580453
-1.64,194,6038.375872
-2.7,230,6040.497132
-1.67,197,6042.375513
-0.15,55,6042.941449
-0.99,129,6044.277471
-0.14,114,6045.432954
-0.3,80,6046.217222
-2.33,243,6048.613081
0.24,56,6049.166388
0.26,34,6049.507057
-1.74,184,6051.429224
0.48,32,6051.755578
0.35,35,6052.119963
-2.65,245,6054.503571
-0.31,81,6055.232855
-0.4,80,6056.020354
-0.09,79,6056.813612
-1.97,157,6058.299109
-9.75,625,6064.441504
-0.95,125,6065.665
-1.08,128,6066.93825
-2.22,262,6069.61063
-0.93,123,6070.857384
-0.16,76,6071.569871
0.08,82,6072.41102
0.16,54,6072.896961
0.37,53,6073.377611
-1.07,117,6074.507852
0.35,55,6075.023515
-2.1,200,6077.022505
0.67,43,6077.452445
0.03,57,6078.041188
-2.45,265,6080.664189
-3.83,383,6084.393451
0.3,30,6084.698259
-2.31,271,6087.512365
0.07,83,6088.344197
-0.58,128,6089.624165
-2.12,192,6091.499169
-5.58,448,6095.845029
0.39,51,6096.336905
-2.06,176,6098.075139
-4.42,342,6101.410075
-2.18,238,6103.85663
-1.26,156,6105.37986
0.41,59,6105.914176
-0.39,79,6106.68084
0.41,49,6107.149022
-2.22,202,6109.027395
-1.05,125,6110.309341
-1.02,152,6111.870953
-3.6,320,6115.116192
-0.39,109,6116.193797
-0.51,101,6117.22376
0.25,55,6117.771455
-3.45,325,6120.903792
-0.67,117,6122.100866
-4.76,386,6125.965703
0.43,57,6126.523773
0.16,54,6127.02395
0.18,52,6127.531514
0.41,59,6128.120694
-0.63,103,6129.186015
-3.33,273,6131.711079
-0.25,85,6132.493063
-3.13,253,6134.942524
0.09,81,6135.78954
-7.56,636,6142.045167
-0.25,55,6142.577636
-2.91,251,6145.058045
-0.11,81,6145.842632
-0.46,106,6146.935344
-2.77,247,6149.233684
0.67,23,6149.444993
-4.24,424,6153.417089
-0.63,123,6154.634164
0.42,58,6155.20542
-0.1,80,6155.994523
0.63,27,6156.234691
-0.33,83,6157.053735
-1.34,154,6158.573485
-0.43,83,6159.463643
0.04,56,6160.028582
-0.07,77,6160.790356
0.36,54,6161.351171
-4.35,395,6165.014262
-0.13,83,6165.755118
-0.45,105,6166.714154
-1.22,172,6168.346224
0.48,52,6168.860147
0.39,51,6169.394491
-0.95,125,6170.561257
-1.55,135,6171.780137
0.34,76,6172.591476
0.56,34,6172.994489
0.15,75,6173.741874
-0.46,106,6174.772371
-1.0,130,6176.123253
-0.45,105,6177.201005
-0.71,121,6178.416873
0.16,54,6178.959934
0.74,26,6179.227759
0.41,49,6179.691915
0.58,32,6180.00158
-0.71,141,6181.288941
-3.42,302,6184.179413
-0.94,154,6185.672326
-0.35,85,6186.457134
-0.11,81,6187.185637
0.01,79,6187.933528
0.23,57,6188.507963
-0.21,81,6189.345245
-0.76,106,6190.322688
0.33,57,6190.888423
-1.67,157,6192.442323
0.12,58,6193.054541
-1.3,200,6194.980969
0.24,76,6195.691523
-2.05,185,6197.486078
0.25,75,6198.224509
-1.22,182,6199.966276
-0.28,108,6200.99052
-0.07,57,6201.531639
0.12,58,6202.060958
0.23,57,6202.585952
-3.41,301,6205.489006
-1.07,127,6206.780106
-3.31,261,6209.160947
0.62,28,6209.434186
-4.2,450,6213.895966
0.58,32,6214.220305
-0.5,130,6215.516134
-0.1,80,6216.35758
-0.74,114,6217.454252
0.12,58,6218.0669
-2.11,201,6220.083839
0.04,56,6220.599072
-0.92,132,6221.815993
-0.05,75,6222.547916
-0.07,87,6223.328403
-0.47,87,6224.16054
-0.13,73,6224.831644
-0.3,90,6225.647275
-3.24,344,6228.982177
0.02,58,6229.544755
-0.07,107,6230.505855
0.26,54,6230.970186
0.59,31,6231.266603
0.41,59,6231.850664
-0.94,154,6233.525132
-3.2,300,6236.480725
-0.35,105,6237.489961
-1.2,130,6238.778308
0.24,56,6239.302789
0.14,66,6239.889696
0.04,76,6240.5594
0.35,55,6241.043331
0.41,29,6241.301868
-0.07,77,6242.00471
-0.15,95,6242.876109
0.03,57,6243.448994
-0.9,100,6244.446166
-0.11,61,6245.092624
0.47,33,6245.3987
0.52,58,6245.930978
0.52,28,6246.17212
0.11,59,6246.701482
-0.2,80,6247.454282
-0.88,108,6248.487879
-0.64,124,6249.645091
-0.75,85,6250.41564
-0.06,56,6250.920401
-1.21,191,6252.717098
-1.68,208,6254.611911
-0.16,106,6255.644692
0.07,73,6256.299764
0.07,53,6256.765352
-0.01,81,6257.485295
-0.21,101,6258.417529
-0.02,82,6259.223029
-1.23,133,6260.453047
0.15,55,6261.004948
-0.69,149,6262.438421
-0.68,108,6263.431987
-2.05,205,6265.267869
-0.08,78,6265.945959
-0.4,100,6266.946226
-3.17,347,6270.245015
0.3,30,6270.518241
-0.06,106,6271.469917
0.3,60,6272.022597
-0.69,109,6273.01222
-1.36,156,6274.41531
0.71,29,6274.690645
-0.55,105,6275.692596
0.5,30,6275.988485
-0.76,126,6277.233451
-1.29,149,6278.665109
0.59,31,6278.970645
-0.75,115,6280.076193
-1.91,241,6282.306356
-0.24,84,6283.114957
-0.29,79,6283.882797
-0.6,130,6285.167618
-0.38,108,6286.214078
-0.21,101,6287.189134
0.38,62,6287.782866
0.27,83,6288.575629
0.5,30,6288.860792
0.45,55,6289.379082
0.63,27,6289.635074
0.61,29,6289.918523
-0.96,126,6291.133193
0.43,27,6291.402279
-1.04,124,6292.579949
-0.08,98,6293.59226
-0.54,104,6294.626764
-0.74,104,6295.598164
0.5,30,6295.861333
-0.42,102,6296.802701
0.35,55,6297.335612
0.35,55,6297.869085
0.26,54,6298.389278
-1.65,175,6300.056209
-2.32,252,6302.524711
-0.26,86,6303.337036
0.86,24,6303.584156
0.77,23,6303.809566
0.02,48,6304.264766
0.22,58,6304.830314
0.38,52,6305.345542
0.5,30,6305.640675
-1.37,217,6307.733503
0.56,34,6308.094223
-4.63,363,6311.633014
-0.75,105,6312.61904
-0.06,76,6313.363832
-2.38,178,6315.055149
0.77,23,6315.294415
-1.05,125,6316.492325
-1.64,154,6317.986939
-0.08,58,6318.561687
-1.41,171,6320.162252
0.39,61,6320.690027
-2.32,182,6322.299184
0.62,28,6322.549934
-1.01,151,6323.872395
-0.84,104,6324.865671
-5.85,415,6328.702945
-2.85,225,6330.768131
-0.46,96,6331.644889
-4.56,326,6334.746109
0.01,59,6335.296749
-1.18,158,6336.801992
-3.79,359,6340.223504
0.19,31,6340.512848
0.42,48,6340.983457
-0.6,80,6341.784478
0.27,53,6342.308252
-0.71,81,6343.08109
-0.36,106,6344.116891
0.47,33,6344.419041
-2.18,178,6346.131611
-4.18,298,6349.105026
-9.36,686,6355.960367
-0.05,55,6356.555152
0.42,28,6356.830212
-12.42,842,6365.461795
0.62,28,6365.773928
-11.8,850,6374.622697
-0.4,80,6375.423198
-5.3,470,6380.010501
-0.21,61,6380.611685
-3.31,301,6383.547659
-3.0,270,6386.211169
-6.45,555,6391.704066
-13.1,1000,6401.23818
-2.33,253,6403.612229
-10.94,834,6411.564919
-1.54,154,6413.289402
-1.01,151,6414.858823
-5.33,413,6419.061227
-6.69,499,6424.164655
-3.47,287,6426.898969
-3.29,319,6429.915596
-0.87,127,6431.12785
-3.49,319,6434.497149
-0.89,149,6435.985982
-5.86,486,6440.75946
0.56,34,6441.112467
-7.78,628,6447.505453
-1.15,135,6448.922629
-0.97,137,6450.322859
-1.81,201,6452.401606
-3.4,270,6454.968357
0.64,26,6455.244576
-2.99,289,6458.031778
-6.7,540,6463.322833
-1.12,132,6464.73312
-6.98,628,6470.709322
-7.74,574,6476.832215
-7.25,535,6482.040521
0.08,82,6482.858009
-3.4,250,6485.367924
-9.02,692,6492.471323
-0.3,100,6493.483406
-3.61,301,6496.381423
-4.13,313,6499.639435
-6.56,516,6504.871118
-15.5,1000,6515.358208
-8.38,668,6522.133321
-2.23,203,6524.134614
-2.93,273,6526.825023
-12.41,971,6536.824987
0.51,29,6537.154371
-7.71,591,6543.172931
-1.34,114,6544.320176
-6.85,565,6550.09
-0.94,104,6551.197013
-4.31,331,6554.551908
-3.71,211,6556.818429
-8.98,778,6564.687555
-1.58,178,6566.476025
-2.22,182,6568.293806
-0.88,58,6568.884583
-5.13,483,6573.788446
0.67,23,6574.042506
-2.52,252,6576.597228
-0.49,59,6577.227631
-15.6,1000,6587.78956
-3.6,300,6590.920326
-6.47,517,6596.374886
-5.57,467,6600.967956
-13.43,973,6610.693805
-1.99,159,6612.332402
-8.36,686,6619.670892
-5.86,486,6624.704072
-4.89,479,6629.815665
0.19,51,6630.302178
-13.3,1000,6640.627569
-5.43,433,6645.136341
-11.3,1000,6655.721805
-0.39,79,6656.62655
-9.48,858,6665.646059
-0.59,129,6667.113825
-4.07,307,6670.451048
-1.29,159,6672.235417
-6.29,599,6678.865272
-1.93,183,6680.80053
-12.2,1000,6691.732667
-2.61,301,6695.066685
-8.19,729,6702.913964
-10.67,947,6713.296216
-1.37,177,6715.147104
-10.62,832,6723.866536
-5.83,613,6730.288204
-5.3,420,6734.890468
-7.31,571,6740.949614
-1.56,116,6742.225027
-4.2,320,6745.578104
-3.61,311,6749.062047
-5.45,465,6754.288644
0.1,60,6755.017313
-6.88,708,6762.619662
-0.32,82,6763.489823
-14.6,1000,6774.700913
-4.09,399,6779.349349
-5.37,497,6784.716283
-1.62,202,6787.076773
-8.63,743,6795.334675
-8.04,804,6804.668246
-7.43,413,6809.403296
-1.68,178,6811.485462
-2.54,144,6813.043255
-0.63,113,6814.246238
-1.58,178,6816.235642
-4.3,360,6820.358407
-6.88,658,6827.510236
-2.02,242,6830.284225
-2.6,340,6834.394289
-0.71,131,6835.919451
-4.01,351,6839.847618
-2.16,196,6842.039024
-0.39,79,6842.956358
-7.59,489,6848.334837
0.53,27,6848.646718
-0.99,169,6850.605259
-4.86,486,6856.131082
0.26,54,6856.803466
-2.79,209,6859.0457
-1.79,169,6860.900206
-4.33,453,6865.792939
-3.38,288,6869.040042
-1.63,163,6870.854179
-3.48,268,6873.988468
-5.03,403,6878.643803
-0.85,125,6880.055941
-0.47,97,6881.176167
-6.37,627,6888.115531
-11.38,778,6897.120029
-2.72,212,6899.565108
-0.63,123,6900.992428
-2.64,254,6903.945323
-4.13,463,6909.106272
-2.63,283,6912.146867
0.68,42,6912.637823
-1.51,131,6914.081027
-3.01,241,6916.764668
-8.23,533,6922.49023
-7.16,506,6927.94168
-9.17,657,6935.077585
-7.97,567,6941.4462
-16.5,1000,6953.364995
-0.12,52,6954.078149
-13.73,883,6965.44899
-1.57,157,6967.291153
-15.9,1000,6979.443343
-9.57,787,6988.261757
-4.32,472,6993.8673
-16.1,1000,7005.156783
-11.9,1000,7017.235805
-5.28,508,7022.935806
-14.6,1000,7034.207508
-15.1,1000,7045.61267
-14.7,1000,7056.701202
-6.75,535,7062.92908
-10.09,699,7071.200499
-11.66,766,7080.256572
-11.83,843,7090.282245
-5.75,405,7094.884122
-4.52,312,7098.486107
-5.59,419,7103.317332
-7.93,523,7109.269054
-4.54,344,7113.285675
-2.49,219,7115.799318
-5.65,405,7120.485236
-0.53,123,7121.899957
-7.99,539,7128.037683
-15.2,1000,7139.616586
-9.44,634,7147.273554
0.76,24,7147.582258
-3.42,202,7149.898633
-18.4,1000,7161.138576
-1.65,105,7162.355381
-13.88,798,7171.496471
-0.94,104,7172.698936
-2.12,222,7175.244116
-0.72,122,7176.689756
-2.03,193,7178.823419
0.77,23,7179.063141
-11.43,753,7187.699445
-0.66,76,7188.580436
-1.32,212,7191.143991
-10.02,692,7199.109935
-3.62,332,7202.585583
-1.9,190,7204.542037
-7.91,671,7211.7378
0.1,50,7212.291027
-4.45,405,7216.768573
-0.69,99,7217.827577
-4.38,358,7221.687608
-1.48,188,7223.848699
0.43,47,7224.398393
0.12,58,7225.049813
-2.52,242,7227.766425
-5.71,471,7232.930697
-0.56,116,7234.279141
-2.06,236,7236.985048
0.51,29,7237.344789
-11.0,710,7245.221644
-4.4,350,7248.870546
-0.03,53,7249.413603
-9.95,725,7257.359105
0.66,24,7257.660956
-2.52,242,7260.242737
-3.53,333,7263.864178
-3.87,327,7267.312718
-9.7,740,7275.300434
-7.42,572,7281.680368
-0.61,101,7282.861326
-1.27,147,7284.455444
-6.26,466,7289.327453
-1.21,171,7291.2298
-1.64,174,7293.161383
-6.85,555,7299.134575
-4.47,437,7303.714978
0.44,56,7304.308828
0.41,69,7305.078363
-2.56,226,7307.619102
-2.67,227,7309.953913
-7.94,594,7316.481721
-2.56,236,7319.131663
-0.56,126,7320.571095
-2.06,216,7322.989215
-3.8,370,7326.990529
-4.57,387,7331.443141
-3.51,291,7334.70051
0.17,53,7335.276908
-4.6,490,7340.614413
-0.24,104,7341.721574
-2.7,300,7345.102343
-1.6,160,7346.795341
-0.29,79,7347.594212
0.18,52,7348.111235
0.06,54,7348.703755
-0.38,98,7349.767304
-1.08,148,7351.387424
-0.3,100,7352.450329
-1.12,172,7354.335773
0.16,54,7354.936643
-0.79,129,7356.424884
0.24,56,7357.04003
-2.21,241,7359.628155
0.52,28,7359.924114
0.76,24,7360.162044
-0.82,122,7361.49617
-0.24,104,7362.580831
-2.96,316,7365.758922
0.63,27,7366.066972
0.11,99,7367.135554
-0.15,75,7367.928584
-2.12,262,7370.559476
-0.4,120,7371.720225
0.61,29,7372.008164
-0.01,101,7373.110605
-0.3,100,7374.132021
0.59,31,7374.48888
-3.06,316,7377.784187
0.09,51,7378.335727
0.29,31,7378.67123
-0.32,82,7379.439919
-1.65,195,7381.394152
-2.66,286,7384.362115
0.53,47,7384.816636
0.66,24,7385.04582
-2.31,241,7387.33739
-1.13,193,7389.265838
-1.71,221,7391.627159
-0.06,96,7392.62598
-1.81,221,7394.854334
0.28,72,7395.571878
-2.4,290,7398.471523
-3.55,365,7402.073708
-1.0,170,7403.621419
-0.21,81,7404.385682
0.71,29,7404.680238
0.38,32,7404.989067
-2.28,238,7407.480987
0.75,25,7407.725692
-0.09,119,7408.960434
-0.43,143,7410.353141
0.69,31,7410.645111
-1.12,142,7412.067903
0.72,28,7412.335379
-2.0,240,7414.676804
-5.05,495,7419.805053
0.14,76,7420.56279
-1.28,198,7422.45547
-3.18,318,7425.501551
-1.36,186,7427.281857
0.51,49,7427.77024
-0.38,98,7428.748625
-1.66,236,7431.136149
0.23,77,7431.930925
-1.47,177,7433.699223
-0.35,125,7434.912902
0.16,74,7435.64343
-0.64,144,7437.003742
-0.23,123,7438.246255
-0.76,156,7439.888536
0.71,29,7440.164951
-2.4,250,7442.532278
-1.8,250,7444.75906
-0.24,124,7445.920154
-0.58,98,7446.879672
0.94,16,7447.017399
-0.74,124,7448.149906
0.71,29,7448.416317
-0.05,55,7448.931287
0.16,74,7449.589601
0.64,46,7450.00413
-2.15,265,7452.501151
0.1,80,7453.200433
-2.54,274,7455.739434
-0.68,168,7457.30941
-0.71,161,7458.766164
-1.86,206,7460.50391
0.1,100,7461.355537
-2.97,267,7463.926324
-0.51,81,7464.728652
-0.36,106,7465.804037
0.13,47,7466.248661
-0.65,125,7467.461377
-0.15,95,7468.329239
-0.62,162,7469.723613
-0.27,107,7470.682899
-1.56,196,7472.498828
-2.26,246,7474.814488
-1.19,149,7476.200676
-2.38,248,7478.380272
-2.84,284,7481.075542
-8.65,715,7487.663984
-0.79,119,7488.794448
0.68,32,7489.094028
-0.26,106,7490.07787
-7.41,561,7495.278338
-4.84,394,7499.070432
-3.89,299,7501.842801
-0.62,102,7502.839717
0.15,55,7503.352548
-0.63,153,7504.865741
0.06,64,7505.497465
0.63,27,7505.789275
-4.97,457,7509.920878
-0.65,145,7511.24709
-6.7,630,7517.188031
-0.4,100,7518.138175
0.95,15,7518.280742
-0.05,75,7519.005612
-0.99,159,7520.522053
-0.58,108,7521.553581
0.52,48,7522.032648
-1.25,105,7523.076306
-0.14,74,7523.800506
0.84,26,7524.062481
0.64,36,7524.383555
0.16,84,7525.127919
-3.7,320,7528.253956
-1.21,121,7529.372862
0.73,27,7529.650767
-0.97,167,7531.272671
0.06,74,7531.964147
0.25,75,7532.689659
-0.82,142,7533.99489
-1.22,172,7535.618338
0.66,34,7535.962298
-1.03,193,7537.754033
-0.92,122,7538.917426
-0.8,100,7539.847457
-1.27,147,7541.247875
-0.88,148,7542.605249
0.37,53,7543.104504
-3.59,339,7546.271465
0.39,51,7546.728058
-0.41,121,7547.821915
-1.76,216,7550.037309
-1.48,168,7551.913158
-1.38,168,7553.67497
-2.45,295,7557.028804
0.31,29,7557.36101
-0.73,123,7558.679971
-2.54,284,7561.612537
-0.01,111,7562.753188
-1.22,172,7564.461467
-1.54,234,7566.696635
0.61,49,7567.258982
-0.67,127,7568.573347
-1.53,213,7570.751433
-1.2,100,7571.787673
0.51,49,7572.28433
-3.63,373,7575.762251
-0.01,71,7576.472889
-0.0,100,7577.459488
-0.49,99,7578.396108
0.27,73,7579.090593
-0.04,94,7580.000032
0.46,44,7580.406053
-0.39,119,7581.534455
0.28,32,7581.874468
-0.09,89,7582.815871
-0.08,88,7583.55175
-0.67,127,7584.730083
-0.22,102,7585.621481
0.04,96,7586.606865
-1.1,150,7588.269345
0.82,28,7588.580307
-0.94,144,7590.207252
-0.12,82,7591.146163
0.6,50,7591.69566
0.49,51,7592.206706
0.84,26,7592.44074
0.59,31,7592.710044
0.38,52,7593.214123
0.16,74,7593.863131
0.07,73,7594.508794
-0.77,127,7595.799103
-0.13,53,7596.373463
-0.15,75,7597.065863
-0.64,124,7598.242236
0.09,61,7598.802333
0.26,64,7599.397799
-2.3,240,7601.636671
-0.37,77,7602.359836
-0.38,98,7603.349065
-2.44,304,7606.037146
0.12,48,7606.458942
-0.58,98,7607.334973
0.44,56,7607.842348
-0.26,106,7608.817187
-0.49,89,7609.680896
-0.04,74,7610.323048
-0.22,82,7611.029205
0.24,56,7611.55017
0.23,57,7612.142824
-0.16,96,7613.01223
-0.76,146,7614.281162
-2.32,232,7616.440021
-1.31,171,7618.006644
0.16,54,7618.516334
-0.71,161,7619.89477
0.08,82,7620.605699
-1.05,105,7621.555815
-0.66,96,7622.39889
-0.98,108,7623.361812
-1.52,212,7625.261329
0.17,53,7625.752792
-0.57,77,7626.439578
-2.6,240,7628.602171
0.25,55,7629.115191
-0.69,99,7630.028982
0.04,76,7630.736014
-3.38,288,7633.353344
0.2,70,7634.047823
-5.57,347,7637.277733
-0.22,52,7637.768182
-2.0,220,7639.808325
-0.49,119,7640.951728
-1.17,167,7642.430431
-3.16,286,7645.063536
-4.18,328,7647.889752
-5.7,340,7650.980303
-4.22,292,7653.467515
-1.32,122,7654.473431
-2.51,241,7656.490011
-1.46,176,7657.986623
-2.82,272,7660.293043
-10.34,684,7666.402852
-3.69,269,7668.69825
-1.36,176,7670.276121
-10.88,678,7676.434905
-2.13,223,7678.533011
-15.0,1000,7687.353626
-14.8,1000,7696.648495
-9.71,791,7704.113912
-16.2,1000,7713.607449
-0.3,80,7714.343061
-1.81,171,7715.954005
-14.4,1000,7725.160326
-8.03,503,7729.751925
-0.28,68,7730.420878
-4.55,335,7733.899549
-2.15,215,7736.051989
-2.43,213,7738.116201
-0.06,76,7738.807601
-2.69,299,7741.48931
-0.31,121,7742.703011
-0.7,90,7743.580397
-0.95,145,7744.878782
-0.27,117,7745.981014
-1.91,191,7747.690045
-6.0,500,7752.324626
-0.07,77,7753.042935
-1.1,120,7754.155753
-2.39,219,7756.179738
-7.11,501,7760.780397
0.16,74,7761.509321
-2.09,239,7763.767079
-6.37,497,7768.666446
-7.2,520,7773.738218
-3.24,284,7776.550512
-4.37,317,7779.711236
-5.17,377,7783.306178
0.12,78,7784.060266
0.11,79,7784.834594
-0.02,72,7785.498814
-8.61,571,7790.76142
-2.38,238,7793.290407
-0.25,95,7794.167085
-16.7,1000,7803.817177
-6.69,489,7808.594747
-9.16,676,7815.307129
-2.06,226,7817.612855
-8.31,651,7823.965476
-3.06,266,7826.466187
0.17,83,7827.243301
-12.1,850,7835.679791
-4.23,373,7839.50839
-4.3,390,7843.412272
-11.96,896,7852.676587
-2.16,216,7855.084609
-3.05,255,7857.754045
-7.45,565,7863.59403
-2.51,211,7865.803516
-14.5,1000,7875.803543
-1.55,205,7878.023071
-6.27,487,7882.997478
-8.59,699,7890.322497
0.73,27,7890.623824
-1.01,141,7892.10152
-0.66,116,7893.283565
-1.42,162,7895.038731
-3.63,353,7898.648762
-3.24,254,7901.236636
-2.72,252,7903.830273
-10.35,855,7912.887898
-6.04,464,7917.827252
0.05,55,7918.42093
-2.63,223,7920.605668
-1.15,185,7922.461915
-4.34,344,7926.026194
-0.01,71,7926.778923
-6.02,482,7931.821074
-0.09,99,7932.9001
-6.79,509,7938.115491
-14.6,1000,7949.062407
-1.56,206,7951.304954
-4.38,348,7954.914605
0.31,69,7955.645576
-1.02,182,7957.73981
-5.54,404,7961.960402
-0.99,139,7963.433751
-4.06,356,7967.272703
-1.16,146,7968.80878
-1.56,166,7970.589393
-0.02,92,7971.635503
-1.08,168,7973.585854
-0.44,124,7974.999583
-1.52,142,7976.569254
-7.17,577,7982.829959
-3.01,291,7985.867716
-0.01,71,7986.606734
-0.9,140,7988.2205
-0.74,114,7989.445233
0.07,53,7989.974317
-2.43,223,7992.262431
-2.39,209,7994.477692
-4.1,360,7998.783597
0.26,54,7999.413572
-0.08,98,8000.550806
0.61,29,8000.89988
-5.24,494,8006.232465
-0.38,118,8007.440791
0.51,49,8007.963706
-0.67,117,8009.201069
0.49,31,8009.521103
-0.9,130,8010.899795
0.36,74,8011.672816
-0.83,143,8013.195194
-0.58,118,8014.375616
-2.52,252,8016.826334
-0.32,92,8017.749258
-3.76,336,8021.288439
-1.78,208,8023.459314
-1.42,182,8025.280989
-0.73,143,8026.799613
-0.24,74,8027.527238
-3.9,360,8031.129898
-0.25,95,8032.168662
-7.24,634,8038.854961
0.26,74,8039.647374
-1.11,201,8041.772132
-0.58,118,8043.024189
-0.04,94,8043.998811
-4.6,430,8048.370055
0.05,75,8049.138863
0.49,51,8049.680079
-3.46,376,8053.739749
-2.18,268,8056.524426
-0.77,187,8058.33459
0.06,94,8059.339443
-1.35,185,8061.208735
-3.24,314,8064.248384
-1.43,223,8066.565528
-1.21,161,8068.188142
-6.71,661,8075.201809
-0.67,157,8076.871132
-5.99,549,8082.366163
0.52,28,8082.685196
-1.13,133,8084.062354
-3.54,364,8087.814411
-12.0,1000,8098.132149
-1.37,207,8100.358922
-0.54,164,8101.888145
-7.27,657,8108.641175
0.4,50,8109.180373
-0.83,163,8110.923156
-0.7,160,8112.472307
-9.0,770,8120.193637
-7.33,713,8127.362028
-4.57,417,8131.733571
-1.22,202,8133.856611
-4.85,465,8138.568196
-9.22,902,8147.821041
-3.91,441,8153.057331
0.59,51,8153.615458
-4.16,486,8158.844814
-2.22,262,8161.842676
-5.29,579,8168.204936
-0.71,181,8169.994293
-1.04,154,8171.524645
-3.82,402,8175.907935
-0.45,115,8177.106142
-2.34,184,8179.09475
-0.35,115,8180.262659
0.3,70,8180.956535
0.73,27,8181.217086
0.83,27,8181.466122
-1.34,204,8183.448029
0.85,25,8183.683115
-1.89,219,8185.839133
-1.64,184,8187.770717
-2.3,290,8190.643129
0.66,44,8191.057526
-5.26,586,8197.03646
-0.53,93,8197.979388
-1.48,228,8200.15748
-0.55,75,8200.882638
0.57,53,8201.431627
-0.25,95,8202.406974
-1.57,177,8204.180389
-0.55,135,8205.488569
-3.92,352,8208.95085
0.1,90,8209.847027
-0.54,134,8211.299778
-0.87,97,8212.264393
-0.24,74,8213.041373
-0.37,137,8214.485514
-0.45,135,8215.810391
0.13,87,8216.704743
-1.13,183,8218.417067
-5.17,547,8223.634805
-0.31,111,8224.705821
0.35,75,8225.46335
-1.4,160,8226.95199
-2.8,310,8230.148191
-0.34,114,8231.320773
0.33,47,8231.787315
-0.25,95,8232.68298
0.21,69,8233.330415
-0.34,94,8234.296
0.6,30,8234.622246
-0.54,134,8236.048597
-0.63,93,8237.04985
0.16,74,8237.816828
-0.75,115,8239.017475
-0.16,96,8240.020158
-2.04,284,8242.957883
-0.08,88,8243.808151
-0.77,137,8245.207134
-1.17,197,8247.029157
0.58,52,8247.539667
-1.83,203,8249.544263
0.43,47,8249.983917
-0.68,158,8251.58075
-1.94,244,8254.068745
-0.02,92,8254.964615
-0.54,114,8256.038555
-0.36,116,8257.146418
-2.85,325,8260.277215
-1.42,162,8261.800187
-1.49,209,8263.883837
-0.02,92,8264.77842
-0.58,138,8266.140924
-1.64,234,8268.576736
-2.06,246,8270.909352
0.19,51,8271.465408
-0.26,116,8272.692331
-0.88,158,8274.336396
-2.58,248,8276.816692
0.49,51,8277.313211
0.41,29,8277.600474
-3.11,311,8280.60543
-2.92,292,8283.568585
0.85,25,8283.814919
-0.21,101,8284.801135
0.28,52,8285.320765
-1.67,227,8287.423185
0.89,21,8287.624516
-0.48,118,8288.765095
0.79,31,8289.071239
0.61,29,8289.3907
-1.36,166,8291.089624
-1.1,180,8292.755109
0.2,70,8293.382907
0.83,27,8293.622643
-1.79,219,8295.689453
-3.65,415,8299.66266
-1.42,162,8301.157269
-1.33,163,8302.54313
-1.54,134,8303.727458
-0.24,94,8304.590073
-1.11,181,8306.378388
-3.29,279,8309.086371
-1.24,204,8311.017413
-1.31,161,8312.445582
-3.54,314,8315.437612
-0.59,139,8316.693553
0.07,73,8317.3535
0.06,84,8318.083148
0.09,71,8318.74762
-0.74,134,8320.015379
-6.92,632,8325.716906
-0.3,100,8326.647879
0.45,45,8327.036191
-0.58,118,8328.157992
-1.61,241,8330.461733
-1.68,218,8332.717366
-2.64,314,8335.537802
-1.9,180,8337.225214
-5.07,477,8341.663918
-3.54,384,8345.219789
-4.73,483,8349.731101
0.4,70,8350.412248
-6.3,560,8355.69663
0.03,87,8356.5062
-1.98,238,8358.671838
-1.8,240,8360.972478
-1.19,159,8362.52866
0.76,24,8362.743505
-2.57,227,8364.721813
0.41,69,8365.312538
-0.79,139,8366.512687
-3.67,437,8370.521784
-1.8,200,8372.322893
-1.69,199,8374.066782
-13.88,978,8382.964353
-0.07,117,8384.132768
-3.26,376,8387.566858
-1.11,201,8389.380111
-2.85,335,8392.801669
-2.1,200,8394.795713
-6.45,675,8401.064912
-4.42,422,8404.823676
-5.48,448,8408.997603
-2.32,242,8411.308071
-1.45,205,8413.265579
-0.49,99,8414.135393
-1.3,160,8415.724932
-1.0,140,8417.185136
-2.72,292,8419.895275
0.4,70,8420.589132
-0.39,139,8421.87868
-2.05,295,8424.8006
0.43,57,8425.323241
-1.56,206,8427.230644
0.5,50,8427.697363
-2.12,222,8429.750754
0.49,61,8430.342242
-3.15,335,8433.420078
-1.48,188,8435.227747
-0.48,98,8436.16381
-0.26,116,8437.314342
-3.81,401,8441.329524
0.33,57,8441.880359
0.54,26,8442.134528
-1.02,182,8443.887188
-1.24,184,8445.580607
0.79,31,8445.885185
-1.53,203,8447.874499
-0.02,92,8448.822048
0.26,74,8449.567916
-0.11,121,8450.714532
0.22,68,8451.434135
-2.25,315,8454.510674
-2.97,317,8457.66814
-1.14,184,8459.320833
0.26,54,8459.825789
-2.16,226,8461.941908
-0.08,88,8462.825531
-0.83,163,8464.351443
-0.08,98,8465.225214
-0.09,99,8466.114302
-2.89,319,8469.107413
-1.86,236,8471.420453
-3.57,397,8475.161158
-0.75,145,8476.513345
-2.9,360,8479.803144
-4.97,517,8484.571572
-3.21,361,8488.197063
-1.99,229,8490.530275
-0.48,98,8491.48403
-1.51,231,8493.699859
0.04,76,8494.415737
-0.81,161,8495.978391
0.45,55,8496.521867
0.96,14,8496.646404
-1.26,106,8497.701369
-0.4,100,8498.691271
-0.42,102,8499.653168
0.22,68,8500.310153
-1.15,125,8501.516657
-0.98,138,8502.914322
-9.73,593,8508.700791
-6.38,348,8512.37802
-1.37,117,8513.59446
-10.92,702,8520.459982
-2.99,249,8522.843674
-1.73,163,8524.492465
-0.61,121,8525.740023
-1.03,173,8527.595173
-0.32,92,8528.550689
-4.21,411,8532.471279
0.02,88,8533.337276
0.84,26,8533.603457
-0.14,74,8534.360228
-1.43,183,8536.32109
0.63,27,8536.611228
-1.53,183,8538.508879
0.02,78,8539.28757
0.15,75,8540.006595
0.47,63,8540.636451
-0.27,97,8541.627907
-0.58,118,8542.843099
-0.14,94,8543.7682
0.3,50,8544.292938
-1.55,205,8546.33667
-1.34,224,8548.359327
-3.61,371,8552.003778
-0.91,121,8553.157583
-6.14,594,8559.063488
-3.12,342,8562.484357
-4.82,452,8567.033782
-1.57,217,8569.312412
-3.54,294,8572.353182
-1.67,207,8574.40522
0.64,46,8574.843584
-0.65,135,8576.110142
0.61,29,8576.377776
-1.25,125,8577.592126
0.25,55,8578.151072
0.68,32,8578.463714
-1.82,212,8580.541022
-4.34,384,8584.454458
0.13,57,8585.007102
-0.19,89,8585.850685
-0.98,178,8587.418664
-3.44,314,8590.373005
-0.7,100,8591.382589
-0.42,112,8592.507157
-4.38,378,8596.260367
-1.67,237,8598.593553
-6.03,523,8603.521565
-0.43,113,8604.609757
-2.81,361,8608.074948
-1.25,185,8609.818559
-0.21,91,8610.661561
-5.07,497,8615.455612
0.4,70,8616.152314
-0.97,157,8617.68225
-2.9,330,8620.828596
-0.5,100,8621.877134
0.63,47,8622.318507
0.22,58,8622.875107
0.23,77,8623.659856
-0.1,90,8624.485469
-0.12,72,8625.136433
-1.39,149,8626.588123
-0.23,103,8627.5707
-0.02,62,8628.177034
-5.63,523,8633.032262
-0.34,74,8633.764307
-2.31,271,8636.22587
-0.43,113,8637.315601
0.14,56,8637.849829
0.38,52,8638.323331
0.76,24,8638.54655
-0.51,111,8639.602231
0.81,29,8639.881651
-1.05,165,8641.487679
0.76,34,8641.822066
-2.09,259,8644.303096
-1.31,211,8646.374301
-0.0,110,8647.483612
-6.44,564,8652.848672
-2.58,278,8655.678804
-1.99,239,8657.952911
-1.06,146,8659.391849
0.45,35,8659.746953
-0.27,97,8660.676458
0.35,75,8661.441391
0.25,55,8661.988103
-2.24,274,8664.690124
0.86,14,8664.832487
-2.59,309,8667.758772
-6.32,622,8673.738501
0.53,47,8674.20873
0.16,84,8674.991451
0.39,61,8675.542027
0.44,46,8675.973392
-1.74,204,8677.982223
-0.94,164,8679.511252
-2.25,265,8681.890914
0.03,67,8682.511058
-0.7,140,8683.802682
-4.36,376,8687.384284
0.31,29,8687.638636
-2.28,298,8690.252911
-0.37,147,8691.655617
-0.3,120,8692.808985
-0.01,91,8693.7257
-0.08,68,8694.413671
-0.04,114,8695.481129
-3.13,373,8698.935454
-0.06,96,8699.812007
0.7,40,8700.213196
-0.1,90,8701.107692
0.35,55,8701.589339
-2.72,312,8704.584818
-1.7,250,8707.016368
0.15,75,8707.71495
0.71,29,8708.020775
-2.66,316,8710.987905
-0.03,73,8711.673425
-1.71,271,8714.130262
-1.99,229,8716.217031
-2.13,273,8718.866007
-0.4,120,8720.103239
-0.18,98,8721.054069
0.6,50,8721.551145
-0.28,118,8722.713273
-0.4,140,8724.075598
0.64,46,8724.481277
-0.09,119,8725.579988
0.3,50,8726.070039
0.25,75,8726.772255
0.77,23,8726.996363
0.37,53,8727.469039
0.53,27,8727.717833
-1.03,193,8729.379608
-0.04,94,8730.220644
-0.79,159,8731.642493
0.35,55,8732.174733
0.03,67,8732.845923
0.09,101,8733.874038
0.51,49,8734.331248
-0.8,120,8735.355988
-1.35,205,8737.232422
-0.19,119,8738.369799
0.28,72,8739.058302
-2.39,299,8741.813872
0.73,27,8742.068187
-0.01,91,8742.909045
0.24,56,8743.440505
0.38,52,8743.89138
-1.06,166,8745.430171
-1.18,188,8747.090885
0.53,57,8747.587605
-0.47,97,8748.494569
-0.16,106,8749.548254
-1.35,165,8751.215279
-1.62,192,8753.1981
-2.51,261,8755.773028
0.6,50,8756.284416
0.33,57,8756.880848
-0.74,144,8758.269784
-52.76,826,8766.501421
-1.1,110,8767.588986
-3.86,386,8771.084601
0.42,48,8771.499542
0.25,55,8771.968437
0.77,23,8772.160405
-0.36,86,8772.937198
0.77,23,8773.160964
0.61,29,8773.40305
0.12,88,8774.184558
-0.33,103,8775.169061
0.72,38,8775.546693
0.43,47,8776.032287
0.17,53,8776.539474
0.56,44,8776.922509
-3.23,333,8779.935106
-1.29,199,8781.793497
0.47,53,8782.280704
-0.28,128,8783.547248
-0.37,117,8784.59986
-1.3,160,8786.082026
-1.69,199,8787.930759
0.64,26,8788.172414
-1.97,237,8790.390515
-1.18,188,8792.246534
0.41,59,8792.83651
0.96,14,8792.976178
0.26,54,8793.440012
-0.21,101,8794.312845
0.67,23,8794.537816
0.59,31,8794.828421
0.67,33,8795.130695
0.35,65,8795.731775
-0.78,78,8796.397456
-0.08,58,8796.886404
-9.67,477,8801.075996
-0.72,122,8802.178832
-0.25,95,8803.063105
0.38,32,8803.329548
-0.44,124,8804.406298
-0.26,56,8804.879405
0.06,54,8805.353705
-0.2,80,8806.042414
-3.59,259,8808.543701
0.12,78,8809.305372
-0.26,96,8810.212748
-1.82,172,8811.719656
-1.5,190,8813.511327
-2.01,231,8815.609294
-0.75,165,8817.09998
-0.63,103,8817.988779
0.75,35,8818.319826
-0.33,123,8819.451711
-0.65,95,8820.329229
0.31,59,8820.847769
0.16,54,8821.334933
-0.02,72,8822.030038
-1.14,144,8823.428555
0.08,72,8824.137879
-1.46,156,8825.628025
-1.21,171,8827.171371
-0.33,83,8827.924246
-1.32,122,8829.043091
0.01,79,8829.778056
0.04,56,8830.307162
-0.17,97,8831.299528
0.4,60,8831.875072
-1.79,159,8833.413779
0.04,76,8834.131061
-1.5,150,8835.470813
-2.82,282,8837.923121
0.17,53,8838.384398
-1.58,218,8840.345591
-0.65,125,8841.512489
0.45,55,8842.031467
0.33,57,8842.539101
0.76,24,8842.765452
0.24,56,8843.274725
-0.39,139,8844.554621
-0.59,119,8845.649698
-0.28,98,8846.552523
0.47,33,8846.847045
0.16,54,8847.352493
-0.74,124,8848.50476
0.41,49,8848.973492
0.13,77,8849.740531
-0.18,58,8850.233022
-31.92,412,8853.781683
-0.1,80,8854.480357
-0.63,123,8855.624765
0.17,53,8856.085008
-0.02,52,8856.563817
-1.06,146,8857.89486
-0.93,143,8859.251466
-0.18,98,8860.119603
-1.6,190,8861.779798
-2.15,285,8864.48658
-2.57,277,8866.968328
-0.17,57,8867.48965
0.09,81,8868.248584
0.04,76,8868.960245
-0.82,122,8870.120785
-2.11,281,8872.74155
0.52,48,8873.194848
-0.77,147,8874.503099
-0.48,128,8875.679416
-1.97,257,8877.985402
-0.16,76,8878.687419
-2.03,223,8880.812244
0.01,79,8881.562752
0.14,56,8882.103114
-0.79,119,8883.216614
-1.28,188,8884.810969
-2.24,264,8887.108956
-0.31,101,8888.034285
0.4,50,8888.516738
-5.12,452,8892.84773
-1.82,212,8894.924448
-0.14,74,8895.625699
0.78,22,8895.835404
-0.42,122,8897.029112
-0.38,98,8898.024892
0.11,79,8898.777426
-4.16,386,8902.421937
-0.61,121,8903.578111
-0.26,116,8904.727633
-1.16,166,8906.394922
-0.94,164,8907.994865
-0.4,100,8908.913852
-0.44,74,8909.58822
-0.22,92,8910.369157
-0.8,140,8911.561002
0.44,46,8911.945785
-0.43,123,8913.111266
-0.45,95,8914.010574
0.8,20,8914.205482
0.42,58,8914.774235
-1.62,232,8916.781569
-0.04,74,8917.458407
-5.8,560,8922.443798
0.27,73,8923.147325
-0.14,114,8924.243757
-4.5,470,8928.413886
-5.9,540,8933.409087
0.24,46,8933.858478
-3.61,381,8937.292675
-0.37,57,8937.876829
-0.48,128,8939.135316
0.14,66,8939.765383
0.48,52,8940.254926
0.53,37,8940.612797
0.69,31,8940.918338
-1.47,187,8942.712738
-0.9,170,8944.335712
-2.57,277,8947.012259
-0.83,93,8947.876912
-0.69,139,8949.234495
-4.01,341,8952.566269
-0.59,99,8953.523699
-2.92,302,8956.554401
-1.35,205,8958.570268
-2.53,293,8961.414312
-0.6,140,8962.813829
-1.6,210,8964.788214
-0.21,121,8965.946893
-1.24,144,8967.358203
0.75,35,8967.708547
-0.74,134,8969.03482
0.15,95,8970.004689
-0.43,93,8970.928969
0.2,50,8971.416535
0.57,33,8971.755295
-0.16,76,8972.530016
0.02,48,8972.953851
-0.28,78,8973.671876
0.53,47,8974.104635
0.03,97,8974.955352
-1.53,203,8976.866841
-2.31,291,8979.656563
-2.64,304,8982.533425
-0.23,103,8983.520354
0.01,69,8984.20586
-2.63,293,8986.905531
-2.78,288,8989.605724
-1.39,209,8991.617389
-0.22,72,8992.361402
-0.99,139,8993.780275
-2.32,312,8996.826657
-1.56,186,8998.526011
-0.12,112,8999.596486
-1.27,207,9001.597141
-1.39,179,9003.357176
0.12,68,9004.02629
0.57,53,9004.542171
0.27,73,9005.256359
-0.76,116,9006.284454
0.73,37,9006.614497
0.59,31,9006.906056
-1.87,207,9008.859843
-3.07,387,9012.559877
-2.26,266,9015.099695
0.22,58,9015.72544
-0.47,117,9016.846645
-3.95,405,9020.55407
-1.51,191,9022.278237
0.12,48,9022.758584
-6.57,627,9028.718809
0.16,54,9029.230102
-0.23,103,9030.18544
0.55,35,9030.509261
0.67,33,9030.798486
-1.04,164,9032.366437
0.03,87,9033.219091
-0.49,119,9034.359812
-3.9,380,9037.870689
-1.93,203,9039.900278
-3.15,345,9043.36674
-0.19,119,9044.546016
-1.56,186,9046.387508
0.5,40,9046.781522
-0.06,96,9047.738272
0.01,89,9048.580237
-0.03,73,9049.288225
-3.25,355,9052.784039
0.84,26,9053.067968
0.64,46,9053.547783
-0.95,185,9055.271688
-3.24,354,9058.548763
-1.72,202,9060.426779
-1.74,224,9062.560983
-4.05,425,9066.534921
-3.03,333,9069.698643
-8.09,739,9076.986131
-2.75,335,9080.247305
-1.52,222,9082.380561
-1.77,137,9083.687146
0.28,72,9084.395316
0.85,25,9084.64894
0.24,76,9085.350139
-1.74,254,9087.825953
-3.78,398,9091.763191
-1.16,156,9093.247045
0.23,47,9093.673465
-3.23,293,9096.375171
0.44,26,9096.615663
-2.91,311,9099.556112
-3.83,393,9103.428115
-1.15,165,9105.052432
-5.73,503,9110.034722
-0.18,98,9111.054617
-0.74,114,9112.215979
-1.61,221,9114.389726
-1.18,178,9116.145143
-1.61,241,9118.500618
-0.72,132,9119.743416
-3.43,343,9123.202299
-3.77,377,9126.920691
-1.29,179,9128.684344
-1.41,211,9130.89741
-1.85,205,9132.985662
-1.51,181,9134.697158
-3.02,292,9137.488042
-0.98,168,9139.112016
-0.22,92,9140.036695
-0.65,115,9141.163359
-2.56,216,9143.264291
-3.51,401,9147.132436
-4.94,434,9151.324109
-1.46,206,9153.357042
-5.44,504,9158.179599
-6.31,581,9163.716412
-4.89,459,9168.3382
-5.94,544,9174.050341
-0.0,70,9174.760929
-1.99,279,9177.448302
-1.29,209,9179.448558
0.83,27,9179.705682
-0.2,70,9180.445003
0.57,53,9181.003082
0.74,26,9181.283123
-1.04,204,9183.391191
-3.2,290,9186.32015
-2.1,260,9188.919929
0.22,78,9189.720172
-10.22,902,9198.471876
-1.85,265,9200.951721
-0.21,91,9201.820466
-10.25,855,9210.14887
-2.86,266,9212.74227
-4.04,394,9216.569154
-6.06,616,9222.931381
-11.3,1000,9232.968214
-1.19,179,9234.879346
-3.57,357,9238.522008
-6.71,621,9244.735858
-11.4,1000,9255.249707
-1.21,181,9257.078183
-1.64,224,9259.345341
-1.16,186,9261.222064
-7.57,727,9268.683345
-0.89,189,9270.574777
-0.53,163,9272.216085
-0.45,135,9273.54374
-1.97,227,9276.085091
-0.72,162,9277.815921
-2.19,249,9280.315306
-2.03,253,9282.976335
-2.04,254,9285.597159
-5.32,492,9290.740827
-0.29,79,9291.587186
-9.58,808,9300.235242
-8.74,784,9308.589736
-0.82,162,9310.193071
-5.26,556,9315.922746
-1.86,226,9318.332913
-0.97,147,9319.828841
-2.51,301,9322.974239
-2.92,362,9326.794833
-6.55,555,9332.494328
-2.04,254,9335.039478
-2.66,276,9338.074903
0.47,53,9338.654916
-0.26,76,9339.464904
-0.06,96,9340.46341
-12.8,1000,9350.943188
-4.15,385,9355.120327
-3.02,362,9359.460411
-6.71,641,9366.368591
-1.81,191,9368.214166
-11.9,1000,9379.839774
-1.56,216,9382.215653
0.64,26,9382.496278
-1.18,168,9384.238501
-13.4,1000,9395.051142
-3.12,362,9398.959123
-5.56,556,9404.878188
-0.47,137,9406.433489
-1.2,200,9408.61491
-0.03,93,9409.629813
0.38,32,9409.989243
0.15,75,9410.79635
0.68,32,9411.155994
-0.97,157,9412.91327
-1.19,199,9415.066466
-2.43,273,9417.875515
-14.3,1000,9428.410075
-1.33,203,9430.686888
-0.79,179,9432.676732
-13.2,1000,9443.849588
-0.61,141,9445.435757
0.8,30,9445.813802
-0.18,118,9447.12349
-0.03,93,9448.10408
-3.66,426,9452.682103
-2.59,249,9455.362657
-2.74,344,9459.037877
-4.9,500,9464.576119
-4.67,497,9469.998013
0.3,70,9470.818789
-8.09,619,9477.787632
-1.1,160,9479.483125
-2.64,284,9482.573212
-0.84,154,9484.232649
0.42,48,9484.781643
-3.09,329,9488.389343
-4.74,454,9493.337169
-1.23,133,9494.769027
0.13,87,9495.749041
-2.16,286,9499.027223
-4.47,417,9503.732029
-6.12,562,9509.821065
0.7,30,9510.171858
-6.65,565,9516.331554
-3.1,350,9520.147568
-0.62,152,9521.711906
0.08,92,9522.690384
-6.58,528,9528.30147
0.56,44,9528.807343
-5.53,443,9533.728282
-4.21,341,9537.618068
-1.92,252,9540.462495
0.68,32,9540.832862
0.65,45,9541.316093
-3.28,328,9544.880699
0.18,52,9545.491278
-14.1,1000,9556.663904
-0.93,153,9558.528289
-12.6,1000,9569.188438
-6.29,599,9575.754956
-2.64,344,9579.42593
-11.5,1000,9590.210138
-2.27,267,9592.975781
-3.13,323,9596.638721
-0.12,92,9597.616421
-7.23,673,9604.829242
-1.05,215,9607.298724
-11.8,1000,9618.277669
-6.12,512,9624.063611
-0.61,151,9625.826661
-13.1,1000,9636.7077
-12.7,1000,9647.749822
-9.99,929,9657.910937
-12.2,1000,9669.274449
-12.2,1000,9680.371187
-13.5,1000,9691.540581
-13.5,1000,9702.973319
-13.7,1000,9714.766123
-12.4,1000,9726.092317
-0.02,72,9726.891074
-14.9,1000,9738.491297
-0.04,84,9739.470272
-12.5,1000,9750.816684
-5.63,423,9755.648046
-3.2,260,9758.585196
-4.2,460,9763.945096
-5.62,552,9770.069095
-2.25,285,9773.252571
-13.2,1000,9784.6325
-11.9,1000,9796.385843
-4.8,450,9801.577991
-12.2,1000,9812.95291
-2.69,299,9816.465163
-2.12,262,9819.523947
-2.3,300,9823.010206
0.48,62,9823.769639
-12.4,1000,9835.314562
-12.9,1000,9846.584846
0.56,44,9847.117048
-0.37,127,9848.602789
-6.97,577,9855.253377
-2.9,340,9859.173951
-1.27,217,9861.708712
-4.36,426,9866.704443
-2.99,299,9870.118341
-1.49,199,9872.453054
-1.29,159,9874.357833
-3.71,391,9878.793796
-13.5,1000,9890.212312
-2.09,259,9893.352546
-8.0,710,9901.563509
-12.1,1000,9913.475635
-13.2,1000,9924.978491
-10.7,960,9936.095099
-13.4,1000,9947.563089
-12.2,1000,9960.115466
-8.86,766,9970.328958
-13.9,1000,9982.020449
-7.08,658,9989.722183
-13.0,1000,10001.565065
-14.2,1000,10013.459552
-8.29,729,10022.151445
-14.5,1000,10033.760254
-13.2,1000,10045.357121
-3.5,390,10049.984685
-12.0,1000,10061.611934
-1.1,170,10063.692243
-13.5,1000,10075.880927
-11.3,1000,10087.639764
-8.65,855,10097.949923
-6.16,596,10105.000153
-12.2,1000,10116.93497
-12.0,1000,10129.108341
-10.9,1000,10141.273819
-1.81,251,10144.517949
-0.04,114,10145.908284
-0.07,107,10147.271745
-11.8,1000,10159.411133
-0.49,139,10161.118351
-12.6,1000,10173.482721
-12.1,1000,10185.997435
-3.2,300,10189.680959
-13.3,1000,10202.340508
-1.02,172,10204.339178
-11.8,1000,10216.858237
-8.38,728,10225.816741
-3.71,341,10230.052826
-9.26,866,10240.476617
-13.1,1000,10253.189264
-1.06,176,10255.432885
-10.32,962,10266.891778
-12.0,1000,10279.57013
0.09,71,10280.510934
-11.35,975,10292.557621
-1.88,188,10294.983927
0.09,91,10296.047439
-3.69,359,10300.889073
-11.5,1000,10313.754459
-4.87,437,10318.973765
-13.6,1000,10331.485388
-11.6,1000,10344.034154
-3.29,359,10348.787543
-3.71,401,10353.918604
-5.9,620,10361.903708
-8.91,791,10372.239087
-4.75,465,10378.501101
-12.7,1000,10391.142071
-11.9,1000,10404.147439
-12.0,1000,10416.777126
-7.82,762,10426.63128
-11.9,1000,10439.529391
-11.19,989,10452.174703
-0.05,85,10453.319528
-11.7,1000,10465.94086
-8.72,832,10476.764719
-11.5,1000,10489.6953
-12.2,1000,10502.486649
-11.3,1000,10514.89794
-5.11,551,10521.87997
-0.01,91,10523.298609
-12.0,1000,10536.33985
-1.43,203,10538.976785
-11.8,1000,10552.973897
-0.32,112,10554.720716
-11.4,1000,10569.925914
-0.91,171,10572.239103
-3.38,388,10577.138803
-1.95,215,10579.840241
-11.6,1000,10592.479614
-6.48,648,10600.636593
-7.5,750,10610.489206
-2.52,292,10614.361162
-2.45,315,10618.412739
-5.7,550,10625.383216
-2.13,283,10629.000652
-1.02,182,10631.459414
0.1,90,10632.563477
-1.07,197,10634.921036
0.48,42,10635.509874
-8.16,786,10645.871432
-3.84,404,10651.120924
-2.07,257,10654.425572
-7.06,766,10664.486604
-11.0,1000,10677.522378
-3.34,354,10681.887602
-4.74,484,10687.905328
-1.18,188,10690.324607
-0.74,144,10692.253314
-4.28,458,10697.872916
0.87,23,10698.155599
-1.48,238,10701.118183
-4.3,450,10706.829888
-1.66,246,10709.849458
-0.06,96,10710.998108
-5.48,588,10718.485546
-0.92,192,10721.02274
-3.64,394,10725.791638
-0.49,149,10727.556232
-3.1,340,10731.725688
-3.8,460,10737.931086
-1.19,169,10739.936358
-1.64,254,10743.031667
-3.15,385,10747.982111
-5.48,528,10754.246196
-6.98,748,10763.250872
-0.3,130,10764.887662
-0.29,109,10766.202015
-0.05,105,10767.547446
-0.76,146,10769.469622
-2.23,303,10773.224502
-2.22,272,10776.430014
-2.31,311,10780.015941
-3.99,429,10785.246131
0.84,26,10785.554739
-1.6,210,10788.035497
-0.06,106,10789.282419
-6.41,621,10796.795476
0.87,23,10797.079426
-3.67,427,10802.221275
-1.68,248,10805.222143
-2.93,343,10809.442537
-3.67,427,10814.365212
-3.39,399,10818.998218
-11.4,1000,10831.004122
-11.8,1000,10842.625597
-1.26,206,10844.953134
-1.36,236,10847.701342
-7.73,653,10855.229846
-5.42,552,10861.582647
-7.97,767,10870.456428
-11.6,1000,10882.020725
-4.53,483,10887.731301
-0.75,155,10889.449504
-8.31,651,10896.935786
0.84,26,10897.249291
-2.12,302,10900.849192
-7.46,696,10908.923916
-2.2,280,10912.1888
-4.34,464,10917.787817
-2.04,224,10920.416453
-1.18,128,10921.909031
-6.55,635,10928.99256
-0.36,106,10930.240427
0.31,49,10930.858497
-12.2,1000,10942.216576
-0.37,137,10943.737729
-0.38,148,10945.337265
-10.9,1000,10956.519239
-11.3,1000,10967.677163
-13.8,1000,10979.208917
-5.82,632,10986.383407
0.03,57,10987.026194
-3.92,402,10991.618484
-4.17,397,10996.182033
-7.89,659,11003.817284
-10.9,1000,11015.073673
-1.68,238,11017.784974
-0.3,110,11018.959304
-2.55,315,11022.575593
-1.01,151,11024.17838
-11.5,1000,11035.180458
-4.12,462,11040.422798
0.74,26,11040.755788
-11.84,994,11051.582476
-2.16,236,11054.190644
-8.24,804,11063.480132
-1.66,226,11066.022816
0.61,29,11066.34779
0.56,24,11066.601577
-0.61,151,11068.235304
-4.56,516,11074.09709
-11.6,1000,11085.306485
-11.2,1000,11096.488425
-0.65,145,11098.179111
-2.21,291,11101.593582
0.27,73,11102.504803
-3.38,368,11106.685528
-1.42,202,11108.964222
-4.24,444,11113.891566
-1.95,275,11117.071812
0.57,53,11117.703802
-1.76,246,11120.464195
-5.46,516,11126.369345
-12.3,1000,11137.775203
-7.87,677,11145.327432
-11.5,1000,11157.512425
-6.81,681,11166.600113
-11.0,1000,11178.847116
-12.1,1000,11189.889675
-1.89,269,11192.980335
-11.4,1000,11204.212148
-1.19,189,11206.368869
-4.21,431,11211.303332
-6.99,659,11218.899867
-8.32,732,11226.875899
-0.9,190,11229.093284
-9.36,856,11238.675585
-7.21,651,11245.952883
-9.37,827,11255.193283
-11.2,1000,11266.318274
-0.27,107,11267.578219
-0.58,118,11268.95594
-9.98,918,11279.548066
-12.3,1000,11290.874236
-9.92,972,11302.105474
-11.6,1000,11313.683161
-2.06,266,11316.93058
-0.16,106,11318.205999
-0.84,144,11319.875473
-5.36,496,11325.764675
-1.08,188,11327.908338
-1.33,213,11330.44091
-4.47,427,11335.326091
-5.6,550,11341.846414
-9.1,750,11350.47482
-6.4,650,11358.248777
-11.5,1000,11370.101254
-11.5,1000,11381.804428
-0.72,152,11383.654785
-6.41,681,11391.784211
-1.97,267,11395.039452
-2.65,325,11398.741662
-0.31,91,11399.843817
-0.55,135,11401.46073
-5.17,567,11408.151542
-3.52,422,11413.248019
-2.19,299,11416.705372
-0.78,168,11418.604524
-3.64,394,11423.160631
-5.18,508,11428.928525
-1.67,267,11432.082063
-1.08,168,11434.154565
-4.02,452,11439.424538
-3.6,420,11444.339578
-6.32,592,11451.193381
-1.91,291,11454.770662
-0.98,188,11457.144104
-10.8,1000,11469.253134
0.44,66,11470.099044
-0.89,169,11472.228904
-6.43,613,11479.860015
-13.0,1000,11491.93271
-8.13,733,11500.880529
-5.03,463,11506.531316
-9.41,881,11517.358947
-1.93,233,11520.328165
-11.6,1000,11532.786477
-0.06,86,11533.895831
-0.88,188,11536.220178
-0.68,168,11538.273949
-9.11,891,11548.869028
-0.28,128,11550.427721
-11.2,1000,11562.786639
-9.83,963,11574.432904
-7.81,791,11583.871956
-5.85,595,11591.072721
-11.4,1000,11603.051596
-7.9,770,11612.561841
-6.02,642,11620.666996
-4.76,446,11626.346957
-4.06,436,11631.764595
-11.9,1000,11644.312068
-0.21,121,11645.817984
-3.59,429,11650.915544
-3.75,395,11655.834077
-4.57,387,11660.552896
0.72,38,11661.027667
-0.13,103,11662.299707
-7.68,788,11671.843609
-3.43,343,11676.121306
-0.14,124,11677.684142
-0.11,91,11678.794904
-0.01,91,11679.905766
-11.3,1000,11692.199956
-3.87,427,11697.728374
-3.78,448,11703.126722
0.58,42,11703.689977
-8.57,857,11714.039909
-0.32,82,11715.058903
-11.5,1000,11727.253601
-3.87,387,11732.271053
0.56,44,11732.810966
0.4,50,11733.410741
-11.3,1000,11745.785874
-11.5,1000,11759.362387
-11.0,1000,11773.58717
-1.22,222,11776.724459
-2.16,266,11780.242588
-0.99,179,11782.577847
-0.12,112,11783.928499
-5.39,549,11790.49051
-4.93,493,11796.610348
-2.19,249,11799.574715
-5.96,646,11807.316464
-3.1,350,11811.550571
-12.2,1000,11823.622394
-11.2,1000,11835.442779
-7.17,727,11844.674375
-4.87,447,11850.241841
-0.85,165,11852.346826
-1.04,154,11854.310779
-11.7,1000,11866.365819
-11.9,1000,11878.706629
-11.7,1000,11890.409747
-2.07,247,11893.405992
-6.77,717,11902.277341
-11.6,1000,11914.464697
-1.03,173,11916.691113
-1.95,295,11920.207552
-2.91,341,11924.2043
-4.14,464,11930.026027
-11.18,968,11942.063279
-11.6,1000,11954.056203
-10.9,1000,11966.598064
-2.75,295,11970.292617
-1.28,228,11973.314732
0.22,68,11974.250832
-4.35,455,11979.92487
-11.3,1000,11992.299675
-1.31,211,11994.980042
-10.18,948,12006.974428
-2.37,287,12010.396437
-11.7,1000,12022.829494
-12.4,1000,12035.281101
-11.7,1000,12047.876254
-11.6,1000,12060.615902
-12.5,1000,12072.861361
-13.0,1000,12085.512074
0.52,28,12085.90225
-7.02,682,12094.213565
-11.5,1000,12106.662444
-2.85,305,12110.430619
-11.8,1000,12123.010821
-11.3,1000,12135.703606
-7.33,683,12144.579096
-10.5,1000,12157.523749
-11.4,1000,12170.423574
-11.3,1000,12184.066094
-2.85,345,12188.681432
-1.65,225,12191.565038
-10.8,1000,12204.648774
-1.81,241,12207.718484
-6.69,669,12216.266494
-3.23,303,12220.425124
-11.1,1000,12233.351296
-11.3,1000,12246.406438
-4.22,412,12251.943434
-4.62,482,12258.269109
-3.88,418,12263.860517
-12.1,1000,12276.393927
-5.63,583,12283.958589
-12.0,1000,12297.11456
-4.85,515,12304.012005
-0.95,185,12306.465673
-0.88,178,12308.713887
-10.79,929,12320.558882
-11.2,1000,12333.35694
-5.23,503,12339.831523
-11.3,1000,12353.663071
-10.8,1000,12369.141974
-0.92,132,12371.266418
0.62,48,12372.080874
-2.91,331,12376.866142
-1.95,275,12380.64928
-0.22,52,12381.327348
-2.94,264,12384.753572
-1.83,203,12387.551696
-7.14,684,12396.390377
-1.01,131,12397.981763
-0.38,98,12399.155449
-1.88,248,12402.328353
0.23,27,12402.658792
-4.33,473,12408.834922
-1.68,168,12411.010964
-0.22,92,12412.347921
-2.44,284,12416.328494
-11.1,1000,12429.861726
0.26,74,12430.864649
-2.01,291,12434.620595
0.86,24,12434.923908
-3.95,445,12440.578762
-4.81,421,12446.003065
-2.89,369,12450.480833
-2.13,233,12453.498702
-0.79,139,12455.309664
-11.4,1000,12467.726643
-3.85,425,12473.302154
-3.76,416,12478.613116
-2.73,333,12482.552735
-11.0,1000,12495.280717
-5.75,615,12503.212169
-12.4,1000,12516.37331
-1.74,254,12519.778896
-11.4,1000,12532.258916
-5.52,542,12539.025883
-9.63,903,12550.67948
-11.8,1000,12563.362461
-2.87,337,12567.625573
-2.13,283,12571.082877
-9.11,921,12582.799945
-4.22,422,12588.076832
-10.09,949,12600.580607
-11.7,1000,12613.64889
-12.1,1000,12626.578449
-11.8,1000,12639.352068
-10.6,1000,12651.828037
-10.8,1000,12664.303479
0.26,34,12664.735575
0.3,70,12665.687056
-3.45,375,12670.420878
-10.9,1000,12683.091286
-12.1,1000,12696.122873
-1.81,271,12699.707594
-3.53,383,12704.741498
-11.4,1000,12717.688277
-0.08,98,12718.948275
-11.9,1000,12731.686032
-10.4,1000,12744.352377
-4.99,539,12751.308254
-7.79,779,12761.515092
-10.6,1000,12774.890425
-11.3,1000,12787.743035
-3.85,405,12792.82386
-11.3,1000,12805.607874
-10.9,1000,12818.568774
-3.35,375,12823.308934
-5.95,645,12831.391835
-3.14,374,12836.461298
-0.7,130,12838.146165
-4.16,456,12844.209714
-11.5,1000,12857.054614
-11.7,1000,12869.707856
-9.92,952,12881.814792
-0.77,147,12883.784818
-10.8,1000,12896.829216
-12.7,1000,12910.106617
-2.26,286,12913.763092
-10.9,1000,12926.323218
-1.74,234,12929.360591
-1.38,218,12932.18208
-8.47,867,12943.272632
-12.8,1000,12957.163432
-1.75,215,12960.073071
-2.37,297,12964.40703
-11.1,1000,12978.305638
-4.89,539,12985.385075
-7.73,813,12995.643768
-2.48,328,12999.77041
-2.67,337,13004.234292
-5.2,530,13011.46716
-11.4,1000,13024.367455
-10.8,1000,13037.265828
-2.42,222,13039.956576
-0.66,136,13041.688769
-7.95,805,13051.585914
-10.7,1000,13064.041203
-11.4,1000,13077.056154
-12.2,1000,13090.101983
-3.63,443,13095.571747
-8.98,848,13106.72934
-0.98,168,13108.815848
-0.5,130,13110.361382
-7.32,772,13120.08205
-1.08,138,13121.953265
-6.41,641,13130.078736
-11.2,1000,13143.101879
-8.57,907,13154.890167
-3.05,375,13159.606147
-1.32,202,13162.084045
-1.37,217,13164.823591
-8.84,894,13176.444463
-12.9,1000,13189.165781
-2.47,297,13193.171743
-1.64,254,13196.411677
-1.8,260,13199.862574
-1.22,232,13202.861967
-0.15,105,13204.184049
-1.52,212,13206.903075
-0.13,93,13208.149468
-5.57,557,13215.532763
-6.73,683,13224.528908
-1.47,217,13227.456607
0.22,68,13228.343843
-11.3,1000,13241.06211
-8.92,872,13252.472082
-2.93,363,13257.362431
-0.19,89,13258.499709
-5.19,549,13266.240209
-1.83,243,13269.50613
0.86,24,13269.84198
0.09,71,13270.757467
-4.24,514,13277.232822
-8.84,874,13288.685825
-3.54,394,13293.873158
-9.74,954,13306.246575
-4.15,445,13311.965583
-1.83,253,13315.210392
-0.67,157,13317.114438
-5.11,571,13324.580312
-6.61,651,13332.84915
-3.03,393,13337.867216
-10.7,1000,13350.755038
-9.14,894,13361.65731
-5.26,546,13368.822757
-5.87,557,13375.834667
-2.29,289,13379.437772
-5.74,624,13387.245197
-1.14,224,13390.004513
-2.18,268,13393.401562
-11.3,1000,13405.956557
0.34,66,13406.802431
-6.28,648,13414.855876
-0.43,113,13416.324088
-6.61,651,13424.461066
-0.03,103,13425.721212
-5.65,545,13432.233753
-7.8,830,13442.557024
-6.17,627,13450.701695
-11.1,1000,13463.118659
-7.19,709,13472.249358
0.18,72,13473.098406
-4.85,485,13479.10708
-5.5,490,13485.370806
-4.83,483,13491.493539
-10.8,1000,13504.483867
-9.67,897,13515.864837
-2.67,337,13520.172845
-5.89,589,13527.478547
-7.36,806,13537.32232
-8.69,869,13548.320994
-1.28,208,13551.023961
-4.28,428,13557.030191
-3.03,333,13561.620166
0.59,31,13561.982049
-2.09,269,13565.859304
-12.1,1000,13580.143497
-11.8,1000,13592.301273
-2.22,272,13595.823815
-2.81,351,13600.440699
-3.55,375,13605.173586
-7.57,737,13614.546936
-1.17,217,13617.38353
-0.94,174,13619.582794
-1.15,185,13621.964957
-3.41,391,13626.773539
-9.26,936,13638.701107
-10.9,1000,13651.2484
-11.3,1000,13663.594467
-5.82,602,13671.137546
-11.8,1000,13683.782423
-10.5,1000,13696.310494
-9.29,909,13707.711778
-5.36,566,13714.990511
-11.7,1000,13727.706069
-2.49,299,13731.534875
-7.67,787,13741.785172
-10.5,1000,13753.80053
-2.55,295,13757.498484
-5.61,551,13764.327086
-11.2,1000,13777.250158
-8.58,868,13788.156577
-6.17,597,13796.136655
-11.7,1000,13809.200803
-11.0,1000,13821.908028
-0.59,139,13823.751629
-4.48,498,13830.07815
-11.1,1000,13843.172089
-11.1,1000,13856.011644
-3.58,368,13860.55051
-5.3,590,13868.395918
-1.9,260,13871.724952
-11.5,1000,13884.445722
-2.6,340,13888.96583
-10.6,1000,13901.615447
-11.5,1000,13914.598846
-0.07,117,13916.054945
-3.51,411,13921.336605
-11.8,1000,13933.875452
-11.2,1000,13947.181535
-11.0,1000,13959.953158
0.04,96,13961.256871
-2.15,245,13964.580175
-2.43,243,13967.889767
-5.88,588,13975.988227
0.08,82,13977.128363
-7.81,761,13986.945796
-10.9,1000,14000.05669
-5.89,589,14007.899766
-4.58,508,14014.866902
-5.06,526,14021.611175
-1.14,194,14024.208464
-11.9,1000,14037.025534
-6.44,644,14045.267388
-11.3,1000,14058.663711
-7.38,768,14068.583194
-0.58,158,14070.675235
-3.17,407,14075.956419
-1.77,237,14079.20013
-4.08,408,14084.561479
-5.06,566,14091.983583
-11.7,1000,14104.93563
0.06,94,14106.234361
-0.83,153,14108.277702
-11.9,1000,14121.452762
-9.01,831,14132.164487
-1.56,186,14134.570687
-1.57,257,14137.966556
-8.82,822,14148.61191
-0.37,137,14150.893008
-9.31,801,14163.973497
-3.85,375,14169.480369
0.72,38,14169.99114
-3.34,394,14175.705445
-2.29,279,14180.040117
-5.74,614,14188.021773
-2.74,324,14192.476001
-8.91,891,14204.079388
-7.84,764,14214.227154
-1.15,205,14216.906337
-0.63,163,14219.09161
-4.75,555,14226.089743
-1.55,245,14229.387586
-1.06,216,14232.1343
-11.0,1000,14244.847621
-8.33,793,14255.439362
-0.55,125,14257.057209
0.51,49,14257.696349
-6.25,625,14265.900115
-1.53,233,14268.861236
-4.86,526,14275.956426
-5.14,554,14282.956599
-11.6,1000,14295.930456
-6.09,629,14304.276071
-2.41,311,14308.236328
-5.24,564,14315.330045
0.71,39,14315.801786
-0.03,93,14317.00835
-8.79,909,14329.132719
-6.92,662,14337.965717
-7.19,699,14347.207275
-11.5,1000,14360.314803
-7.48,748,14370.121776
-4.46,506,14376.476325
-8.39,819,14387.244205
-11.1,1000,14400.672776
-1.25,205,14403.478346
-2.8,300,14407.440526
0.15,65,14408.483264
-4.67,507,14415.275029
-5.85,635,14423.633429
-10.4,1000,14436.457156
-3.45,405,14441.723081
-10.7,1000,14454.350252
-10.7,1000,14467.098538
-10.9,1000,14479.638959
-10.8,1000,14492.760141
-4.78,528,14499.847637
-11.0,1000,14512.918825
-11.3,1000,14525.972507
-10.7,1000,14538.958469
-11.6,1000,14551.958219
-11.2,1000,14565.050046
-1.83,243,14568.21682
-10.7,1000,14581.499249
-10.6,1000,14594.656489
-11.3,1000,14607.372244
-12.2,1000,14620.548531
-9.53,843,14631.722359
-7.55,795,14642.199903
-8.1,810,14652.83063
-11.3,1000,14665.60826
-9.75,905,14677.39728
-11.5,1000,14690.772673
-11.7,1000,14703.804861
-5.11,551,14711.146892
-11.6,1000,14724.470772
-1.95,265,14728.009079
-5.71,631,14736.109804
-9.6,840,14747.070779
-8.49,799,14759.297099
-12.0,1000,14773.24558
-11.0,1000,14787.169014
-11.16,976,14800.577611
-11.1,1000,14814.531156
-5.5,560,14822.078795
-11.4,1000,14835.514213
-11.9,1000,14848.850204
-11.6,1000,14862.08586
-10.5,1000,14876.068859
-11.1,1000,14889.986604
-12.2,1000,14903.830391
-5.98,618,14912.039457
-10.7,1000,14925.35877
-0.57,137,14927.224124
-10.9,1000,14941.146243
-2.13,303,14945.22099
-12.0,1000,14958.937873
-11.4,1000,14972.758753
-12.4,1000,14986.245179
-4.28,478,14993.104751
-8.51,731,15003.46981
-0.59,159,15005.853674
-12.4,1000,15019.657695
-12.2,1000,15034.093401
-9.61,911,15046.858456
-12.4,1000,15060.781948
0.56,44,15061.391377
-2.44,304,15065.523852
-4.71,461,15072.219977
-11.8,1000,15086.078055
-6.21,701,15095.921063
-0.9,170,15098.404154
-5.62,562,15106.337968
-11.5,1000,15120.561936
-10.6,1000,15134.949812
-9.09,899,15147.908084
-11.3,1000,15161.756406
-3.88,408,15167.450716
-1.41,161,15169.834254
-11.15,905,15182.685225
-10.06,986,15196.463358
-12.9,1000,15210.446028
-9.42,892,15223.087656
-11.7,1000,15237.653911
-4.93,553,15245.797805
-6.0,590,15254.257292
-3.22,402,15259.913382
-3.86,446,15266.158149
-11.4,1000,15279.984841
-8.3,840,15291.98973
-5.56,566,15300.236761
-2.29,299,15304.401634
-12.1,1000,15318.927467
-4.7,490,15326.046799
-8.27,807,15337.606673
-1.65,245,15341.111195
-11.4,1000,15357.314638
-11.4,1000,15374.501637
-11.6,1000,15389.749502
-5.43,543,15397.556716
-2.14,264,15401.444744
-1.62,242,15404.934752
-11.3,1000,15419.547673
-7.4,760,15430.446319
-12.5,1000,15444.592588
-11.5,1000,15459.230971
-11.6,1000,15473.701062
-5.59,539,15481.524046
-10.4,1000,15496.345035
-4.21,481,15503.405733
-1.08,168,15505.967309
-12.1,1000,15520.559319
-3.85,415,15526.620373
-10.6,1000,15541.590723
-2.19,299,15545.975458
-2.59,329,15550.716616
-7.29,749,15561.668561
-7.39,759,15572.747128
-10.8,1000,15587.261526
-10.8,1000,15602.135175
-6.62,722,15612.246835
-10.2,1000,15626.383685
-4.13,493,15633.529421
-9.29,839,15645.475921
-8.48,888,15657.89326
-7.15,745,15668.48147
-3.4,390,15673.911227
-10.6,1000,15688.350365
0.35,45,15689.003376
-13.9,1000,15702.893163
-1.3,220,15705.979513
-3.63,423,15711.96883
-10.6,1000,15726.34243
-8.47,847,15738.325081
-11.1,1000,15752.161076
0.49,41,15752.735437
-7.78,808,15763.887352
-12.6,1000,15778.23755
-10.4,1000,15792.452782
-10.6,1000,15806.787736
-10.5,1000,15820.764789
-7.88,828,15832.08867
-10.6,1000,15846.074137
-7.72,692,15855.769846
-9.11,941,15869.226951
-10.7,1000,15882.998528
-10.7,1000,15897.488453
-10.9,1000,15911.332188
-11.0,1000,15925.257539
-2.41,291,15929.309328
-10.5,1000,15942.921326
-4.11,421,15948.98783
-10.6,1000,15965.504794
-4.23,483,15974.054619
-11.3,1000,15988.881116
-10.8,1000,16002.589268
-10.3,1000,16016.900691
-10.8,1000,16030.989419
-8.07,817,16042.166577
-10.8,1000,16056.200247
-10.7,1000,16070.432676
-10.6,1000,16084.807981
-10.7,1000,16098.971411
-11.4,1000,16113.342449
-11.0,1000,16127.681823
-11.1,1000,16142.223166
-2.46,306,16146.783859
-10.1,1000,16161.16092
-10.1,1000,16175.303187
-9.07,947,16189.134099
-11.7,1000,16203.676746
-10.6,1000,16217.464458
-4.87,547,16225.401517
-10.5,1000,16239.839278
-10.5,1000,16254.509782
-10.6,1000,16269.165473
-3.37,377,16274.69663
-10.0,1000,16288.888355
-10.6,1000,16303.30847
-10.6,1000,16317.660139
-7.22,752,16328.125016
-10.6,1000,16342.602998
-12.3,1000,16356.868369
-10.2,1000,16371.467988
-10.7,1000,16386.48988
-12.1,1000,16401.285933
-12.0,1000,16416.216495
-8.8,840,16428.733907
-11.3,1000,16443.828218
-10.5,1000,16458.700817
-10.5,1000,16473.285925
-8.29,889,16486.036364
-10.3,1000,16501.016969
-10.7,1000,16516.106884
-11.3,1000,16530.701165
-10.8,1000,16545.434544
-11.6,1000,16562.940712
-4.8,540,16572.074834
-11.2,1000,16588.782627
-3.94,434,16595.608996
-5.33,483,16602.880459
-11.2,1000,16617.915471
-10.8,1000,16633.173825
-11.0,1000,16648.050145
-10.7,1000,16663.40498
-10.8,1000,16679.227962
-10.3,1000,16694.616419
-10.7,1000,16710.540216
-10.7,1000,16725.39879
0.75,25,16725.83851
-1.26,226,16729.407908
-10.4,1000,16745.255239
0.56,44,16745.958406
-10.6,1000,16761.306659
-2.71,301,16765.757247
-6.99,739,16776.832724
-10.6,1000,16792.04043
-10.8,1000,16807.114544
-10.8,1000,16822.302217
-11.9,1000,16837.46559
0.33,67,16838.50159
-10.8,1000,16853.664362
-11.2,1000,16868.803044
-11.1,1000,16883.940516
-11.0,1000,16898.901981
-10.4,1000,16914.487774
-10.6,1000,16929.608325
-10.7,1000,16945.100343
-4.92,532,16953.431619
-11.2,1000,16968.505678
-5.5,620,16977.940642
-3.49,439,16984.735565
0.7,40,16985.352845
-11.1,1000,17000.671717
-4.06,406,17006.697539
-6.6,690,17017.074333
-0.2,90,17018.408082
-1.81,251,17022.245637
-6.83,733,17033.522661
-2.84,304,17037.981868
-0.9,160,17040.340358
-10.39,899,17053.889749
-3.93,463,17061.265689
-6.27,677,17071.318666
-4.12,462,17078.503946
-6.78,668,17088.724392
-8.73,853,17101.715625
-11.4,1000,17116.922744
-4.83,473,17124.294299
-4.62,492,17131.516688
-2.54,264,17135.523829
-2.3,300,17139.990867
-1.97,257,17143.752484
-11.1,1000,17159.911737
-5.99,549,17168.609071
-3.18,278,17173.24763
-0.11,121,17175.457537
-0.62,122,17177.585506
-0.96,176,17180.105265
-9.24,884,17192.867355
-5.59,549,17200.898649
-0.59,129,17202.705227
-4.77,497,17209.767525
-4.5,460,17216.895888
-11.3,1000,17231.384174
-3.85,415,17237.237804
-0.98,188,17240.132558
0.69,41,17240.709727
-3.42,422,17246.62577
-2.03,273,17250.453068
-2.98,318,17254.957567
-6.48,638,17264.233698
-0.47,147,17266.357543
-2.97,327,17271.120979
-4.57,497,17278.241198
-3.36,406,17283.933786
-10.14,934,17296.987688
-4.75,525,17304.248211
0.88,22,17304.557761
-9.09,859,17316.210148
-10.9,1000,17329.782815
-11.3,1000,17343.717702
-3.2,380,17348.97276
-0.28,138,17350.823905
-1.1,180,17353.214419
-11.1,1000,17367.496018
-11.1,1000,17381.078912
-11.1,1000,17394.764681
-5.92,632,17402.954463
-5.03,513,17409.613979
-0.07,87,17410.756716
-11.4,1000,17424.054187
-8.18,868,17435.345407
-11.0,1000,17448.165944
-9.09,859,17459.855783
-11.0,1000,17473.019866
-11.2,1000,17485.957419
-11.9,1000,17499.039598
-11.2,1000,17512.256965
-11.4,1000,17525.316965
-10.8,1000,17538.107889
-2.42,312,17542.17304
0.38,62,17542.999337
-10.7,1000,17556.305656
-1.15,185,17558.858174
-11.3,1000,17572.270239
-10.9,1000,17585.672098
-10.8,1000,17598.821689
-10.9,1000,17611.848547
-0.24,104,17613.222402
-1.47,127,17614.927867
-1.28,208,17617.62465
-10.7,1000,17631.083127
-12.1,1000,17644.580253
-6.72,672,17653.421886
-11.3,1000,17666.749069
-10.6,1000,17680.125505
-12.6,1000,17693.280195
-0.56,146,17695.198899
0.47,23,17695.511765
-5.14,584,17703.048003
-10.8,1000,17716.837415
-9.25,945,17729.311101
-10.4,1000,17742.799375
-10.7,1000,17757.568434
-11.0,1000,17772.01682
-5.22,562,17780.623523
-10.9,1000,17794.171845
-10.5,1000,17807.393505
1.02,8,17807.541004
-13.1,1000,17820.831065
-11.4,1000,17834.648903
-10.8,1000,17848.066858
0.04,66,17848.945453
-1.72,232,17851.891828
-10.3,1000,17865.319665
-0.5,130,17866.916963
-10.7,1000,17880.237464
-10.6,1000,17893.252321
-6.28,618,17901.547778
0.13,47,17902.15771
-10.8,1000,17915.648812
-0.16,106,17917.071185
-2.38,298,17921.191648
-10.19,899,17933.381942
-11.0,1000,17946.370153
-11.8,1000,17959.243993
-10.7,1000,17972.682824
-0.19,119,17974.246538
-7.84,694,17983.602911
-10.8,1000,17997.174765
-11.5,1000,18010.315444
-3.01,281,18014.051137
0.89,11,18014.210627
-3.79,209,18017.017418
-11.6,1000,18030.309369
-5.14,514,18037.125453
-10.9,1000,18050.668149
-9.16,866,18062.226415
-10.9,1000,18075.711772
-1.9,230,18079.089261
-0.34,124,18080.697127
-11.2,1000,18094.471382
-6.14,614,18102.844346
-2.14,274,18106.702116
-10.5,1000,18120.251702
-3.6,400,18125.691342
-11.1,1000,18139.453135
-11.9,1000,18152.979542
-1.83,233,18156.158843
-7.96,776,18166.892057
-13.0,1000,18180.995516
-5.87,597,18189.375958
0.21,59,18190.2087
-0.36,126,18191.89184
-0.78,148,18194.030728
-10.9,1000,18207.812656
-11.3,1000,18221.665743
-6.63,633,18230.455345
-0.35,85,18231.706414
-0.16,86,18233.063949
-5.5,590,18241.049803
-0.51,141,18243.080725
-10.7,1000,18256.635468
-4.92,542,18264.14157
-1.68,228,18267.358627
-9.39,929,18280.265846
-1.89,269,18283.935797
-9.11,891,18296.342574
-8.71,771,18306.829247
-1.34,134,18308.661842
-0.63,103,18310.095016
-1.6,220,18313.135479
-7.31,751,18323.447227
-9.5,890,18335.052692
-11.2,1000,18348.681015
-2.99,339,18353.448899
-2.25,305,18358.435589
-0.66,86,18359.586334
0.87,13,18359.753603
0.3,60,18360.711898
-3.19,229,18363.721622
-0.93,193,18366.175856
-1.51,191,18369.258921
-3.53,353,18375.015204
-6.62,622,18383.594675
-1.5,230,18386.634753
-2.91,251,18389.808103
-0.64,134,18391.549468
-6.11,501,18398.044195
-1.07,157,18400.058094
-1.13,213,18402.970332
-2.74,334,18407.153242
0.29,51,18407.811218
-3.08,328,18412.162577
-0.31,91,18413.428746
-1.42,242,18416.643796
-6.81,631,18424.476917
-5.92,522,18431.149006
-4.9,430,18436.836091
-2.0,300,18440.733919
-2.14,244,18443.91532
-11.1,1000,18456.873073
-1.19,169,18459.270529
-2.13,203,18461.97691
-5.06,506,18468.464284
-5.33,603,18476.164688
-2.66,336,18480.35735
-11.25,945,18492.598623
-9.6,900,18503.7497
-8.67,867,18514.582562
-8.39,659,18522.89488
-3.82,442,18528.327811
-4.35,405,18533.876862
-1.51,201,18536.262724
-3.25,355,18540.705926
-2.72,322,18544.6757
-3.78,448,18550.282684
-5.75,615,18557.992323
-10.8,1000,18570.498154
0.07,83,18571.607113
-3.34,404,18576.903993
0.37,63,18577.71344
-10.5,1000,18590.490287
0.38,52,18591.189614
-6.33,603,18598.951479
-9.86,896,18610.287581
-6.49,669,18618.779632
-10.87,897,18630.087189
-11.1,1000,18642.192001
-6.15,575,18649.387793
-11.1,1000,18662.1472
0.05,95,18663.362787
-8.89,819,18673.717928
-6.93,633,18681.692194
-10.9,1000,18694.293355
-10.4,1000,18706.823283
-8.97,887,18718.073826
0.44,56,18718.827957
-1.73,213,18721.419479
-6.85,685,18729.983285
-5.62,632,18737.458024
-3.67,457,18743.057588
-9.16,926,18754.679443
-10.6,1000,18767.523647
-3.94,394,18772.592086
0.09,61,18773.465416
-3.46,456,18779.164369
-11.0,1000,18792.140319
-11.0,1000,18804.80076
-11.2,1000,18817.501444
-11.1,1000,18830.114109
-11.2,1000,18843.296909
-11.3,1000,18856.047453
-10.8,1000,18869.110251
-10.7,1000,18882.339042
-7.33,713,18891.608227
-0.28,108,18893.125205
-1.23,213,18895.819483
-10.2,1000,18908.506218
-4.27,487,18914.687526
-6.08,598,18922.410222
-5.25,595,18930.11414
-7.32,702,18939.385425
-5.18,448,18945.007895
-11.6,1000,18959.443083
-5.83,633,18969.184937
-8.0,840,18981.114887
-10.5,1000,18993.641126
-6.35,695,19002.920158
-0.23,103,19004.234265
-10.18,998,19017.298872
-0.49,129,19019.000687
-1.31,191,19021.576922
-6.29,569,19029.024463
-3.92,462,19034.944254
-5.4,570,19042.064552
-7.47,737,19051.388533
-10.6,1000,19064.512262
-3.37,397,19069.869742
-2.11,291,19073.83428
-4.78,578,19081.540916
-3.04,384,19086.549092
-10.7,1000,19099.826644
-2.74,324,19104.145635
-10.4,1000,19117.101707
-5.23,613,19125.101135
-6.3,620,19133.528367
-5.27,587,19140.913901
-10.9,1000,19153.970643
-10.4,1000,19167.056151
-2.56,356,19171.94863
-0.24,104,19173.329032
-0.86,156,19175.389042
-2.76,336,19180.000784
-12.8,1000,19193.508906
-4.76,526,19200.711658
-1.72,252,19204.06596
-4.12,472,19210.391165
-2.92,322,19214.773184
-8.45,865,19226.006241
-3.46,396,19231.378115
-2.54,324,19235.451836
-10.33,953,19248.469984
-2.07,317,19252.843964
-10.5,1000,19265.813115
-2.11,291,19269.722339
-8.05,735,19279.769111
-9.33,983,19293.392565
-0.78,178,19295.839028
-1.67,267,19299.494364
-5.37,567,19307.193453
-2.2,270,19310.908172
-1.18,198,19313.58968
-8.18,868,19325.08721
-3.52,412,19330.517763
-4.91,501,19337.256645
-3.51,361,19342.157502
-11.1,1000,19355.769936
-2.59,299,19359.977019
-0.58,128,19361.68163
-11.0,1000,19375.14776
-9.16,846,19386.27537
-4.54,484,19392.694878
-10.8,1000,19406.142531
-7.75,815,19417.569808
-10.7,1000,19430.808939
-11.1,1000,19444.552645
-10.7,1000,19458.222828
-3.81,461,19464.586126
-10.6,1000,19478.252192
-8.46,836,19489.548061
-11.5,1000,19503.143803
-11.2,1000,19517.083724
-11.1,1000,19531.270144
-6.54,574,19539.393412
-10.9,1000,19554.381806
-11.3,1000,19570.075766
-3.71,441,19577.645281
-3.16,406,19583.954567
-0.04,114,19585.629666
-1.11,161,19587.762877
-8.95,905,19599.983343
-3.64,364,19604.976753
-2.68,308,19609.323523
-10.4,1000,19623.218673
-2.44,314,19627.376764
-4.46,506,19634.55789
-2.12,262,19638.246371
-11.5,1000,19651.676196
-12.1,1000,19665.510801
-0.8,150,19667.422001
-10.8,1000,19681.281029
-3.04,374,19686.364143
-4.34,464,19692.769111
-8.35,855,19704.328588
-10.5,1000,19718.023751
-10.4,1000,19731.344733
-10.8,1000,19744.92936
-7.25,795,19755.652347
-1.58,248,19759.111321
-11.2,1000,19772.68124
-12.4,1000,19786.716471
-6.56,706,19796.593347
-8.41,891,19808.716483
-2.9,370,19813.899456
-8.59,779,19824.477523
-10.4,1000,19837.846789
-7.37,687,19847.416971
-6.55,645,19856.127292
-12.0,1000,19869.764283
-11.0,1000,19883.701293
-10.6,1000,19897.052965
-10.6,1000,19910.66824
-11.0,1000,19924.966819
-8.73,943,19938.322724
-8.9,960,19951.639749
-3.77,417,19957.354399
-9.08,918,19969.981966
-11.7,1000,19983.994685
-11.6,1000,19997.585585
-10.6,1000,20011.546196
-3.53,403,20017.40834
-10.4,1000,20031.455936
-10.4,1000,20045.523194
-10.8,1000,20059.651836
-3.9,430,20065.836151
-10.9,1000,20079.828871
-11.2,1000,20093.654002
-6.84,644,20102.472831
-11.2,1000,20116.916224
-0.43,153,20119.046379
-5.94,664,20128.4525
-11.6,1000,20142.58151
-3.59,409,20148.550048
-11.2,1000,20164.380406
-2.92,372,20170.060918
-4.58,428,20177.034116
-10.7,1000,20191.616478
-10.8,1000,20206.071182
-10.5,1000,20220.474727
-10.8,1000,20234.643506
-12.5,1000,20248.864982
-0.54,134,20250.836979
-1.0,200,20253.851866
0.01,99,20255.203593
-11.2,1000,20269.391417
-5.81,581,20277.82436
-11.3,1000,20291.597659
-9.45,905,20304.675548
-2.73,323,20309.429254
0.67,43,20310.118217
-10.8,1000,20324.382443
-12.3,1000,20339.067582
-0.89,169,20341.519195
-11.8,1000,20355.855951
-11.7,1000,20370.125018
-2.98,368,20375.474675
-8.03,813,20386.810024
-7.63,733,20397.586072
-5.73,633,20406.776992
-5.31,571,20415.367416
-0.65,145,20417.380227
-6.49,649,20426.676777
-11.5,1000,20441.00194
-3.99,479,20448.21815
-7.51,701,20458.491979
-2.18,278,20462.633397
-11.9,1000,20476.690309
0.41,59,20477.607282
-2.86,296,20481.913833
-7.6,660,20491.4733
-10.6,1000,20505.918336
-13.1,1000,20520.226973
-11.7,1000,20534.240797
-9.61,731,20544.591308
-4.68,478,20551.477925
-9.18,848,20563.634047
-9.0,850,20576.239166
-11.0,1000,20590.372674
-2.66,316,20595.066505
-8.7,800,20606.826671
-7.26,776,20618.199398
-13.3,1000,20632.056024
-4.6,470,20638.806902
-10.3,1000,20653.147187
-11.0,1000,20668.104519
-6.36,606,20676.985111
-12.6,1000,20691.372156
-5.76,536,20699.357234
-11.8,1000,20713.408301
-9.01,811,20724.905304
0.04,96,20726.280377
-12.5,1000,20740.300997
-12.4,1000,20756.160928
-11.0,1000,20772.783164
-12.0,1000,20788.545238
-11.8,1000,20803.264942
-11.8,1000,20817.914257
-10.37,997,20832.188658
0.01,79,20833.283596
-11.4,1000,20848.13658
-11.0,1000,20862.75825
0.5,60,20863.622861
-11.0,1000,20877.79721
-11.8,1000,20892.228423
-12.7,1000,20906.631648
-7.46,716,20916.756634
-12.4,1000,20931.443836
-4.53,513,20939.032004
-0.27,97,20940.444454
-7.05,725,20951.136353
-9.12,822,20963.316461
-1.91,271,20967.396102
-0.27,87,20968.659848
-2.57,307,20973.155637
-5.1,560,20981.396685
-11.1,1000,20995.494456
-11.7,1000,21010.039036
-8.38,778,21021.332053
-11.7,1000,21035.384735
-12.3,1000,21049.789116
-3.46,356,21054.996512
-3.16,336,21059.755033
-11.9,1000,21073.603662
-2.79,339,21078.415365
-0.29,119,21079.984242
-1.72,182,21082.583843
-0.37,107,21084.162243
-12.3,1000,21098.124372
-2.55,315,21102.570513
-13.0,1000,21116.908004
-12.0,1000,21131.098685
-11.8,1000,21145.248831
-12.4,1000,21159.828626
-2.07,227,21163.1508
-12.3,1000,21177.737755
-0.2,100,21179.303307
-12.7,1000,21193.617586
-12.6,1000,21208.000482
-0.92,182,21210.708693
-12.6,1000,21224.992018
0.45,45,21225.677617
0.27,63,21226.545398
-12.4,1000,21241.033934
-5.29,459,21247.721938
-12.5,1000,21261.998386
-4.48,448,21268.368494
-4.18,448,21274.572379
-8.04,734,21284.777601
-12.0,1000,21299.066136
-11.4,1000,21313.102855
-11.8,1000,21327.143774
-11.3,1000,21341.17775
-11.3,1000,21357.286712
-5.14,524,21365.746485
-11.4,1000,21382.470123
-11.9,1000,21396.899867
-0.6,160,21399.29461
-11.3,1000,21413.821607
-11.0,1000,21427.953517
-9.5,930,21441.092786
-11.8,1000,21455.423327
-11.1,1000,21469.753563
-9.55,925,21482.873307
-11.3,1000,21497.221253
-9.76,956,21510.99961
-4.27,457,21517.530767
-10.7,1000,21532.094322
-5.86,646,21541.246722
0.86,14,21541.464899
-1.28,138,21543.479113
-7.15,625,21552.344808
-8.6,780,21563.581588
-2.14,234,21566.99459
-12.0,1000,21581.109783
-7.32,722,21591.758223
-8.54,784,21602.934921
-5.34,524,21610.68832
-4.95,525,21618.101806
-9.09,839,21629.937418
-11.1,1000,21644.448463
-9.9,1000,21659.233604
-11.3,1000,21673.439248
-1.03,163,21676.130084
-11.8,1000,21690.245867
-11.1,1000,21704.613827
-1.55,215,21707.55011
0.1,60,21708.358459
-4.82,402,21714.1439
-3.04,344,21718.76658
-11.1,1000,21733.10967
-1.35,195,21735.962006
-4.6,480,21742.839686
-4.45,415,21748.940031
-12.1,1000,21762.98876
